{"MSE": 10.172977447509766, "PSNR": 38.05632279157236, "encoding_time": 0.2600982189178467, "decoding_time": 0.14374589920043945}