{"MSE": 10.331249237060547, "PSNR": 37.989275220240536, "encoding_time": 0.2717468738555908, "decoding_time": 0.151993989944458}