{"MSE": 14.49960708618164, "PSNR": 36.517241270891546, "encoding_time": 0.2944297790527344, "decoding_time": 0.19843697547912598}