{"MSE": 10.31600570678711, "PSNR": 37.99568787151384, "encoding_time": 0.2653520107269287, "decoding_time": 0.14672207832336426}