{"MSE": 9.911746978759766, "PSNR": 38.169301537721964, "encoding_time": 0.26505494117736816, "decoding_time": 0.14280080795288086}