{"MSE": 16.60706329345703, "PSNR": 35.92787520000326, "encoding_time": 0.3010680675506592, "decoding_time": 0.21215009689331055}