{"MSE": 11.553237915039062, "PSNR": 37.50376644036835, "encoding_time": 0.2801170349121094, "decoding_time": 0.17251300811767578}