{"MSE": 11.169120788574219, "PSNR": 37.650613732222176, "encoding_time": 0.27401232719421387, "decoding_time": 0.1601579189300537}