{"MSE": 16.819534301757812, "PSNR": 35.87266393958736, "encoding_time": 0.30361223220825195, "decoding_time": 0.21245074272155762}