{"MSE": 14.648128509521484, "PSNR": 36.47298219447889, "encoding_time": 0.2910299301147461, "decoding_time": 0.19391202926635742}