{"MSE": 13.746295928955078, "PSNR": 36.74894671743812, "encoding_time": 0.29058218002319336, "decoding_time": 0.19007086753845215}