{"MSE": 11.179386138916016, "PSNR": 37.64662403811308, "encoding_time": 0.2749979496002197, "decoding_time": 0.16425299644470215}