{"MSE": 13.636211395263672, "PSNR": 36.783866356119596, "encoding_time": 0.290557861328125, "decoding_time": 0.18789410591125488}