{"MSE": 17.493946075439453, "PSNR": 35.70192577376119, "encoding_time": 0.30744314193725586, "decoding_time": 0.22092008590698242}