{"MSE": 10.361347198486328, "PSNR": 37.976641341430174, "encoding_time": 0.26642632484436035, "decoding_time": 0.1466996669769287}