{"MSE": 14.188220977783203, "PSNR": 36.611524169938214, "encoding_time": 0.29121994972229004, "decoding_time": 0.18961000442504883}