{"MSE": 5.673175811767578, "PSNR": 40.59254118304901, "encoding_time": 0.2693290710449219, "decoding_time": 0.14389681816101074}