{"MSE": 4.689701080322266, "PSNR": 41.41935199027836, "encoding_time": 0.2787020206451416, "decoding_time": 0.19034695625305176}