{"MSE": 5.535717010498047, "PSNR": 40.69906480271894, "encoding_time": 0.2788522243499756, "decoding_time": 0.17296576499938965}