{"MSE": 4.4051513671875, "PSNR": 41.69119524895136, "encoding_time": 0.2768409252166748, "decoding_time": 0.14159727096557617}