{"MSE": 6.12738037109375, "PSNR": 40.25805519879906, "encoding_time": 0.28022193908691406, "decoding_time": 0.17938709259033203}