{"MSE": 5.472385406494141, "PSNR": 40.74903684798489, "encoding_time": 0.2762107849121094, "decoding_time": 0.14972710609436035}