{"MSE": 5.357326507568359, "PSNR": 40.84132245181244, "encoding_time": 0.2666900157928467, "decoding_time": 0.14160680770874023}