{"MSE": 6.10833740234375, "PSNR": 40.27157342973204, "encoding_time": 0.27956414222717285, "decoding_time": 0.15163588523864746}