{"MSE": 6.276523590087891, "PSNR": 40.15361195423835, "encoding_time": 0.2689657211303711, "decoding_time": 0.13964629173278809}