{"MSE": 6.019264221191406, "PSNR": 40.335369533652056, "encoding_time": 0.279465913772583, "decoding_time": 0.16960382461547852}