{"MSE": 5.976955413818359, "PSNR": 40.36600344720505, "encoding_time": 0.30324816703796387, "decoding_time": 0.15488171577453613}