{"MSE": 5.5697784423828125, "PSNR": 40.67242440948097, "encoding_time": 0.26935672760009766, "decoding_time": 0.1683521270751953}