{"MSE": 4.850742340087891, "PSNR": 41.272721543205776, "encoding_time": 0.3053739070892334, "decoding_time": 0.13947010040283203}