{"MSE": 5.005641937255859, "PSNR": 41.136205803651, "encoding_time": 0.2729370594024658, "decoding_time": 0.1436750888824463}