{"MSE": 3.9975357055664062, "PSNR": 42.11288009359904, "encoding_time": 0.2897319793701172, "decoding_time": 0.1348259449005127}