{"MSE": 6.224124908447266, "PSNR": 40.190020611881636, "encoding_time": 0.2736678123474121, "decoding_time": 0.1442852020263672}