{"MSE": 5.571094512939453, "PSNR": 40.67139834593013, "encoding_time": 0.29012417793273926, "decoding_time": 0.15301203727722168}