{"MSE": 9.704730987548828, "PSNR": 38.260968594992576, "encoding_time": 0.2908670902252197, "decoding_time": 0.187485933303833}