{"MSE": 7.257175445556641, "PSNR": 39.523127383904615, "encoding_time": 0.2767338752746582, "decoding_time": 0.16161894798278809}