{"MSE": 9.82363510131836, "PSNR": 38.20808138628951, "encoding_time": 0.2967519760131836, "decoding_time": 0.1984250545501709}