{"MSE": 7.742099761962891, "PSNR": 39.24221597683625, "encoding_time": 0.28352999687194824, "decoding_time": 0.17124605178833008}