{"MSE": 9.509353637695312, "PSNR": 38.349293624501776, "encoding_time": 0.2840688228607178, "decoding_time": 0.1742110252380371}