{"MSE": 9.477535247802734, "PSNR": 38.36384952586345, "encoding_time": 0.28584885597229004, "decoding_time": 0.1737959384918213}