{"MSE": 10.125625610351562, "PSNR": 38.07658495328869, "encoding_time": 0.2991013526916504, "decoding_time": 0.20353388786315918}