{"MSE": 8.87027359008789, "PSNR": 38.65143345677326, "encoding_time": 0.28150296211242676, "decoding_time": 0.17096209526062012}