{"MSE": 10.046825408935547, "PSNR": 38.11051505597004, "encoding_time": 0.2992210388183594, "decoding_time": 0.20104694366455078}