{"MSE": 10.04849624633789, "PSNR": 38.10979286253804, "encoding_time": 0.2983701229095459, "decoding_time": 0.19930696487426758}