{"MSE": 7.319339752197266, "PSNR": 39.48608453977543, "encoding_time": 0.27854228019714355, "decoding_time": 0.16300678253173828}