{"MSE": 7.818386077880859, "PSNR": 39.1996324844867, "encoding_time": 0.2826969623565674, "decoding_time": 0.16998505592346191}