{"MSE": 11.245655059814453, "PSNR": 37.620956026901375, "encoding_time": 0.3028428554534912, "decoding_time": 0.2083580493927002}