{"MSE": 9.896160125732422, "PSNR": 38.176136470480394, "encoding_time": 0.2856261730194092, "decoding_time": 0.17653679847717285}