{"MSE": 9.930927276611328, "PSNR": 38.16090559269425, "encoding_time": 0.2871990203857422, "decoding_time": 0.18148016929626465}