{"MSE": 7.389274597167969, "PSNR": 39.44478554937254, "encoding_time": 0.2780430316925049, "decoding_time": 0.16203618049621582}