{"MSE": 7.944847106933594, "PSNR": 39.12994816939864, "encoding_time": 0.2706179618835449, "decoding_time": 0.15768790245056152}