{"MSE": 9.911930084228516, "PSNR": 38.16922130871659, "encoding_time": 0.28684306144714355, "decoding_time": 0.1808638572692871}