{"MSE": 10.806594848632812, "PSNR": 37.79391491282305, "encoding_time": 0.3014838695526123, "decoding_time": 0.20677900314331055}