{"MSE": 10.221603393554688, "PSNR": 38.035613348975126, "encoding_time": 0.29714393615722656, "decoding_time": 0.20121312141418457}