{"MSE": 9.806159973144531, "PSNR": 38.21581387021261, "encoding_time": 0.28482484817504883, "decoding_time": 0.17889189720153809}