{"MSE": 8.005496978759766, "PSNR": 39.09692062909485, "encoding_time": 0.28600287437438965, "decoding_time": 0.17711520195007324}