{"MSE": 7.215534210205078, "PSNR": 39.54811870766786, "encoding_time": 0.27405691146850586, "decoding_time": 0.15925240516662598}