{"MSE": 7.502296447753906, "PSNR": 39.37886139885515, "encoding_time": 0.2799501419067383, "decoding_time": 0.16343379020690918}