{"MSE": 9.657958984375, "PSNR": 38.2819500417068, "encoding_time": 0.2899198532104492, "decoding_time": 0.18444204330444336}