{"MSE": 11.080623626708984, "PSNR": 37.68516157333184, "encoding_time": 0.2989020347595215, "decoding_time": 0.2074878215789795}