{"MSE": 9.679866790771484, "PSNR": 38.27210980050316, "encoding_time": 0.2899599075317383, "decoding_time": 0.18577218055725098}