{"MSE": 9.847579956054688, "PSNR": 38.197508451788224, "encoding_time": 0.2917160987854004, "decoding_time": 0.19167113304138184}