{"MSE": 10.357868194580078, "PSNR": 37.978099806130245, "encoding_time": 0.29725098609924316, "decoding_time": 0.20007610321044922}