{"MSE": 10.226688385009766, "PSNR": 38.03345338001644, "encoding_time": 0.2975747585296631, "decoding_time": 0.20070505142211914}