{"MSE": 7.544315338134766, "PSNR": 39.354605280700135, "encoding_time": 0.2806417942047119, "decoding_time": 0.16533613204956055}