{"MSE": 9.882526397705078, "PSNR": 38.182123777858806, "encoding_time": 0.29483580589294434, "decoding_time": 0.1965651512145996}