{"MSE": 7.7476043701171875, "PSNR": 39.2391292541633, "encoding_time": 0.27075672149658203, "decoding_time": 0.1554853916168213}