{"MSE": 7.464992523193359, "PSNR": 39.40050983788446, "encoding_time": 0.2834932804107666, "decoding_time": 0.16849279403686523}