{"MSE": 10.011306762695312, "PSNR": 38.12589591801447, "encoding_time": 0.2980952262878418, "decoding_time": 0.20080995559692383}