{"MSE": 8.498844146728516, "PSNR": 38.83720495721987, "encoding_time": 0.28545594215393066, "decoding_time": 0.18154120445251465}