{"MSE": 6.4044647216796875, "PSNR": 40.06597523139313, "encoding_time": 0.2723078727722168, "decoding_time": 0.1527409553527832}