{"MSE": 6.831203460693359, "PSNR": 39.785831403053905, "encoding_time": 0.2761421203613281, "decoding_time": 0.15977787971496582}