{"MSE": 6.955539703369141, "PSNR": 39.70749526884735, "encoding_time": 0.27449893951416016, "decoding_time": 0.16216683387756348}