{"MSE": 8.3330078125, "PSNR": 38.92278571875083, "encoding_time": 0.2845730781555176, "decoding_time": 0.17940402030944824}