{"MSE": 8.475513458251953, "PSNR": 38.84914343039305, "encoding_time": 0.2815568447113037, "decoding_time": 0.17695403099060059}