{"MSE": 8.695022583007812, "PSNR": 38.73809646563343, "encoding_time": 0.28214406967163086, "decoding_time": 0.17351388931274414}