{"MSE": 6.948211669921875, "PSNR": 39.71207320569128, "encoding_time": 0.2780447006225586, "decoding_time": 0.16274523735046387}