{"MSE": 8.860725402832031, "PSNR": 38.656110830495834, "encoding_time": 0.28820371627807617, "decoding_time": 0.1841740608215332}