{"MSE": 8.800918579101562, "PSNR": 38.68552357693276, "encoding_time": 0.28997302055358887, "decoding_time": 0.1849071979522705}