{"MSE": 8.394905090332031, "PSNR": 38.89064570337628, "encoding_time": 0.2850608825683594, "decoding_time": 0.17809200286865234}