{"MSE": 9.013111114501953, "PSNR": 38.582056357442255, "encoding_time": 0.2843010425567627, "decoding_time": 0.1790788173675537}