{"MSE": 7.124855041503906, "PSNR": 39.603043280211, "encoding_time": 0.27480483055114746, "decoding_time": 0.16402935981750488}