{"MSE": 8.186382293701172, "PSNR": 38.999883390819704, "encoding_time": 0.2802450656890869, "decoding_time": 0.1753389835357666}