{"MSE": 8.631340026855469, "PSNR": 38.77002135130559, "encoding_time": 0.2860589027404785, "decoding_time": 0.18414807319641113}