{"MSE": 7.636207580566406, "PSNR": 39.3020263524408, "encoding_time": 0.2782289981842041, "decoding_time": 0.1688380241394043}