{"MSE": 8.571769714355469, "PSNR": 38.8000986591857, "encoding_time": 0.2820248603820801, "decoding_time": 0.18007707595825195}