{"MSE": 8.748783111572266, "PSNR": 38.7113271066638, "encoding_time": 0.2790558338165283, "decoding_time": 0.16315412521362305}