{"MSE": 8.849166870117188, "PSNR": 38.66177976129716, "encoding_time": 0.27736878395080566, "decoding_time": 0.1620950698852539}