{"MSE": 9.039630889892578, "PSNR": 38.56929663330112, "encoding_time": 0.27533888816833496, "decoding_time": 0.16255521774291992}