{"MSE": 8.858436584472656, "PSNR": 38.657232803634066, "encoding_time": 0.27451395988464355, "decoding_time": 0.15490508079528809}