{"MSE": 9.4671630859375, "PSNR": 38.36860502318962, "encoding_time": 0.2752060890197754, "decoding_time": 0.15847992897033691}