{"MSE": 9.278759002685547, "PSNR": 38.45590465934165, "encoding_time": 0.2724192142486572, "decoding_time": 0.1585550308227539}