{"MSE": 9.22036361694336, "PSNR": 38.483323125129616, "encoding_time": 0.27507805824279785, "decoding_time": 0.15776705741882324}