{"MSE": 8.90848159790039, "PSNR": 38.63276673649039, "encoding_time": 0.2767319679260254, "decoding_time": 0.16278076171875}