{"MSE": 10.24251937866211, "PSNR": 38.026735665646186, "encoding_time": 0.2929370403289795, "decoding_time": 0.17468786239624023}