{"MSE": 10.785091400146484, "PSNR": 37.80256530909081, "encoding_time": 0.298084020614624, "decoding_time": 0.18210315704345703}