{"MSE": 12.621135711669922, "PSNR": 37.11981924254657, "encoding_time": 0.30588793754577637, "decoding_time": 0.2050309181213379}