{"MSE": 10.637210845947266, "PSNR": 37.862525931540034, "encoding_time": 0.2921168804168701, "decoding_time": 0.17984414100646973}