{"MSE": 12.907119750976562, "PSNR": 37.02251021453136, "encoding_time": 0.303631067276001, "decoding_time": 0.21402502059936523}