{"MSE": 9.030982971191406, "PSNR": 38.573453374945274, "encoding_time": 0.2921178340911865, "decoding_time": 0.17797398567199707}