{"MSE": 10.62131118774414, "PSNR": 37.86902227695705, "encoding_time": 0.2933919429779053, "decoding_time": 0.19047284126281738}