{"MSE": 10.973194122314453, "PSNR": 37.72747298673174, "encoding_time": 0.2942311763763428, "decoding_time": 0.18402361869812012}