{"MSE": 12.785087585449219, "PSNR": 37.06376653320026, "encoding_time": 0.3109931945800781, "decoding_time": 0.19876503944396973}