{"MSE": 10.601619720458984, "PSNR": 37.877081388183086, "encoding_time": 0.2970879077911377, "decoding_time": 0.1942739486694336}