{"MSE": 12.789138793945312, "PSNR": 37.06239060300905, "encoding_time": 0.30226612091064453, "decoding_time": 0.2355358600616455}