{"MSE": 10.503395080566406, "PSNR": 37.91750659280874, "encoding_time": 0.3058948516845703, "decoding_time": 0.1868610382080078}