{"MSE": 12.808296203613281, "PSNR": 37.05588998381768, "encoding_time": 0.30039286613464355, "decoding_time": 0.20397520065307617}