{"MSE": 12.375144958496094, "PSNR": 37.20530066045637, "encoding_time": 0.3091309070587158, "decoding_time": 0.2003490924835205}