{"MSE": 10.56015396118164, "PSNR": 37.89410110851538, "encoding_time": 0.30361294746398926, "decoding_time": 0.17772197723388672}