{"MSE": 10.907032012939453, "PSNR": 37.753737730443234, "encoding_time": 0.329150915145874, "decoding_time": 0.1875619888305664}