{"MSE": 11.719558715820312, "PSNR": 37.441691016510475, "encoding_time": 0.3048131465911865, "decoding_time": 0.20163297653198242}