{"MSE": 11.813396453857422, "PSNR": 37.407055818740766, "encoding_time": 0.3130970001220703, "decoding_time": 0.19318413734436035}