{"MSE": 10.966472625732422, "PSNR": 37.73013401982816, "encoding_time": 0.30083584785461426, "decoding_time": 0.18888616561889648}