{"MSE": 12.48569107055664, "PSNR": 37.1666777574856, "encoding_time": 0.3084449768066406, "decoding_time": 0.1954660415649414}