{"MSE": 9.722698211669922, "PSNR": 38.25293555218942, "encoding_time": 0.2771129608154297, "decoding_time": 0.16861224174499512}