{"MSE": 9.232017517089844, "PSNR": 38.477837410129, "encoding_time": 0.278515100479126, "decoding_time": 0.16611790657043457}