{"MSE": 9.783092498779297, "PSNR": 38.226042010845454, "encoding_time": 0.27962374687194824, "decoding_time": 0.16718506813049316}