{"MSE": 9.093265533447266, "PSNR": 38.54360487714513, "encoding_time": 0.2733633518218994, "decoding_time": 0.16006088256835938}