{"MSE": 10.422592163085938, "PSNR": 37.95104616748856, "encoding_time": 0.27962207794189453, "decoding_time": 0.16872906684875488}