{"MSE": 9.62100601196289, "PSNR": 38.298598748382986, "encoding_time": 0.28200697898864746, "decoding_time": 0.1752462387084961}