{"MSE": 9.826927185058594, "PSNR": 38.20662622811654, "encoding_time": 0.2812461853027344, "decoding_time": 0.17420601844787598}