{"MSE": 10.349018096923828, "PSNR": 37.98181214487238, "encoding_time": 0.2830021381378174, "decoding_time": 0.17566585540771484}