{"MSE": 9.300960540771484, "PSNR": 38.44552558978992, "encoding_time": 0.2814509868621826, "decoding_time": 0.17319202423095703}