{"MSE": 11.796154022216797, "PSNR": 37.41339926374201, "encoding_time": 0.2850658893585205, "decoding_time": 0.17983317375183105}