{"MSE": 8.999923706054688, "PSNR": 38.588415330041286, "encoding_time": 0.2734060287475586, "decoding_time": 0.1614551544189453}