{"MSE": 10.00726318359375, "PSNR": 38.12765039310389, "encoding_time": 0.27817511558532715, "decoding_time": 0.1649940013885498}