{"MSE": 9.407024383544922, "PSNR": 38.396280911253946, "encoding_time": 0.2774930000305176, "decoding_time": 0.1681058406829834}