{"MSE": 8.858352661132812, "PSNR": 38.657273948158505, "encoding_time": 0.27075886726379395, "decoding_time": 0.15887999534606934}