{"MSE": 9.546096801757812, "PSNR": 38.33254526872034, "encoding_time": 0.28051114082336426, "decoding_time": 0.17171716690063477}