{"MSE": 10.322696685791016, "PSNR": 37.99287194316092, "encoding_time": 0.2839391231536865, "decoding_time": 0.17772293090820312}