{"MSE": 9.891975402832031, "PSNR": 38.17797333084392, "encoding_time": 0.2757422924041748, "decoding_time": 0.16365885734558105}