{"MSE": 9.238441467285156, "PSNR": 38.47481649306712, "encoding_time": 0.27524518966674805, "decoding_time": 0.16522979736328125}