{"MSE": 9.249431610107422, "PSNR": 38.46965315283293, "encoding_time": 0.2781827449798584, "decoding_time": 0.16681909561157227}