{"MSE": 9.71258544921875, "PSNR": 38.2574550821354, "encoding_time": 0.28107404708862305, "decoding_time": 0.17125892639160156}