{"MSE": 10.769882202148438, "PSNR": 37.80869407731181, "encoding_time": 0.2811558246612549, "decoding_time": 0.17582321166992188}