{"MSE": 9.49462890625, "PSNR": 38.35602365688224, "encoding_time": 0.278170108795166, "decoding_time": 0.16667580604553223}