{"MSE": 9.294414520263672, "PSNR": 38.448583232556544, "encoding_time": 0.27942705154418945, "decoding_time": 0.1692337989807129}