{"MSE": 9.860485076904297, "PSNR": 38.1918208070956, "encoding_time": 0.2800028324127197, "decoding_time": 0.17451715469360352}