{"MSE": 8.807498931884766, "PSNR": 38.6822776168299, "encoding_time": 0.2760918140411377, "decoding_time": 0.16373515129089355}