{"MSE": 11.946178436279297, "PSNR": 37.358513634894436, "encoding_time": 0.2906191349029541, "decoding_time": 0.18332600593566895}