{"MSE": 9.403236389160156, "PSNR": 38.39803006837718, "encoding_time": 0.27823591232299805, "decoding_time": 0.16605329513549805}