{"MSE": 9.049556732177734, "PSNR": 38.564530538708716, "encoding_time": 0.27724123001098633, "decoding_time": 0.16649913787841797}