{"MSE": 8.965251922607422, "PSNR": 38.605178631703694, "encoding_time": 0.2716250419616699, "decoding_time": 0.15981698036193848}