{"MSE": 10.444328308105469, "PSNR": 37.9419984584439, "encoding_time": 0.2807290554046631, "decoding_time": 0.17357778549194336}