{"MSE": 9.22475814819336, "PSNR": 38.48125372083635, "encoding_time": 0.27475500106811523, "decoding_time": 0.16285419464111328}