{"MSE": 10.096385955810547, "PSNR": 38.08914416820966, "encoding_time": 0.278245210647583, "decoding_time": 0.1694049835205078}