{"MSE": 15.62002182006836, "PSNR": 36.19398724647456, "encoding_time": 0.32582783699035645, "decoding_time": 0.23918843269348145}