{"MSE": 16.411388397216797, "PSNR": 35.97935037112588, "encoding_time": 0.3286430835723877, "decoding_time": 0.28722095489501953}