{"MSE": 15.005584716796875, "PSNR": 36.36827437792762, "encoding_time": 0.31838393211364746, "decoding_time": 0.23507905006408691}