{"MSE": 16.501384735107422, "PSNR": 35.955599707399166, "encoding_time": 0.327927827835083, "decoding_time": 0.2464611530303955}