{"MSE": 16.413463592529297, "PSNR": 35.97880124702042, "encoding_time": 0.3269832134246826, "decoding_time": 0.24526190757751465}