{"MSE": 15.865406036376953, "PSNR": 36.12629169581088, "encoding_time": 0.32404088973999023, "decoding_time": 0.24662995338439941}