{"MSE": 14.455440521240234, "PSNR": 36.53049029784883, "encoding_time": 0.3108220100402832, "decoding_time": 0.23833298683166504}