{"MSE": 15.11715316772461, "PSNR": 36.33610347477561, "encoding_time": 0.31751108169555664, "decoding_time": 0.23305201530456543}