{"MSE": 15.220508575439453, "PSNR": 36.30651196750251, "encoding_time": 0.3183727264404297, "decoding_time": 0.23276495933532715}