{"MSE": 14.187915802001953, "PSNR": 36.611617583751965, "encoding_time": 0.3163111209869385, "decoding_time": 0.22740483283996582}