{"MSE": 15.62081527709961, "PSNR": 36.19376664162374, "encoding_time": 0.3201580047607422, "decoding_time": 0.2395482063293457}