{"MSE": 16.255916595458984, "PSNR": 36.02068898501342, "encoding_time": 0.32709288597106934, "decoding_time": 0.24460792541503906}