{"MSE": 14.333282470703125, "PSNR": 36.56734701128834, "encoding_time": 0.3148789405822754, "decoding_time": 0.26193809509277344}