{"MSE": 16.47046661376953, "PSNR": 35.963744578174804, "encoding_time": 0.3304150104522705, "decoding_time": 0.2826669216156006}