{"MSE": 16.110309600830078, "PSNR": 36.05976474288536, "encoding_time": 0.31846094131469727, "decoding_time": 0.23534893989562988}