{"MSE": 16.15215301513672, "PSNR": 36.048499406855, "encoding_time": 0.32686495780944824, "decoding_time": 0.24484992027282715}