{"MSE": 16.233783721923828, "PSNR": 36.026606051799504, "encoding_time": 0.3233609199523926, "decoding_time": 0.24085092544555664}