{"MSE": 16.15007781982422, "PSNR": 36.049057415296545, "encoding_time": 0.32573390007019043, "decoding_time": 0.2633199691772461}