{"MSE": 15.383419036865234, "PSNR": 36.26027490693639, "encoding_time": 0.331585168838501, "decoding_time": 0.29697608947753906}