{"MSE": 14.906497955322266, "PSNR": 36.397047360146985, "encoding_time": 0.31410884857177734, "decoding_time": 0.22966909408569336}