{"MSE": 16.674671173095703, "PSNR": 35.91023082544278, "encoding_time": 0.33928680419921875, "decoding_time": 0.25922298431396484}