{"MSE": 15.001480102539062, "PSNR": 36.369462505686435, "encoding_time": 0.3259439468383789, "decoding_time": 0.2860391139984131}