{"MSE": 14.463233947753906, "PSNR": 36.528149497467, "encoding_time": 0.3206958770751953, "decoding_time": 0.24577903747558594}