{"MSE": 14.84372329711914, "PSNR": 36.41537510829424, "encoding_time": 0.313629150390625, "decoding_time": 0.23205995559692383}