{"MSE": 14.364013671875, "PSNR": 36.55804551045938, "encoding_time": 0.312298059463501, "decoding_time": 0.22729182243347168}