{"MSE": 15.997676849365234, "PSNR": 36.090234410091895, "encoding_time": 0.31987714767456055, "decoding_time": 0.23530197143554688}