{"MSE": 16.511871337890625, "PSNR": 35.952840649725026, "encoding_time": 0.33018016815185547, "decoding_time": 0.24797391891479492}