{"MSE": 15.595035552978516, "PSNR": 36.200939916853095, "encoding_time": 0.321195125579834, "decoding_time": 0.24081707000732422}