{"MSE": 16.46682357788086, "PSNR": 35.96470528282359, "encoding_time": 0.3291189670562744, "decoding_time": 0.2845900058746338}