{"MSE": 16.894142150878906, "PSNR": 35.85344216760447, "encoding_time": 0.33743882179260254, "decoding_time": 0.28482913970947266}