{"MSE": 15.36187744140625, "PSNR": 36.26636064923959, "encoding_time": 0.32289886474609375, "decoding_time": 0.23861193656921387}