{"MSE": 14.813243865966797, "PSNR": 36.42430188313855, "encoding_time": 0.31690287590026855, "decoding_time": 0.2294602394104004}