{"MSE": 15.507427215576172, "PSNR": 36.22540609396073, "encoding_time": 0.3349001407623291, "decoding_time": 0.24619579315185547}