{"MSE": 15.869152069091797, "PSNR": 36.12526638999805, "encoding_time": 0.3253951072692871, "decoding_time": 0.24673891067504883}