{"MSE": 14.781963348388672, "PSNR": 36.43348239749386, "encoding_time": 0.31441187858581543, "decoding_time": 0.23016023635864258}