{"MSE": 16.61019515991211, "PSNR": 35.92705625684728, "encoding_time": 0.32979321479797363, "decoding_time": 0.2498188018798828}