{"MSE": 16.030784606933594, "PSNR": 36.08125581987079, "encoding_time": 0.3230860233306885, "decoding_time": 0.24184918403625488}