{"MSE": 14.556182861328125, "PSNR": 36.50032858116467, "encoding_time": 0.31103992462158203, "decoding_time": 0.23886609077453613}