{"MSE": 15.737937927246094, "PSNR": 36.16132532812179, "encoding_time": 0.3149280548095703, "decoding_time": 0.23238396644592285}