{"MSE": 15.373432159423828, "PSNR": 36.26309525150872, "encoding_time": 0.3251969814300537, "decoding_time": 0.24512219429016113}