{"MSE": 14.461769104003906, "PSNR": 36.52858937542095, "encoding_time": 0.3112640380859375, "decoding_time": 0.2280430793762207}