{"MSE": 16.29507827758789, "PSNR": 36.010239098168036, "encoding_time": 0.32789087295532227, "decoding_time": 0.24604105949401855}