{"MSE": 16.79501724243164, "PSNR": 35.87899906826037, "encoding_time": 0.3289637565612793, "decoding_time": 0.24729299545288086}