{"MSE": 16.404373168945312, "PSNR": 35.98120720749268, "encoding_time": 0.3254728317260742, "decoding_time": 0.24339509010314941}