{"MSE": 15.57345962524414, "PSNR": 36.206952595874085, "encoding_time": 0.3147289752960205, "decoding_time": 0.23316717147827148}