{"MSE": 15.097537994384766, "PSNR": 36.34174229642969, "encoding_time": 0.3201100826263428, "decoding_time": 0.23752093315124512}