{"MSE": 15.584774017333984, "PSNR": 36.203798515753206, "encoding_time": 0.3197638988494873, "decoding_time": 0.2355489730834961}