{"MSE": 16.29404067993164, "PSNR": 36.01051564626207, "encoding_time": 0.3296840190887451, "decoding_time": 0.24580883979797363}