{"MSE": 14.631092071533203, "PSNR": 36.47803617590172, "encoding_time": 0.31169700622558594, "decoding_time": 0.2291731834411621}