{"MSE": 16.200252532958984, "PSNR": 36.035585763983796, "encoding_time": 0.32420825958251953, "decoding_time": 0.23995089530944824}