{"MSE": 16.723278045654297, "PSNR": 35.89758950348556, "encoding_time": 0.3281831741333008, "decoding_time": 0.24388813972473145}