{"MSE": 15.730560302734375, "PSNR": 36.163361689469745, "encoding_time": 0.3157670497894287, "decoding_time": 0.2328658103942871}