{"MSE": 16.276592254638672, "PSNR": 36.01516876771831, "encoding_time": 0.33117127418518066, "decoding_time": 0.24952173233032227}