{"MSE": 14.751914978027344, "PSNR": 36.44231960187096, "encoding_time": 0.3129417896270752, "decoding_time": 0.23041224479675293}