{"MSE": 15.831615447998047, "PSNR": 36.13555128611003, "encoding_time": 0.32403993606567383, "decoding_time": 0.24181127548217773}