{"MSE": 15.807350158691406, "PSNR": 36.14221287134949, "encoding_time": 0.315929651260376, "decoding_time": 0.23354029655456543}