{"MSE": 15.035411834716797, "PSNR": 36.359650325154846, "encoding_time": 0.31832075119018555, "decoding_time": 0.2337782382965088}