{"MSE": 14.511150360107422, "PSNR": 36.51378518709717, "encoding_time": 0.3252441883087158, "decoding_time": 0.25926685333251953}