{"MSE": 16.14312744140625, "PSNR": 36.05092685564244, "encoding_time": 0.31749987602233887, "decoding_time": 0.23567819595336914}