{"MSE": 14.882682800292969, "PSNR": 36.403991352802045, "encoding_time": 0.3154749870300293, "decoding_time": 0.23124003410339355}