{"MSE": 15.629413604736328, "PSNR": 36.19137676706981, "encoding_time": 0.32155895233154297, "decoding_time": 0.2393190860748291}