{"MSE": 15.860469818115234, "PSNR": 36.12764313044403, "encoding_time": 0.31864190101623535, "decoding_time": 0.23689603805541992}