{"MSE": 15.12570571899414, "PSNR": 36.33364714223411, "encoding_time": 0.3146331310272217, "decoding_time": 0.2303018569946289}