{"MSE": 16.59158706665039, "PSNR": 35.93192430460044, "encoding_time": 0.33079981803894043, "decoding_time": 0.2490382194519043}