{"MSE": 15.361114501953125, "PSNR": 36.26657634463487, "encoding_time": 0.3201720714569092, "decoding_time": 0.23943400382995605}