{"MSE": 16.059242248535156, "PSNR": 36.073553115219894, "encoding_time": 0.32080793380737305, "decoding_time": 0.24182820320129395}