{"MSE": 16.491348266601562, "PSNR": 35.95824197594001, "encoding_time": 0.3300750255584717, "decoding_time": 0.247833251953125}