{"MSE": 15.448333740234375, "PSNR": 36.24198717653761, "encoding_time": 0.3390011787414551, "decoding_time": 0.26813578605651855}