{"MSE": 16.178424835205078, "PSNR": 36.04144125339458, "encoding_time": 0.32308506965637207, "decoding_time": 0.24142003059387207}