{"MSE": 17.03404998779297, "PSNR": 35.817624434843694, "encoding_time": 0.3299739360809326, "decoding_time": 0.25141096115112305}