{"MSE": 14.447097778320312, "PSNR": 36.53299748754763, "encoding_time": 0.3092639446258545, "decoding_time": 0.22712397575378418}