{"MSE": 15.98659896850586, "PSNR": 36.09324280255836, "encoding_time": 0.32849884033203125, "decoding_time": 0.24463605880737305}