{"MSE": 15.027774810791016, "PSNR": 36.36185682272916, "encoding_time": 0.31210923194885254, "decoding_time": 0.22937583923339844}