{"MSE": 15.274295806884766, "PSNR": 36.2911916383442, "encoding_time": 0.3221738338470459, "decoding_time": 0.25521421432495117}