{"MSE": 14.569820404052734, "PSNR": 36.49626162427336, "encoding_time": 0.3135261535644531, "decoding_time": 0.2391977310180664}