{"MSE": 14.604202270507812, "PSNR": 36.48602521501405, "encoding_time": 0.31237006187438965, "decoding_time": 0.2270190715789795}