{"MSE": 14.563526153564453, "PSNR": 36.498138208064994, "encoding_time": 0.31113481521606445, "decoding_time": 0.22889208793640137}