{"MSE": 14.945240020751953, "PSNR": 36.38577466661492, "encoding_time": 0.31410908699035645, "decoding_time": 0.26680874824523926}