{"MSE": 15.725727081298828, "PSNR": 36.16469626617307, "encoding_time": 0.31615304946899414, "decoding_time": 0.23206210136413574}