{"MSE": 16.784889221191406, "PSNR": 35.88161881580218, "encoding_time": 0.32761693000793457, "decoding_time": 0.24674320220947266}