{"MSE": 14.508018493652344, "PSNR": 36.514722603555676, "encoding_time": 0.3113861083984375, "decoding_time": 0.2279369831085205}