{"MSE": 16.263992309570312, "PSNR": 36.01853200594049, "encoding_time": 0.32888102531433105, "decoding_time": 0.24598908424377441}