{"MSE": 15.37204360961914, "PSNR": 36.26348753004945, "encoding_time": 0.3270268440246582, "decoding_time": 0.24408435821533203}