{"MSE": 16.041248321533203, "PSNR": 36.07842199035821, "encoding_time": 0.3258800506591797, "decoding_time": 0.24274110794067383}