{"MSE": 16.05187225341797, "PSNR": 36.075546660642964, "encoding_time": 0.32691311836242676, "decoding_time": 0.2429051399230957}