{"MSE": 16.640583038330078, "PSNR": 35.91911822212871, "encoding_time": 0.3313767910003662, "decoding_time": 0.27205729484558105}