{"MSE": 15.523319244384766, "PSNR": 36.22095771819887, "encoding_time": 0.3220512866973877, "decoding_time": 0.23766875267028809}