{"MSE": 16.277820587158203, "PSNR": 36.01484103455474, "encoding_time": 0.32961463928222656, "decoding_time": 0.24523615837097168}