{"MSE": 15.296611785888672, "PSNR": 36.2848511604034, "encoding_time": 0.32093191146850586, "decoding_time": 0.2745070457458496}