{"MSE": 15.726165771484375, "PSNR": 36.16457511560973, "encoding_time": 0.3208119869232178, "decoding_time": 0.2360520362854004}