{"MSE": 15.227348327636719, "PSNR": 36.304560784733695, "encoding_time": 0.3161780834197998, "decoding_time": 0.2434098720550537}