{"MSE": 14.983646392822266, "PSNR": 36.37462845530236, "encoding_time": 0.3158090114593506, "decoding_time": 0.23624706268310547}