{"MSE": 16.011341094970703, "PSNR": 36.08652651325069, "encoding_time": 0.3217902183532715, "decoding_time": 0.28710198402404785}