{"MSE": 15.168754577636719, "PSNR": 36.32130436130207, "encoding_time": 0.3234858512878418, "decoding_time": 0.24596810340881348}