{"MSE": 15.439498901367188, "PSNR": 36.24447159939608, "encoding_time": 0.31479501724243164, "decoding_time": 0.23164892196655273}