{"MSE": 14.765422821044922, "PSNR": 36.4383447297911, "encoding_time": 0.31270575523376465, "decoding_time": 0.2277841567993164}