{"MSE": 16.91010284423828, "PSNR": 35.8493411196033, "encoding_time": 0.33202624320983887, "decoding_time": 0.2512657642364502}