{"MSE": 15.948139190673828, "PSNR": 36.10370343466355, "encoding_time": 0.3157839775085449, "decoding_time": 0.23260784149169922}