{"MSE": 15.432735443115234, "PSNR": 36.24637449544929, "encoding_time": 0.31545186042785645, "decoding_time": 0.23070430755615234}