{"MSE": 16.37114715576172, "PSNR": 35.990012485933065, "encoding_time": 0.3250389099121094, "decoding_time": 0.24141502380371094}