{"MSE": 14.768440246582031, "PSNR": 36.43745730692882, "encoding_time": 0.3128981590270996, "decoding_time": 0.22904109954833984}