{"MSE": 14.785472869873047, "PSNR": 36.432451421516994, "encoding_time": 0.3139040470123291, "decoding_time": 0.2291550636291504}