{"MSE": 15.263256072998047, "PSNR": 36.29433170388475, "encoding_time": 0.3192119598388672, "decoding_time": 0.2361128330230713}