{"MSE": 16.209705352783203, "PSNR": 36.03305240209609, "encoding_time": 0.3270299434661865, "decoding_time": 0.24623799324035645}