{"MSE": 14.841590881347656, "PSNR": 36.41599905075866, "encoding_time": 0.3213539123535156, "decoding_time": 0.23421072959899902}