{"MSE": 15.042179107666016, "PSNR": 36.357696053381815, "encoding_time": 0.3292868137359619, "decoding_time": 0.24857592582702637}