{"MSE": 16.20730972290039, "PSNR": 36.033694292682405, "encoding_time": 0.32833313941955566, "decoding_time": 0.2452690601348877}