{"MSE": 15.668914794921875, "PSNR": 36.18041441929473, "encoding_time": 0.31626391410827637, "decoding_time": 0.23236393928527832}