{"MSE": 16.218341827392578, "PSNR": 36.03073911240967, "encoding_time": 0.3256869316101074, "decoding_time": 0.24609899520874023}