{"MSE": 16.401432037353516, "PSNR": 35.981985921635655, "encoding_time": 0.3270730972290039, "decoding_time": 0.24559712409973145}