{"MSE": 16.346572875976562, "PSNR": 35.99653645893854, "encoding_time": 0.32497572898864746, "decoding_time": 0.24403619766235352}