{"MSE": 15.630859375, "PSNR": 36.19097504949782, "encoding_time": 0.32025861740112305, "decoding_time": 0.23712730407714844}