{"MSE": 15.551727294921875, "PSNR": 36.2130172872739, "encoding_time": 0.31432223320007324, "decoding_time": 0.2295088768005371}