{"MSE": 16.14870834350586, "PSNR": 36.04942569911099, "encoding_time": 0.32456231117248535, "decoding_time": 0.24709296226501465}