{"MSE": 15.56491470336914, "PSNR": 36.2093361580168, "encoding_time": 0.3211362361907959, "decoding_time": 0.25948071479797363}