{"MSE": 15.437957763671875, "PSNR": 36.24490512447863, "encoding_time": 0.3217928409576416, "decoding_time": 0.24709296226501465}