{"MSE": 10.639717102050781, "PSNR": 37.861502801505765, "encoding_time": 0.30286717414855957, "decoding_time": 0.20890188217163086}