{"MSE": 10.502323150634766, "PSNR": 37.91794983711925, "encoding_time": 0.30373191833496094, "decoding_time": 0.20778608322143555}