{"MSE": 11.242523193359375, "PSNR": 37.622165686761754, "encoding_time": 0.31949782371520996, "decoding_time": 0.23232316970825195}