{"MSE": 8.283988952636719, "PSNR": 38.94840849812612, "encoding_time": 0.2916982173919678, "decoding_time": 0.18180084228515625}