{"MSE": 10.720775604248047, "PSNR": 37.828541549458365, "encoding_time": 0.3094310760498047, "decoding_time": 0.21438884735107422}