{"MSE": 10.740108489990234, "PSNR": 37.82071692505665, "encoding_time": 0.3063349723815918, "decoding_time": 0.21413707733154297}