{"MSE": 10.645404815673828, "PSNR": 37.85918179746409, "encoding_time": 0.3068060874938965, "decoding_time": 0.21350383758544922}