{"MSE": 11.278884887695312, "PSNR": 37.608141965982384, "encoding_time": 0.3057699203491211, "decoding_time": 0.21773386001586914}