{"MSE": 11.059139251708984, "PSNR": 37.69359034331429, "encoding_time": 0.3120079040527344, "decoding_time": 0.2200009822845459}