{"MSE": 11.44057846069336, "PSNR": 37.54632376975953, "encoding_time": 0.3233530521392822, "decoding_time": 0.24494218826293945}