{"MSE": 11.561145782470703, "PSNR": 37.50079483327891, "encoding_time": 0.31867074966430664, "decoding_time": 0.2435152530670166}