{"MSE": 8.630569458007812, "PSNR": 38.77040908801453, "encoding_time": 0.2911970615386963, "decoding_time": 0.18286895751953125}