{"MSE": 10.09017562866211, "PSNR": 38.09181635275697, "encoding_time": 0.29866790771484375, "decoding_time": 0.19921112060546875}