{"MSE": 8.53875732421875, "PSNR": 38.81685690003728, "encoding_time": 0.29035520553588867, "decoding_time": 0.18307995796203613}