{"MSE": 10.805835723876953, "PSNR": 37.79421999992704, "encoding_time": 0.3090839385986328, "decoding_time": 0.2159709930419922}