{"MSE": 11.414474487304688, "PSNR": 37.556244391299046, "encoding_time": 0.30718207359313965, "decoding_time": 0.21637773513793945}