{"MSE": 11.13387680053711, "PSNR": 37.66433949460394, "encoding_time": 0.31601929664611816, "decoding_time": 0.22293400764465332}