{"MSE": 11.300235748291016, "PSNR": 37.59992856931931, "encoding_time": 0.30754613876342773, "decoding_time": 0.21509408950805664}