{"MSE": 9.388580322265625, "PSNR": 38.40480434716778, "encoding_time": 0.2912900447845459, "decoding_time": 0.190382719039917}