{"MSE": 10.808334350585938, "PSNR": 37.79321589956774, "encoding_time": 0.3093750476837158, "decoding_time": 0.21660208702087402}