{"MSE": 11.150894165039062, "PSNR": 37.65770666992944, "encoding_time": 0.3088569641113281, "decoding_time": 0.21538305282592773}