{"MSE": 10.94778823852539, "PSNR": 37.73753972543539, "encoding_time": 0.3166971206665039, "decoding_time": 0.2245616912841797}