{"MSE": 9.986557006835938, "PSNR": 38.136645754106965, "encoding_time": 0.2997469902038574, "decoding_time": 0.19889593124389648}