{"MSE": 8.682022094726562, "PSNR": 38.74459474135372, "encoding_time": 0.2881300449371338, "decoding_time": 0.18313312530517578}