{"MSE": 10.156410217285156, "PSNR": 38.06340127163131, "encoding_time": 0.29991912841796875, "decoding_time": 0.20096993446350098}