{"MSE": 9.334247589111328, "PSNR": 38.43001044588887, "encoding_time": 0.2946000099182129, "decoding_time": 0.18810319900512695}