{"MSE": 8.656745910644531, "PSNR": 38.75725690402075, "encoding_time": 0.28784608840942383, "decoding_time": 0.18195104598999023}