{"MSE": 8.647327423095703, "PSNR": 38.76198457420034, "encoding_time": 0.29110097885131836, "decoding_time": 0.18287897109985352}