{"MSE": 8.694992065429688, "PSNR": 38.73811170842195, "encoding_time": 0.2908477783203125, "decoding_time": 0.18282198905944824}