{"MSE": 8.392040252685547, "PSNR": 38.89212802570243, "encoding_time": 0.2893209457397461, "decoding_time": 0.1854078769683838}