{"MSE": 10.607902526855469, "PSNR": 37.87450840403299, "encoding_time": 0.3069901466369629, "decoding_time": 0.21303677558898926}