{"MSE": 10.876995086669922, "PSNR": 37.76571428513595, "encoding_time": 0.3109300136566162, "decoding_time": 0.2182309627532959}