{"MSE": 11.040168762207031, "PSNR": 37.70104648712494, "encoding_time": 0.31099987030029297, "decoding_time": 0.21861004829406738}