{"MSE": 10.705284118652344, "PSNR": 37.8348216289224, "encoding_time": 0.30922698974609375, "decoding_time": 0.21605992317199707}