{"MSE": 10.475845336914062, "PSNR": 37.92891282895988, "encoding_time": 0.305042028427124, "decoding_time": 0.21271109580993652}