{"MSE": 8.492050170898438, "PSNR": 38.840678095614216, "encoding_time": 0.28754496574401855, "decoding_time": 0.18167805671691895}