{"MSE": 11.156681060791016, "PSNR": 37.655453429114736, "encoding_time": 0.30908894538879395, "decoding_time": 0.21762323379516602}