{"MSE": 11.20822525024414, "PSNR": 37.63543510542807, "encoding_time": 0.30666613578796387, "decoding_time": 0.21894192695617676}