{"MSE": 11.060554504394531, "PSNR": 37.693034606476836, "encoding_time": 0.3052971363067627, "decoding_time": 0.21545100212097168}