{"MSE": 11.582378387451172, "PSNR": 37.49282611969938, "encoding_time": 0.3120098114013672, "decoding_time": 0.22027873992919922}