{"MSE": 8.222522735595703, "PSNR": 38.98075277870396, "encoding_time": 0.2904989719390869, "decoding_time": 0.18223810195922852}