{"MSE": 8.63595962524414, "PSNR": 38.7676975761038, "encoding_time": 0.2882049083709717, "decoding_time": 0.18294310569763184}