{"MSE": 11.369205474853516, "PSNR": 37.573502453396806, "encoding_time": 0.31987476348876953, "decoding_time": 0.23318696022033691}