{"MSE": 11.071300506591797, "PSNR": 37.68881721952828, "encoding_time": 0.31073594093322754, "decoding_time": 0.2153470516204834}