{"MSE": 10.515933990478516, "PSNR": 37.912325095329486, "encoding_time": 0.30562496185302734, "decoding_time": 0.20827984809875488}