{"MSE": 11.002544403076172, "PSNR": 37.715872309428974, "encoding_time": 0.3103182315826416, "decoding_time": 0.21876263618469238}