{"MSE": 10.647716522216797, "PSNR": 37.858238806172764, "encoding_time": 0.30608606338500977, "decoding_time": 0.21147990226745605}