{"MSE": 8.595634460449219, "PSNR": 38.78802422543773, "encoding_time": 0.2912259101867676, "decoding_time": 0.18250012397766113}