{"MSE": 11.100715637207031, "PSNR": 37.6772938322795, "encoding_time": 0.30890870094299316, "decoding_time": 0.21474409103393555}