{"MSE": 9.602062225341797, "PSNR": 38.30715844817453, "encoding_time": 0.29387712478637695, "decoding_time": 0.19184303283691406}