{"MSE": 11.144718170166016, "PSNR": 37.660112704374164, "encoding_time": 0.31497812271118164, "decoding_time": 0.2206718921661377}