{"MSE": 10.267539978027344, "PSNR": 38.01613958355819, "encoding_time": 0.30018186569213867, "decoding_time": 0.20115900039672852}