{"MSE": 10.067241668701172, "PSNR": 38.10169866695422, "encoding_time": 0.3005392551422119, "decoding_time": 0.19890880584716797}