{"MSE": 11.069995880126953, "PSNR": 37.68932901618678, "encoding_time": 0.31127095222473145, "decoding_time": 0.21884489059448242}