{"MSE": 11.365226745605469, "PSNR": 37.575022561889774, "encoding_time": 0.3188669681549072, "decoding_time": 0.2348630428314209}