{"MSE": 8.378726959228516, "PSNR": 38.899023227365944, "encoding_time": 0.29606008529663086, "decoding_time": 0.18744492530822754}