{"MSE": 11.316341400146484, "PSNR": 37.593743197532305, "encoding_time": 0.3144519329071045, "decoding_time": 0.22334885597229004}