{"MSE": 11.549835205078125, "PSNR": 37.50504573179643, "encoding_time": 0.3181130886077881, "decoding_time": 0.23343300819396973}