{"MSE": 10.51150131225586, "PSNR": 37.91415612007687, "encoding_time": 0.30011582374572754, "decoding_time": 0.20412802696228027}