{"MSE": 8.332656860351562, "PSNR": 38.92296862964517, "encoding_time": 0.288438081741333, "decoding_time": 0.18224787712097168}