{"MSE": 10.37375259399414, "PSNR": 37.97144474675583, "encoding_time": 0.29998326301574707, "decoding_time": 0.20191574096679688}