{"MSE": 10.721675872802734, "PSNR": 37.82817686945321, "encoding_time": 0.3063361644744873, "decoding_time": 0.21423602104187012}