{"MSE": 11.40536117553711, "PSNR": 37.559713181593075, "encoding_time": 0.30777692794799805, "decoding_time": 0.21769404411315918}