{"MSE": 8.623279571533203, "PSNR": 38.77407894469705, "encoding_time": 0.2890360355377197, "decoding_time": 0.18387794494628906}