{"MSE": 11.131145477294922, "PSNR": 37.665405021153624, "encoding_time": 0.31334495544433594, "decoding_time": 0.222581148147583}