{"MSE": 10.603702545166016, "PSNR": 37.87622824455375, "encoding_time": 0.3042640686035156, "decoding_time": 0.21088290214538574}