{"MSE": 8.616596221923828, "PSNR": 38.77744618705559, "encoding_time": 0.29044103622436523, "decoding_time": 0.18307209014892578}