{"MSE": 11.523017883300781, "PSNR": 37.51514124973453, "encoding_time": 0.31304192543029785, "decoding_time": 0.21957182884216309}