{"MSE": 10.909515380859375, "PSNR": 37.75274901947138, "encoding_time": 0.30954909324645996, "decoding_time": 0.21639394760131836}