{"MSE": 11.354351043701172, "PSNR": 37.579180436414056, "encoding_time": 0.3190629482269287, "decoding_time": 0.2446911334991455}