{"MSE": 10.835182189941406, "PSNR": 37.78244142635148, "encoding_time": 0.3092348575592041, "decoding_time": 0.21723604202270508}