{"MSE": 8.186031341552734, "PSNR": 39.000069577884, "encoding_time": 0.289186954498291, "decoding_time": 0.18067502975463867}