{"MSE": 10.512237548828125, "PSNR": 37.91385194632076, "encoding_time": 0.3015270233154297, "decoding_time": 0.20709490776062012}