{"MSE": 11.126121520996094, "PSNR": 37.66736561814437, "encoding_time": 0.3134939670562744, "decoding_time": 0.2227799892425537}