{"MSE": 10.707412719726562, "PSNR": 37.83395817887617, "encoding_time": 0.3089439868927002, "decoding_time": 0.21674489974975586}