{"MSE": 8.427669525146484, "PSNR": 38.873728636208895, "encoding_time": 0.29231905937194824, "decoding_time": 0.1815950870513916}