{"MSE": 11.401107788085938, "PSNR": 37.56133309278915, "encoding_time": 0.3180673122406006, "decoding_time": 0.22634172439575195}