{"MSE": 10.640003204345703, "PSNR": 37.861386021166396, "encoding_time": 0.3076338768005371, "decoding_time": 0.21536517143249512}