{"MSE": 9.790088653564453, "PSNR": 38.22293736319162, "encoding_time": 0.29724764823913574, "decoding_time": 0.19399213790893555}