{"MSE": 11.179222106933594, "PSNR": 37.646687761386055, "encoding_time": 0.31992197036743164, "decoding_time": 0.23131012916564941}