{"MSE": 9.244033813476562, "PSNR": 38.47218835465054, "encoding_time": 0.29169511795043945, "decoding_time": 0.18861699104309082}