{"MSE": 11.189014434814453, "PSNR": 37.64288526740992, "encoding_time": 0.3061039447784424, "decoding_time": 0.21532988548278809}