{"MSE": 10.590408325195312, "PSNR": 37.88167655721666, "encoding_time": 0.30144476890563965, "decoding_time": 0.20645403861999512}