{"MSE": 11.357540130615234, "PSNR": 37.577960808468895, "encoding_time": 0.32581090927124023, "decoding_time": 0.24362802505493164}