{"MSE": 11.177879333496094, "PSNR": 37.64720943822024, "encoding_time": 0.31488990783691406, "decoding_time": 0.22080612182617188}