{"MSE": 8.664329528808594, "PSNR": 38.75345399496528, "encoding_time": 0.2919199466705322, "decoding_time": 0.18304777145385742}