{"MSE": 10.269207000732422, "PSNR": 38.01543452665277, "encoding_time": 0.3010592460632324, "decoding_time": 0.20085787773132324}