{"MSE": 11.121192932128906, "PSNR": 37.66928985847291, "encoding_time": 0.3094961643218994, "decoding_time": 0.2156848907470703}