{"MSE": 10.66961669921875, "PSNR": 37.84931542980859, "encoding_time": 0.3108072280883789, "decoding_time": 0.21749663352966309}