{"MSE": 11.191661834716797, "PSNR": 37.64185781751477, "encoding_time": 0.30876898765563965, "decoding_time": 0.21636605262756348}