{"MSE": 11.166248321533203, "PSNR": 37.651730791524926, "encoding_time": 0.30761122703552246, "decoding_time": 0.21518802642822266}