{"MSE": 11.331546783447266, "PSNR": 37.587911647145425, "encoding_time": 0.31594204902648926, "decoding_time": 0.22909903526306152}