{"MSE": 11.293216705322266, "PSNR": 37.602626989787716, "encoding_time": 0.3238840103149414, "decoding_time": 0.23310017585754395}