{"MSE": 8.45418930053711, "PSNR": 38.86008392835252, "encoding_time": 0.2955758571624756, "decoding_time": 0.1878981590270996}