{"MSE": 10.856639862060547, "PSNR": 37.77384929276943, "encoding_time": 0.3122231960296631, "decoding_time": 0.2177438735961914}