{"MSE": 10.757549285888672, "PSNR": 37.8136701638146, "encoding_time": 0.30841588973999023, "decoding_time": 0.21349573135375977}