{"MSE": 11.274585723876953, "PSNR": 37.60979767846928, "encoding_time": 0.30757784843444824, "decoding_time": 0.21824097633361816}