{"MSE": 8.59151840209961, "PSNR": 38.790104362243284, "encoding_time": 0.28595733642578125, "decoding_time": 0.17909502983093262}