{"MSE": 11.477226257324219, "PSNR": 37.53243417639506, "encoding_time": 0.32181787490844727, "decoding_time": 0.22681331634521484}