{"MSE": 8.584941864013672, "PSNR": 38.79343002340521, "encoding_time": 0.2931640148162842, "decoding_time": 0.18377089500427246}