{"MSE": 9.36666488647461, "PSNR": 38.414953782228125, "encoding_time": 0.29370903968811035, "decoding_time": 0.1891310214996338}