{"MSE": 11.349407196044922, "PSNR": 37.581071828815034, "encoding_time": 0.3091893196105957, "decoding_time": 0.21668601036071777}