{"MSE": 11.446586608886719, "PSNR": 37.5440436222106, "encoding_time": 0.31665492057800293, "decoding_time": 0.22492098808288574}