{"MSE": 10.504505157470703, "PSNR": 37.91704762235571, "encoding_time": 0.30277419090270996, "decoding_time": 0.20940899848937988}