{"MSE": 11.380817413330078, "PSNR": 37.569069050171414, "encoding_time": 0.3217589855194092, "decoding_time": 0.24266386032104492}