{"MSE": 10.840137481689453, "PSNR": 37.780455706249086, "encoding_time": 0.30831122398376465, "decoding_time": 0.22933197021484375}