{"MSE": 10.732124328613281, "PSNR": 37.823946656605976, "encoding_time": 0.30855298042297363, "decoding_time": 0.2183699607849121}