{"MSE": 9.267768859863281, "PSNR": 38.46105167012132, "encoding_time": 0.293867826461792, "decoding_time": 0.18772125244140625}