{"MSE": 11.154808044433594, "PSNR": 37.656182596645074, "encoding_time": 0.31211209297180176, "decoding_time": 0.22102880477905273}