{"MSE": 11.540512084960938, "PSNR": 37.50855280753694, "encoding_time": 0.3173229694366455, "decoding_time": 0.22481322288513184}