{"MSE": 11.330123901367188, "PSNR": 37.58845701720678, "encoding_time": 0.30942392349243164, "decoding_time": 0.2163071632385254}