{"MSE": 11.481513977050781, "PSNR": 37.53081202028385, "encoding_time": 0.310650110244751, "decoding_time": 0.21888113021850586}