{"MSE": 11.301761627197266, "PSNR": 37.59934217796723, "encoding_time": 0.316852331161499, "decoding_time": 0.22937393188476562}