{"MSE": 9.966171264648438, "PSNR": 38.14552014792588, "encoding_time": 0.2977941036224365, "decoding_time": 0.19701004028320312}