{"MSE": 10.561588287353516, "PSNR": 37.89351127086343, "encoding_time": 0.30695414543151855, "decoding_time": 0.21070575714111328}