{"MSE": 11.25607681274414, "PSNR": 37.616933127563335, "encoding_time": 0.3199141025543213, "decoding_time": 0.23287010192871094}