{"MSE": 11.176910400390625, "PSNR": 37.647585914408396, "encoding_time": 0.31379270553588867, "decoding_time": 0.22349119186401367}