{"MSE": 10.684181213378906, "PSNR": 37.84339115428806, "encoding_time": 0.3034367561340332, "decoding_time": 0.21077203750610352}