{"MSE": 10.292945861816406, "PSNR": 38.00540672360628, "encoding_time": 0.2994370460510254, "decoding_time": 0.20093703269958496}