{"MSE": 10.671581268310547, "PSNR": 37.84851584815475, "encoding_time": 0.3071908950805664, "decoding_time": 0.2118511199951172}