{"MSE": 9.240829467773438, "PSNR": 38.473694051122024, "encoding_time": 0.2936840057373047, "decoding_time": 0.18776893615722656}