{"MSE": 11.432884216308594, "PSNR": 37.549245555631614, "encoding_time": 0.31516194343566895, "decoding_time": 0.2272169589996338}