{"MSE": 10.73226547241211, "PSNR": 37.82388954063525, "encoding_time": 0.3090238571166992, "decoding_time": 0.2181410789489746}