{"MSE": 11.258819580078125, "PSNR": 37.61587501145797, "encoding_time": 0.30657410621643066, "decoding_time": 0.21712899208068848}