{"MSE": 8.571971893310547, "PSNR": 38.79999622506535, "encoding_time": 0.2866179943084717, "decoding_time": 0.18202877044677734}