{"MSE": 10.051368713378906, "PSNR": 38.10855156405533, "encoding_time": 0.29617905616760254, "decoding_time": 0.19712090492248535}