{"MSE": 10.097293853759766, "PSNR": 38.0887536548674, "encoding_time": 0.29999589920043945, "decoding_time": 0.19734406471252441}