{"MSE": 8.602153778076172, "PSNR": 38.78473158830612, "encoding_time": 0.29192495346069336, "decoding_time": 0.18189597129821777}