{"MSE": 10.695770263671875, "PSNR": 37.83868294801258, "encoding_time": 0.3046379089355469, "decoding_time": 0.21152114868164062}