{"MSE": 8.600414276123047, "PSNR": 38.785609894498194, "encoding_time": 0.2883608341217041, "decoding_time": 0.19021224975585938}