{"MSE": 9.301097869873047, "PSNR": 38.44546146648733, "encoding_time": 0.29442596435546875, "decoding_time": 0.1893458366394043}