{"MSE": 8.18819808959961, "PSNR": 38.998920202605134, "encoding_time": 0.2958042621612549, "decoding_time": 0.1815018653869629}