{"MSE": 8.71469497680664, "PSNR": 38.72828169904743, "encoding_time": 0.290895938873291, "decoding_time": 0.18398499488830566}