{"MSE": 10.972591400146484, "PSNR": 37.72771153723746, "encoding_time": 0.3146488666534424, "decoding_time": 0.22053217887878418}