{"MSE": 10.973194122314453, "PSNR": 37.72747298673174, "encoding_time": 0.2852208614349365, "decoding_time": 0.16326189041137695}