{"MSE": 13.726612091064453, "PSNR": 36.755170000124565, "encoding_time": 0.29454588890075684, "decoding_time": 0.20800995826721191}