{"MSE": 14.862300872802734, "PSNR": 36.40994311940728, "encoding_time": 0.3099641799926758, "decoding_time": 0.22730278968811035}