{"MSE": 12.578407287597656, "PSNR": 37.13454707834862, "encoding_time": 0.2928481101989746, "decoding_time": 0.1847550868988037}