{"MSE": 11.784503936767578, "PSNR": 37.41769055047773, "encoding_time": 0.28217601776123047, "decoding_time": 0.17394113540649414}