{"MSE": 12.94864273071289, "PSNR": 37.00856112562911, "encoding_time": 0.2964751720428467, "decoding_time": 0.18027496337890625}