{"MSE": 11.810504913330078, "PSNR": 37.40811896244593, "encoding_time": 0.18281984329223633, "decoding_time": 0.24942708015441895}