{"MSE": 14.155651092529297, "PSNR": 36.62150511229689, "encoding_time": 0.30202388763427734, "decoding_time": 0.20505809783935547}