{"MSE": 13.183280944824219, "PSNR": 36.930568535757956, "encoding_time": 0.2982058525085449, "decoding_time": 0.1827390193939209}