{"MSE": 11.14276123046875, "PSNR": 37.660875364070975, "encoding_time": 0.2930629253387451, "decoding_time": 0.17449498176574707}