{"MSE": 14.824668884277344, "PSNR": 36.420953588880785, "encoding_time": 0.30076098442077637, "decoding_time": 0.19070100784301758}