{"MSE": 12.778633117675781, "PSNR": 37.06595959408505, "encoding_time": 0.2938868999481201, "decoding_time": 0.17821216583251953}