{"MSE": 12.01593017578125, "PSNR": 37.333229648730146, "encoding_time": 0.2887380123138428, "decoding_time": 0.19371914863586426}