{"MSE": 10.032402038574219, "PSNR": 38.1167543311136, "encoding_time": 0.18305706977844238, "decoding_time": 0.25011491775512695}