{"MSE": 13.850902557373047, "PSNR": 36.71602286895933, "encoding_time": 0.2906351089477539, "decoding_time": 0.18982195854187012}