{"MSE": 12.132888793945312, "PSNR": 37.29116143851151, "encoding_time": 0.29298925399780273, "decoding_time": 0.19275188446044922}