{"MSE": 14.669681549072266, "PSNR": 36.46659674630748, "encoding_time": 0.2998788356781006, "decoding_time": 0.1956040859222412}