{"MSE": 12.202980041503906, "PSNR": 37.26614459902957, "encoding_time": 0.2929689884185791, "decoding_time": 0.17140769958496094}