{"MSE": 15.699649810791016, "PSNR": 36.17190395524743, "encoding_time": 0.3001720905303955, "decoding_time": 0.2002568244934082}