{"MSE": 11.857765197753906, "PSNR": 37.390775144819564, "encoding_time": 0.2981240749359131, "decoding_time": 0.18169593811035156}