{"MSE": 9.578189849853516, "PSNR": 38.3179691990003, "encoding_time": 0.27509474754333496, "decoding_time": 0.15264105796813965}