{"MSE": 11.995620727539062, "PSNR": 37.340576349025326, "encoding_time": 0.3024630546569824, "decoding_time": 0.17048215866088867}