{"MSE": 12.431816101074219, "PSNR": 37.185457837096074, "encoding_time": 0.2953789234161377, "decoding_time": 0.17348504066467285}