{"MSE": 12.156414031982422, "PSNR": 37.28274877691069, "encoding_time": 0.2852778434753418, "decoding_time": 0.1780531406402588}