{"MSE": 12.10219955444336, "PSNR": 37.302160510849966, "encoding_time": 0.28969597816467285, "decoding_time": 0.17246294021606445}