{"MSE": 14.408393859863281, "PSNR": 36.544647892610854, "encoding_time": 0.3009519577026367, "decoding_time": 0.1933910846710205}