{"MSE": 11.804679870605469, "PSNR": 37.41026146862287, "encoding_time": 0.30895400047302246, "decoding_time": 0.20957303047180176}