{"MSE": 13.552619934082031, "PSNR": 36.81057101603746, "encoding_time": 0.2932910919189453, "decoding_time": 0.18134117126464844}