{"MSE": 11.513294219970703, "PSNR": 37.5188075775391, "encoding_time": 0.2906036376953125, "decoding_time": 0.18085408210754395}