{"MSE": 14.481403350830078, "PSNR": 36.52269710747814, "encoding_time": 0.2982039451599121, "decoding_time": 0.2175290584564209}