{"MSE": 11.505050659179688, "PSNR": 37.521918255682664, "encoding_time": 0.2934737205505371, "decoding_time": 0.17566823959350586}