{"MSE": 10.075386047363281, "PSNR": 38.09818665357235, "encoding_time": 0.2910499572753906, "decoding_time": 0.1780400276184082}