{"MSE": 10.415489196777344, "PSNR": 37.95400688075114, "encoding_time": 0.28875207901000977, "decoding_time": 0.17260289192199707}