{"MSE": 10.550941467285156, "PSNR": 37.89789147129531, "encoding_time": 0.1931171417236328, "decoding_time": 0.2767491340637207}