{"MSE": 15.311500549316406, "PSNR": 36.280626065932886, "encoding_time": 0.3013758659362793, "decoding_time": 0.21170926094055176}