{"MSE": 10.304744720458984, "PSNR": 38.00043123400834, "encoding_time": 0.28880906105041504, "decoding_time": 0.18606901168823242}