{"MSE": 11.857765197753906, "PSNR": 37.390775144819564, "encoding_time": 0.23018908500671387, "decoding_time": 0.27618408203125}