{"MSE": 14.53897476196289, "PSNR": 36.50546578204637, "encoding_time": 0.30003905296325684, "decoding_time": 0.19246292114257812}