{"MSE": 10.06634521484375, "PSNR": 38.102085408736556, "encoding_time": 0.1770460605621338, "decoding_time": 0.2565329074859619}