{"MSE": 10.278099060058594, "PSNR": 38.01167561779361, "encoding_time": 0.173750638961792, "decoding_time": 0.24851608276367188}