{"MSE": 11.606735229492188, "PSNR": 37.483702833523104, "encoding_time": 0.3008592128753662, "decoding_time": 0.18568778038024902}