{"MSE": 12.961467742919922, "PSNR": 37.00426177500117, "encoding_time": 0.2917001247406006, "decoding_time": 0.17452692985534668}