{"MSE": 14.51104736328125, "PSNR": 36.513816012435555, "encoding_time": 0.299544095993042, "decoding_time": 0.19870519638061523}