{"MSE": 10.250545501708984, "PSNR": 38.023333830782626, "encoding_time": 0.1700289249420166, "decoding_time": 0.24718904495239258}