{"MSE": 11.90902328491211, "PSNR": 37.372042164604615, "encoding_time": 0.2905721664428711, "decoding_time": 0.17567896842956543}