{"MSE": 15.767642974853516, "PSNR": 36.153135831712596, "encoding_time": 0.3100600242614746, "decoding_time": 0.20076894760131836}