{"MSE": 11.556327819824219, "PSNR": 37.50260507834088, "encoding_time": 0.2876851558685303, "decoding_time": 0.167982816696167}