{"MSE": 10.077388763427734, "PSNR": 38.0973234786035, "encoding_time": 0.1854848861694336, "decoding_time": 0.2498922348022461}