{"MSE": 11.89187240600586, "PSNR": 37.378301200781024, "encoding_time": 0.30556416511535645, "decoding_time": 0.19852304458618164}