{"MSE": 12.76755142211914, "PSNR": 37.06972745188375, "encoding_time": 0.28637099266052246, "decoding_time": 0.1701061725616455}