{"MSE": 13.69668960571289, "PSNR": 36.76464746974069, "encoding_time": 0.2959156036376953, "decoding_time": 0.18698716163635254}