{"MSE": 10.550941467285156, "PSNR": 37.89789147129531, "encoding_time": 0.29585719108581543, "decoding_time": 0.20079493522644043}