{"MSE": 10.890888214111328, "PSNR": 37.760170604732956, "encoding_time": 0.28955912590026855, "decoding_time": 0.17800688743591309}