{"MSE": 11.95229721069336, "PSNR": 37.35628976918739, "encoding_time": 0.2863280773162842, "decoding_time": 0.19912171363830566}