{"MSE": 10.073951721191406, "PSNR": 38.09880495671452, "encoding_time": 0.18003106117248535, "decoding_time": 0.25742602348327637}