{"MSE": 10.439872741699219, "PSNR": 37.943851560632226, "encoding_time": 0.2761819362640381, "decoding_time": 0.15771698951721191}