{"MSE": 12.64084243774414, "PSNR": 37.11304342786106, "encoding_time": 0.28798818588256836, "decoding_time": 0.17713165283203125}