{"MSE": 12.348224639892578, "PSNR": 37.21475839265955, "encoding_time": 0.28565025329589844, "decoding_time": 0.17618465423583984}