{"MSE": 10.795520782470703, "PSNR": 10.795520782470703, "encoding_time": 0.17930197715759277, "decoding_time": 0.25442981719970703}