{"MSE": 10.314956665039062, "PSNR": 10.314956665039062, "encoding_time": 0.18453311920166016, "decoding_time": 0.25331568717956543}