{"MSE": 12.735782623291016, "PSNR": 37.08054723030132, "encoding_time": 0.29654407501220703, "decoding_time": 0.17298173904418945}