{"MSE": 11.505256652832031, "PSNR": 37.521840497567304, "encoding_time": 0.28703784942626953, "decoding_time": 0.16703581809997559}