{"MSE": 12.552764892578125, "PSNR": 37.14340966099665, "encoding_time": 0.2922639846801758, "decoding_time": 0.18565917015075684}