{"MSE": 10.786331176757812, "PSNR": 37.80206610405251, "encoding_time": 0.2849271297454834, "decoding_time": 0.1712968349456787}