{"MSE": 10.78000259399414, "PSNR": 37.80461495512811, "encoding_time": 0.2868649959564209, "decoding_time": 0.163665771484375}