{"MSE": 11.064628601074219, "PSNR": 37.691435200299466, "encoding_time": 0.2907099723815918, "decoding_time": 0.18364524841308594}