{"MSE": 12.519058227539062, "PSNR": 37.15508701479665, "encoding_time": 0.28940916061401367, "decoding_time": 0.18123793601989746}