{"MSE": 13.128036499023438, "PSNR": 36.948805853805794, "encoding_time": 0.2942659854888916, "decoding_time": 0.18243694305419922}