{"MSE": 12.190605163574219, "PSNR": 37.27055095554908, "encoding_time": 0.2865290641784668, "decoding_time": 0.18941283226013184}