{"MSE": 12.705013275146484, "PSNR": 37.09105237697984, "encoding_time": 0.2901639938354492, "decoding_time": 0.17895197868347168}