{"MSE": 11.547954559326172, "PSNR": 37.50575294584818, "encoding_time": 0.28896617889404297, "decoding_time": 0.16983604431152344}