{"MSE": 10.505352020263672, "PSNR": 37.91669751256201, "encoding_time": 0.17960715293884277, "decoding_time": 0.27679991722106934}