{"MSE": 10.314956665039062, "PSNR": 37.9961295310299, "encoding_time": 0.2903909683227539, "decoding_time": 0.1739950180053711}