{"MSE": 12.18325424194336, "PSNR": 37.27317053642453, "encoding_time": 0.2922859191894531, "decoding_time": 0.1725020408630371}