{"MSE": 15.032974243164062, "PSNR": 36.360354475061705, "encoding_time": 0.3089480400085449, "decoding_time": 0.19487786293029785}