{"MSE": 12.571151733398438, "PSNR": 37.13705292525962, "encoding_time": 0.2889857292175293, "decoding_time": 0.18050408363342285}