{"MSE": 10.772621154785156, "PSNR": 37.80758973766937, "encoding_time": 0.28791213035583496, "decoding_time": 0.1791539192199707}