{"MSE": 12.09206771850586, "PSNR": 37.3057979020111, "encoding_time": 0.28791117668151855, "decoding_time": 0.17854714393615723}