{"MSE": 12.29610824584961, "PSNR": 37.233126831517374, "encoding_time": 0.2975311279296875, "decoding_time": 0.19490504264831543}