{"MSE": 11.817008972167969, "PSNR": 37.40572795597076, "encoding_time": 0.28283095359802246, "decoding_time": 0.17050886154174805}