{"MSE": 15.090782165527344, "PSNR": 36.34368610729887, "encoding_time": 0.3048398494720459, "decoding_time": 0.20015597343444824}