{"MSE": 14.844524383544922, "PSNR": 36.4151407344652, "encoding_time": 0.30136704444885254, "decoding_time": 0.20880985260009766}