{"MSE": 10.689815521240234, "PSNR": 37.84110150401761, "encoding_time": 0.2873399257659912, "decoding_time": 0.16418194770812988}