{"MSE": 12.197093963623047, "PSNR": 37.26823991332474, "encoding_time": 0.2878878116607666, "decoding_time": 0.17466402053833008}