{"MSE": 12.968151092529297, "PSNR": 37.00202299012841, "encoding_time": 0.29564523696899414, "decoding_time": 0.19241881370544434}