{"MSE": 13.978385925292969, "PSNR": 36.6762333425139, "encoding_time": 0.32512712478637695, "decoding_time": 0.1888420581817627}