{"MSE": 12.821723937988281, "PSNR": 37.05133938928451, "encoding_time": 0.29335927963256836, "decoding_time": 0.20034098625183105}