{"MSE": 10.034599304199219, "PSNR": 38.11580325693592, "encoding_time": 0.17784786224365234, "decoding_time": 0.24532318115234375}