{"MSE": 10.125946044921875, "PSNR": 38.076447519050916, "encoding_time": 0.18142104148864746, "decoding_time": 0.2547800540924072}