{"MSE": 11.90283203125, "PSNR": 37.37430055843946, "encoding_time": 0.28762030601501465, "decoding_time": 0.17360687255859375}