{"MSE": 10.073951721191406, "PSNR": 38.09880495671452, "encoding_time": 0.2904329299926758, "decoding_time": 0.17198801040649414}