{"MSE": 12.719924926757812, "PSNR": 37.08595812762358, "encoding_time": 0.2901179790496826, "decoding_time": 0.1744701862335205}