{"MSE": 13.566143035888672, "PSNR": 36.80623969090574, "encoding_time": 0.2922549247741699, "decoding_time": 0.18827319145202637}