{"MSE": 11.804679870605469, "PSNR": 37.41026146862287, "encoding_time": 0.17923188209533691, "decoding_time": 0.2708470821380615}