{"MSE": 13.276115417480469, "PSNR": 36.90009341524459, "encoding_time": 0.30051589012145996, "decoding_time": 0.183912992477417}