{"MSE": 7.605953216552734, "PSNR": 39.319267110854675, "encoding_time": 0.2659907341003418, "decoding_time": 0.1620333194732666}