{"MSE": 7.488361358642578, "PSNR": 39.38693567301611, "encoding_time": 0.25589609146118164, "decoding_time": 0.15299487113952637}