{"MSE": 7.0422210693359375, "PSNR": 39.65370706551561, "encoding_time": 0.2602381706237793, "decoding_time": 0.15442895889282227}