{"MSE": 9.229736328125, "PSNR": 38.47891066437447, "encoding_time": 0.27739906311035156, "decoding_time": 0.17472577095031738}