{"MSE": 9.139717102050781, "PSNR": 38.521476074666495, "encoding_time": 0.2790820598602295, "decoding_time": 0.17775988578796387}