{"MSE": 8.95560073852539, "PSNR": 38.609856373857085, "encoding_time": 0.28398585319519043, "decoding_time": 0.1777341365814209}