{"MSE": 6.991157531738281, "PSNR": 39.68531272671979, "encoding_time": 0.26109743118286133, "decoding_time": 0.15092182159423828}