{"MSE": 7.227718353271484, "PSNR": 39.54079140056385, "encoding_time": 0.26131725311279297, "decoding_time": 0.15463876724243164}