{"MSE": 7.668415069580078, "PSNR": 39.283747488958966, "encoding_time": 0.2610917091369629, "decoding_time": 0.15796136856079102}