{"MSE": 8.90572738647461, "PSNR": 38.63410964072463, "encoding_time": 0.2711610794067383, "decoding_time": 0.17401385307312012}