{"MSE": 8.945106506347656, "PSNR": 38.61494844936715, "encoding_time": 0.2855238914489746, "decoding_time": 349.53143215179443}