{"MSE": 7.828990936279297, "PSNR": 39.19374570591058, "encoding_time": 0.2738158702850342, "decoding_time": 0.16523003578186035}