{"MSE": 7.011589050292969, "PSNR": 39.67263906729119, "encoding_time": 0.261613130569458, "decoding_time": 0.1533827781677246}