{"MSE": 7.284664154052734, "PSNR": 39.506708266430024, "encoding_time": 0.2633180618286133, "decoding_time": 0.15739798545837402}