{"MSE": 8.981334686279297, "PSNR": 38.59739480346002, "encoding_time": 0.28184986114501953, "decoding_time": 0.1750168800354004}