{"MSE": 6.996654510498047, "PSNR": 39.68189931558989, "encoding_time": 0.25812292098999023, "decoding_time": 0.15204405784606934}