{"MSE": 8.687976837158203, "PSNR": 38.74161706485452, "encoding_time": 0.2821640968322754, "decoding_time": 0.1757049560546875}