{"MSE": 9.259632110595703, "PSNR": 38.46486628560933, "encoding_time": 0.285017728805542, "decoding_time": 0.1814422607421875}