{"MSE": 9.709861755371094, "PSNR": 38.25867314204692, "encoding_time": 0.29006409645080566, "decoding_time": 0.18594694137573242}