{"MSE": 8.965435028076172, "PSNR": 38.605089932709724, "encoding_time": 0.2890622615814209, "decoding_time": 0.1826786994934082}