{"MSE": 9.136001586914062, "PSNR": 38.52324194529626, "encoding_time": 0.28025031089782715, "decoding_time": 0.17736291885375977}