{"MSE": 6.316150665283203, "PSNR": 40.126278797595376, "encoding_time": 0.27352118492126465, "decoding_time": 0.1541287899017334}