{"MSE": 6.7521820068359375, "PSNR": 39.836362205709314, "encoding_time": 0.2761259078979492, "decoding_time": 0.16265296936035156}