{"MSE": 8.907035827636719, "PSNR": 38.633471616437454, "encoding_time": 0.287553071975708, "decoding_time": 0.1813030242919922}