{"MSE": 7.995796203613281, "PSNR": 39.10218644553161, "encoding_time": 0.2827188968658447, "decoding_time": 0.16907811164855957}