{"MSE": 8.89068603515625, "PSNR": 38.6414508698573, "encoding_time": 0.2926349639892578, "decoding_time": 0.1887831687927246}