{"MSE": 8.057334899902344, "PSNR": 39.068889455722726, "encoding_time": 0.28487205505371094, "decoding_time": 0.17045187950134277}