{"MSE": 8.85403823852539, "PSNR": 38.659389676044896, "encoding_time": 0.2883269786834717, "decoding_time": 0.18256187438964844}