{"MSE": 8.639766693115234, "PSNR": 38.76578345849745, "encoding_time": 0.2892730236053467, "decoding_time": 0.1786041259765625}