{"MSE": 9.03811264038086, "PSNR": 38.570026113045685, "encoding_time": 0.2871737480163574, "decoding_time": 0.18063998222351074}