{"MSE": 8.1500244140625, "PSNR": 39.01921451161462, "encoding_time": 0.2796299457550049, "decoding_time": 0.17088603973388672}