{"MSE": 12.447765350341797, "PSNR": 37.17988967919938, "encoding_time": 0.2673380374908447, "decoding_time": 0.18003606796264648}