{"MSE": 15.918205261230469, "PSNR": 36.111862603483374, "encoding_time": 0.2948801517486572, "decoding_time": 0.19757413864135742}