{"MSE": 16.017749786376953, "PSNR": 36.084788556115775, "encoding_time": 0.28104281425476074, "decoding_time": 0.19437694549560547}