{"MSE": 18.004440307617188, "PSNR": 35.57700735582238, "encoding_time": 0.29581284523010254, "decoding_time": 0.20824432373046875}