{"MSE": 16.00189971923828, "PSNR": 36.089088164240565, "encoding_time": 0.283890962600708, "decoding_time": 0.19342994689941406}