{"MSE": 13.546424865722656, "PSNR": 36.81255668311187, "encoding_time": 0.28063058853149414, "decoding_time": 0.18250632286071777}