{"MSE": 16.32342529296875, "PSNR": 36.00269064921424, "encoding_time": 0.2840118408203125, "decoding_time": 0.19515514373779297}