{"MSE": 15.250171661376953, "PSNR": 36.298056285838484, "encoding_time": 0.2759418487548828, "decoding_time": 0.19005393981933594}