{"MSE": 16.047115325927734, "PSNR": 36.07683387094505, "encoding_time": 0.28408074378967285, "decoding_time": 0.19539904594421387}