{"MSE": 16.298099517822266, "PSNR": 36.00943395546346, "encoding_time": 0.28569889068603516, "decoding_time": 0.19556713104248047}