{"MSE": 16.397598266601562, "PSNR": 35.98300118670575, "encoding_time": 0.29027295112609863, "decoding_time": 0.20022106170654297}