{"MSE": 13.175067901611328, "PSNR": 36.93327498712425, "encoding_time": 0.28565192222595215, "decoding_time": 0.18613910675048828}