{"MSE": 15.833148956298828, "PSNR": 36.135130632929105, "encoding_time": 0.28126096725463867, "decoding_time": 0.19459104537963867}