{"MSE": 13.354999542236328, "PSNR": 36.87436483396646, "encoding_time": 60.61369180679321, "decoding_time": 0.2064809799194336}