{"MSE": 15.52004623413086, "PSNR": 36.221873501829826, "encoding_time": 0.27946901321411133, "decoding_time": 0.1921980381011963}