{"MSE": 17.41695785522461, "PSNR": 35.72108059912991, "encoding_time": 0.3066239356994629, "decoding_time": 0.21586012840270996}