{"MSE": 13.845909118652344, "PSNR": 36.71758884191751, "encoding_time": 0.2808089256286621, "decoding_time": 0.1836559772491455}