{"MSE": 17.415481567382812, "PSNR": 35.721448729340956, "encoding_time": 0.2843906879425049, "decoding_time": 0.19800543785095215}