{"MSE": 13.764148712158203, "PSNR": 36.743310046405526, "encoding_time": 0.28094482421875, "decoding_time": 0.18367505073547363}