{"MSE": 13.410701751708984, "PSNR": 36.856288567731454, "encoding_time": 0.2749037742614746, "decoding_time": 0.18454813957214355}