{"MSE": 16.679378509521484, "PSNR": 35.90900496515463, "encoding_time": 0.3027191162109375, "decoding_time": 0.21158194541931152}