{"MSE": 13.767242431640625, "PSNR": 36.74233400760065, "encoding_time": 0.27687811851501465, "decoding_time": 0.1849689483642578}