{"MSE": 13.62173080444336, "PSNR": 36.78848067456924, "encoding_time": 0.2833552360534668, "decoding_time": 0.18389892578125}