{"MSE": 16.901607513427734, "PSNR": 35.851523485021424, "encoding_time": 0.2819328308105469, "decoding_time": 0.19593524932861328}