{"MSE": 17.32891845703125, "PSNR": 35.74308902758772, "encoding_time": 0.28275394439697266, "decoding_time": 0.19625282287597656}