{"MSE": 16.636119842529297, "PSNR": 35.92028320612757, "encoding_time": 0.3036081790924072, "decoding_time": 0.22171902656555176}