{"MSE": 14.514179229736328, "PSNR": 36.5128787916215, "encoding_time": 0.30533504486083984, "decoding_time": 0.2130582332611084}