{"MSE": 15.875747680664062, "PSNR": 36.12346172986405, "encoding_time": 0.2815580368041992, "decoding_time": 0.19342374801635742}