{"MSE": 15.388912200927734, "PSNR": 36.25872439011176, "encoding_time": 0.2852451801300049, "decoding_time": 0.1917130947113037}