{"MSE": 18.224811553955078, "PSNR": 35.52417314495213, "encoding_time": 0.2943611145019531, "decoding_time": 0.20846796035766602}