{"MSE": 15.912494659423828, "PSNR": 36.11342089964762, "encoding_time": 660.6049580574036, "decoding_time": 0.19648504257202148}