{"MSE": 18.08129119873047, "PSNR": 35.55850920322535, "encoding_time": 0.29375410079956055, "decoding_time": 0.20764899253845215}