{"MSE": 13.056999206542969, "PSNR": 36.97236983146609, "encoding_time": 0.2869720458984375, "decoding_time": 0.1847391128540039}