{"MSE": 16.45178985595703, "PSNR": 35.96867207379493, "encoding_time": 0.2983841896057129, "decoding_time": 0.22222685813903809}