{"MSE": 16.347412109375, "PSNR": 35.996313497782715, "encoding_time": 0.2928900718688965, "decoding_time": 0.2013707160949707}