{"MSE": 13.126293182373047, "PSNR": 36.949382606525646, "encoding_time": 0.287182092666626, "decoding_time": 0.1845400333404541}