{"MSE": 13.504135131835938, "PSNR": 36.82613585709772, "encoding_time": 0.28395628929138184, "decoding_time": 0.18226003646850586}