{"MSE": 14.037425994873047, "PSNR": 36.65792881187211, "encoding_time": 0.2834300994873047, "decoding_time": 0.185258150100708}