{"MSE": 14.194042205810547, "PSNR": 36.609742686038025, "encoding_time": 0.28534507751464844, "decoding_time": 0.1870579719543457}