{"MSE": 15.921501159667969, "PSNR": 36.11096348055146, "encoding_time": 0.29259800910949707, "decoding_time": 0.1991569995880127}