{"MSE": 16.41802215576172, "PSNR": 35.97759523466682, "encoding_time": 0.2931950092315674, "decoding_time": 0.20023083686828613}