{"MSE": 17.587032318115234, "PSNR": 35.67887799216149, "encoding_time": 0.28302907943725586, "decoding_time": 0.19775700569152832}