{"MSE": 15.767036437988281, "PSNR": 36.153302895794795, "encoding_time": 0.2860286235809326, "decoding_time": 0.19382023811340332}