{"MSE": 15.586421966552734, "PSNR": 36.203339312806236, "encoding_time": 0.28423190116882324, "decoding_time": 0.19570398330688477}