{"MSE": 13.354511260986328, "PSNR": 36.87452362223786, "encoding_time": 0.28475069999694824, "decoding_time": 0.181671142578125}