{"MSE": 14.243072509765625, "PSNR": 36.59476675633003, "encoding_time": 0.28275203704833984, "decoding_time": 0.18530702590942383}