{"MSE": 15.934494018554688, "PSNR": 36.107420833586595, "encoding_time": 0.30852580070495605, "decoding_time": 0.23115801811218262}