{"MSE": 13.161598205566406, "PSNR": 36.93771732249917, "encoding_time": 0.276500940322876, "decoding_time": 0.19227218627929688}