{"MSE": 15.336616516113281, "PSNR": 36.27350802458239, "encoding_time": 0.2876851558685303, "decoding_time": 0.19616007804870605}