{"MSE": 13.104816436767578, "PSNR": 36.95649418840327, "encoding_time": 0.27364182472229004, "decoding_time": 0.17753291130065918}