{"MSE": 16.081844329833984, "PSNR": 36.06744506981719, "encoding_time": 0.2823307514190674, "decoding_time": 0.19504737854003906}