{"MSE": 12.85372543334961, "PSNR": 37.04051342098783, "encoding_time": 0.2874608039855957, "decoding_time": 0.18407392501831055}