{"MSE": 15.28006362915039, "PSNR": 36.28955198137966, "encoding_time": 0.2787802219390869, "decoding_time": 0.19079279899597168}