{"MSE": 15.92776870727539, "PSNR": 36.10925420345501, "encoding_time": 0.28617191314697266, "decoding_time": 0.21161603927612305}