{"MSE": 13.150505065917969, "PSNR": 36.94137927956283, "encoding_time": 0.272489070892334, "decoding_time": 0.17782211303710938}