{"MSE": 14.370216369628906, "PSNR": 36.55617053594613, "encoding_time": 0.2829318046569824, "decoding_time": 0.1896500587463379}