{"MSE": 16.00530242919922, "PSNR": 36.08816476071515, "encoding_time": 0.29318714141845703, "decoding_time": 0.1971728801727295}