{"MSE": 13.37994384765625, "PSNR": 36.86626070059739, "encoding_time": 0.28074002265930176, "decoding_time": 0.17651796340942383}