{"MSE": 12.348979949951172, "PSNR": 37.21449275369665, "encoding_time": 0.2729780673980713, "decoding_time": 0.17510700225830078}