{"MSE": 17.62131118774414, "PSNR": 35.67042140082707, "encoding_time": 0.29412412643432617, "decoding_time": 0.20323562622070312}