{"MSE": 14.100231170654297, "PSNR": 36.63854127977314, "encoding_time": 0.2837228775024414, "decoding_time": 0.18614411354064941}