{"MSE": 10.81454849243164, "PSNR": 37.79071968515707, "encoding_time": 0.29017019271850586, "decoding_time": 0.18731284141540527}