{"MSE": 14.24686050415039, "PSNR": 36.59361188870176, "encoding_time": 0.3047490119934082, "decoding_time": 0.21496796607971191}