{"MSE": 10.422283172607422, "PSNR": 37.95117492130227, "encoding_time": 0.2868080139160156, "decoding_time": 0.1849989891052246}