{"MSE": 10.725547790527344, "PSNR": 37.826608785353514, "encoding_time": 0.2881810665130615, "decoding_time": 0.18664288520812988}