{"MSE": 10.871757507324219, "PSNR": 37.76780603898943, "encoding_time": 0.30091214179992676, "decoding_time": 0.20424818992614746}