{"MSE": 14.974815368652344, "PSNR": 36.377188843888504, "encoding_time": 0.31603407859802246, "decoding_time": 0.23678994178771973}