{"MSE": 13.918994903564453, "PSNR": 36.69472485047071, "encoding_time": 0.2995119094848633, "decoding_time": 0.21309900283813477}