{"MSE": 9.73013687133789, "PSNR": 38.249614114475854, "encoding_time": 0.2869601249694824, "decoding_time": 0.17761778831481934}