{"MSE": 11.233539581298828, "PSNR": 37.625637409894345, "encoding_time": 0.30766797065734863, "decoding_time": 0.20672106742858887}