{"MSE": 10.39212417602539, "PSNR": 37.96376033364869, "encoding_time": 0.287708044052124, "decoding_time": 0.18410897254943848}