{"MSE": 15.35672378540039, "PSNR": 36.26781787990543, "encoding_time": 0.31203627586364746, "decoding_time": 0.22904396057128906}