{"MSE": 10.545761108398438, "PSNR": 37.9000243177114, "encoding_time": 0.2861471176147461, "decoding_time": 0.1846909523010254}