{"MSE": 15.203289031982422, "PSNR": 36.311428088493926, "encoding_time": 0.31378889083862305, "decoding_time": 0.23477602005004883}