{"MSE": 14.237899780273438, "PSNR": 36.596344292291, "encoding_time": 0.30678296089172363, "decoding_time": 0.21573686599731445}