{"MSE": 14.165958404541016, "PSNR": 36.61834398621185, "encoding_time": 0.30940794944763184, "decoding_time": 0.2105417251586914}