{"MSE": 13.578514099121094, "PSNR": 36.80228113298963, "encoding_time": 0.2997457981109619, "decoding_time": 0.20643210411071777}