{"MSE": 11.97378158569336, "PSNR": 37.3484902897183, "encoding_time": 0.3066709041595459, "decoding_time": 0.21149730682373047}