{"MSE": 14.676673889160156, "PSNR": 36.46452716408653, "encoding_time": 0.3082430362701416, "decoding_time": 0.22172212600708008}