{"MSE": 15.300121307373047, "PSNR": 36.28385486722607, "encoding_time": 0.3155059814453125, "decoding_time": 0.24064397811889648}