{"MSE": 10.960575103759766, "PSNR": 37.73247018595775, "encoding_time": 0.2903919219970703, "decoding_time": 0.1909482479095459}