{"MSE": 14.891708374023438, "PSNR": 36.401358380752825, "encoding_time": 0.30902814865112305, "decoding_time": 0.22341084480285645}