{"MSE": 10.716468811035156, "PSNR": 37.83028656529715, "encoding_time": 0.28881001472473145, "decoding_time": 0.1876969337463379}