{"MSE": 11.680587768554688, "PSNR": 37.456156637920984, "encoding_time": 0.2999119758605957, "decoding_time": 0.20513296127319336}