{"MSE": 10.665863037109375, "PSNR": 37.85084358364249, "encoding_time": 0.2968728542327881, "decoding_time": 0.1981050968170166}