{"MSE": 11.605110168457031, "PSNR": 37.484310932559936, "encoding_time": 0.29778289794921875, "decoding_time": 0.20209622383117676}