{"MSE": 12.297035217285156, "PSNR": 37.232799440608495, "encoding_time": 0.30292415618896484, "decoding_time": 0.2057039737701416}