{"MSE": 11.385078430175781, "PSNR": 37.56744334113917, "encoding_time": 0.3009490966796875, "decoding_time": 0.20345592498779297}