{"MSE": 11.740119934082031, "PSNR": 37.43407827291581, "encoding_time": 0.3043520450592041, "decoding_time": 0.20990896224975586}