{"MSE": 11.946151733398438, "PSNR": 37.35852334254013, "encoding_time": 0.2996177673339844, "decoding_time": 0.2071819305419922}