{"MSE": 11.33392333984375, "PSNR": 37.58700090024532, "encoding_time": 0.29795098304748535, "decoding_time": 0.19941020011901855}