{"MSE": 12.223331451416016, "PSNR": 37.258907724914124, "encoding_time": 0.30571794509887695, "decoding_time": 0.21290016174316406}