{"MSE": 10.949020385742188, "PSNR": 37.737050964952616, "encoding_time": 0.291003942489624, "decoding_time": 0.19360089302062988}