{"MSE": 11.382404327392578, "PSNR": 37.568463522509674, "encoding_time": 0.2953500747680664, "decoding_time": 0.1983339786529541}