{"MSE": 11.471588134765625, "PSNR": 37.53456814769563, "encoding_time": 0.2997758388519287, "decoding_time": 0.20385003089904785}