{"MSE": 11.419281005859375, "PSNR": 37.554416006549175, "encoding_time": 0.29700207710266113, "decoding_time": 0.19983196258544922}