{"MSE": 11.112136840820312, "PSNR": 37.672827799699526, "encoding_time": 0.29622983932495117, "decoding_time": 0.194993257522583}