{"MSE": 11.18402099609375, "PSNR": 37.644823871516486, "encoding_time": 0.29439306259155273, "decoding_time": 0.19779682159423828}