{"MSE": 12.195053100585938, "PSNR": 37.268966651774676, "encoding_time": 0.3000528812408447, "decoding_time": 0.2047581672668457}