{"MSE": 11.82357406616211, "PSNR": 37.40331584611417, "encoding_time": 0.3026609420776367, "decoding_time": 0.20722508430480957}