{"MSE": 11.178661346435547, "PSNR": 37.64690561312548, "encoding_time": 0.301713228225708, "decoding_time": 0.19925785064697266}