{"MSE": 11.002662658691406, "PSNR": 37.71582563160313, "encoding_time": 0.2952561378479004, "decoding_time": 0.19540810585021973}