{"MSE": 11.545169830322266, "PSNR": 37.506800350630186, "encoding_time": 0.2976558208465576, "decoding_time": 0.20056509971618652}