{"MSE": 11.166690826416016, "PSNR": 37.65155868929729, "encoding_time": 0.2991039752960205, "decoding_time": 0.20180010795593262}