{"MSE": 11.159175872802734, "PSNR": 37.654482385880485, "encoding_time": 0.2983222007751465, "decoding_time": 0.20388317108154297}