{"MSE": 11.387229919433594, "PSNR": 37.566622712943754, "encoding_time": 0.2966322898864746, "decoding_time": 0.19817876815795898}