{"MSE": 16.669010162353516, "PSNR": 35.91170549509681, "encoding_time": 0.33115172386169434, "decoding_time": 0.2508580684661865}