{"MSE": 16.336700439453125, "PSNR": 35.99916015259009, "encoding_time": 0.32502007484436035, "decoding_time": 0.24482512474060059}