{"MSE": 15.194252014160156, "PSNR": 36.314010354659956, "encoding_time": 0.31930112838745117, "decoding_time": 0.2682178020477295}