{"MSE": 14.691448211669922, "PSNR": 36.46015752325004, "encoding_time": 0.3126678466796875, "decoding_time": 0.2296750545501709}