{"MSE": 15.175983428955078, "PSNR": 36.31923517204311, "encoding_time": 0.32112693786621094, "decoding_time": 0.23711299896240234}