{"MSE": 16.523826599121094, "PSNR": 35.949697320216046, "encoding_time": 0.3258070945739746, "decoding_time": 0.244887113571167}