{"MSE": 16.67510223388672, "PSNR": 35.910118556420365, "encoding_time": 0.3287200927734375, "decoding_time": 0.24865174293518066}