{"MSE": 15.082500457763672, "PSNR": 36.346070136983485, "encoding_time": 0.31597900390625, "decoding_time": 0.2330188751220703}