{"MSE": 15.787677764892578, "PSNR": 36.147621072410374, "encoding_time": 0.3241848945617676, "decoding_time": 0.2407550811767578}