{"MSE": 16.658702850341797, "PSNR": 35.91439179335614, "encoding_time": 0.3284108638763428, "decoding_time": 0.2475111484527588}