{"MSE": 15.91122055053711, "PSNR": 36.113768651916956, "encoding_time": 0.3205752372741699, "decoding_time": 0.2397608757019043}