{"MSE": 15.367694854736328, "PSNR": 36.26471632401824, "encoding_time": 0.31560683250427246, "decoding_time": 0.2328939437866211}