{"MSE": 16.544925689697266, "PSNR": 35.9441553996901, "encoding_time": 0.3272879123687744, "decoding_time": 0.2458820343017578}