{"MSE": 14.793098449707031, "PSNR": 36.430212133296614, "encoding_time": 0.31378984451293945, "decoding_time": 0.22929716110229492}