{"MSE": 14.963878631591797, "PSNR": 36.38036183785188, "encoding_time": 0.31557297706604004, "decoding_time": 0.24271678924560547}