{"MSE": 14.345874786376953, "PSNR": 36.56353324959797, "encoding_time": 0.3128781318664551, "decoding_time": 0.22856760025024414}