{"MSE": 15.26021957397461, "PSNR": 36.29519578292332, "encoding_time": 0.319385290145874, "decoding_time": 0.23619365692138672}