{"MSE": 14.830188751220703, "PSNR": 36.419336823215275, "encoding_time": 0.3132209777832031, "decoding_time": 0.2636258602142334}