{"MSE": 16.28525161743164, "PSNR": 36.0128588779091, "encoding_time": 0.3201577663421631, "decoding_time": 0.23715734481811523}