{"MSE": 15.18448257446289, "PSNR": 36.31680363354766, "encoding_time": 0.31778597831726074, "decoding_time": 0.2329390048980713}