{"MSE": 16.522159576416016, "PSNR": 35.95013548463262, "encoding_time": 0.3311879634857178, "decoding_time": 0.24811220169067383}