{"MSE": 15.965328216552734, "PSNR": 36.0990250963839, "encoding_time": 0.3250412940979004, "decoding_time": 0.2427530288696289}