{"MSE": 14.954185485839844, "PSNR": 36.38317597705763, "encoding_time": 0.3144080638885498, "decoding_time": 0.23063397407531738}