{"MSE": 15.213336944580078, "PSNR": 36.30855876751276, "encoding_time": 0.3152801990509033, "decoding_time": 0.23293209075927734}