{"MSE": 14.434921264648438, "PSNR": 36.53665941506174, "encoding_time": 0.31258201599121094, "decoding_time": 0.2281360626220703}