{"MSE": 14.870357513427734, "PSNR": 36.407589509039646, "encoding_time": 0.3141920566558838, "decoding_time": 0.2309420108795166}