{"MSE": 15.522148132324219, "PSNR": 36.2212853715079, "encoding_time": 0.3214232921600342, "decoding_time": 0.23595094680786133}