{"MSE": 14.374603271484375, "PSNR": 36.5548449355026, "encoding_time": 0.31129884719848633, "decoding_time": 0.22734427452087402}