{"MSE": 14.49850845336914, "PSNR": 36.51757034756391, "encoding_time": 0.31291890144348145, "decoding_time": 0.2298588752746582}