{"MSE": 16.145465850830078, "PSNR": 36.05029780481833, "encoding_time": 0.3245100975036621, "decoding_time": 0.24366402626037598}