{"MSE": 16.216094970703125, "PSNR": 36.03134081699267, "encoding_time": 0.33039116859436035, "decoding_time": 0.2902688980102539}