{"MSE": 15.300304412841797, "PSNR": 36.283802892985314, "encoding_time": 0.318511962890625, "decoding_time": 0.23177099227905273}