{"MSE": 16.593109130859375, "PSNR": 35.93152591367735, "encoding_time": 0.32820701599121094, "decoding_time": 0.2487928867340088}