{"MSE": 16.689979553222656, "PSNR": 35.90624556239473, "encoding_time": 0.3279719352722168, "decoding_time": 0.24696707725524902}