{"MSE": 14.64096450805664, "PSNR": 36.47510673030163, "encoding_time": 0.3151557445526123, "decoding_time": 0.23013901710510254}