{"MSE": 16.33377456665039, "PSNR": 35.99993803562738, "encoding_time": 0.3278179168701172, "decoding_time": 0.24656414985656738}