{"MSE": 16.566951751708984, "PSNR": 35.93837753425942, "encoding_time": 0.32735109329223633, "decoding_time": 0.2463209629058838}