{"MSE": 14.458454132080078, "PSNR": 36.52958499292275, "encoding_time": 0.3129909038543701, "decoding_time": 0.22804689407348633}