{"MSE": 16.295207977294922, "PSNR": 36.010204530894455, "encoding_time": 0.3270890712738037, "decoding_time": 0.2455759048461914}