{"MSE": 15.904708862304688, "PSNR": 36.1155463716686, "encoding_time": 0.32128000259399414, "decoding_time": 0.23768401145935059}