{"MSE": 15.72402572631836, "PSNR": 36.1651661516345, "encoding_time": 0.3140127658843994, "decoding_time": 0.23102617263793945}