{"MSE": 15.703319549560547, "PSNR": 36.17088892556243, "encoding_time": 0.3157479763031006, "decoding_time": 0.23391008377075195}