{"MSE": 15.822467803955078, "PSNR": 36.138061402362176, "encoding_time": 0.32071495056152344, "decoding_time": 0.2558400630950928}