{"MSE": 16.671207427978516, "PSNR": 35.91113305711856, "encoding_time": 0.3290870189666748, "decoding_time": 0.24959897994995117}