{"MSE": 15.653518676757812, "PSNR": 36.184683851110066, "encoding_time": 0.31687188148498535, "decoding_time": 0.2668750286102295}