{"MSE": 15.334148406982422, "PSNR": 36.27420698737727, "encoding_time": 0.3303678035736084, "decoding_time": 0.26721906661987305}