{"MSE": 16.157936096191406, "PSNR": 36.04694474681763, "encoding_time": 0.32739901542663574, "decoding_time": 0.24400901794433594}