{"MSE": 16.67965316772461, "PSNR": 35.90893345076345, "encoding_time": 0.3375821113586426, "decoding_time": 0.2632877826690674}