{"MSE": 15.44968032836914, "PSNR": 36.24160863065735, "encoding_time": 0.33368706703186035, "decoding_time": 0.27448272705078125}