{"MSE": 15.155826568603516, "PSNR": 36.32500733962067, "encoding_time": 0.3127250671386719, "decoding_time": 0.23090100288391113}