{"MSE": 16.76004409790039, "PSNR": 35.88805203885728, "encoding_time": 0.3290748596191406, "decoding_time": 0.24815011024475098}