{"MSE": 17.173404693603516, "PSNR": 35.78223956617774, "encoding_time": 0.32914090156555176, "decoding_time": 0.2485499382019043}