{"MSE": 16.80380630493164, "PSNR": 35.8767269402339, "encoding_time": 0.3403031826019287, "decoding_time": 0.2613236904144287}