{"MSE": 15.66976547241211, "PSNR": 36.18017864386524, "encoding_time": 0.3154768943786621, "decoding_time": 0.23486638069152832}