{"MSE": 15.204883575439453, "PSNR": 36.31097261789784, "encoding_time": 0.3200249671936035, "decoding_time": 0.23548388481140137}