{"MSE": 16.732280731201172, "PSNR": 35.895252183833676, "encoding_time": 0.3287012577056885, "decoding_time": 0.24843478202819824}