{"MSE": 15.304798126220703, "PSNR": 36.28252755340084, "encoding_time": 0.32085704803466797, "decoding_time": 0.2355210781097412}