{"MSE": 14.910503387451172, "PSNR": 36.395880551277315, "encoding_time": 0.3165431022644043, "decoding_time": 0.24262595176696777}