{"MSE": 15.343193054199219, "PSNR": 36.271646113257326, "encoding_time": 0.3121368885040283, "decoding_time": 0.22699213027954102}