{"MSE": 16.07986068725586, "PSNR": 36.067980790809834, "encoding_time": 0.3281290531158447, "decoding_time": 0.2459399700164795}