{"MSE": 15.582664489746094, "PSNR": 36.20438640891103, "encoding_time": 0.3402841091156006, "decoding_time": 0.27147984504699707}