{"MSE": 16.536231994628906, "PSNR": 35.94643804283003, "encoding_time": 0.3285648822784424, "decoding_time": 0.29248690605163574}