{"MSE": 15.609546661376953, "PSNR": 36.196900705743175, "encoding_time": 0.3234539031982422, "decoding_time": 0.23982524871826172}