{"MSE": 16.87207794189453, "PSNR": 35.859117878742396, "encoding_time": 0.33355116844177246, "decoding_time": 0.2502148151397705}