{"MSE": 16.957271575927734, "PSNR": 35.837243852846036, "encoding_time": 0.3338291645050049, "decoding_time": 0.2505340576171875}