{"MSE": 15.693950653076172, "PSNR": 36.17348078156723, "encoding_time": 0.316547155380249, "decoding_time": 0.2327418327331543}