{"MSE": 15.895889282226562, "PSNR": 36.1179553169604, "encoding_time": 0.3260011672973633, "decoding_time": 0.24435186386108398}