{"MSE": 16.447853088378906, "PSNR": 35.96971142637803, "encoding_time": 0.32639169692993164, "decoding_time": 0.24607110023498535}