{"MSE": 16.585250854492188, "PSNR": 35.93358316191316, "encoding_time": 0.32697010040283203, "decoding_time": 0.2468719482421875}