{"MSE": 16.39710235595703, "PSNR": 35.983132531863575, "encoding_time": 0.3303701877593994, "decoding_time": 0.28167104721069336}