{"MSE": 15.340229034423828, "PSNR": 36.27248517053913, "encoding_time": 0.32730603218078613, "decoding_time": 0.242048978805542}