{"MSE": 15.087055206298828, "PSNR": 36.34475881361345, "encoding_time": 0.32097911834716797, "decoding_time": 0.24953985214233398}