{"MSE": 16.966903686523438, "PSNR": 35.83477766313864, "encoding_time": 0.33405327796936035, "decoding_time": 0.2513279914855957}