{"MSE": 16.17431640625, "PSNR": 36.04254426226839, "encoding_time": 0.3265659809112549, "decoding_time": 0.24567294120788574}