{"MSE": 15.559417724609375, "PSNR": 36.210870203813826, "encoding_time": 0.3177809715270996, "decoding_time": 0.24572014808654785}