{"MSE": 15.181266784667969, "PSNR": 36.31772348555038, "encoding_time": 0.3216550350189209, "decoding_time": 0.2354109287261963}