{"MSE": 16.667537689208984, "PSNR": 35.91208915027592, "encoding_time": 0.32808995246887207, "decoding_time": 0.24655699729919434}