{"MSE": 17.118724822998047, "PSNR": 35.79608949998814, "encoding_time": 0.33148813247680664, "decoding_time": 0.25103282928466797}