{"MSE": 15.872276306152344, "PSNR": 36.124411457508, "encoding_time": 0.32516026496887207, "decoding_time": 0.23922300338745117}