{"MSE": 15.608848571777344, "PSNR": 36.19709493511261, "encoding_time": 0.3215489387512207, "decoding_time": 0.23730087280273438}