{"MSE": 15.911014556884766, "PSNR": 36.11382487795275, "encoding_time": 0.32573580741882324, "decoding_time": 0.28177690505981445}