{"MSE": 15.440608978271484, "PSNR": 36.24415935937664, "encoding_time": 0.31975221633911133, "decoding_time": 0.23807501792907715}