{"MSE": 16.467178344726562, "PSNR": 35.964611717951755, "encoding_time": 0.3247551918029785, "decoding_time": 0.24464893341064453}