{"MSE": 16.238937377929688, "PSNR": 36.02522753819919, "encoding_time": 0.32695794105529785, "decoding_time": 0.2470569610595703}