{"MSE": 16.309322357177734, "PSNR": 36.00644444134946, "encoding_time": 0.32404494285583496, "decoding_time": 0.26316285133361816}