{"MSE": 17.098907470703125, "PSNR": 35.801119986981526, "encoding_time": 0.32932305335998535, "decoding_time": 0.2501838207244873}