{"MSE": 15.739837646484375, "PSNR": 36.16080112489057, "encoding_time": 0.3294510841369629, "decoding_time": 0.24739885330200195}