{"MSE": 14.772090911865234, "PSNR": 36.43638389102622, "encoding_time": 0.3159210681915283, "decoding_time": 0.22774100303649902}