{"MSE": 15.063308715820312, "PSNR": 36.35159984010218, "encoding_time": 0.32005810737609863, "decoding_time": 0.23600387573242188}