{"MSE": 14.427116394042969, "PSNR": 36.53900825290793, "encoding_time": 0.3147389888763428, "decoding_time": 0.2274000644683838}