{"MSE": 16.555110931396484, "PSNR": 35.941482656782256, "encoding_time": 0.32679200172424316, "decoding_time": 0.2468242645263672}