{"MSE": 15.586040496826172, "PSNR": 36.20344560546596, "encoding_time": 0.31176090240478516, "decoding_time": 0.2304549217224121}