{"MSE": 15.317180633544922, "PSNR": 36.279015269012994, "encoding_time": 0.32331228256225586, "decoding_time": 0.28314685821533203}