{"MSE": 15.253318786621094, "PSNR": 36.29716013978295, "encoding_time": 0.31304121017456055, "decoding_time": 0.22709178924560547}