{"MSE": 16.281936645507812, "PSNR": 36.01374300337153, "encoding_time": 0.3253929615020752, "decoding_time": 0.24171996116638184}