{"MSE": 16.728595733642578, "PSNR": 35.896208748204415, "encoding_time": 0.33069372177124023, "decoding_time": 0.2713041305541992}