{"MSE": 14.605518341064453, "PSNR": 36.48563386434793, "encoding_time": 0.312863826751709, "decoding_time": 0.22788715362548828}