{"MSE": 14.453262329101562, "PSNR": 36.53114475601185, "encoding_time": 0.31152892112731934, "decoding_time": 0.22907114028930664}