{"MSE": 15.780525207519531, "PSNR": 36.14958907562835, "encoding_time": 0.31713390350341797, "decoding_time": 0.23306512832641602}