{"MSE": 16.588306427001953, "PSNR": 35.93278311609804, "encoding_time": 0.3278939723968506, "decoding_time": 0.24596714973449707}