{"MSE": 15.733573913574219, "PSNR": 36.162529761565196, "encoding_time": 0.3283510208129883, "decoding_time": 0.2503349781036377}