{"MSE": 16.788272857666016, "PSNR": 35.88074341738053, "encoding_time": 0.3274569511413574, "decoding_time": 0.2470409870147705}