{"MSE": 15.829383850097656, "PSNR": 36.13616350346076, "encoding_time": 0.3192908763885498, "decoding_time": 0.23485398292541504}