{"MSE": 14.485527038574219, "PSNR": 36.5214605975543, "encoding_time": 0.31565427780151367, "decoding_time": 0.23863983154296875}