{"MSE": 16.534870147705078, "PSNR": 35.946795722233645, "encoding_time": 0.32958269119262695, "decoding_time": 0.246535062789917}