{"MSE": 15.92193603515625, "PSNR": 36.11084486017531, "encoding_time": 0.3259251117706299, "decoding_time": 0.24372196197509766}