{"MSE": 15.400806427001953, "PSNR": 36.255368986270675, "encoding_time": 0.3211839199066162, "decoding_time": 0.23627400398254395}