{"MSE": 15.69290542602539, "PSNR": 36.17377003407441, "encoding_time": 0.3142268657684326, "decoding_time": 0.22994017601013184}