{"MSE": 15.439037322998047, "PSNR": 36.24460143776487, "encoding_time": 0.3305039405822754, "decoding_time": 0.2700958251953125}