{"MSE": 15.650924682617188, "PSNR": 36.18540359388332, "encoding_time": 0.32261109352111816, "decoding_time": 0.23793292045593262}