{"MSE": 15.093212127685547, "PSNR": 36.34298684983905, "encoding_time": 0.31969690322875977, "decoding_time": 0.23253202438354492}