{"MSE": 14.795299530029297, "PSNR": 36.42956599014238, "encoding_time": 0.31592893600463867, "decoding_time": 0.24353718757629395}