{"MSE": 14.798576354980469, "PSNR": 36.4286042323748, "encoding_time": 0.3136260509490967, "decoding_time": 0.22880315780639648}