{"MSE": 15.0660400390625, "PSNR": 36.350812436016376, "encoding_time": 0.3184809684753418, "decoding_time": 0.2348179817199707}