{"MSE": 14.291854858398438, "PSNR": 36.579917638130695, "encoding_time": 0.31162118911743164, "decoding_time": 0.22599482536315918}