{"MSE": 16.324779510498047, "PSNR": 36.00233036649478, "encoding_time": 0.3252739906311035, "decoding_time": 0.26432108879089355}