{"MSE": 14.680538177490234, "PSNR": 36.46338384086898, "encoding_time": 0.4424269199371338, "decoding_time": 0.22893285751342773}