{"MSE": 14.943485260009766, "PSNR": 36.38628461335979, "encoding_time": 0.31394195556640625, "decoding_time": 0.23157119750976562}