{"MSE": 14.943538665771484, "PSNR": 36.38626909235799, "encoding_time": 0.31833505630493164, "decoding_time": 0.23247909545898438}