{"MSE": 10.986373901367188, "PSNR": 37.72225985503769, "encoding_time": 0.2926499843597412, "decoding_time": 0.19327902793884277}