{"MSE": 11.710407257080078, "PSNR": 37.445083619162105, "encoding_time": 0.2988107204437256, "decoding_time": 0.19820213317871094}