{"MSE": 10.40728759765625, "PSNR": 37.95742804735196, "encoding_time": 0.29231905937194824, "decoding_time": 0.1914968490600586}