{"MSE": 10.552192687988281, "PSNR": 37.89737647836236, "encoding_time": 0.29461216926574707, "decoding_time": 0.19314289093017578}