{"MSE": 10.349983215332031, "PSNR": 37.981407153739674, "encoding_time": 0.29016995429992676, "decoding_time": 0.18928313255310059}