{"MSE": 9.824333190917969, "PSNR": 38.20777277783025, "encoding_time": 0.28229570388793945, "decoding_time": 0.1795520782470703}