{"MSE": 10.199481964111328, "PSNR": 38.045022465414036, "encoding_time": 0.2891409397125244, "decoding_time": 0.1866319179534912}