{"MSE": 11.020248413085938, "PSNR": 37.708889765865806, "encoding_time": 0.2928919792175293, "decoding_time": 0.19522523880004883}