{"MSE": 11.423858642578125, "PSNR": 37.5526754030907, "encoding_time": 0.2987060546875, "decoding_time": 0.1966080665588379}