{"MSE": 7.955406188964844, "PSNR": 39.12418002011333, "encoding_time": 0.28313279151916504, "decoding_time": 0.17833900451660156}