{"MSE": 8.084827423095703, "PSNR": 39.05409606878695, "encoding_time": 0.2840149402618408, "decoding_time": 0.17601704597473145}