{"MSE": 7.928215026855469, "PSNR": 39.1390494041612, "encoding_time": 0.28730106353759766, "decoding_time": 0.1795520782470703}