{"MSE": 8.312599182128906, "PSNR": 38.93343520722846, "encoding_time": 0.2795689105987549, "decoding_time": 0.16863417625427246}