{"MSE": 9.540042877197266, "PSNR": 38.335300342468, "encoding_time": 0.2892138957977295, "decoding_time": 0.17864775657653809}