{"MSE": 8.238365173339844, "PSNR": 38.97239322306567, "encoding_time": 0.27626705169677734, "decoding_time": 0.16774892807006836}