{"MSE": 7.770038604736328, "PSNR": 39.22657184308654, "encoding_time": 0.27908897399902344, "decoding_time": 0.1638031005859375}