{"MSE": 8.745624542236328, "PSNR": 38.71289532123312, "encoding_time": 0.28807616233825684, "decoding_time": 0.18162870407104492}