{"MSE": 7.7478485107421875, "PSNR": 39.2389924024984, "encoding_time": 0.2796599864959717, "decoding_time": 0.164215087890625}