{"MSE": 10.04202651977539, "PSNR": 38.11258996908958, "encoding_time": 0.320789098739624, "decoding_time": 0.21064186096191406}