{"MSE": 9.430644989013672, "PSNR": 38.385389644624624, "encoding_time": 0.2905740737915039, "decoding_time": 0.1896350383758545}