{"MSE": 7.928886413574219, "PSNR": 39.13868164521302, "encoding_time": 0.28865790367126465, "decoding_time": 0.18367815017700195}