{"MSE": 7.726428985595703, "PSNR": 39.251015435586034, "encoding_time": 0.27899694442749023, "decoding_time": 0.16257214546203613}