{"MSE": 7.265270233154297, "PSNR": 39.518285882648286, "encoding_time": 0.2723250389099121, "decoding_time": 0.15866398811340332}