{"MSE": 8.802539825439453, "PSNR": 38.68472362237365, "encoding_time": 0.2880420684814453, "decoding_time": 0.18250489234924316}