{"MSE": 8.426307678222656, "PSNR": 38.874430479576034, "encoding_time": 0.2879660129547119, "decoding_time": 0.18499493598937988}