{"MSE": 7.900699615478516, "PSNR": 39.154148106295274, "encoding_time": 0.28467392921447754, "decoding_time": 0.18114495277404785}