{"MSE": 8.012256622314453, "PSNR": 39.093255101277634, "encoding_time": 0.2804861068725586, "decoding_time": 0.16996002197265625}