{"MSE": 8.291179656982422, "PSNR": 38.94464035134246, "encoding_time": 0.29137396812438965, "decoding_time": 0.1761188507080078}