{"MSE": 9.906967163085938, "PSNR": 38.17139637353931, "encoding_time": 0.31481099128723145, "decoding_time": 0.20006394386291504}