{"MSE": 7.6622772216796875, "PSNR": 39.28722500134482, "encoding_time": 0.29472899436950684, "decoding_time": 0.18326807022094727}