{"MSE": 8.451725006103516, "PSNR": 38.86135002903477, "encoding_time": 0.28757810592651367, "decoding_time": 0.18271112442016602}