{"MSE": 9.575992584228516, "PSNR": 38.31896559792643, "encoding_time": 0.28711605072021484, "decoding_time": 0.18946385383605957}