{"MSE": 9.647407531738281, "PSNR": 38.28669736220824, "encoding_time": 0.290844202041626, "decoding_time": 0.18607497215270996}