{"MSE": 8.805370330810547, "PSNR": 38.68332734892229, "encoding_time": 0.29210591316223145, "decoding_time": 0.18953704833984375}