{"MSE": 7.996654510498047, "PSNR": 39.101720278149436, "encoding_time": 0.282210111618042, "decoding_time": 0.1656169891357422}