{"MSE": 7.892669677734375, "PSNR": 39.15856433678804, "encoding_time": 0.2885148525238037, "decoding_time": 0.19074392318725586}