{"MSE": 10.032482147216797, "PSNR": 38.11671965287564, "encoding_time": 0.319133996963501, "decoding_time": 0.2038261890411377}