{"MSE": 7.7095947265625, "PSNR": 39.260488119536106, "encoding_time": 0.27593994140625, "decoding_time": 0.162858247756958}