{"MSE": 8.005859375, "PSNR": 39.09672403527239, "encoding_time": 0.2878406047821045, "decoding_time": 0.18268418312072754}