{"MSE": 9.938095092773438, "PSNR": 38.15777212886934, "encoding_time": 0.2894580364227295, "decoding_time": 0.1889200210571289}