{"MSE": 9.095390319824219, "PSNR": 38.542590197434464, "encoding_time": 0.2877781391143799, "decoding_time": 0.18556785583496094}