{"MSE": 9.514381408691406, "PSNR": 38.346998036127154, "encoding_time": 0.2850911617279053, "decoding_time": 0.17564177513122559}