{"MSE": 8.697376251220703, "PSNR": 38.736921026715464, "encoding_time": 0.28826904296875, "decoding_time": 0.18352007865905762}