{"MSE": 8.980964660644531, "PSNR": 38.59757373388342, "encoding_time": 0.2899038791656494, "decoding_time": 0.18681812286376953}