{"MSE": 7.271717071533203, "PSNR": 39.514433878847846, "encoding_time": 0.27044105529785156, "decoding_time": 0.15372109413146973}