{"MSE": 8.330821990966797, "PSNR": 38.9239250609632, "encoding_time": 0.287125825881958, "decoding_time": 0.18267512321472168}