{"MSE": 7.129665374755859, "PSNR": 39.60011213808101, "encoding_time": 0.26638007164001465, "decoding_time": 0.13933205604553223}