{"MSE": 9.263626098632812, "PSNR": 38.462993432601955, "encoding_time": 0.2715001106262207, "decoding_time": 0.1559607982635498}