{"MSE": 7.6435546875, "PSNR": 39.297849836878385, "encoding_time": 0.2697920799255371, "decoding_time": 0.14646291732788086}