{"MSE": 10.71584701538086, "PSNR": 37.830538560857306, "encoding_time": 0.27953505516052246, "decoding_time": 0.16705799102783203}