{"MSE": 8.683250427246094, "PSNR": 38.74398034496531, "encoding_time": 0.2681858539581299, "decoding_time": 0.15042519569396973}