{"MSE": 7.945228576660156, "PSNR": 39.12973964906105, "encoding_time": 0.26371216773986816, "decoding_time": 0.14389991760253906}