{"MSE": 7.612060546875, "PSNR": 39.31578126829762, "encoding_time": 0.2704200744628906, "decoding_time": 0.15129303932189941}