{"MSE": 8.562824249267578, "PSNR": 38.804633305862396, "encoding_time": 0.2717108726501465, "decoding_time": 0.15308809280395508}