{"MSE": 10.67374038696289, "PSNR": 37.847637254395586, "encoding_time": 0.282196044921875, "decoding_time": 0.16638398170471191}