{"MSE": 9.70174789428711, "PSNR": 38.26230375832711, "encoding_time": 0.28168725967407227, "decoding_time": 0.1692347526550293}