{"MSE": 10.805065155029297, "PSNR": 37.79452970825477, "encoding_time": 0.2817959785461426, "decoding_time": 0.16999197006225586}