{"MSE": 9.154842376708984, "PSNR": 38.51429489621218, "encoding_time": 0.2730991840362549, "decoding_time": 0.15597796440124512}