{"MSE": 8.235790252685547, "PSNR": 38.97375083298459, "encoding_time": 0.2709801197052002, "decoding_time": 0.15055584907531738}