{"MSE": 8.816658020019531, "PSNR": 38.67776365136177, "encoding_time": 0.2701740264892578, "decoding_time": 0.15332984924316406}