{"MSE": 7.902034759521484, "PSNR": 39.15341425140912, "encoding_time": 0.26917505264282227, "decoding_time": 0.14738893508911133}