{"MSE": 7.390384674072266, "PSNR": 39.44413316589592, "encoding_time": 0.2686288356781006, "decoding_time": 0.14856791496276855}