{"MSE": 8.95479965209961, "PSNR": 38.61024487149743, "encoding_time": 0.2717020511627197, "decoding_time": 0.1538379192352295}