{"MSE": 7.051616668701172, "PSNR": 39.64791665180599, "encoding_time": 0.2608799934387207, "decoding_time": 0.14006805419921875}