{"MSE": 9.25155258178711, "PSNR": 38.468657393589815, "encoding_time": 0.27634692192077637, "decoding_time": 0.16129112243652344}