{"MSE": 7.9618377685546875, "PSNR": 39.1206703677071, "encoding_time": 0.295137882232666, "decoding_time": 0.19261622428894043}