{"MSE": 9.473342895507812, "PSNR": 38.36577103629037, "encoding_time": 0.3238987922668457, "decoding_time": 0.23097014427185059}