{"MSE": 9.712890625, "PSNR": 38.257318626115165, "encoding_time": 0.3090329170227051, "decoding_time": 0.20091605186462402}