{"MSE": 9.761112213134766, "PSNR": 38.23581055444335, "encoding_time": 0.30536794662475586, "decoding_time": 0.20358705520629883}