{"MSE": 9.876937866210938, "PSNR": 38.18458039148167, "encoding_time": 0.3129918575286865, "decoding_time": 0.214310884475708}