{"MSE": 9.214237213134766, "PSNR": 38.48620972244784, "encoding_time": 0.3060727119445801, "decoding_time": 0.21167993545532227}