{"MSE": 9.115299224853516, "PSNR": 38.53309431204423, "encoding_time": 0.31024599075317383, "decoding_time": 0.1984729766845703}