{"MSE": 8.339668273925781, "PSNR": 38.9193158477079, "encoding_time": 0.3102090358734131, "decoding_time": 0.18620705604553223}