{"MSE": 9.489933013916016, "PSNR": 38.35817213961093, "encoding_time": 0.3130812644958496, "decoding_time": 0.25519680976867676}