{"MSE": 9.624122619628906, "PSNR": 38.29719213214326, "encoding_time": 0.30581188201904297, "decoding_time": 0.2079939842224121}