{"MSE": 8.186534881591797, "PSNR": 38.9998024424118, "encoding_time": 0.29376721382141113, "decoding_time": 0.18354272842407227}