{"MSE": 8.1707763671875, "PSNR": 39.008170367753564, "encoding_time": 0.29265904426574707, "decoding_time": 0.18681812286376953}