{"MSE": 6.922931671142578, "PSNR": 39.72790315691859, "encoding_time": 0.2927539348602295, "decoding_time": 0.1577601432800293}