{"MSE": 7.999839782714844, "PSNR": 39.099990716484186, "encoding_time": 0.28668689727783203, "decoding_time": 0.17691326141357422}