{"MSE": 7.751007080078125, "PSNR": 39.23722227276946, "encoding_time": 0.29797983169555664, "decoding_time": 0.16957902908325195}