{"MSE": 8.593017578125, "PSNR": 38.78934660669186, "encoding_time": 0.29399704933166504, "decoding_time": 0.18839597702026367}