{"MSE": 8.417125701904297, "PSNR": 38.87916547861459, "encoding_time": 0.29369091987609863, "decoding_time": 0.18938994407653809}