{"MSE": 8.277511596679688, "PSNR": 38.951805630027934, "encoding_time": 0.29305601119995117, "decoding_time": 0.1891489028930664}