{"MSE": 8.275390625, "PSNR": 38.952918578427514, "encoding_time": 0.2911529541015625, "decoding_time": 0.18707823753356934}