{"MSE": 9.48944091796875, "PSNR": 38.358397346780855, "encoding_time": 0.3016679286956787, "decoding_time": 0.2043769359588623}