{"MSE": 9.461624145507812, "PSNR": 38.371146687696125, "encoding_time": 0.30011701583862305, "decoding_time": 0.20380282402038574}