{"MSE": 8.132209777832031, "PSNR": 39.02871787731742, "encoding_time": 0.2845802307128906, "decoding_time": 0.17722392082214355}