{"MSE": 8.085758209228516, "PSNR": 39.05359610509861, "encoding_time": 0.2843959331512451, "decoding_time": 0.1759328842163086}