{"MSE": 6.777606964111328, "PSNR": 39.82003980531028, "encoding_time": 0.2786140441894531, "decoding_time": 0.15682196617126465}