{"MSE": 8.784290313720703, "PSNR": 38.69373680441828, "encoding_time": 0.2947540283203125, "decoding_time": 0.19685578346252441}