{"MSE": 9.92816162109375, "PSNR": 38.16211522415728, "encoding_time": 0.30815887451171875, "decoding_time": 0.21505093574523926}