{"MSE": 9.227161407470703, "PSNR": 38.4801224323051, "encoding_time": 0.2985672950744629, "decoding_time": 0.20065879821777344}