{"MSE": 8.533634185791016, "PSNR": 38.81946338995368, "encoding_time": 0.2927858829498291, "decoding_time": 0.1875162124633789}