{"MSE": 7.694019317626953, "PSNR": 39.26927088498327, "encoding_time": 0.29193711280822754, "decoding_time": 0.18640589714050293}