{"MSE": 8.008960723876953, "PSNR": 39.09504196989515, "encoding_time": 0.2899439334869385, "decoding_time": 0.17736601829528809}