{"MSE": 8.007732391357422, "PSNR": 39.095708097456416, "encoding_time": 0.29081082344055176, "decoding_time": 0.18222379684448242}