{"MSE": 9.91391372680664, "PSNR": 38.168352256143756, "encoding_time": 0.3099191188812256, "decoding_time": 0.2147977352142334}