{"MSE": 7.703220367431641, "PSNR": 39.26408038887452, "encoding_time": 0.3123819828033447, "decoding_time": 0.17912507057189941}