{"MSE": 8.249980926513672, "PSNR": 38.96627416380947, "encoding_time": 0.2883281707763672, "decoding_time": 0.1813488006591797}