{"MSE": 8.94061279296875, "PSNR": 38.61713074344447, "encoding_time": 0.2945430278778076, "decoding_time": 0.19349002838134766}