{"MSE": 8.253314971923828, "PSNR": 38.96451941427016, "encoding_time": 0.29129600524902344, "decoding_time": 0.18176937103271484}