{"MSE": 8.585689544677734, "PSNR": 38.793051803665804, "encoding_time": 0.2906668186187744, "decoding_time": 0.18796229362487793}