{"MSE": 8.111518859863281, "PSNR": 39.039781785807534, "encoding_time": 0.2888827323913574, "decoding_time": 0.18072724342346191}