{"MSE": 8.055248260498047, "PSNR": 39.07001431071966, "encoding_time": 0.288348913192749, "decoding_time": 0.18287897109985352}