{"MSE": 9.30355453491211, "PSNR": 38.44431453178161, "encoding_time": 0.3014869689941406, "decoding_time": 0.20429611206054688}