{"MSE": 8.386344909667969, "PSNR": 38.895076409728844, "encoding_time": 0.29093384742736816, "decoding_time": 0.1811201572418213}