{"MSE": 8.277618408203125, "PSNR": 38.95174958980932, "encoding_time": 0.29787111282348633, "decoding_time": 0.1878368854522705}