{"MSE": 9.239532470703125, "PSNR": 38.474303648134764, "encoding_time": 0.3072352409362793, "decoding_time": 0.2127227783203125}