{"MSE": 7.753410339355469, "PSNR": 39.235875918085036, "encoding_time": 0.29721808433532715, "decoding_time": 0.17489004135131836}