{"MSE": 8.47073745727539, "PSNR": 38.85159139476575, "encoding_time": 0.2927439212799072, "decoding_time": 0.1859569549560547}