{"MSE": 8.706478118896484, "PSNR": 38.73237847977968, "encoding_time": 0.29611682891845703, "decoding_time": 0.19644904136657715}