{"MSE": 8.110237121582031, "PSNR": 39.04046808865242, "encoding_time": 0.29093503952026367, "decoding_time": 0.18466496467590332}