{"MSE": 8.001941680908203, "PSNR": 39.098849790026435, "encoding_time": 0.2892899513244629, "decoding_time": 0.18274402618408203}