{"MSE": 7.979515075683594, "PSNR": 39.11103861290843, "encoding_time": 0.2913479804992676, "decoding_time": 0.18201112747192383}