{"MSE": 9.612251281738281, "PSNR": 38.30255245339679, "encoding_time": 0.30353784561157227, "decoding_time": 0.25349903106689453}