{"MSE": 8.21364974975586, "PSNR": 38.98544181341204, "encoding_time": 0.2948751449584961, "decoding_time": 0.18608808517456055}