{"MSE": 8.029949188232422, "PSNR": 39.0836756370132, "encoding_time": 0.29136109352111816, "decoding_time": 0.18382000923156738}