{"MSE": 7.676242828369141, "PSNR": 39.2793165622283, "encoding_time": 0.2985868453979492, "decoding_time": 0.1753389835357666}