{"MSE": 8.801403045654297, "PSNR": 38.68528451625081, "encoding_time": 0.2949700355529785, "decoding_time": 0.19551587104797363}