{"MSE": 8.664608001708984, "PSNR": 38.75331441428551, "encoding_time": 0.29244208335876465, "decoding_time": 0.18925189971923828}