{"MSE": 9.275287628173828, "PSNR": 38.45752974829679, "encoding_time": 0.30672383308410645, "decoding_time": 0.21150994300842285}