{"MSE": 8.066658020019531, "PSNR": 39.063867151269534, "encoding_time": 0.29025888442993164, "decoding_time": 0.1812899112701416}