{"MSE": 8.352462768554688, "PSNR": 38.91265812438889, "encoding_time": 0.2983081340789795, "decoding_time": 0.18329501152038574}