{"MSE": 8.346092224121094, "PSNR": 38.91597181521983, "encoding_time": 0.2909362316131592, "decoding_time": 0.17812085151672363}