{"MSE": 8.022743225097656, "PSNR": 39.08757468417097, "encoding_time": 0.2884819507598877, "decoding_time": 0.18464279174804688}