{"MSE": 6.745029449462891, "PSNR": 39.840965106833664, "encoding_time": 0.28261804580688477, "decoding_time": 0.15853190422058105}