{"MSE": 8.273834228515625, "PSNR": 38.95373545584961, "encoding_time": 0.297288179397583, "decoding_time": 0.18742585182189941}