{"MSE": 9.18747329711914, "PSNR": 38.498842710266146, "encoding_time": 0.2982902526855469, "decoding_time": 0.20171594619750977}