{"MSE": 9.27730941772461, "PSNR": 38.45658319397151, "encoding_time": 0.299518346786499, "decoding_time": 0.20280766487121582}