{"MSE": 8.0478515625, "PSNR": 39.07400403367498, "encoding_time": 0.2921180725097656, "decoding_time": 0.18296194076538086}