{"MSE": 7.898174285888672, "PSNR": 39.15553647957054, "encoding_time": 0.2865030765533447, "decoding_time": 0.17586207389831543}