{"MSE": 8.183212280273438, "PSNR": 39.00156543535686, "encoding_time": 0.2901120185852051, "decoding_time": 0.1805880069732666}