{"MSE": 8.395126342773438, "PSNR": 38.89053124413324, "encoding_time": 0.2913331985473633, "decoding_time": 0.18730807304382324}