{"MSE": 8.36263656616211, "PSNR": 38.907371377815565, "encoding_time": 0.29118895530700684, "decoding_time": 0.18062615394592285}