{"MSE": 8.083602905273438, "PSNR": 39.05475389558079, "encoding_time": 0.2909402847290039, "decoding_time": 0.18680977821350098}