{"MSE": 8.148200988769531, "PSNR": 39.0201862782047, "encoding_time": 0.2891261577606201, "decoding_time": 0.20445919036865234}