{"MSE": 8.17172622680664, "PSNR": 39.00766552611225, "encoding_time": 0.2872169017791748, "decoding_time": 0.17506814002990723}