{"MSE": 9.516826629638672, "PSNR": 38.345882031333204, "encoding_time": 0.30638694763183594, "decoding_time": 0.2121899127960205}