{"MSE": 8.16384506225586, "PSNR": 39.01185607014695, "encoding_time": 0.2849771976470947, "decoding_time": 0.17864990234375}