{"MSE": 7.689605712890625, "PSNR": 39.27176289090656, "encoding_time": 0.28990674018859863, "decoding_time": 0.17909622192382812}