{"MSE": 7.954612731933594, "PSNR": 39.12461319874409, "encoding_time": 0.28577423095703125, "decoding_time": 0.1785428524017334}