{"MSE": 9.375442504882812, "PSNR": 38.41088586026177, "encoding_time": 0.30022621154785156, "decoding_time": 0.2050001621246338}