{"MSE": 8.052490234375, "PSNR": 39.071501540647404, "encoding_time": 0.2904071807861328, "decoding_time": 0.1812269687652588}