{"MSE": 7.554435729980469, "PSNR": 39.34878330115801, "encoding_time": 0.2895851135253906, "decoding_time": 0.1826469898223877}