{"MSE": 8.029048919677734, "PSNR": 39.08416256859301, "encoding_time": 0.29082798957824707, "decoding_time": 0.18421101570129395}