{"MSE": 8.389335632324219, "PSNR": 38.893527912954575, "encoding_time": 0.29231786727905273, "decoding_time": 0.18897199630737305}