{"MSE": 8.211944580078125, "PSNR": 38.986343510811274, "encoding_time": 0.28489017486572266, "decoding_time": 0.1746509075164795}