{"MSE": 8.171680450439453, "PSNR": 39.007689854484006, "encoding_time": 0.29027318954467773, "decoding_time": 0.18466401100158691}