{"MSE": 8.302726745605469, "PSNR": 38.93859615950624, "encoding_time": 0.3013911247253418, "decoding_time": 0.20096778869628906}