{"MSE": 8.336193084716797, "PSNR": 38.92112595572741, "encoding_time": 0.29378414154052734, "decoding_time": 0.18318891525268555}