{"MSE": 9.36981201171875, "PSNR": 38.41349483223697, "encoding_time": 0.30314087867736816, "decoding_time": 0.2039351463317871}