{"MSE": 8.111167907714844, "PSNR": 39.03996969128052, "encoding_time": 0.28592514991760254, "decoding_time": 0.17695379257202148}