{"MSE": 8.138744354248047, "PSNR": 39.02522953777865, "encoding_time": 0.2887239456176758, "decoding_time": 0.17851901054382324}