{"MSE": 8.193370819091797, "PSNR": 38.996177500777215, "encoding_time": 0.2873661518096924, "decoding_time": 0.17708110809326172}