{"MSE": 7.731044769287109, "PSNR": 39.24842172657742, "encoding_time": 0.2917180061340332, "decoding_time": 0.17073392868041992}