{"MSE": 8.000019073486328, "PSNR": 39.099893384384686, "encoding_time": 0.28667593002319336, "decoding_time": 0.17969918251037598}