{"MSE": 8.1849365234375, "PSNR": 39.00065045186867, "encoding_time": 0.2894248962402344, "decoding_time": 0.1810901165008545}