{"MSE": 8.152362823486328, "PSNR": 39.0179686102612, "encoding_time": 0.28842806816101074, "decoding_time": 0.18076300621032715}