{"MSE": 6.725433349609375, "PSNR": 39.853600877651175, "encoding_time": 0.2857539653778076, "decoding_time": 0.1678929328918457}