{"MSE": 8.311943054199219, "PSNR": 38.93377801695565, "encoding_time": 0.2903759479522705, "decoding_time": 0.1828458309173584}