{"MSE": 8.334144592285156, "PSNR": 38.92219329939015, "encoding_time": 0.2880561351776123, "decoding_time": 0.17983317375183105}