{"MSE": 8.102069854736328, "PSNR": 39.04484377587393, "encoding_time": 0.2859840393066406, "decoding_time": 0.17677998542785645}