{"MSE": 8.246906280517578, "PSNR": 38.96789301685564, "encoding_time": 0.29156017303466797, "decoding_time": 0.1868739128112793}