{"MSE": 6.825916290283203, "PSNR": 39.78919402868888, "encoding_time": 0.2789931297302246, "decoding_time": 0.15920209884643555}