{"MSE": 10.422843933105469, "PSNR": 37.950941259795876, "encoding_time": 0.2746717929840088, "decoding_time": 0.15703701972961426}