{"MSE": 9.74753189086914, "PSNR": 38.241856961301394, "encoding_time": 0.27079129219055176, "decoding_time": 0.15333771705627441}