{"MSE": 10.193988800048828, "PSNR": 38.04736208766454, "encoding_time": 0.2752201557159424, "decoding_time": 0.15502595901489258}