{"MSE": 11.328559875488281, "PSNR": 37.58905656466199, "encoding_time": 0.2906160354614258, "decoding_time": 0.16381216049194336}