{"MSE": 13.86330795288086, "PSNR": 36.712134903128444, "encoding_time": 0.28914904594421387, "decoding_time": 0.18431615829467773}