{"MSE": 7.754764556884766, "PSNR": 39.23511744172569, "encoding_time": 0.25862812995910645, "decoding_time": 0.13308167457580566}