{"MSE": 7.192363739013672, "PSNR": 39.56208718036519, "encoding_time": 0.2602508068084717, "decoding_time": 0.13321185111999512}