{"MSE": 7.755161285400391, "PSNR": 39.23489526528599, "encoding_time": 0.2621791362762451, "decoding_time": 0.13585615158081055}