{"MSE": 7.6885986328125, "PSNR": 39.27233170806045, "encoding_time": 0.26105380058288574, "decoding_time": 0.1362462043762207}