{"MSE": 12.072860717773438, "PSNR": 37.31270170576999, "encoding_time": 0.2806401252746582, "decoding_time": 0.16944384574890137}