{"MSE": 9.056705474853516, "PSNR": 38.56110116204063, "encoding_time": 0.26752209663391113, "decoding_time": 0.14817094802856445}