{"MSE": 14.032951354980469, "PSNR": 36.65931341130666, "encoding_time": 0.28569889068603516, "decoding_time": 0.181535005569458}