{"MSE": 9.768146514892578, "PSNR": 38.23268195789791, "encoding_time": 0.27444005012512207, "decoding_time": 0.1585230827331543}