{"MSE": 14.08444595336914, "PSNR": 36.64340593261213, "encoding_time": 0.29247593879699707, "decoding_time": 0.1888570785522461}