{"MSE": 13.20559310913086, "PSNR": 36.92322449210759, "encoding_time": 0.2857940196990967, "decoding_time": 0.17747831344604492}