{"MSE": 12.170406341552734, "PSNR": 37.277752823134335, "encoding_time": 0.27999210357666016, "decoding_time": 0.17211270332336426}