{"MSE": 10.243148803710938, "PSNR": 38.02646879045995, "encoding_time": 0.2714707851409912, "decoding_time": 0.15709519386291504}