{"MSE": 9.784191131591797, "PSNR": 38.22555432928718, "encoding_time": 0.2749669551849365, "decoding_time": 0.15500211715698242}