{"MSE": 7.657176971435547, "PSNR": 39.29011676314164, "encoding_time": 0.2609579563140869, "decoding_time": 0.136915922164917}