{"MSE": 11.724651336669922, "PSNR": 37.43980424176887, "encoding_time": 0.27758002281188965, "decoding_time": 0.16791296005249023}