{"MSE": 8.045265197753906, "PSNR": 39.075399964573656, "encoding_time": 0.2591369152069092, "decoding_time": 0.1334230899810791}