{"MSE": 7.550731658935547, "PSNR": 39.35091324464849, "encoding_time": 0.2570369243621826, "decoding_time": 0.13045191764831543}