{"MSE": 8.632575988769531, "PSNR": 38.76939950926286, "encoding_time": 0.265167236328125, "decoding_time": 0.14193391799926758}