{"MSE": 11.036643981933594, "PSNR": 37.70243327484056, "encoding_time": 0.27383995056152344, "decoding_time": 0.15953993797302246}