{"MSE": 10.45297622680664, "PSNR": 37.938403981864404, "encoding_time": 0.27306699752807617, "decoding_time": 0.15631508827209473}