{"MSE": 8.149089813232422, "PSNR": 39.01971256565372, "encoding_time": 0.2710599899291992, "decoding_time": 0.1604139804840088}