{"MSE": 8.006908416748047, "PSNR": 39.096154998052796, "encoding_time": 0.27175116539001465, "decoding_time": 0.15523695945739746}