{"MSE": 7.810527801513672, "PSNR": 39.203999782659146, "encoding_time": 0.2697772979736328, "decoding_time": 0.1513049602508545}