{"MSE": 8.297992706298828, "PSNR": 38.941073121073686, "encoding_time": 0.2735600471496582, "decoding_time": 0.15585684776306152}