{"MSE": 8.20334243774414, "PSNR": 38.99089519886414, "encoding_time": 0.27411913871765137, "decoding_time": 0.1606919765472412}