{"MSE": 8.132743835449219, "PSNR": 39.02843267727104, "encoding_time": 0.2730839252471924, "decoding_time": 0.1540071964263916}