{"MSE": 8.730270385742188, "PSNR": 38.720526663928815, "encoding_time": 0.272752046585083, "decoding_time": 0.1598050594329834}