{"MSE": 7.369853973388672, "PSNR": 39.456214780536065, "encoding_time": 0.2742729187011719, "decoding_time": 0.15999388694763184}