{"MSE": 7.430580139160156, "PSNR": 39.42057638439738, "encoding_time": 0.27494311332702637, "decoding_time": 0.16486883163452148}