{"MSE": 7.163127899169922, "PSNR": 39.5797765521985, "encoding_time": 0.2727019786834717, "decoding_time": 0.15586209297180176}