{"MSE": 8.797740936279297, "PSNR": 38.687091915426905, "encoding_time": 0.27423596382141113, "decoding_time": 0.1586461067199707}