{"MSE": 7.893486022949219, "PSNR": 39.15811516571793, "encoding_time": 0.2729032039642334, "decoding_time": 0.15763306617736816}