{"MSE": 7.359104156494141, "PSNR": 39.46255411146028, "encoding_time": 0.2772648334503174, "decoding_time": 0.16509222984313965}