{"MSE": 7.360408782958984, "PSNR": 39.46178425979678, "encoding_time": 0.27457499504089355, "decoding_time": 0.1613020896911621}