{"MSE": 8.153007507324219, "PSNR": 39.01762518643477, "encoding_time": 0.276141881942749, "decoding_time": 0.1582629680633545}