{"MSE": 8.416419982910156, "PSNR": 38.87952962039535, "encoding_time": 0.27390599250793457, "decoding_time": 0.16126585006713867}