{"MSE": 7.311187744140625, "PSNR": 39.490924245633884, "encoding_time": 0.2711620330810547, "decoding_time": 0.15897083282470703}