{"MSE": 8.146072387695312, "PSNR": 39.021320958695945, "encoding_time": 0.271942138671875, "decoding_time": 0.15202569961547852}