{"MSE": 8.018775939941406, "PSNR": 39.08972282247245, "encoding_time": 0.27215099334716797, "decoding_time": 0.15773701667785645}