{"MSE": 7.919132232666016, "PSNR": 39.14402766047637, "encoding_time": 0.2742159366607666, "decoding_time": 0.15901803970336914}