{"MSE": 7.656772613525391, "PSNR": 39.29034611012775, "encoding_time": 0.27352309226989746, "decoding_time": 0.1578810214996338}