{"MSE": 8.183048248291016, "PSNR": 39.001652490288805, "encoding_time": 0.25769805908203125, "decoding_time": 0.15041112899780273}