{"MSE": 7.5909576416015625, "PSNR": 39.32783792847509, "encoding_time": 0.2609670162200928, "decoding_time": 0.14773082733154297}