{"MSE": 7.65814208984375, "PSNR": 39.289569408433664, "encoding_time": 0.302994966506958, "decoding_time": 0.20322012901306152}