{"MSE": 8.439506530761719, "PSNR": 38.8676330727929, "encoding_time": 0.2699158191680908, "decoding_time": 0.15316009521484375}