{"MSE": 8.481094360351562, "PSNR": 38.84628465687024, "encoding_time": 0.27344679832458496, "decoding_time": 0.15733718872070312}