{"MSE": 8.113838195800781, "PSNR": 39.03854018008787, "encoding_time": 0.275022029876709, "decoding_time": 0.1534879207611084}