{"MSE": 9.104190826416016, "PSNR": 38.53839008786275, "encoding_time": 0.27239012718200684, "decoding_time": 0.16259384155273438}