{"MSE": 7.795921325683594, "PSNR": 39.21212913181932, "encoding_time": 0.2568812370300293, "decoding_time": 0.1485910415649414}