{"MSE": 9.464370727539062, "PSNR": 38.369886172265744, "encoding_time": 0.2724618911743164, "decoding_time": 0.1631479263305664}