{"MSE": 8.726749420166016, "PSNR": 38.722278550514766, "encoding_time": 0.27289509773254395, "decoding_time": 0.17731499671936035}