{"MSE": 8.045047760009766, "PSNR": 39.075517342045046, "encoding_time": 0.27254509925842285, "decoding_time": 0.15389490127563477}