{"MSE": 8.79275894165039, "PSNR": 38.689551939700316, "encoding_time": 0.2679557800292969, "decoding_time": 0.15448927879333496}