{"MSE": 8.36279296875, "PSNR": 38.90729015445358, "encoding_time": 0.2748098373413086, "decoding_time": 0.15629196166992188}