{"MSE": 8.280254364013672, "PSNR": 38.95036682634872, "encoding_time": 0.2589569091796875, "decoding_time": 0.153076171875}