{"MSE": 9.41229248046875, "PSNR": 38.39384946754061, "encoding_time": 0.2718491554260254, "decoding_time": 0.1615140438079834}