{"MSE": 8.900901794433594, "PSNR": 38.63646351469521, "encoding_time": 0.27442312240600586, "decoding_time": 0.1578819751739502}