{"MSE": 7.818546295166016, "PSNR": 39.199543488152656, "encoding_time": 0.2713160514831543, "decoding_time": 0.15454411506652832}