{"MSE": 9.179126739501953, "PSNR": 38.502789945092786, "encoding_time": 0.2760939598083496, "decoding_time": 0.16741609573364258}