{"MSE": 9.509281158447266, "PSNR": 38.349326726075915, "encoding_time": 0.2712249755859375, "decoding_time": 0.16500210762023926}