{"MSE": 9.708137512207031, "PSNR": 38.25944441542403, "encoding_time": 0.2781178951263428, "decoding_time": 0.17179107666015625}