{"MSE": 8.38693618774414, "PSNR": 38.89477022180488, "encoding_time": 0.2724039554595947, "decoding_time": 0.16476106643676758}