{"MSE": 8.868278503417969, "PSNR": 38.65241037431507, "encoding_time": 0.26830196380615234, "decoding_time": 0.1565260887145996}