{"MSE": 8.157455444335938, "PSNR": 39.01525650498943, "encoding_time": 0.25711727142333984, "decoding_time": 0.14830374717712402}