{"MSE": 7.840385437011719, "PSNR": 39.18742947538997, "encoding_time": 0.2758047580718994, "decoding_time": 0.16373801231384277}