{"MSE": 8.090869903564453, "PSNR": 39.05085142839382, "encoding_time": 0.2569451332092285, "decoding_time": 0.1510910987854004}