{"MSE": 8.136436462402344, "PSNR": 39.02646123493941, "encoding_time": 0.2734501361846924, "decoding_time": 0.16080689430236816}