{"MSE": 8.07806396484375, "PSNR": 39.05773073129671, "encoding_time": 0.27466392517089844, "decoding_time": 0.16075682640075684}