{"MSE": 8.2451171875, "PSNR": 38.96883528234502, "encoding_time": 0.2745788097381592, "decoding_time": 0.1592998504638672}