{"MSE": 8.438243865966797, "PSNR": 38.868282884931446, "encoding_time": 0.27298808097839355, "decoding_time": 0.15799307823181152}