{"MSE": 9.367069244384766, "PSNR": 38.4147663018167, "encoding_time": 0.27504682540893555, "decoding_time": 0.16108226776123047}