{"MSE": 7.643466949462891, "PSNR": 39.29789968850584, "encoding_time": 0.2599649429321289, "decoding_time": 0.14938902854919434}