{"MSE": 8.424720764160156, "PSNR": 38.875248456977225, "encoding_time": 0.26050901412963867, "decoding_time": 0.15618896484375}