{"MSE": 8.750080108642578, "PSNR": 38.71068331779064, "encoding_time": 0.26040124893188477, "decoding_time": 0.15924477577209473}