{"MSE": 7.423168182373047, "PSNR": 39.42491060648091, "encoding_time": 0.2597339153289795, "decoding_time": 0.14478325843811035}