{"MSE": 8.941925048828125, "PSNR": 38.61649335574857, "encoding_time": 0.274493932723999, "decoding_time": 0.1577160358428955}