{"MSE": 9.781719207763672, "PSNR": 38.22665168981406, "encoding_time": 0.27430105209350586, "decoding_time": 0.16268515586853027}