{"MSE": 10.556087493896484, "PSNR": 37.895773796648236, "encoding_time": 0.2727699279785156, "decoding_time": 0.16600608825683594}