{"MSE": 14.739532470703125, "PSNR": 36.44596652691823, "encoding_time": 0.2974250316619873, "decoding_time": 0.20004510879516602}