{"MSE": 10.256912231445312, "PSNR": 38.02063721600271, "encoding_time": 0.2728409767150879, "decoding_time": 0.16466212272644043}