{"MSE": 10.099109649658203, "PSNR": 38.08797273351084, "encoding_time": 0.2833070755004883, "decoding_time": 0.1706409454345703}