{"MSE": 16.004047393798828, "PSNR": 36.088505320553004, "encoding_time": 0.29326510429382324, "decoding_time": 0.19965195655822754}