{"MSE": 14.001819610595703, "PSNR": 36.668958826546486, "encoding_time": 0.30062007904052734, "decoding_time": 0.2015681266784668}