{"MSE": 14.065681457519531, "PSNR": 36.64919583053426, "encoding_time": 0.29646921157836914, "decoding_time": 0.19700884819030762}