{"MSE": 12.940048217773438, "PSNR": 37.01144466245127, "encoding_time": 0.33207201957702637, "decoding_time": 0.2329568862915039}