{"MSE": 14.012088775634766, "PSNR": 36.66577480677424, "encoding_time": 0.29405903816223145, "decoding_time": 0.19517993927001953}