{"MSE": 10.683799743652344, "PSNR": 37.84354621825747, "encoding_time": 0.2727632522583008, "decoding_time": 0.16517186164855957}