{"MSE": 11.29464340209961, "PSNR": 37.60207837071923, "encoding_time": 0.26839184761047363, "decoding_time": 0.17004799842834473}