{"MSE": 16.986042022705078, "PSNR": 35.82988166692792, "encoding_time": 0.30588507652282715, "decoding_time": 0.2108778953552246}