{"MSE": 12.030731201171875, "PSNR": 37.32788337270067, "encoding_time": 0.27860403060913086, "decoding_time": 0.18698906898498535}