{"MSE": 15.250240325927734, "PSNR": 36.29803673158753, "encoding_time": 0.3044548034667969, "decoding_time": 0.20804309844970703}