{"MSE": 16.44951629638672, "PSNR": 35.96927228970894, "encoding_time": 0.2828361988067627, "decoding_time": 0.19704794883728027}