{"MSE": 15.142814636230469, "PSNR": 36.328737547016914, "encoding_time": 0.27862024307250977, "decoding_time": 0.18806886672973633}