{"MSE": 12.713726043701172, "PSNR": 37.088075118819134, "encoding_time": 0.27879786491394043, "decoding_time": 0.1860213279724121}