{"MSE": 15.97481918334961, "PSNR": 36.096444097256054, "encoding_time": 0.30342912673950195, "decoding_time": 0.20474982261657715}