{"MSE": 15.22592544555664, "PSNR": 36.30496661948291, "encoding_time": 0.29508090019226074, "decoding_time": 0.1982121467590332}