{"MSE": 15.510223388671875, "PSNR": 36.22462308007957, "encoding_time": 0.30159497261047363, "decoding_time": 0.20335602760314941}