{"MSE": 14.038002014160156, "PSNR": 36.65775060479521, "encoding_time": 0.3016810417175293, "decoding_time": 0.20168495178222656}