{"MSE": 16.91644287109375, "PSNR": 35.84771314450123, "encoding_time": 0.3057422637939453, "decoding_time": 0.21037578582763672}