{"MSE": 16.732566833496094, "PSNR": 35.89517792522682, "encoding_time": 0.28559207916259766, "decoding_time": 0.19786477088928223}