{"MSE": 13.7572021484375, "PSNR": 36.745502420153045, "encoding_time": 0.2948629856109619, "decoding_time": 0.19527196884155273}