{"MSE": 10.733295440673828, "PSNR": 37.82347277115528, "encoding_time": 0.27100276947021484, "decoding_time": 0.16716384887695312}