{"MSE": 14.064022064208984, "PSNR": 36.64970821798858, "encoding_time": 0.28546619415283203, "decoding_time": 0.18921279907226562}