{"MSE": 14.671661376953125, "PSNR": 36.46601065975565, "encoding_time": 0.2869119644165039, "decoding_time": 0.1946430206298828}