{"MSE": 14.002960205078125, "PSNR": 36.668605062729505, "encoding_time": 0.2933931350708008, "decoding_time": 0.19618988037109375}