{"MSE": 17.334144592285156, "PSNR": 35.74177945969615, "encoding_time": 0.30672788619995117, "decoding_time": 0.2137131690979004}