{"MSE": 11.341327667236328, "PSNR": 37.58416462853914, "encoding_time": 0.2698171138763428, "decoding_time": 0.16881108283996582}