{"MSE": 12.303237915039062, "PSNR": 37.2306093856851, "encoding_time": 0.28903794288635254, "decoding_time": 0.1828019618988037}