{"MSE": 10.214736938476562, "PSNR": 38.03853174200875, "encoding_time": 0.2729489803314209, "decoding_time": 0.16488194465637207}