{"MSE": 10.579654693603516, "PSNR": 37.886088677537956, "encoding_time": 0.26875925064086914, "decoding_time": 0.1666407585144043}