{"MSE": 12.735313415527344, "PSNR": 37.080707234678314, "encoding_time": 0.329970121383667, "decoding_time": 0.23071002960205078}