{"MSE": 15.632858276367188, "PSNR": 36.1904197017017, "encoding_time": 0.2975761890411377, "decoding_time": 0.20197200775146484}