{"MSE": 16.350757598876953, "PSNR": 35.99542480728536, "encoding_time": 0.3025369644165039, "decoding_time": 0.20792913436889648}