{"MSE": 12.074966430664062, "PSNR": 37.31194428814764, "encoding_time": 0.27986693382263184, "decoding_time": 0.18072223663330078}