{"MSE": 17.157386779785156, "PSNR": 35.78629219170087, "encoding_time": 0.29155898094177246, "decoding_time": 0.23076701164245605}