{"MSE": 15.550834655761719, "PSNR": 36.2132665710868, "encoding_time": 0.3010528087615967, "decoding_time": 0.20499587059020996}