{"MSE": 16.21493911743164, "PSNR": 36.031650385103596, "encoding_time": 0.30245399475097656, "decoding_time": 0.22627902030944824}