{"MSE": 12.602581024169922, "PSNR": 37.126208625945175, "encoding_time": 0.26925110816955566, "decoding_time": 0.20145773887634277}