{"MSE": 10.773529052734375, "PSNR": 37.80722373718583, "encoding_time": 0.2721569538116455, "decoding_time": 0.16695117950439453}