{"MSE": 14.445903778076172, "PSNR": 36.53335643102167, "encoding_time": 0.2989687919616699, "decoding_time": 0.20916008949279785}