{"MSE": 10.54962158203125, "PSNR": 37.89843479223127, "encoding_time": 0.27211499214172363, "decoding_time": 0.16468286514282227}