{"MSE": 13.916568756103516, "PSNR": 36.695481912529964, "encoding_time": 0.28965020179748535, "decoding_time": 0.21282196044921875}