{"MSE": 14.17409896850586, "PSNR": 36.61584900036181, "encoding_time": 0.2816319465637207, "decoding_time": 0.1913449764251709}