{"MSE": 17.312400817871094, "PSNR": 35.747230625099085, "encoding_time": 0.2888908386230469, "decoding_time": 0.20342135429382324}