{"MSE": 16.643165588378906, "PSNR": 35.91844426725045, "encoding_time": 0.28392887115478516, "decoding_time": 0.19809508323669434}