{"MSE": 16.75345230102539, "PSNR": 35.88976047357951, "encoding_time": 0.2833878993988037, "decoding_time": 0.19913482666015625}