{"MSE": 10.123832702636719, "PSNR": 38.07735401082803, "encoding_time": 0.28172802925109863, "decoding_time": 0.17045903205871582}