{"MSE": 14.256240844726562, "PSNR": 36.59075337148441, "encoding_time": 0.3016996383666992, "decoding_time": 0.2029120922088623}