{"MSE": 17.345989227294922, "PSNR": 35.73881288531573, "encoding_time": 0.3063681125640869, "decoding_time": 0.21179795265197754}