{"MSE": 14.07748031616211, "PSNR": 36.6455543210673, "encoding_time": 0.29560089111328125, "decoding_time": 0.1958620548248291}