{"MSE": 10.395912170410156, "PSNR": 37.962177591489144, "encoding_time": 0.27260398864746094, "decoding_time": 0.16541409492492676}