{"MSE": 10.761951446533203, "PSNR": 37.811893325098104, "encoding_time": 0.27213382720947266, "decoding_time": 0.16785097122192383}