{"MSE": 16.80670928955078, "PSNR": 35.8759767284731, "encoding_time": 0.29386305809020996, "decoding_time": 0.20235991477966309}