{"MSE": 13.355941772460938, "PSNR": 36.874058438633874, "encoding_time": 0.2946312427520752, "decoding_time": 0.1920609474182129}