{"MSE": 14.355789184570312, "PSNR": 36.5605328879448, "encoding_time": 0.2976081371307373, "decoding_time": 0.19792890548706055}