{"MSE": 11.822006225585938, "PSNR": 37.403891771511915, "encoding_time": 0.2701711654663086, "decoding_time": 0.1731579303741455}