{"MSE": 10.93143081665039, "PSNR": 37.744033503265506, "encoding_time": 0.2700190544128418, "decoding_time": 0.16821694374084473}