{"MSE": 16.85867691040039, "PSNR": 35.86256873204314, "encoding_time": 0.3070089817047119, "decoding_time": 0.20932984352111816}