{"MSE": 17.342693328857422, "PSNR": 35.739638163419805, "encoding_time": 0.30592918395996094, "decoding_time": 0.2128009796142578}