{"MSE": 15.31479263305664, "PSNR": 36.27969240164688, "encoding_time": 0.3006153106689453, "decoding_time": 0.20257091522216797}