{"MSE": 17.19879150390625, "PSNR": 35.77582429171053, "encoding_time": 0.3076050281524658, "decoding_time": 0.21166515350341797}