{"MSE": 16.358200073242188, "PSNR": 35.99344845228395, "encoding_time": 0.29665207862854004, "decoding_time": 0.20743775367736816}