{"MSE": 12.403663635253906, "PSNR": 37.195303804175715, "encoding_time": 0.28888988494873047, "decoding_time": 0.1855320930480957}