{"MSE": 15.160629272460938, "PSNR": 36.323631329303446, "encoding_time": 0.29712510108947754, "decoding_time": 0.20034384727478027}