{"MSE": 15.671562194824219, "PSNR": 36.179680702847406, "encoding_time": 0.301785945892334, "decoding_time": 0.20486021041870117}