{"MSE": 16.50748062133789, "PSNR": 35.95399564754815, "encoding_time": 0.2939467430114746, "decoding_time": 0.2008342742919922}