{"MSE": 12.36008071899414, "PSNR": 37.210590538934895, "encoding_time": 0.2933230400085449, "decoding_time": 2734.535005092621}