{"MSE": 15.369861602783203, "PSNR": 36.264104039353846, "encoding_time": 0.29601097106933594, "decoding_time": 0.2008368968963623}