{"MSE": 17.051441192626953, "PSNR": 35.81319269295769, "encoding_time": 0.3056800365447998, "decoding_time": 0.21252894401550293}