{"MSE": 15.514350891113281, "PSNR": 36.2234675112529, "encoding_time": 0.30031514167785645, "decoding_time": 0.20319390296936035}