{"MSE": 17.494434356689453, "PSNR": 35.701804557603204, "encoding_time": 0.2898540496826172, "decoding_time": 0.203233003616333}