{"MSE": 15.263702392578125, "PSNR": 36.29420471178299, "encoding_time": 0.29479074478149414, "decoding_time": 0.2013530731201172}