{"MSE": 13.785480499267578, "PSNR": 36.73658452628247, "encoding_time": 0.27997303009033203, "decoding_time": 0.18483591079711914}