{"MSE": 10.761241912841797, "PSNR": 37.81217966417603, "encoding_time": 0.269824743270874, "decoding_time": 0.16738510131835938}