{"MSE": 12.996116638183594, "PSNR": 36.992667604501044, "encoding_time": 0.27120423316955566, "decoding_time": 0.17335009574890137}