{"MSE": 11.166656494140625, "PSNR": 37.651572041812294, "encoding_time": 0.288707971572876, "decoding_time": 0.18001890182495117}