{"MSE": 16.899429321289062, "PSNR": 35.85208321745347, "encoding_time": 0.30214405059814453, "decoding_time": 0.2103710174560547}