{"MSE": 13.271739959716797, "PSNR": 36.901524971317784, "encoding_time": 0.2943849563598633, "decoding_time": 0.19485807418823242}