{"MSE": 14.967357635498047, "PSNR": 36.37935224894461, "encoding_time": 0.29390907287597656, "decoding_time": 0.1966111660003662}