{"MSE": 17.254497528076172, "PSNR": 35.76178044239027, "encoding_time": 0.29400014877319336, "decoding_time": 0.2035999298095703}