{"MSE": 12.48465347290039, "PSNR": 37.167038683972635, "encoding_time": 0.28858184814453125, "decoding_time": 0.18431520462036133}