{"MSE": 12.090629577636719, "PSNR": 37.30631445038182, "encoding_time": 0.2932143211364746, "decoding_time": 0.1899111270904541}