{"MSE": 15.388015747070312, "PSNR": 36.258977388048606, "encoding_time": 0.2899801731109619, "decoding_time": 0.19765496253967285}