{"MSE": 16.838123321533203, "PSNR": 35.8678667492281, "encoding_time": 0.3102591037750244, "decoding_time": 0.22370481491088867}