{"MSE": 14.318275451660156, "PSNR": 36.571896478492775, "encoding_time": 0.28419995307922363, "decoding_time": 0.19062185287475586}