{"MSE": 12.576045989990234, "PSNR": 37.13536243975817, "encoding_time": 0.2885448932647705, "decoding_time": 0.18398213386535645}