{"MSE": 12.011112213134766, "PSNR": 37.334971365072555, "encoding_time": 0.27466917037963867, "decoding_time": 0.19468164443969727}