{"MSE": 10.322528839111328, "PSNR": 37.99294255986279, "encoding_time": 0.28489089012145996, "decoding_time": 0.17478394508361816}