{"MSE": 14.433998107910156, "PSNR": 36.53693716835921, "encoding_time": 0.2963602542877197, "decoding_time": 0.19825482368469238}