{"MSE": 8.098098754882812, "PSNR": 39.04697292258786, "encoding_time": 0.3004300594329834, "decoding_time": 0.19965481758117676}