{"MSE": 10.427783966064453, "PSNR": 37.94888335621137, "encoding_time": 0.3324580192565918, "decoding_time": 0.21899795532226562}