{"MSE": 7.87982177734375, "PSNR": 39.16563965966104, "encoding_time": 0.3087940216064453, "decoding_time": 0.1892547607421875}