{"MSE": 9.68115234375, "PSNR": 38.27153306581611, "encoding_time": 0.3167381286621094, "decoding_time": 0.21541571617126465}