{"MSE": 10.842769622802734, "PSNR": 37.77940130486168, "encoding_time": 0.3276548385620117, "decoding_time": 0.2326059341430664}