{"MSE": 12.42641830444336, "PSNR": 37.187343919019526, "encoding_time": 0.33177614212036133, "decoding_time": 0.2484898567199707}