{"MSE": 11.751991271972656, "PSNR": 37.42968900629576, "encoding_time": 0.326524019241333, "decoding_time": 0.24983596801757812}