{"MSE": 11.99197769165039, "PSNR": 37.341895489331364, "encoding_time": 0.3238711357116699, "decoding_time": 0.2275528907775879}