{"MSE": 7.959583282470703, "PSNR": 39.12190029670553, "encoding_time": 0.29818296432495117, "decoding_time": 0.18684005737304688}