{"MSE": 11.804393768310547, "PSNR": 37.41036672700772, "encoding_time": 0.31770992279052734, "decoding_time": 0.2527940273284912}