{"MSE": 8.412925720214844, "PSNR": 38.88133306427899, "encoding_time": 0.3017079830169678, "decoding_time": 0.18549013137817383}