{"MSE": 10.33907699584961, "PSNR": 37.985985913074344, "encoding_time": 0.32721495628356934, "decoding_time": 0.22338199615478516}