{"MSE": 8.59075927734375, "PSNR": 38.79048811077641, "encoding_time": 0.3079240322113037, "decoding_time": 0.1923511028289795}