{"MSE": 10.812213897705078, "PSNR": 37.791657321214544, "encoding_time": 0.3195528984069824, "decoding_time": 0.22165608406066895}