{"MSE": 10.146556854248047, "PSNR": 38.06761667671579, "encoding_time": 0.3213839530944824, "decoding_time": 0.219588041305542}