{"MSE": 8.542835235595703, "PSNR": 38.81478330597848, "encoding_time": 0.30730700492858887, "decoding_time": 0.1838681697845459}