{"MSE": 7.3718719482421875, "PSNR": 39.455025780884824, "encoding_time": 0.2928049564361572, "decoding_time": 0.17603302001953125}