{"MSE": 8.468360900878906, "PSNR": 38.852810025549836, "encoding_time": 0.32996106147766113, "decoding_time": 0.19284915924072266}