{"MSE": 8.19357681274414, "PSNR": 38.996068313992055, "encoding_time": 0.3301351070404053, "decoding_time": 0.20871901512145996}