{"MSE": 9.705402374267578, "PSNR": 38.260668154452716, "encoding_time": 0.3158400058746338, "decoding_time": 0.2149651050567627}