{"MSE": 8.586181640625, "PSNR": 38.79280289129951, "encoding_time": 0.30060696601867676, "decoding_time": 0.1985180377960205}