{"MSE": 8.125030517578125, "PSNR": 39.03255360005811, "encoding_time": 0.2969028949737549, "decoding_time": 0.18455004692077637}