{"MSE": 7.733051300048828, "PSNR": 39.2472946962763, "encoding_time": 0.27973413467407227, "decoding_time": 0.1602628231048584}