{"MSE": 7.319732666015625, "PSNR": 39.485851409836116, "encoding_time": 0.272388219833374, "decoding_time": 0.15261197090148926}