{"MSE": 7.80029296875, "PSNR": 39.20969446341266, "encoding_time": 0.27784299850463867, "decoding_time": 0.16937899589538574}