{"MSE": 7.550468444824219, "PSNR": 39.3510646398162, "encoding_time": 0.2774028778076172, "decoding_time": 0.15680599212646484}