{"MSE": 7.624732971191406, "PSNR": 39.308557221826945, "encoding_time": 0.2787361145019531, "decoding_time": 0.1849989891052246}