{"MSE": 7.436794281005859, "PSNR": 39.416945928078405, "encoding_time": 0.28090882301330566, "decoding_time": 0.15816020965576172}