{"MSE": 7.568668365478516, "PSNR": 39.340608845906466, "encoding_time": 0.29043006896972656, "decoding_time": 0.19123005867004395}