{"MSE": 7.366596221923828, "PSNR": 39.45813494921834, "encoding_time": 0.2790799140930176, "decoding_time": 0.15386605262756348}