{"MSE": 7.585147857666016, "PSNR": 39.331163099386224, "encoding_time": 0.28848910331726074, "decoding_time": 0.18346405029296875}