{"MSE": 7.469127655029297, "PSNR": 39.39810478828963, "encoding_time": 0.27837109565734863, "decoding_time": 0.15630388259887695}