{"MSE": 7.482872009277344, "PSNR": 39.390120439677354, "encoding_time": 0.28769612312316895, "decoding_time": 0.17094206809997559}