{"MSE": 6.135063171386719, "PSNR": 40.252613219477695, "encoding_time": 0.2487471103668213, "decoding_time": 0.12281394004821777}