{"MSE": 7.574825286865234, "PSNR": 39.33707740568206, "encoding_time": 0.256519079208374, "decoding_time": 0.13264799118041992}