{"MSE": 8.970600128173828, "PSNR": 38.602588627919275, "encoding_time": 0.2629837989807129, "decoding_time": 0.1411280632019043}