{"MSE": 7.957366943359375, "PSNR": 39.123109754344895, "encoding_time": 0.25813984870910645, "decoding_time": 0.13407015800476074}