{"MSE": 6.957893371582031, "PSNR": 39.70602591887263, "encoding_time": 0.2531111240386963, "decoding_time": 0.12685585021972656}