{"MSE": 8.901756286621094, "PSNR": 38.63604660926406, "encoding_time": 0.26164698600769043, "decoding_time": 0.14028096199035645}