{"MSE": 7.958091735839844, "PSNR": 39.12271419757037, "encoding_time": 0.261538028717041, "decoding_time": 0.13896894454956055}