{"MSE": 7.853279113769531, "PSNR": 39.180293278602825, "encoding_time": 0.2557790279388428, "decoding_time": 0.13105511665344238}