{"MSE": 6.435100555419922, "PSNR": 40.045250232525554, "encoding_time": 0.25054168701171875, "decoding_time": 0.12287116050720215}