{"MSE": 7.601448059082031, "PSNR": 39.32184028565477, "encoding_time": 0.25908708572387695, "decoding_time": 0.13265585899353027}