{"MSE": 8.63397216796875, "PSNR": 38.76869716514892, "encoding_time": 0.2593207359313965, "decoding_time": 0.1358802318572998}