{"MSE": 7.025005340576172, "PSNR": 39.66433702129671, "encoding_time": 0.2573738098144531, "decoding_time": 0.1251540184020996}