{"MSE": 8.028400421142578, "PSNR": 39.084513358222814, "encoding_time": 0.25950002670288086, "decoding_time": 0.135056734085083}