{"MSE": 8.153865814208984, "PSNR": 39.01716800750558, "encoding_time": 0.2587449550628662, "decoding_time": 0.1329481601715088}