{"MSE": 8.235084533691406, "PSNR": 38.97412299277463, "encoding_time": 0.25859570503234863, "decoding_time": 0.1349320411682129}