{"MSE": 7.363544464111328, "PSNR": 39.45993447255662, "encoding_time": 0.2607138156890869, "decoding_time": 0.13492107391357422}