{"MSE": 7.200508117675781, "PSNR": 39.55717216531576, "encoding_time": 0.2541067600250244, "decoding_time": 0.12752723693847656}