{"MSE": 8.630168914794922, "PSNR": 38.77061064799812, "encoding_time": 0.25797581672668457, "decoding_time": 0.13381218910217285}