{"MSE": 6.711559295654297, "PSNR": 39.862569293984585, "encoding_time": 0.2521641254425049, "decoding_time": 0.12462496757507324}