{"MSE": 10.17431640625, "PSNR": 38.05575121444039, "encoding_time": 0.30413198471069336, "decoding_time": 0.2134101390838623}