{"MSE": 11.40740966796875, "PSNR": 37.558933224640214, "encoding_time": 0.3209500312805176, "decoding_time": 0.23546123504638672}