{"MSE": 8.900619506835938, "PSNR": 38.63660125117729, "encoding_time": 0.29665112495422363, "decoding_time": 0.19918394088745117}