{"MSE": 10.978752136230469, "PSNR": 37.725273806032945, "encoding_time": 0.31536316871643066, "decoding_time": 0.22905397415161133}