{"MSE": 10.1531982421875, "PSNR": 38.06477494958805, "encoding_time": 0.3057222366333008, "decoding_time": 0.2171468734741211}