{"MSE": 9.298858642578125, "PSNR": 38.44650715071994, "encoding_time": 0.302487850189209, "decoding_time": 0.20561695098876953}