{"MSE": 9.65597152709961, "PSNR": 38.28284384396032, "encoding_time": 0.3007051944732666, "decoding_time": 0.2059948444366455}