{"MSE": 9.18100357055664, "PSNR": 38.501902045759174, "encoding_time": 0.29472827911376953, "decoding_time": 0.2023627758026123}