{"MSE": 11.448040008544922, "PSNR": 37.5434922234366, "encoding_time": 0.31864500045776367, "decoding_time": 0.23666000366210938}