{"MSE": 10.014232635498047, "PSNR": 38.12462684815648, "encoding_time": 0.31104207038879395, "decoding_time": 0.21896100044250488}