{"MSE": 11.800094604492188, "PSNR": 37.4119487169363, "encoding_time": 0.31911611557006836, "decoding_time": 0.23305082321166992}