{"MSE": 9.118473052978516, "PSNR": 38.53158241858179, "encoding_time": 0.3008460998535156, "decoding_time": 0.19861459732055664}