{"MSE": 12.254436492919922, "PSNR": 37.24787015385247, "encoding_time": 0.32041096687316895, "decoding_time": 0.23174405097961426}