{"MSE": 9.476299285888672, "PSNR": 38.364415924645634, "encoding_time": 0.30205702781677246, "decoding_time": 0.2111799716949463}