{"MSE": 10.039215087890625, "PSNR": 38.113806018759846, "encoding_time": 0.3057410717010498, "decoding_time": 0.19312000274658203}