{"MSE": 9.944923400878906, "PSNR": 38.154789184757036, "encoding_time": 0.3028988838195801, "decoding_time": 0.21407103538513184}