{"MSE": 9.322246551513672, "PSNR": 38.43559776051012, "encoding_time": 0.2900080680847168, "decoding_time": 0.18971490859985352}