{"MSE": 10.093738555908203, "PSNR": 38.090283092513864, "encoding_time": 0.3087480068206787, "decoding_time": 0.17538785934448242}