{"MSE": 9.33505630493164, "PSNR": 38.429634191026445, "encoding_time": 0.3151710033416748, "decoding_time": 0.17621803283691406}