{"MSE": 7.564075469970703, "PSNR": 39.343245075341045, "encoding_time": 0.28186488151550293, "decoding_time": 0.1840193271636963}