{"MSE": 9.14223861694336, "PSNR": 38.52027808466187, "encoding_time": 0.3118281364440918, "decoding_time": 0.18913507461547852}