{"MSE": 10.034492492675781, "PSNR": 38.11584948489253, "encoding_time": 0.3172791004180908, "decoding_time": 0.19289302825927734}