{"MSE": 10.202899932861328, "PSNR": 38.04356733631311, "encoding_time": 0.29029107093811035, "decoding_time": 0.17742109298706055}