{"MSE": 8.429588317871094, "PSNR": 38.872739956907, "encoding_time": 0.29405808448791504, "decoding_time": 0.1700589656829834}