{"MSE": 9.317852020263672, "PSNR": 38.43764551868097, "encoding_time": 0.2947368621826172, "decoding_time": 0.19176220893859863}