{"MSE": 10.148357391357422, "PSNR": 38.066846076432725, "encoding_time": 0.2970590591430664, "decoding_time": 0.1922621726989746}