{"MSE": 9.717815399169922, "PSNR": 38.25511715974564, "encoding_time": 0.30402302742004395, "decoding_time": 0.20523500442504883}