{"MSE": 9.76742935180664, "PSNR": 38.233000822284716, "encoding_time": 0.30292582511901855, "decoding_time": 0.2007441520690918}