{"MSE": 10.764305114746094, "PSNR": 37.810943615037516, "encoding_time": 0.30872392654418945, "decoding_time": 0.1896531581878662}