{"MSE": 10.632026672363281, "PSNR": 37.864643034255536, "encoding_time": 0.2937006950378418, "decoding_time": 0.20085501670837402}