{"MSE": 12.338058471679688, "PSNR": 37.21833536776479, "encoding_time": 0.301685094833374, "decoding_time": 0.20770502090454102}