{"MSE": 10.910041809082031, "PSNR": 37.752539459881994, "encoding_time": 0.29546689987182617, "decoding_time": 0.20252323150634766}