{"MSE": 10.962356567382812, "PSNR": 37.731764368109566, "encoding_time": 0.29604315757751465, "decoding_time": 0.20098090171813965}