{"MSE": 12.193511962890625, "PSNR": 37.269515521784925, "encoding_time": 0.30229711532592773, "decoding_time": 0.2132420539855957}