{"MSE": 10.277435302734375, "PSNR": 38.01195609324925, "encoding_time": 0.29112887382507324, "decoding_time": 0.19387531280517578}