{"MSE": 10.639583587646484, "PSNR": 37.86155730007212, "encoding_time": 0.2910339832305908, "decoding_time": 0.19188380241394043}