{"MSE": 12.186595916748047, "PSNR": 37.271979498377405, "encoding_time": 0.30536389350891113, "decoding_time": 0.21478891372680664}