{"MSE": 10.334854125976562, "PSNR": 37.98776009825312, "encoding_time": 0.2895820140838623, "decoding_time": 0.18652009963989258}