{"MSE": 12.178321838378906, "PSNR": 37.274929138308714, "encoding_time": 0.3118607997894287, "decoding_time": 0.21773004531860352}