{"MSE": 10.610382080078125, "PSNR": 37.87349337731708, "encoding_time": 0.292896032333374, "decoding_time": 0.21747589111328125}