{"MSE": 13.206443786621094, "PSNR": 36.9229447374325, "encoding_time": 0.3110330104827881, "decoding_time": 0.21938800811767578}