{"MSE": 10.62923812866211, "PSNR": 37.86578224131611, "encoding_time": 0.2922041416168213, "decoding_time": 0.1894378662109375}