{"MSE": 11.380718231201172, "PSNR": 37.56910689845367, "encoding_time": 0.30527424812316895, "decoding_time": 0.21114397048950195}