{"MSE": 12.735511779785156, "PSNR": 37.08063958983217, "encoding_time": 0.309420108795166, "decoding_time": 0.21309185028076172}