{"MSE": 12.664779663085938, "PSNR": 37.104827223622145, "encoding_time": 0.30641603469848633, "decoding_time": 0.21491193771362305}