{"MSE": 10.695053100585938, "PSNR": 37.8389741569723, "encoding_time": 0.29427480697631836, "decoding_time": 0.195404052734375}