{"MSE": 11.057159423828125, "PSNR": 37.69436789505447, "encoding_time": 0.29903411865234375, "decoding_time": 0.20327091217041016}