{"MSE": 11.84157943725586, "PSNR": 37.39670728148485, "encoding_time": 0.3010420799255371, "decoding_time": 0.21065688133239746}