{"MSE": 10.759998321533203, "PSNR": 37.81268157283722, "encoding_time": 0.28746795654296875, "decoding_time": 0.19034504890441895}