{"MSE": 10.59140396118164, "PSNR": 37.881268283165966, "encoding_time": 0.29232120513916016, "decoding_time": 0.1954658031463623}