{"MSE": 12.421249389648438, "PSNR": 37.1891507937998, "encoding_time": 0.30897092819213867, "decoding_time": 0.21569013595581055}