{"MSE": 11.456932067871094, "PSNR": 37.540120228500975, "encoding_time": 0.30481672286987305, "decoding_time": 0.21429204940795898}