{"MSE": 11.458126068115234, "PSNR": 37.53966764599839, "encoding_time": 0.30193614959716797, "decoding_time": 0.21014976501464844}