{"MSE": 11.399528503417969, "PSNR": 37.56193472040075, "encoding_time": 0.3016340732574463, "decoding_time": 0.20327281951904297}