{"MSE": 11.338233947753906, "PSNR": 37.58534947093682, "encoding_time": 0.310122013092041, "decoding_time": 0.2233130931854248}