{"MSE": 13.122894287109375, "PSNR": 36.950507305313025, "encoding_time": 0.30646395683288574, "decoding_time": 0.21398687362670898}