{"MSE": 11.967823028564453, "PSNR": 37.35065202329991, "encoding_time": 0.3064408302307129, "decoding_time": 0.20922207832336426}