{"MSE": 11.018135070800781, "PSNR": 37.709722688023, "encoding_time": 0.2987058162689209, "decoding_time": 0.20236897468566895}