{"MSE": 11.429187774658203, "PSNR": 37.550649928976306, "encoding_time": 0.2964310646057129, "decoding_time": 0.2044658660888672}