{"MSE": 10.61539077758789, "PSNR": 37.87144374666761, "encoding_time": 0.29019999504089355, "decoding_time": 0.19403505325317383}