{"MSE": 9.526874542236328, "PSNR": 38.341299147616056, "encoding_time": 0.28617191314697266, "decoding_time": 0.18143510818481445}