{"MSE": 10.411670684814453, "PSNR": 37.9555993769941, "encoding_time": 0.28538990020751953, "decoding_time": 0.18857717514038086}