{"MSE": 10.443119049072266, "PSNR": 37.94250131981985, "encoding_time": 0.2947108745574951, "decoding_time": 0.1932070255279541}