{"MSE": 12.498043060302734, "PSNR": 37.162383442315395, "encoding_time": 0.31226277351379395, "decoding_time": 0.23010516166687012}