{"MSE": 12.636383056640625, "PSNR": 37.11457578324276, "encoding_time": 0.30178213119506836, "decoding_time": 0.20868396759033203}