{"MSE": 10.386707305908203, "PSNR": 37.96602467354329, "encoding_time": 0.2909719944000244, "decoding_time": 0.1886289119720459}