{"MSE": 12.375984191894531, "PSNR": 37.2050061490974, "encoding_time": 0.30037975311279297, "decoding_time": 0.2070450782775879}