{"MSE": 12.574623107910156, "PSNR": 37.13585383808561, "encoding_time": 0.3054060935974121, "decoding_time": 0.21792268753051758}