{"MSE": 12.782833099365234, "PSNR": 37.06453242330169, "encoding_time": 0.31086206436157227, "decoding_time": 0.2147819995880127}