{"MSE": 11.288429260253906, "PSNR": 37.604468450777695, "encoding_time": 0.2969677448272705, "decoding_time": 0.20183205604553223}