{"MSE": 10.772418975830078, "PSNR": 37.807671246178074, "encoding_time": 0.29923009872436523, "decoding_time": 0.19962596893310547}