{"MSE": 10.549430847167969, "PSNR": 37.89851331243867, "encoding_time": 0.293781042098999, "decoding_time": 0.2198619842529297}