{"MSE": 11.257438659667969, "PSNR": 37.61640771641139, "encoding_time": 0.2948029041290283, "decoding_time": 0.19797205924987793}