{"MSE": 11.451274871826172, "PSNR": 37.5422652144283, "encoding_time": 0.29758214950561523, "decoding_time": 0.1997218132019043}