{"MSE": 11.102180480957031, "PSNR": 37.67672077770589, "encoding_time": 0.29716992378234863, "decoding_time": 0.20022201538085938}