{"MSE": 10.857772827148438, "PSNR": 37.77339610023472, "encoding_time": 0.30730700492858887, "decoding_time": 0.1990659236907959}