{"MSE": 11.98101806640625, "PSNR": 37.34586637819889, "encoding_time": 0.3005058765411377, "decoding_time": 0.20682501792907715}