{"MSE": 11.022247314453125, "PSNR": 37.70810209477198, "encoding_time": 0.30655908584594727, "decoding_time": 0.22583389282226562}