{"MSE": 9.566947937011719, "PSNR": 38.323069503138846, "encoding_time": 0.291719913482666, "decoding_time": 0.1804490089416504}