{"MSE": 12.222496032714844, "PSNR": 37.25920455899133, "encoding_time": 0.3010270595550537, "decoding_time": 0.20419979095458984}