{"MSE": 11.194709777832031, "PSNR": 37.640675218648646, "encoding_time": 0.3084077835083008, "decoding_time": 0.2064342498779297}