{"MSE": 11.230998992919922, "PSNR": 37.6266197256582, "encoding_time": 0.3000640869140625, "decoding_time": 0.2081918716430664}