{"MSE": 9.085670471191406, "PSNR": 38.54723379560164, "encoding_time": 0.28760194778442383, "decoding_time": 0.1777353286743164}