{"MSE": 10.687644958496094, "PSNR": 37.84198342675725, "encoding_time": 0.33145785331726074, "decoding_time": 0.20818614959716797}