{"MSE": 11.053630828857422, "PSNR": 37.69575405024851, "encoding_time": 0.30199217796325684, "decoding_time": 0.20864367485046387}