{"MSE": 10.44216537475586, "PSNR": 37.942897939262544, "encoding_time": 0.3376739025115967, "decoding_time": 0.19629526138305664}