{"MSE": 11.586524963378906, "PSNR": 37.49127159203256, "encoding_time": 0.30902719497680664, "decoding_time": 0.20478057861328125}