{"MSE": 10.780654907226562, "PSNR": 37.804352165333896, "encoding_time": 0.2971372604370117, "decoding_time": 0.2040567398071289}