{"MSE": 11.180553436279297, "PSNR": 37.64617059251913, "encoding_time": 0.3030977249145508, "decoding_time": 0.2065873146057129}