{"MSE": 11.820552825927734, "PSNR": 37.40442572678383, "encoding_time": 0.30985426902770996, "decoding_time": 0.2115797996520996}