{"MSE": 12.485633850097656, "PSNR": 37.16669766073837, "encoding_time": 0.3231029510498047, "decoding_time": 0.20758891105651855}