{"MSE": 10.441619873046875, "PSNR": 37.94312482186962, "encoding_time": 0.29471588134765625, "decoding_time": 0.19421100616455078}