{"MSE": 13.09341049194336, "PSNR": 36.96027577196196, "encoding_time": 0.3062920570373535, "decoding_time": 0.21279001235961914}