{"MSE": 10.95853042602539, "PSNR": 37.73328043093666, "encoding_time": 0.2957170009613037, "decoding_time": 0.19860601425170898}