{"MSE": 13.077682495117188, "PSNR": 36.96549571677565, "encoding_time": 0.30953407287597656, "decoding_time": 0.23462605476379395}