{"MSE": 11.238502502441406, "PSNR": 37.623719142481576, "encoding_time": 0.31636500358581543, "decoding_time": 0.21307921409606934}