{"MSE": 12.88132095336914, "PSNR": 37.03119959541084, "encoding_time": 0.30399584770202637, "decoding_time": 0.2085859775543213}