{"MSE": 10.974552154541016, "PSNR": 37.726935541204945, "encoding_time": 0.29449009895324707, "decoding_time": 0.19869208335876465}