{"MSE": 10.430007934570312, "PSNR": 37.947957220541504, "encoding_time": 0.3247840404510498, "decoding_time": 0.19347095489501953}