{"MSE": 10.452888488769531, "PSNR": 37.938440434932375, "encoding_time": 0.2945997714996338, "decoding_time": 0.19046711921691895}