{"MSE": 11.280445098876953, "PSNR": 37.60754124680475, "encoding_time": 0.2961900234222412, "decoding_time": 0.19751787185668945}