{"MSE": 9.09002685546875, "PSNR": 38.545151945695224, "encoding_time": 0.2831132411956787, "decoding_time": 0.20265984535217285}