{"MSE": 12.996566772460938, "PSNR": 36.99251718460812, "encoding_time": 0.30364108085632324, "decoding_time": 0.2123270034790039}