{"MSE": 12.874958038330078, "PSNR": 37.033345385916824, "encoding_time": 0.3113899230957031, "decoding_time": 0.24749112129211426}