{"MSE": 11.076194763183594, "PSNR": 37.68689777117573, "encoding_time": 0.2991061210632324, "decoding_time": 0.20893383026123047}