{"MSE": 11.394168853759766, "PSNR": 37.56397709753502, "encoding_time": 0.30407285690307617, "decoding_time": 0.21184897422790527}