{"MSE": 10.97458267211914, "PSNR": 37.726923464541436, "encoding_time": 0.29532313346862793, "decoding_time": 0.20047998428344727}