{"MSE": 12.271041870117188, "PSNR": 37.24198922897758, "encoding_time": 0.30182790756225586, "decoding_time": 0.20556211471557617}