{"MSE": 10.961925506591797, "PSNR": 37.73193514434962, "encoding_time": 0.2977762222290039, "decoding_time": 0.19879388809204102}