{"MSE": 11.402969360351562, "PSNR": 37.56062403487889, "encoding_time": 0.3048439025878906, "decoding_time": 0.22721195220947266}