{"MSE": 11.12396240234375, "PSNR": 37.66820848536471, "encoding_time": 0.2955143451690674, "decoding_time": 0.2022876739501953}