{"MSE": 11.995296478271484, "PSNR": 37.340693743176175, "encoding_time": 0.3199892044067383, "decoding_time": 0.21865487098693848}