{"MSE": 12.657878875732422, "PSNR": 37.10719425308551, "encoding_time": 0.3054320812225342, "decoding_time": 0.21015477180480957}