{"MSE": 10.995002746582031, "PSNR": 37.718850186831276, "encoding_time": 0.3158760070800781, "decoding_time": 0.20562100410461426}