{"MSE": 11.351089477539062, "PSNR": 37.580428137549816, "encoding_time": 0.30594801902770996, "decoding_time": 0.21104884147644043}