{"MSE": 11.444080352783203, "PSNR": 37.54499462394608, "encoding_time": 0.3031618595123291, "decoding_time": 0.20822620391845703}