{"MSE": 10.52267074584961, "PSNR": 37.909543793222944, "encoding_time": 0.30249786376953125, "decoding_time": 0.2296772003173828}