{"MSE": 11.445823669433594, "PSNR": 37.54433309840871, "encoding_time": 0.2974698543548584, "decoding_time": 0.20282196998596191}