{"MSE": 12.18777084350586, "PSNR": 37.27156080917578, "encoding_time": 0.3097877502441406, "decoding_time": 0.21700310707092285}