{"MSE": 10.652046203613281, "PSNR": 37.85647319329811, "encoding_time": 0.29459309577941895, "decoding_time": 0.19580793380737305}