{"MSE": 10.907066345214844, "PSNR": 37.75372406009345, "encoding_time": 0.29917097091674805, "decoding_time": 0.19996905326843262}