{"MSE": 12.744083404541016, "PSNR": 37.07771755795064, "encoding_time": 0.30391502380371094, "decoding_time": 0.2078232765197754}