{"MSE": 11.312206268310547, "PSNR": 37.595330453581255, "encoding_time": 0.2999229431152344, "decoding_time": 0.20435523986816406}