{"MSE": 12.372207641601562, "PSNR": 37.20633160752009, "encoding_time": 0.311140775680542, "decoding_time": 0.20972323417663574}