{"MSE": 10.89156723022461, "PSNR": 37.759899842832894, "encoding_time": 0.298248291015625, "decoding_time": 0.20016002655029297}