{"MSE": 11.291889190673828, "PSNR": 37.603137531814646, "encoding_time": 0.29676103591918945, "decoding_time": 0.21591711044311523}