{"MSE": 11.26852035522461, "PSNR": 37.61213467337206, "encoding_time": 0.313737154006958, "decoding_time": 0.2011280059814453}