{"MSE": 9.866706848144531, "PSNR": 38.189081358909405, "encoding_time": 0.2882061004638672, "decoding_time": 0.18575215339660645}