{"MSE": 11.267906188964844, "PSNR": 37.61237138260999, "encoding_time": 0.30170297622680664, "decoding_time": 0.20457196235656738}