{"MSE": 12.11236572265625, "PSNR": 37.298513853587416, "encoding_time": 0.3035702705383301, "decoding_time": 0.21344995498657227}