{"MSE": 10.568305969238281, "PSNR": 37.890749825645955, "encoding_time": 0.3336629867553711, "decoding_time": 0.20776820182800293}