{"MSE": 12.420890808105469, "PSNR": 37.18927616945922, "encoding_time": 0.3030581474304199, "decoding_time": 0.20707488059997559}