{"MSE": 10.86392593383789, "PSNR": 37.7709356477787, "encoding_time": 0.2982940673828125, "decoding_time": 0.19884276390075684}