{"MSE": 12.593975067138672, "PSNR": 37.12917531693418, "encoding_time": 0.30382800102233887, "decoding_time": 0.21169304847717285}