{"MSE": 11.077934265136719, "PSNR": 37.68621577090383, "encoding_time": 0.2956233024597168, "decoding_time": 0.19577598571777344}