{"MSE": 12.10455322265625, "PSNR": 37.30131596542108, "encoding_time": 0.3011777400970459, "decoding_time": 0.21014118194580078}