{"MSE": 11.718669891357422, "PSNR": 37.442020402801795, "encoding_time": 0.3046538829803467, "decoding_time": 0.21250295639038086}