{"MSE": 12.286251068115234, "PSNR": 37.23660975036332, "encoding_time": 0.31154680252075195, "decoding_time": 0.21241307258605957}