{"MSE": 10.659286499023438, "PSNR": 37.85352225587074, "encoding_time": 0.29453372955322266, "decoding_time": 0.19583415985107422}