{"MSE": 11.003990173339844, "PSNR": 37.715301669788886, "encoding_time": 0.29257988929748535, "decoding_time": 0.20214128494262695}