{"MSE": 12.467235565185547, "PSNR": 37.17310195431181, "encoding_time": 0.3036658763885498, "decoding_time": 0.2070789337158203}