{"MSE": 11.916461944580078, "PSNR": 37.36933030466102, "encoding_time": 0.29992222785949707, "decoding_time": 0.20644593238830566}