{"MSE": 10.936126708984375, "PSNR": 37.74216827423183, "encoding_time": 0.29721903800964355, "decoding_time": 0.19879484176635742}