{"MSE": 11.305713653564453, "PSNR": 37.59782379235382, "encoding_time": 0.30559301376342773, "decoding_time": 0.23469114303588867}