{"MSE": 10.920085906982422, "PSNR": 37.748543059440934, "encoding_time": 0.29634666442871094, "decoding_time": 0.20098042488098145}