{"MSE": 11.983642578125, "PSNR": 37.34491513505082, "encoding_time": 0.30718207359313965, "decoding_time": 0.21517395973205566}