{"MSE": 10.252105712890625, "PSNR": 38.02267285176971, "encoding_time": 0.2952871322631836, "decoding_time": 0.19446396827697754}