{"MSE": 9.712718963623047, "PSNR": 38.25739538209898, "encoding_time": 0.3009378910064697, "decoding_time": 0.18215203285217285}