{"MSE": 11.144950866699219, "PSNR": 37.66002202665242, "encoding_time": 0.2937753200531006, "decoding_time": 0.20030570030212402}