{"MSE": 11.966503143310547, "PSNR": 37.35113101642383, "encoding_time": 0.30446600914001465, "decoding_time": 0.20786786079406738}