{"MSE": 12.320552825927734, "PSNR": 37.224501657129316, "encoding_time": 0.30295896530151367, "decoding_time": 0.20607709884643555}