{"MSE": 12.6065673828125, "PSNR": 37.124835113799634, "encoding_time": 0.3045518398284912, "decoding_time": 0.2098679542541504}