{"MSE": 11.218158721923828, "PSNR": 37.631587804655815, "encoding_time": 0.2972598075866699, "decoding_time": 0.20440316200256348}