{"MSE": 12.397056579589844, "PSNR": 37.19761777559232, "encoding_time": 0.30296802520751953, "decoding_time": 0.2076702117919922}