{"MSE": 11.416023254394531, "PSNR": 37.55565516104265, "encoding_time": 0.3033900260925293, "decoding_time": 0.20984292030334473}