{"MSE": 11.217117309570312, "PSNR": 37.631990990815154, "encoding_time": 0.2980380058288574, "decoding_time": 0.19693708419799805}