{"MSE": 10.676292419433594, "PSNR": 37.846599004351674, "encoding_time": 0.2960019111633301, "decoding_time": 0.19772076606750488}