{"MSE": 9.559120178222656, "PSNR": 38.326624392326835, "encoding_time": 0.2987401485443115, "decoding_time": 0.2127079963684082}