{"MSE": 9.514198303222656, "PSNR": 38.34708161745156, "encoding_time": 0.2888953685760498, "decoding_time": 0.1796727180480957}