{"MSE": 11.159698486328125, "PSNR": 37.654278999126625, "encoding_time": 0.3011331558227539, "decoding_time": 0.19858312606811523}