{"MSE": 9.439277648925781, "PSNR": 38.381416001597614, "encoding_time": 0.2913978099822998, "decoding_time": 0.18096613883972168}