{"MSE": 9.820457458496094, "PSNR": 38.209486422181094, "encoding_time": 0.298098087310791, "decoding_time": 0.2184610366821289}