{"MSE": 11.943077087402344, "PSNR": 37.35964125371868, "encoding_time": 0.3006248474121094, "decoding_time": 0.20526814460754395}