{"MSE": 12.209465026855469, "PSNR": 37.26383725667877, "encoding_time": 0.30469512939453125, "decoding_time": 0.20780372619628906}