{"MSE": 9.162071228027344, "PSNR": 38.51086697110557, "encoding_time": 0.2852480411529541, "decoding_time": 0.17930960655212402}