{"MSE": 10.732154846191406, "PSNR": 37.82393430714326, "encoding_time": 0.301832914352417, "decoding_time": 0.2247936725616455}