{"MSE": 10.685066223144531, "PSNR": 37.84303142719986, "encoding_time": 0.34423232078552246, "decoding_time": 0.2058699131011963}