{"MSE": 12.649055480957031, "PSNR": 37.11022263397421, "encoding_time": 0.30417633056640625, "decoding_time": 0.2097158432006836}