{"MSE": 10.916069030761719, "PSNR": 37.75014087480888, "encoding_time": 0.3007926940917969, "decoding_time": 0.20820140838623047}