{"MSE": 12.754615783691406, "PSNR": 37.07412980284776, "encoding_time": 0.3004329204559326, "decoding_time": 0.20722293853759766}