{"MSE": 9.856578826904297, "PSNR": 38.19354161385507, "encoding_time": 0.29013991355895996, "decoding_time": 0.1901240348815918}