{"MSE": 12.473915100097656, "PSNR": 37.170775770358, "encoding_time": 0.3052940368652344, "decoding_time": 0.20769786834716797}