{"MSE": 10.434333801269531, "PSNR": 37.94615634890355, "encoding_time": 0.29514503479003906, "decoding_time": 0.19498491287231445}