{"MSE": 11.45595932006836, "PSNR": 37.540488980742765, "encoding_time": 0.35945701599121094, "decoding_time": 0.24156689643859863}