{"MSE": 11.292007446289062, "PSNR": 37.60309205006101, "encoding_time": 0.30822300910949707, "decoding_time": 0.20795893669128418}