{"MSE": 13.185966491699219, "PSNR": 36.929683930920035, "encoding_time": 0.30387210845947266, "decoding_time": 0.21337318420410156}