{"MSE": 10.51888656616211, "PSNR": 37.91110589088535, "encoding_time": 0.304872989654541, "decoding_time": 0.22389698028564453}