{"MSE": 11.669998168945312, "PSNR": 37.46009572964528, "encoding_time": 0.30759596824645996, "decoding_time": 0.20528507232666016}