{"MSE": 12.194942474365234, "PSNR": 37.269006048548704, "encoding_time": 0.3051309585571289, "decoding_time": 0.2113327980041504}