{"MSE": 10.591346740722656, "PSNR": 37.88129174615237, "encoding_time": 0.29705810546875, "decoding_time": 0.20039606094360352}