{"MSE": 12.780536651611328, "PSNR": 37.06531270743473, "encoding_time": 0.3124351501464844, "decoding_time": 0.22024774551391602}