{"MSE": 12.473747253417969, "PSNR": 37.170834208608255, "encoding_time": 0.30079197883605957, "decoding_time": 0.20553112030029297}