{"MSE": 12.047370910644531, "PSNR": 37.32188079399134, "encoding_time": 0.3033280372619629, "decoding_time": 0.20986604690551758}