{"MSE": 12.348342895507812, "PSNR": 37.2147168016481, "encoding_time": 0.30068492889404297, "decoding_time": 0.20502209663391113}