{"MSE": 11.508426666259766, "PSNR": 37.5206440620999, "encoding_time": 0.29898595809936523, "decoding_time": 0.1999068260192871}