{"MSE": 9.235305786132812, "PSNR": 38.47629081120721, "encoding_time": 0.2903330326080322, "decoding_time": 0.17798185348510742}