{"MSE": 12.852680206298828, "PSNR": 37.04086659081413, "encoding_time": 0.30943894386291504, "decoding_time": 0.21340179443359375}