{"MSE": 12.365169525146484, "PSNR": 37.208802859990634, "encoding_time": 0.3032951354980469, "decoding_time": 0.20685577392578125}