{"MSE": 11.107986450195312, "PSNR": 37.67445019552834, "encoding_time": 0.2995471954345703, "decoding_time": 0.20347094535827637}