{"MSE": 11.9200439453125, "PSNR": 37.36802504358697, "encoding_time": 0.30416202545166016, "decoding_time": 0.2139279842376709}