{"MSE": 10.52615737915039, "PSNR": 37.90810501895218, "encoding_time": 0.29283905029296875, "decoding_time": 0.19495105743408203}