{"MSE": 9.5609130859375, "PSNR": 38.32580990636999, "encoding_time": 0.2940866947174072, "decoding_time": 0.18108439445495605}