{"MSE": 6.839347839355469, "PSNR": 39.78065668982937, "encoding_time": 0.26725101470947266, "decoding_time": 0.15151500701904297}