{"MSE": 8.927230834960938, "PSNR": 38.62363596223583, "encoding_time": 0.28351473808288574, "decoding_time": 0.17642593383789062}