{"MSE": 9.335433959960938, "PSNR": 38.429458498269604, "encoding_time": 0.2835719585418701, "decoding_time": 0.18010401725769043}