{"MSE": 6.678409576416016, "PSNR": 39.88407310731345, "encoding_time": 0.26888489723205566, "decoding_time": 0.14897990226745605}