{"MSE": 8.045852661132812, "PSNR": 39.07508285533845, "encoding_time": 0.2774341106414795, "decoding_time": 0.1612710952758789}