{"MSE": 9.146781921386719, "PSNR": 38.51812036157788, "encoding_time": 0.2800872325897217, "decoding_time": 0.16728806495666504}