{"MSE": 6.831180572509766, "PSNR": 39.78584595426519, "encoding_time": 0.2705690860748291, "decoding_time": 0.15654802322387695}