{"MSE": 6.679149627685547, "PSNR": 39.88359188139769, "encoding_time": 0.27488017082214355, "decoding_time": 0.15868210792541504}