{"MSE": 8.618953704833984, "PSNR": 38.77625812885055, "encoding_time": 0.2810699939727783, "decoding_time": 0.17307400703430176}