{"MSE": 6.773960113525391, "PSNR": 39.822377257672734, "encoding_time": 0.27274417877197266, "decoding_time": 0.15896201133728027}