{"MSE": 7.493991851806641, "PSNR": 39.383671443168744, "encoding_time": 0.27387309074401855, "decoding_time": 0.16026782989501953}