{"MSE": 8.447517395019531, "PSNR": 38.86351266126425, "encoding_time": 0.2772378921508789, "decoding_time": 0.16190600395202637}