{"MSE": 7.348384857177734, "PSNR": 39.46888467320736, "encoding_time": 0.27393388748168945, "decoding_time": 0.16116619110107422}