{"MSE": 6.917667388916016, "PSNR": 39.73120684171215, "encoding_time": 0.27166223526000977, "decoding_time": 0.1566939353942871}