{"MSE": 7.5634765625, "PSNR": 39.34358895412497, "encoding_time": 0.27382612228393555, "decoding_time": 0.15653610229492188}