{"MSE": 8.33059310913086, "PSNR": 38.92404438110229, "encoding_time": 0.2758619785308838, "decoding_time": 0.16148781776428223}