{"MSE": 8.408866882324219, "PSNR": 38.883428834895945, "encoding_time": 0.27719593048095703, "decoding_time": 0.16402411460876465}