{"MSE": 7.036399841308594, "PSNR": 39.65729850727726, "encoding_time": 0.27181291580200195, "decoding_time": 0.15812182426452637}