{"MSE": 9.102546691894531, "PSNR": 38.53917445524479, "encoding_time": 0.2815816402435303, "decoding_time": 0.1727433204650879}