{"MSE": 7.798057556152344, "PSNR": 39.21093924549526, "encoding_time": 0.27085185050964355, "decoding_time": 0.15388202667236328}