{"MSE": 7.992954254150391, "PSNR": 39.10373033476277, "encoding_time": 0.2795119285583496, "decoding_time": 0.17017388343811035}