{"MSE": 8.122795104980469, "PSNR": 39.03374862440736, "encoding_time": 0.2754690647125244, "decoding_time": 0.1615889072418213}