{"MSE": 9.036270141601562, "PSNR": 38.5709115508116, "encoding_time": 0.2874429225921631, "decoding_time": 0.1804821491241455}