{"MSE": 8.273983001708984, "PSNR": 38.95365736533649, "encoding_time": 0.2727622985839844, "decoding_time": 0.15902185440063477}