{"MSE": 7.179149627685547, "PSNR": 39.57007355884025, "encoding_time": 0.2726469039916992, "decoding_time": 0.16008496284484863}