{"MSE": 9.46805191040039, "PSNR": 38.36819730502009, "encoding_time": 0.2831737995147705, "decoding_time": 0.17676520347595215}