{"MSE": 8.261852264404297, "PSNR": 38.96002936062206, "encoding_time": 0.2815091609954834, "decoding_time": 0.17339587211608887}