{"MSE": 8.31216812133789, "PSNR": 38.933660422197825, "encoding_time": 0.2763519287109375, "decoding_time": 0.1628870964050293}