{"MSE": 8.203418731689453, "PSNR": 38.99085480815069, "encoding_time": 0.26217103004455566, "decoding_time": 0.1534411907196045}