{"MSE": 8.077163696289062, "PSNR": 39.05821476244023, "encoding_time": 0.26250123977661133, "decoding_time": 0.15160298347473145}