{"MSE": 8.255802154541016, "PSNR": 38.96321084072739, "encoding_time": 0.26969194412231445, "decoding_time": 0.15427088737487793}