{"MSE": 8.335712432861328, "PSNR": 38.921376370352654, "encoding_time": 0.2706167697906494, "decoding_time": 0.1555032730102539}