{"MSE": 8.463401794433594, "PSNR": 38.85535401658574, "encoding_time": 0.25546693801879883, "decoding_time": 0.1489858627319336}