{"MSE": 8.883163452148438, "PSNR": 38.6451270757207, "encoding_time": 0.274399995803833, "decoding_time": 0.1578691005706787}