{"MSE": 6.703804016113281, "PSNR": 39.86759051541138, "encoding_time": 0.2617177963256836, "decoding_time": 0.13814711570739746}