{"MSE": 7.880954742431641, "PSNR": 39.16501527356422, "encoding_time": 0.27173280715942383, "decoding_time": 0.1510922908782959}