{"MSE": 7.706920623779297, "PSNR": 39.26199474806796, "encoding_time": 0.2657132148742676, "decoding_time": 0.14601874351501465}