{"MSE": 8.166217803955078, "PSNR": 39.01059401911549, "encoding_time": 0.2563199996948242, "decoding_time": 0.15087318420410156}