{"MSE": 8.107223510742188, "PSNR": 39.04208214476525, "encoding_time": 0.2597322463989258, "decoding_time": 0.14596986770629883}