{"MSE": 8.15582275390625, "PSNR": 39.01612581946812, "encoding_time": 0.271273136138916, "decoding_time": 0.15099883079528809}