{"MSE": 9.176292419433594, "PSNR": 38.504131161618275, "encoding_time": 0.2794229984283447, "decoding_time": 0.16121602058410645}