{"MSE": 8.684089660644531, "PSNR": 38.743560621009415, "encoding_time": 0.26050400733947754, "decoding_time": 0.15688776969909668}