{"MSE": 8.60715103149414, "PSNR": 38.78220937178534, "encoding_time": 59.5955069065094, "decoding_time": 0.16385412216186523}