{"MSE": 8.182846069335938, "PSNR": 39.001759792954765, "encoding_time": 0.2617068290710449, "decoding_time": 0.1478431224822998}