{"MSE": 9.780830383300781, "PSNR": 38.22704633321991, "encoding_time": 0.2788352966308594, "decoding_time": 0.16311883926391602}