{"MSE": 8.03860092163086, "PSNR": 39.07899892329449, "encoding_time": 0.2593080997467041, "decoding_time": 0.1497337818145752}