{"MSE": 8.044597625732422, "PSNR": 39.075760344085346, "encoding_time": 0.26233816146850586, "decoding_time": 0.14908599853515625}