{"MSE": 7.969936370849609, "PSNR": 39.11625506711348, "encoding_time": 0.26121068000793457, "decoding_time": 0.1479501724243164}