{"MSE": 8.205070495605469, "PSNR": 38.989980441295074, "encoding_time": 0.2583742141723633, "decoding_time": 0.1524968147277832}