{"MSE": 9.875045776367188, "PSNR": 38.18541243366618, "encoding_time": 0.279008150100708, "decoding_time": 0.16605782508850098}