{"MSE": 7.155464172363281, "PSNR": 39.58442549332921, "encoding_time": 0.2765688896179199, "decoding_time": 0.16233587265014648}