{"MSE": 6.944408416748047, "PSNR": 39.714451060836865, "encoding_time": 0.2747070789337158, "decoding_time": 0.16277790069580078}