{"MSE": 7.348079681396484, "PSNR": 39.4690650378896, "encoding_time": 0.2805449962615967, "decoding_time": 0.16594386100769043}