{"MSE": 7.127079010009766, "PSNR": 39.60168787503669, "encoding_time": 0.27428507804870605, "decoding_time": 0.16332483291625977}