{"MSE": 6.684375762939453, "PSNR": 39.880195050469005, "encoding_time": 0.2747020721435547, "decoding_time": 0.15512990951538086}