{"MSE": 6.6877593994140625, "PSNR": 39.87799720448074, "encoding_time": 0.27295994758605957, "decoding_time": 0.15473508834838867}