{"MSE": 6.775325775146484, "PSNR": 39.82150178820066, "encoding_time": 0.28073787689208984, "decoding_time": 0.1609179973602295}