{"MSE": 7.08062744140625, "PSNR": 39.630086169822775, "encoding_time": 0.2808718681335449, "decoding_time": 0.16427278518676758}