{"MSE": 11.053600311279297, "PSNR": 37.6957660405477, "encoding_time": 0.31514406204223633, "decoding_time": 0.21340584754943848}