{"MSE": 9.982891082763672, "PSNR": 38.138240280511894, "encoding_time": 0.3000528812408447, "decoding_time": 0.20586705207824707}