{"MSE": 10.511016845703125, "PSNR": 37.91435628748686, "encoding_time": 0.30309104919433594, "decoding_time": 0.2082209587097168}