{"MSE": 8.645469665527344, "PSNR": 38.7629176954989, "encoding_time": 0.2915501594543457, "decoding_time": 0.18461298942565918}