{"MSE": 9.954025268554688, "PSNR": 38.15081621990552, "encoding_time": 0.2973508834838867, "decoding_time": 0.193619966506958}