{"MSE": 10.252731323242188, "PSNR": 38.02240784198386, "encoding_time": 0.30756306648254395, "decoding_time": 0.20967388153076172}