{"MSE": 10.590831756591797, "PSNR": 37.88150291873443, "encoding_time": 0.3072819709777832, "decoding_time": 0.2048640251159668}