{"MSE": 9.241600036621094, "PSNR": 38.47333191929452, "encoding_time": 0.29175901412963867, "decoding_time": 0.1905820369720459}