{"MSE": 9.286796569824219, "PSNR": 38.452144285717814, "encoding_time": 0.2965240478515625, "decoding_time": 0.19535398483276367}