{"MSE": 10.562973022460938, "PSNR": 37.892941902526644, "encoding_time": 0.298809289932251, "decoding_time": 0.2024538516998291}