{"MSE": 10.988380432128906, "PSNR": 37.72146674015069, "encoding_time": 0.3100149631500244, "decoding_time": 0.21880197525024414}