{"MSE": 9.56985092163086, "PSNR": 38.32175188442934, "encoding_time": 0.2955660820007324, "decoding_time": 0.1947019100189209}