{"MSE": 9.417789459228516, "PSNR": 38.39131383586575, "encoding_time": 0.30672502517700195, "decoding_time": 0.20704007148742676}