{"MSE": 9.784332275390625, "PSNR": 38.22549167972316, "encoding_time": 0.3007478713989258, "decoding_time": 0.2011430263519287}