{"MSE": 10.107669830322266, "PSNR": 38.084293137311384, "encoding_time": 0.3039209842681885, "decoding_time": 0.20876026153564453}