{"MSE": 10.980525970458984, "PSNR": 37.72457217420772, "encoding_time": 0.3116428852081299, "decoding_time": 0.2209022045135498}