{"MSE": 10.11306381225586, "PSNR": 38.081976132709855, "encoding_time": 0.2978997230529785, "decoding_time": 0.19900226593017578}