{"MSE": 10.013927459716797, "PSNR": 38.12475919796513, "encoding_time": 0.2951009273529053, "decoding_time": 0.19831299781799316}