{"MSE": 11.229904174804688, "PSNR": 37.627043104418135, "encoding_time": 0.3143270015716553, "decoding_time": 0.21403193473815918}