{"MSE": 10.21231460571289, "PSNR": 38.03956175434826, "encoding_time": 0.2970600128173828, "decoding_time": 0.20113801956176758}