{"MSE": 9.65399169921875, "PSNR": 38.28373439804031, "encoding_time": 0.29968690872192383, "decoding_time": 0.22684597969055176}