{"MSE": 10.040706634521484, "PSNR": 38.11316082653108, "encoding_time": 0.30149102210998535, "decoding_time": 0.20300889015197754}