{"MSE": 10.287944793701172, "PSNR": 38.00751735755811, "encoding_time": 0.2991611957550049, "decoding_time": 0.20261192321777344}