{"MSE": 9.434188842773438, "PSNR": 38.383757956623164, "encoding_time": 0.2919762134552002, "decoding_time": 0.1920309066772461}