{"MSE": 9.565071105957031, "PSNR": 38.32392157982903, "encoding_time": 0.2967050075531006, "decoding_time": 0.19891810417175293}