{"MSE": 11.45193862915039, "PSNR": 37.54201348892847, "encoding_time": 0.3175368309020996, "decoding_time": 0.24103236198425293}