{"MSE": 11.657730102539062, "PSNR": 37.464663644680165, "encoding_time": 0.3177967071533203, "decoding_time": 0.21901416778564453}