{"MSE": 10.329048156738281, "PSNR": 37.990200586437915, "encoding_time": 0.297853946685791, "decoding_time": 0.20081305503845215}