{"MSE": 10.841064453125, "PSNR": 37.78008434438382, "encoding_time": 0.3152589797973633, "decoding_time": 0.2020101547241211}