{"MSE": 10.207626342773438, "PSNR": 38.04155596849925, "encoding_time": 0.29979705810546875, "decoding_time": 0.20599699020385742}