{"MSE": 10.206966400146484, "PSNR": 38.041836757290845, "encoding_time": 0.29726505279541016, "decoding_time": 0.20284390449523926}