{"MSE": 9.521507263183594, "PSNR": 38.343746578333196, "encoding_time": 0.2974100112915039, "decoding_time": 0.20198988914489746}