{"MSE": 9.463863372802734, "PSNR": 38.37011898992981, "encoding_time": 0.31307101249694824, "decoding_time": 0.21259212493896484}