{"MSE": 9.717208862304688, "PSNR": 38.25538823284561, "encoding_time": 0.2986118793487549, "decoding_time": 0.19342494010925293}