{"MSE": 12.645267486572266, "PSNR": 37.111523404169326, "encoding_time": 0.320925235748291, "decoding_time": 0.22933197021484375}