{"MSE": 10.543773651123047, "PSNR": 37.90084286751833, "encoding_time": 0.2979111671447754, "decoding_time": 0.2019519805908203}