{"MSE": 10.59243392944336, "PSNR": 37.88084597108516, "encoding_time": 0.31760311126708984, "decoding_time": 0.22272109985351562}