{"MSE": 10.478851318359375, "PSNR": 37.927666825560415, "encoding_time": 0.30130505561828613, "decoding_time": 0.20316219329833984}