{"MSE": 10.915081024169922, "PSNR": 37.75053396982231, "encoding_time": 0.3178830146789551, "decoding_time": 0.2276439666748047}