{"MSE": 9.778766632080078, "PSNR": 38.22796278949433, "encoding_time": 0.29883313179016113, "decoding_time": 0.20167207717895508}