{"MSE": 10.221912384033203, "PSNR": 38.035482067388095, "encoding_time": 0.3034250736236572, "decoding_time": 0.20157098770141602}