{"MSE": 10.521873474121094, "PSNR": 37.90987285780977, "encoding_time": 0.2993438243865967, "decoding_time": 0.20389199256896973}