{"MSE": 10.108619689941406, "PSNR": 38.08388503196538, "encoding_time": 0.3000969886779785, "decoding_time": 0.20137500762939453}