{"MSE": 10.515159606933594, "PSNR": 37.91264491750043, "encoding_time": 0.2978489398956299, "decoding_time": 0.20060396194458008}