{"MSE": 9.5054931640625, "PSNR": 38.351057070125904, "encoding_time": 0.30504298210144043, "decoding_time": 0.2048349380493164}