{"MSE": 10.33114242553711, "PSNR": 37.989320120807704, "encoding_time": 0.2996978759765625, "decoding_time": 0.20381593704223633}