{"MSE": 10.329105377197266, "PSNR": 37.990176527627874, "encoding_time": 0.29582905769348145, "decoding_time": 0.20017099380493164}