{"MSE": 10.973262786865234, "PSNR": 37.72744581092324, "encoding_time": 0.3101019859313965, "decoding_time": 0.2113630771636963}