{"MSE": 10.477142333984375, "PSNR": 37.928375169433465, "encoding_time": 0.31480908393859863, "decoding_time": 0.2222900390625}