{"MSE": 10.271644592285156, "PSNR": 38.01440376844816, "encoding_time": 0.2985248565673828, "decoding_time": 0.2026050090789795}