{"MSE": 10.492012023925781, "PSNR": 37.92221581244521, "encoding_time": 0.2980921268463135, "decoding_time": 0.20263290405273438}