{"MSE": 9.98101806640625, "PSNR": 38.13905519172478, "encoding_time": 0.29961395263671875, "decoding_time": 0.20484209060668945}