{"MSE": 10.352725982666016, "PSNR": 37.98025641668988, "encoding_time": 0.3034539222717285, "decoding_time": 0.20196914672851562}