{"MSE": 9.549201965332031, "PSNR": 38.33113282114984, "encoding_time": 0.29137206077575684, "decoding_time": 0.19371390342712402}