{"MSE": 10.13247299194336, "PSNR": 38.0736490606243, "encoding_time": 0.300274133682251, "decoding_time": 0.2062699794769287}