{"MSE": 10.466094970703125, "PSNR": 37.932956896019306, "encoding_time": 0.3100302219390869, "decoding_time": 0.21321773529052734}