{"MSE": 9.86489486694336, "PSNR": 38.1898789965777, "encoding_time": 0.30870509147644043, "decoding_time": 0.19681787490844727}