{"MSE": 10.205375671386719, "PSNR": 38.04251364651948, "encoding_time": 0.3020317554473877, "decoding_time": 0.20121312141418457}