{"MSE": 10.078922271728516, "PSNR": 38.09666264915598, "encoding_time": 0.3018531799316406, "decoding_time": 0.20759797096252441}