{"MSE": 9.560321807861328, "PSNR": 38.32607849656017, "encoding_time": 0.29695701599121094, "decoding_time": 0.20073819160461426}