{"MSE": 10.393478393554688, "PSNR": 37.96319443309409, "encoding_time": 0.3026399612426758, "decoding_time": 0.20806479454040527}