{"MSE": 10.259506225585938, "PSNR": 38.0195390152132, "encoding_time": 0.30481505393981934, "decoding_time": 0.20854401588439941}