{"MSE": 10.794120788574219, "PSNR": 37.79893087261213, "encoding_time": 0.33779287338256836, "decoding_time": 0.21565604209899902}