{"MSE": 9.835224151611328, "PSNR": 38.202960986259164, "encoding_time": 0.30133914947509766, "decoding_time": 0.20286297798156738}