{"MSE": 10.449447631835938, "PSNR": 37.93987027051071, "encoding_time": 0.30076003074645996, "decoding_time": 0.20205330848693848}