{"MSE": 9.890094757080078, "PSNR": 38.17879908271756, "encoding_time": 0.29894304275512695, "decoding_time": 0.19885826110839844}