{"MSE": 10.418716430664062, "PSNR": 37.9526614300005, "encoding_time": 0.33214902877807617, "decoding_time": 0.21144986152648926}