{"MSE": 10.290351867675781, "PSNR": 38.0065013561206, "encoding_time": 0.29933714866638184, "decoding_time": 0.20049786567687988}