{"MSE": 10.994014739990234, "PSNR": 37.71924045966765, "encoding_time": 0.3106410503387451, "decoding_time": 0.21381306648254395}