{"MSE": 10.484596252441406, "PSNR": 37.92528649835063, "encoding_time": 0.3171210289001465, "decoding_time": 0.22656631469726562}