{"MSE": 10.060787200927734, "PSNR": 38.104483976784465, "encoding_time": 0.30295681953430176, "decoding_time": 0.20561909675598145}