{"MSE": 9.881214141845703, "PSNR": 38.18270049609518, "encoding_time": 0.3002021312713623, "decoding_time": 0.20401716232299805}