{"MSE": 10.0181884765625, "PSNR": 38.12291162865475, "encoding_time": 0.29819297790527344, "decoding_time": 0.20213890075683594}