{"MSE": 9.381385803222656, "PSNR": 38.40813364467684, "encoding_time": 0.30440521240234375, "decoding_time": 0.20259976387023926}