{"MSE": 10.463150024414062, "PSNR": 37.93417908433196, "encoding_time": 0.3014981746673584, "decoding_time": 0.20250988006591797}