{"MSE": 12.232860565185547, "PSNR": 37.255523353598946, "encoding_time": 0.3269197940826416, "decoding_time": 0.22646188735961914}