{"MSE": 10.95590591430664, "PSNR": 37.73432066847222, "encoding_time": 0.32515811920166016, "decoding_time": 0.2389991283416748}