{"MSE": 10.602115631103516, "PSNR": 37.87687824354569, "encoding_time": 0.2998228073120117, "decoding_time": 0.2029740810394287}