{"MSE": 10.243980407714844, "PSNR": 38.026116216874364, "encoding_time": 0.30015015602111816, "decoding_time": 0.2034459114074707}