{"MSE": 9.582027435302734, "PSNR": 38.31622950870149, "encoding_time": 0.2942080497741699, "decoding_time": 0.1938309669494629}