{"MSE": 9.857769012451172, "PSNR": 38.19301723331731, "encoding_time": 0.30027318000793457, "decoding_time": 0.20501303672790527}