{"MSE": 9.838764190673828, "PSNR": 38.20139809070346, "encoding_time": 0.3017559051513672, "decoding_time": 0.2034742832183838}