{"MSE": 10.577457427978516, "PSNR": 37.88699074804187, "encoding_time": 0.29789113998413086, "decoding_time": 0.20069098472595215}