{"MSE": 10.210521697998047, "PSNR": 38.040324283036774, "encoding_time": 0.3012259006500244, "decoding_time": 0.20363211631774902}