{"MSE": 9.635967254638672, "PSNR": 38.291850453774174, "encoding_time": 0.30035877227783203, "decoding_time": 0.2030031681060791}