{"MSE": 10.327545166015625, "PSNR": 37.99083257891428, "encoding_time": 0.304171085357666, "decoding_time": 0.20883679389953613}