{"MSE": 9.785388946533203, "PSNR": 38.22502268331627, "encoding_time": 0.3046729564666748, "decoding_time": 0.2278141975402832}