{"MSE": 9.909832000732422, "PSNR": 38.1701406882192, "encoding_time": 0.29970407485961914, "decoding_time": 0.20598483085632324}