{"MSE": 11.845558166503906, "PSNR": 37.39524831231553, "encoding_time": 0.29189205169677734, "decoding_time": 0.19522786140441895}