{"MSE": 13.601020812988281, "PSNR": 36.79508855673395, "encoding_time": 0.30356788635253906, "decoding_time": 0.20876598358154297}