{"MSE": 15.172557830810547, "PSNR": 36.320215593714764, "encoding_time": 0.3070650100708008, "decoding_time": 0.22083306312561035}