{"MSE": 13.268547058105469, "PSNR": 36.90256991823702, "encoding_time": 0.30594801902770996, "decoding_time": 0.21100211143493652}