{"MSE": 13.908802032470703, "PSNR": 36.69790635124054, "encoding_time": 0.3052830696105957, "decoding_time": 0.21205711364746094}