{"MSE": 14.286605834960938, "PSNR": 36.58151298083608, "encoding_time": 0.3061811923980713, "decoding_time": 0.21313786506652832}