{"MSE": 14.285259246826172, "PSNR": 36.5819223456396, "encoding_time": 0.3054499626159668, "decoding_time": 0.2137150764465332}