{"MSE": 12.343238830566406, "PSNR": 37.21651228587062, "encoding_time": 0.2972397804260254, "decoding_time": 0.19944500923156738}