{"MSE": 11.250679016113281, "PSNR": 37.619016265047904, "encoding_time": 0.2929818630218506, "decoding_time": 0.18836307525634766}