{"MSE": 11.727008819580078, "PSNR": 37.43893109094228, "encoding_time": 0.29670286178588867, "decoding_time": 0.19677495956420898}