{"MSE": 11.481334686279297, "PSNR": 37.530879838518295, "encoding_time": 0.2894258499145508, "decoding_time": 0.19003796577453613}