{"MSE": 14.75851058959961, "PSNR": 36.44037829624543, "encoding_time": 0.30886292457580566, "decoding_time": 0.21602606773376465}