{"MSE": 11.145271301269531, "PSNR": 37.6598971620686, "encoding_time": 0.29165005683898926, "decoding_time": 0.18914294242858887}