{"MSE": 8.764663696289062, "PSNR": 38.70345104174316, "encoding_time": 0.27701473236083984, "decoding_time": 0.16284799575805664}