{"MSE": 7.8727264404296875, "PSNR": 39.16955199922009, "encoding_time": 0.27640390396118164, "decoding_time": 0.1600818634033203}