{"MSE": 8.084781646728516, "PSNR": 39.05412065865004, "encoding_time": 0.2715780735015869, "decoding_time": 0.15928101539611816}