{"MSE": 12.743080139160156, "PSNR": 37.07805946545107, "encoding_time": 0.3037269115447998, "decoding_time": 0.20822691917419434}