{"MSE": 11.440624237060547, "PSNR": 37.54630639268025, "encoding_time": 0.2904081344604492, "decoding_time": 0.19072484970092773}