{"MSE": 14.55837631225586, "PSNR": 36.499674198159695, "encoding_time": 0.30623412132263184, "decoding_time": 0.2160499095916748}