{"MSE": 9.206443786621094, "PSNR": 38.48988455111677, "encoding_time": 0.28407907485961914, "decoding_time": 0.17142772674560547}