{"MSE": 11.514324188232422, "PSNR": 37.518419079236786, "encoding_time": 0.2903459072113037, "decoding_time": 0.19186997413635254}