{"MSE": 10.244884490966797, "PSNR": 38.02573294686921, "encoding_time": 0.28646206855773926, "decoding_time": 0.17665910720825195}