{"MSE": 11.122528076171875, "PSNR": 37.66876850173507, "encoding_time": 0.2906210422515869, "decoding_time": 0.1891481876373291}