{"MSE": 13.307838439941406, "PSNR": 36.88972841068769, "encoding_time": 0.3071579933166504, "decoding_time": 0.21076416969299316}