{"MSE": 13.911758422851562, "PSNR": 36.69698333314703, "encoding_time": 0.3010218143463135, "decoding_time": 0.2088472843170166}