{"MSE": 11.566287994384766, "PSNR": 37.4988635906539, "encoding_time": 0.2941591739654541, "decoding_time": 0.19053006172180176}