{"MSE": 11.40060806274414, "PSNR": 37.56152345386537, "encoding_time": 0.291182279586792, "decoding_time": 0.19164371490478516}