{"MSE": 8.955204010009766, "PSNR": 38.61004876834476, "encoding_time": 0.28247594833374023, "decoding_time": 0.1707000732421875}