{"MSE": 8.842155456542969, "PSNR": 38.66522214771557, "encoding_time": 0.27648496627807617, "decoding_time": 0.16327500343322754}