{"MSE": 11.548103332519531, "PSNR": 37.505696995713976, "encoding_time": 0.29323530197143555, "decoding_time": 0.19000983238220215}