{"MSE": 13.288799285888672, "PSNR": 36.89594618982416, "encoding_time": 0.30899715423583984, "decoding_time": 0.21285772323608398}