{"MSE": 9.033744812011719, "PSNR": 38.57212542552705, "encoding_time": 0.2851529121398926, "decoding_time": 0.1735241413116455}