{"MSE": 11.215614318847656, "PSNR": 37.6325729445326, "encoding_time": 0.29074525833129883, "decoding_time": 0.1884627342224121}