{"MSE": 11.582706451416016, "PSNR": 37.492703110117816, "encoding_time": 0.29363584518432617, "decoding_time": 0.19565582275390625}