{"MSE": 11.74365234375, "PSNR": 37.43277174854652, "encoding_time": 0.29316115379333496, "decoding_time": 0.19324398040771484}