{"MSE": 8.770065307617188, "PSNR": 38.700775334503106, "encoding_time": 0.2805366516113281, "decoding_time": 0.166168212890625}