{"MSE": 10.621086120605469, "PSNR": 37.86911430556847, "encoding_time": 0.28545308113098145, "decoding_time": 0.17812108993530273}