{"MSE": 11.287910461425781, "PSNR": 37.60466805042147, "encoding_time": 0.2903940677642822, "decoding_time": 0.19245386123657227}