{"MSE": 8.948921203613281, "PSNR": 38.6130967678737, "encoding_time": 0.28148412704467773, "decoding_time": 0.1728651523590088}