{"MSE": 11.25668716430664, "PSNR": 37.61669764131567, "encoding_time": 0.2926161289215088, "decoding_time": 0.19318795204162598}