{"MSE": 12.07253646850586, "PSNR": 37.312818348844104, "encoding_time": 0.2946939468383789, "decoding_time": 0.1959071159362793}