{"MSE": 15.134841918945312, "PSNR": 36.3310247168951, "encoding_time": 0.3085792064666748, "decoding_time": 0.21774077415466309}