{"MSE": 7.682025909423828, "PSNR": 39.27604593276865, "encoding_time": 0.2735862731933594, "decoding_time": 0.15655970573425293}