{"MSE": 11.448486328125, "PSNR": 37.543322910303274, "encoding_time": 0.2949681282043457, "decoding_time": 0.18938899040222168}