{"MSE": 14.044303894042969, "PSNR": 36.655801426039304, "encoding_time": 0.3066589832305908, "decoding_time": 0.21304106712341309}