{"MSE": 6.151275634765625, "PSNR": 40.24115172947446, "encoding_time": 0.27927184104919434, "decoding_time": 0.16382694244384766}