{"MSE": 5.286262512207031, "PSNR": 40.89931634767616, "encoding_time": 0.26908183097839355, "decoding_time": 0.14542508125305176}