{"MSE": 5.791328430175781, "PSNR": 40.503021661005725, "encoding_time": 0.2759678363800049, "decoding_time": 0.1607811450958252}