{"MSE": 5.867809295654297, "PSNR": 40.44604370078201, "encoding_time": 0.2714240550994873, "decoding_time": 0.15464305877685547}