{"MSE": 4.679176330566406, "PSNR": 41.42910949369029, "encoding_time": 0.2634420394897461, "decoding_time": 0.14112305641174316}