{"MSE": 5.964839935302734, "PSNR": 40.37481566867831, "encoding_time": 0.2758190631866455, "decoding_time": 0.15815091133117676}