{"MSE": 5.28594970703125, "PSNR": 40.89957334130999, "encoding_time": 0.2676846981048584, "decoding_time": 0.14757919311523438}