{"MSE": 5.565971374511719, "PSNR": 40.6753939241706, "encoding_time": 0.26502418518066406, "decoding_time": 0.14492511749267578}