{"MSE": 5.994945526123047, "PSNR": 40.352951196901984, "encoding_time": 0.2751171588897705, "decoding_time": 0.15753793716430664}