{"MSE": 5.622852325439453, "PSNR": 40.6312368320751, "encoding_time": 0.27353596687316895, "decoding_time": 0.15609073638916016}