{"MSE": 5.328868865966797, "PSNR": 40.86445327714206, "encoding_time": 0.26224732398986816, "decoding_time": 0.1428968906402588}