{"MSE": 6.050060272216797, "PSNR": 40.313206596434114, "encoding_time": 0.2739410400390625, "decoding_time": 0.1572709083557129}