{"MSE": 6.001140594482422, "PSNR": 40.348465593488314, "encoding_time": 0.2738158702850342, "decoding_time": 0.15954303741455078}