{"MSE": 4.221076965332031, "PSNR": 41.876570898994146, "encoding_time": 0.2653188705444336, "decoding_time": 0.14180302619934082}