{"MSE": 5.349697113037109, "PSNR": 40.84751166857963, "encoding_time": 0.2750661373138428, "decoding_time": 0.15481877326965332}