{"MSE": 5.682353973388672, "PSNR": 40.58552076940128, "encoding_time": 0.27053117752075195, "decoding_time": 0.15161585807800293}