{"MSE": 5.707996368408203, "PSNR": 40.56596672735879, "encoding_time": 0.271744966506958, "decoding_time": 0.15478086471557617}