{"MSE": 5.0294189453125, "PSNR": 41.11562547466254, "encoding_time": 0.26754093170166016, "decoding_time": 0.14557600021362305}