{"MSE": 5.6686859130859375, "PSNR": 40.59597966320492, "encoding_time": 0.2739231586456299, "decoding_time": 0.15515685081481934}