{"MSE": 5.977611541748047, "PSNR": 40.365526721045704, "encoding_time": 0.2684810161590576, "decoding_time": 0.1472010612487793}