{"MSE": 4.250965118408203, "PSNR": 41.845928195199335, "encoding_time": 0.2652721405029297, "decoding_time": 0.14232993125915527}