{"MSE": 4.956504821777344, "PSNR": 41.17904827863852, "encoding_time": 0.27187204360961914, "decoding_time": 0.15118002891540527}