{"MSE": 8.232406616210938, "PSNR": 38.975535478482904, "encoding_time": 0.2879629135131836, "decoding_time": 0.1828320026397705}