{"MSE": 9.201885223388672, "PSNR": 38.492035489310716, "encoding_time": 0.29730772972106934, "decoding_time": 0.1935122013092041}