{"MSE": 7.952873229980469, "PSNR": 39.12556301080657, "encoding_time": 0.2865750789642334, "decoding_time": 0.18141913414001465}