{"MSE": 8.208961486816406, "PSNR": 38.98792142734224, "encoding_time": 0.2884519100189209, "decoding_time": 0.18351411819458008}