{"MSE": 8.620803833007812, "PSNR": 38.775325980636715, "encoding_time": 0.2910270690917969, "decoding_time": 0.18647980690002441}