{"MSE": 8.223682403564453, "PSNR": 38.9801403123067, "encoding_time": 0.28766703605651855, "decoding_time": 0.18316292762756348}