{"MSE": 8.527385711669922, "PSNR": 38.82264453383457, "encoding_time": 0.28905797004699707, "decoding_time": 0.18651175498962402}