{"MSE": 9.302867889404297, "PSNR": 38.44463507309621, "encoding_time": 0.29729390144348145, "decoding_time": 0.19560027122497559}