{"MSE": 8.418891906738281, "PSNR": 38.87825427379888, "encoding_time": 0.28987789154052734, "decoding_time": 0.18779802322387695}