{"MSE": 7.922039031982422, "PSNR": 39.14243383020183, "encoding_time": 0.28357625007629395, "decoding_time": 0.1799459457397461}