{"MSE": 8.611408233642578, "PSNR": 38.78006182922894, "encoding_time": 0.28913402557373047, "decoding_time": 0.1868910789489746}