{"MSE": 8.543281555175781, "PSNR": 38.814556415183795, "encoding_time": 0.29074716567993164, "decoding_time": 0.18721985816955566}