{"MSE": 9.250244140625, "PSNR": 38.46927165693523, "encoding_time": 0.2954292297363281, "decoding_time": 0.1943669319152832}