{"MSE": 8.18807601928711, "PSNR": 38.99898494805672, "encoding_time": 0.2866361141204834, "decoding_time": 0.18089008331298828}