{"MSE": 8.05203628540039, "PSNR": 39.07174637558191, "encoding_time": 0.28607892990112305, "decoding_time": 0.1786799430847168}