{"MSE": 8.919227600097656, "PSNR": 38.62753114511948, "encoding_time": 0.29140257835388184, "decoding_time": 0.1889042854309082}