{"MSE": 9.124313354492188, "PSNR": 38.52880169117532, "encoding_time": 0.29625582695007324, "decoding_time": 0.19351720809936523}