{"MSE": 11.030349731445312, "PSNR": 37.704910783435, "encoding_time": 0.2939889430999756, "decoding_time": 0.193267822265625}