{"MSE": 9.393035888671875, "PSNR": 38.402743791868865, "encoding_time": 0.2919318675994873, "decoding_time": 0.18755888938903809}