{"MSE": 10.179962158203125, "PSNR": 38.0533419725952, "encoding_time": 0.29865288734436035, "decoding_time": 0.2017371654510498}