{"MSE": 10.05875015258789, "PSNR": 38.10536339944796, "encoding_time": 0.2931358814239502, "decoding_time": 0.19141077995300293}