{"MSE": 8.374462127685547, "PSNR": 38.901234379924134, "encoding_time": 0.29062509536743164, "decoding_time": 0.18016386032104492}