{"MSE": 8.509780883789062, "PSNR": 38.83161983178908, "encoding_time": 0.28639888763427734, "decoding_time": 0.1820690631866455}