{"MSE": 8.458698272705078, "PSNR": 38.857768271999326, "encoding_time": 0.290010929107666, "decoding_time": 0.18053889274597168}