{"MSE": 9.103496551513672, "PSNR": 38.538721288363845, "encoding_time": 0.2867569923400879, "decoding_time": 0.1793210506439209}