{"MSE": 14.779930114746094, "PSNR": 36.4340798031735, "encoding_time": 0.29306912422180176, "decoding_time": 0.19342303276062012}