{"MSE": 15.045780181884766, "PSNR": 36.35665648359608, "encoding_time": 0.29245805740356445, "decoding_time": 0.19576096534729004}