{"MSE": 16.30880355834961, "PSNR": 36.006582592430775, "encoding_time": 0.3019587993621826, "decoding_time": 0.20813226699829102}