{"MSE": 13.873580932617188, "PSNR": 36.70891788867912, "encoding_time": 0.2933330535888672, "decoding_time": 0.19349193572998047}