{"MSE": 14.391059875488281, "PSNR": 36.54987580751625, "encoding_time": 0.2920660972595215, "decoding_time": 0.1935579776763916}