{"MSE": 15.304553985595703, "PSNR": 36.28259683217934, "encoding_time": 0.2961139678955078, "decoding_time": 0.2054429054260254}