{"MSE": 13.991737365722656, "PSNR": 36.67208716318952, "encoding_time": 0.29059815406799316, "decoding_time": 0.18981385231018066}