{"MSE": 16.347721099853516, "PSNR": 35.996231410421935, "encoding_time": 0.29802703857421875, "decoding_time": 0.2063889503479004}