{"MSE": 15.783622741699219, "PSNR": 36.14873668955524, "encoding_time": 0.2978851795196533, "decoding_time": 0.20328593254089355}