{"MSE": 15.928169250488281, "PSNR": 36.109144990718995, "encoding_time": 0.2976570129394531, "decoding_time": 0.20532512664794922}