{"MSE": 15.706123352050781, "PSNR": 36.170113568955884, "encoding_time": 0.29315710067749023, "decoding_time": 0.20229196548461914}