{"MSE": 16.334381103515625, "PSNR": 35.99977676811272, "encoding_time": 0.3007330894470215, "decoding_time": 0.20862197875976562}