{"MSE": 17.286670684814453, "PSNR": 35.75369002205963, "encoding_time": 0.302746057510376, "decoding_time": 0.21372509002685547}