{"MSE": 14.815216064453125, "PSNR": 36.42372371274218, "encoding_time": 0.295745849609375, "decoding_time": 0.2026069164276123}