{"MSE": 15.086055755615234, "PSNR": 36.34504652403053, "encoding_time": 0.2917780876159668, "decoding_time": 0.19365286827087402}