{"MSE": 15.630531311035156, "PSNR": 36.19106620114945, "encoding_time": 0.2961559295654297, "decoding_time": 0.20291399955749512}