{"MSE": 14.993419647216797, "PSNR": 36.37179664341089, "encoding_time": 0.2917919158935547, "decoding_time": 0.19418716430664062}