{"MSE": 15.060562133789062, "PSNR": 36.35239178707973, "encoding_time": 0.2902870178222656, "decoding_time": 0.19481515884399414}