{"MSE": 17.347312927246094, "PSNR": 35.73848148095289, "encoding_time": 0.3041379451751709, "decoding_time": 0.2144308090209961}