{"MSE": 15.214252471923828, "PSNR": 36.30829742017558, "encoding_time": 0.2918088436126709, "decoding_time": 0.19331908226013184}