{"MSE": 16.08501434326172, "PSNR": 36.0665890836249, "encoding_time": 0.30704617500305176, "decoding_time": 0.21223878860473633}