{"MSE": 15.368877410888672, "PSNR": 36.26438214387133, "encoding_time": 0.29447507858276367, "decoding_time": 0.19820499420166016}