{"MSE": 15.437297821044922, "PSNR": 36.245090780879444, "encoding_time": 0.29435110092163086, "decoding_time": 0.20249390602111816}