{"MSE": 14.246387481689453, "PSNR": 36.59375608500027, "encoding_time": 0.29232096672058105, "decoding_time": 0.19106721878051758}