{"MSE": 14.218334197998047, "PSNR": 36.60231642884493, "encoding_time": 0.2900850772857666, "decoding_time": 0.18771886825561523}