{"MSE": 14.079418182373047, "PSNR": 36.64495652468469, "encoding_time": 0.29583311080932617, "decoding_time": 0.19352388381958008}