{"MSE": 16.680736541748047, "PSNR": 35.90865137770347, "encoding_time": 0.3050811290740967, "decoding_time": 0.21790480613708496}