{"MSE": 14.641704559326172, "PSNR": 36.47488721466799, "encoding_time": 0.28827977180480957, "decoding_time": 0.19173121452331543}