{"MSE": 15.83694839477539, "PSNR": 36.13408859308039, "encoding_time": 0.2987511157989502, "decoding_time": 0.20673775672912598}