{"MSE": 15.323486328125, "PSNR": 36.277227756748474, "encoding_time": 0.3012080192565918, "decoding_time": 0.20875096321105957}