{"MSE": 14.775398254394531, "PSNR": 36.435411652330636, "encoding_time": 0.29122304916381836, "decoding_time": 0.19292902946472168}