{"MSE": 14.897899627685547, "PSNR": 36.39955316912327, "encoding_time": 0.29241299629211426, "decoding_time": 0.19659900665283203}