{"MSE": 15.184123992919922, "PSNR": 36.31690619339681, "encoding_time": 0.3001840114593506, "decoding_time": 0.207535982131958}