{"MSE": 15.970939636230469, "PSNR": 36.09749892642691, "encoding_time": 0.29960107803344727, "decoding_time": 0.2072148323059082}