{"MSE": 15.678836822509766, "PSNR": 36.17766520651085, "encoding_time": 0.29640984535217285, "decoding_time": 0.2030191421508789}