{"MSE": 15.646541595458984, "PSNR": 36.18662001860093, "encoding_time": 0.2987480163574219, "decoding_time": 0.2032470703125}