{"MSE": 14.47176742553711, "PSNR": 36.525587864673334, "encoding_time": 0.29265809059143066, "decoding_time": 0.1939377784729004}