{"MSE": 15.990299224853516, "PSNR": 36.09223770136883, "encoding_time": 0.29500889778137207, "decoding_time": 0.2053391933441162}