{"MSE": 17.050128936767578, "PSNR": 35.81352693298048, "encoding_time": 0.30208516120910645, "decoding_time": 0.2126448154449463}