{"MSE": 15.310100555419922, "PSNR": 36.281023177515834, "encoding_time": 0.29329800605773926, "decoding_time": 0.19628000259399414}