{"MSE": 15.964813232421875, "PSNR": 36.099165186440615, "encoding_time": 0.30179500579833984, "decoding_time": 0.21283507347106934}