{"MSE": 15.964641571044922, "PSNR": 36.09921188413039, "encoding_time": 0.2975120544433594, "decoding_time": 0.2049868106842041}