{"MSE": 17.04741668701172, "PSNR": 35.814217842008354, "encoding_time": 0.30393290519714355, "decoding_time": 0.21328377723693848}