{"MSE": 16.251079559326172, "PSNR": 36.02198144409315, "encoding_time": 0.29691600799560547, "decoding_time": 0.20428800582885742}