{"MSE": 15.708072662353516, "PSNR": 36.16957459306823, "encoding_time": 0.30191493034362793, "decoding_time": 0.20175695419311523}