{"MSE": 16.031105041503906, "PSNR": 36.08116901091022, "encoding_time": 0.29812192916870117, "decoding_time": 0.20711779594421387}