{"MSE": 15.038909912109375, "PSNR": 36.35864003090548, "encoding_time": 0.2930002212524414, "decoding_time": 0.19561290740966797}