{"MSE": 16.839942932128906, "PSNR": 35.86739745456269, "encoding_time": 0.3008298873901367, "decoding_time": 0.21046996116638184}