{"MSE": 15.460384368896484, "PSNR": 36.23860073923658, "encoding_time": 0.29436588287353516, "decoding_time": 0.19963693618774414}