{"MSE": 13.746131896972656, "PSNR": 36.74899854129687, "encoding_time": 0.29311180114746094, "decoding_time": 0.19212007522583008}