{"MSE": 16.60112762451172, "PSNR": 35.92942772558538, "encoding_time": 0.30696702003479004, "decoding_time": 0.21736383438110352}