{"MSE": 15.976432800292969, "PSNR": 36.09600543842956, "encoding_time": 0.29656481742858887, "decoding_time": 0.20619702339172363}