{"MSE": 15.148853302001953, "PSNR": 36.32700600865283, "encoding_time": 0.2940680980682373, "decoding_time": 0.19820594787597656}