{"MSE": 15.703357696533203, "PSNR": 36.17087837556404, "encoding_time": 0.2938389778137207, "decoding_time": 0.1981370449066162}