{"MSE": 16.606163024902344, "PSNR": 35.92811063733287, "encoding_time": 0.30550599098205566, "decoding_time": 0.21546125411987305}