{"MSE": 16.012939453125, "PSNR": 36.08609299336189, "encoding_time": 0.2985858917236328, "decoding_time": 0.20325493812561035}