{"MSE": 15.393630981445312, "PSNR": 36.257392894956205, "encoding_time": 0.2975192070007324, "decoding_time": 0.203934907913208}