{"MSE": 15.476142883300781, "PSNR": 36.23417630181676, "encoding_time": 0.29220104217529297, "decoding_time": 0.19703984260559082}