{"MSE": 14.036197662353516, "PSNR": 36.658308854036974, "encoding_time": 0.29201269149780273, "decoding_time": 0.1912403106689453}