{"MSE": 15.741554260253906, "PSNR": 36.16032750168445, "encoding_time": 0.29723596572875977, "decoding_time": 0.20386195182800293}