{"MSE": 15.281913757324219, "PSNR": 36.28902616431781, "encoding_time": 0.29248905181884766, "decoding_time": 0.20110297203063965}