{"MSE": 13.994354248046875, "PSNR": 36.6712749757843, "encoding_time": 0.2926368713378906, "decoding_time": 0.19226598739624023}