{"MSE": 15.379196166992188, "PSNR": 36.26146724320756, "encoding_time": 0.2995898723602295, "decoding_time": 0.20296311378479004}