{"MSE": 16.030372619628906, "PSNR": 36.081367433941224, "encoding_time": 0.3079390525817871, "decoding_time": 0.20789885520935059}