{"MSE": 17.012619018554688, "PSNR": 35.82309184365806, "encoding_time": 0.30301403999328613, "decoding_time": 0.21164608001708984}