{"MSE": 15.20993423461914, "PSNR": 36.30953024632384, "encoding_time": 0.2925090789794922, "decoding_time": 0.20070385932922363}