{"MSE": 17.383098602294922, "PSNR": 35.72953167240152, "encoding_time": 0.30428194999694824, "decoding_time": 0.21413803100585938}