{"MSE": 14.656513214111328, "PSNR": 36.47049696973567, "encoding_time": 0.2895488739013672, "decoding_time": 0.19063115119934082}