{"MSE": 15.373889923095703, "PSNR": 36.26296593667851, "encoding_time": 0.2957487106323242, "decoding_time": 0.19955110549926758}