{"MSE": 15.681167602539062, "PSNR": 36.17701964224792, "encoding_time": 0.30384087562561035, "decoding_time": 0.2106633186340332}