{"MSE": 15.920032501220703, "PSNR": 36.1113641084023, "encoding_time": 0.29962992668151855, "decoding_time": 0.2064650058746338}