{"MSE": 16.19330596923828, "PSNR": 36.03744839005998, "encoding_time": 0.2977168560028076, "decoding_time": 0.20585298538208008}