{"MSE": 15.00954818725586, "PSNR": 36.36712741425098, "encoding_time": 0.28939008712768555, "decoding_time": 0.19358062744140625}