{"MSE": 16.044673919677734, "PSNR": 36.07749465632938, "encoding_time": 0.3057219982147217, "decoding_time": 0.21190214157104492}