{"MSE": 16.42557144165039, "PSNR": 35.97559873373475, "encoding_time": 0.30539798736572266, "decoding_time": 0.2154531478881836}