{"MSE": 15.732318878173828, "PSNR": 36.162876203315875, "encoding_time": 0.2985250949859619, "decoding_time": 0.20342302322387695}