{"MSE": 15.780990600585938, "PSNR": 36.149460997089975, "encoding_time": 0.29799604415893555, "decoding_time": 0.2059619426727295}