{"MSE": 15.397380828857422, "PSNR": 36.256335094025765, "encoding_time": 0.2991199493408203, "decoding_time": 0.20321202278137207}