{"MSE": 16.01067352294922, "PSNR": 36.08670759045567, "encoding_time": 0.30141782760620117, "decoding_time": 0.210618257522583}