{"MSE": 14.671764373779297, "PSNR": 36.46598017186808, "encoding_time": 0.2961850166320801, "decoding_time": 0.21325421333312988}