{"MSE": 14.981910705566406, "PSNR": 36.37513156585418, "encoding_time": 0.2929720878601074, "decoding_time": 0.1978778839111328}