{"MSE": 15.707637786865234, "PSNR": 36.169694828467776, "encoding_time": 0.29837512969970703, "decoding_time": 0.20241594314575195}