{"MSE": 15.873786926269531, "PSNR": 36.1239981439095, "encoding_time": 0.2986617088317871, "decoding_time": 0.20530104637145996}