{"MSE": 15.048076629638672, "PSNR": 36.35599366752987, "encoding_time": 0.2945687770843506, "decoding_time": 0.19652795791625977}