{"MSE": 15.485530853271484, "PSNR": 36.231542630449894, "encoding_time": 0.29723429679870605, "decoding_time": 0.20500564575195312}