{"MSE": 15.481010437011719, "PSNR": 36.232810574346544, "encoding_time": 0.2911357879638672, "decoding_time": 0.1947321891784668}