{"MSE": 15.790267944335938, "PSNR": 36.1469086127385, "encoding_time": 0.29566311836242676, "decoding_time": 0.20272493362426758}