{"MSE": 14.875091552734375, "PSNR": 36.40620713477408, "encoding_time": 0.29226112365722656, "decoding_time": 0.19550609588623047}