{"MSE": 14.652267456054688, "PSNR": 36.471755233823245, "encoding_time": 0.2905731201171875, "decoding_time": 0.19211769104003906}