{"MSE": 15.722938537597656, "PSNR": 36.165466441391196, "encoding_time": 0.29746389389038086, "decoding_time": 0.20689082145690918}