{"MSE": 15.914108276367188, "PSNR": 36.11298052281167, "encoding_time": 0.2974720001220703, "decoding_time": 0.20392704010009766}