{"MSE": 15.774360656738281, "PSNR": 36.15128594782321, "encoding_time": 0.29700303077697754, "decoding_time": 0.20473504066467285}