{"MSE": 16.612979888916016, "PSNR": 35.926328215387635, "encoding_time": 0.3055081367492676, "decoding_time": 0.21466898918151855}