{"MSE": 16.234466552734375, "PSNR": 36.02642338125173, "encoding_time": 0.2980010509490967, "decoding_time": 0.20859599113464355}