{"MSE": 15.938568115234375, "PSNR": 36.106310580854085, "encoding_time": 0.29932308197021484, "decoding_time": 0.2042980194091797}