{"MSE": 16.279949188232422, "PSNR": 36.01427315800275, "encoding_time": 0.3002300262451172, "decoding_time": 0.20878005027770996}