{"MSE": 15.292156219482422, "PSNR": 36.28611634893098, "encoding_time": 0.2953968048095703, "decoding_time": 0.20267438888549805}