{"MSE": 15.725944519042969, "PSNR": 36.164636217210564, "encoding_time": 0.2947878837585449, "decoding_time": 0.19743728637695312}