{"MSE": 14.856895446777344, "PSNR": 36.41152293784908, "encoding_time": 0.29006385803222656, "decoding_time": 0.1944880485534668}