{"MSE": 16.380428314208984, "PSNR": 35.987551073955544, "encoding_time": 0.3056180477142334, "decoding_time": 0.21609091758728027}