{"MSE": 15.445064544677734, "PSNR": 36.242906333169536, "encoding_time": 0.2954068183898926, "decoding_time": 0.20324420928955078}