{"MSE": 16.828548431396484, "PSNR": 35.870337039189536, "encoding_time": 0.303102970123291, "decoding_time": 0.21288108825683594}