{"MSE": 15.30575942993164, "PSNR": 36.282254778952705, "encoding_time": 0.2948567867279053, "decoding_time": 0.20159125328063965}