{"MSE": 14.838184356689453, "PSNR": 36.41699598207378, "encoding_time": 0.29213404655456543, "decoding_time": 0.19290399551391602}