{"MSE": 15.723445892333984, "PSNR": 36.16532630358752, "encoding_time": 0.2964668273925781, "decoding_time": 0.21102285385131836}