{"MSE": 15.22256851196289, "PSNR": 36.30592423514943, "encoding_time": 0.2982299327850342, "decoding_time": 0.20849895477294922}