{"MSE": 15.355693817138672, "PSNR": 36.26810916894594, "encoding_time": 0.29541826248168945, "decoding_time": 0.20118284225463867}