{"MSE": 17.150577545166016, "PSNR": 35.78801611389684, "encoding_time": 0.3030710220336914, "decoding_time": 0.21383118629455566}