{"MSE": 16.972000122070312, "PSNR": 35.83347334649689, "encoding_time": 0.3031342029571533, "decoding_time": 0.21270298957824707}