{"MSE": 16.365291595458984, "PSNR": 35.99156612930543, "encoding_time": 0.3021247386932373, "decoding_time": 0.21038317680358887}