{"MSE": 15.049270629882812, "PSNR": 36.35564908718316, "encoding_time": 0.2891881465911865, "decoding_time": 0.19420218467712402}