{"MSE": 15.475879669189453, "PSNR": 36.234250166092295, "encoding_time": 0.2932620048522949, "decoding_time": 0.1977219581604004}