{"MSE": 16.417022705078125, "PSNR": 35.97785962042831, "encoding_time": 0.3018150329589844, "decoding_time": 0.21105408668518066}