{"MSE": 16.294658660888672, "PSNR": 36.01035093535, "encoding_time": 0.30579423904418945, "decoding_time": 0.21308684349060059}