{"MSE": 15.303138732910156, "PSNR": 36.282998454371466, "encoding_time": 0.2978019714355469, "decoding_time": 0.2052600383758545}