{"MSE": 16.020294189453125, "PSNR": 36.084098738585794, "encoding_time": 0.3024768829345703, "decoding_time": 0.21097493171691895}