{"MSE": 16.028465270996094, "PSNR": 36.08188420313298, "encoding_time": 0.29914021492004395, "decoding_time": 0.2186260223388672}