{"MSE": 15.649497985839844, "PSNR": 36.185799503257925, "encoding_time": 0.2997403144836426, "decoding_time": 0.20598196983337402}