{"MSE": 15.139976501464844, "PSNR": 36.329551597654195, "encoding_time": 0.29135608673095703, "decoding_time": 0.19779706001281738}