{"MSE": 15.578933715820312, "PSNR": 36.205426313556636, "encoding_time": 0.2945280075073242, "decoding_time": 0.20097899436950684}