{"MSE": 15.019474029541016, "PSNR": 36.36425636593075, "encoding_time": 0.29169487953186035, "decoding_time": 0.19390106201171875}