{"MSE": 15.223342895507812, "PSNR": 36.30570331188916, "encoding_time": 0.29454898834228516, "decoding_time": 0.19967985153198242}