{"MSE": 16.59796142578125, "PSNR": 35.9302560993033, "encoding_time": 0.3022170066833496, "decoding_time": 0.21018385887145996}