{"MSE": 16.487430572509766, "PSNR": 35.95927381095255, "encoding_time": 0.30385470390319824, "decoding_time": 0.21314525604248047}