{"MSE": 15.079593658447266, "PSNR": 36.34690721872068, "encoding_time": 0.29130005836486816, "decoding_time": 0.195389986038208}