{"MSE": 15.584770202636719, "PSNR": 36.20379957877932, "encoding_time": 0.2958090305328369, "decoding_time": 0.20542001724243164}