{"MSE": 15.566936492919922, "PSNR": 36.208772072032204, "encoding_time": 0.2960340976715088, "decoding_time": 0.2035677433013916}