{"MSE": 15.567768096923828, "PSNR": 36.20854007302347, "encoding_time": 0.2974967956542969, "decoding_time": 0.20499134063720703}