{"MSE": 15.490238189697266, "PSNR": 36.230222650147184, "encoding_time": 0.30233311653137207, "decoding_time": 0.21002602577209473}