{"MSE": 16.04568862915039, "PSNR": 36.07722000519436, "encoding_time": 0.29924917221069336, "decoding_time": 0.2410879135131836}