{"MSE": 18.774463653564453, "PSNR": 35.39512821882756, "encoding_time": 0.2896897792816162, "decoding_time": 0.1873610019683838}