{"MSE": 13.967021942138672, "PSNR": 36.67976545446003, "encoding_time": 0.287919282913208, "decoding_time": 0.18253684043884277}