{"MSE": 16.426746368408203, "PSNR": 35.97528809251258, "encoding_time": 0.28618717193603516, "decoding_time": 0.18124103546142578}