{"MSE": 26.936275482177734, "PSNR": 33.82742815856683, "encoding_time": 0.31305480003356934, "decoding_time": 0.2215900421142578}