{"MSE": 23.514331817626953, "PSNR": 34.417477185062225, "encoding_time": 0.31093382835388184, "decoding_time": 0.22481703758239746}