{"MSE": 14.008174896240234, "PSNR": 36.66698805462575, "encoding_time": 0.29059576988220215, "decoding_time": 0.18279814720153809}