{"MSE": 23.114238739013672, "PSNR": 34.49200766225537, "encoding_time": 0.29897522926330566, "decoding_time": 0.20491504669189453}