{"MSE": 26.124099731445312, "PSNR": 33.96039027812046, "encoding_time": 0.3172931671142578, "decoding_time": 0.23455595970153809}