{"MSE": 25.091487884521484, "PSNR": 34.135539458315655, "encoding_time": 0.3145599365234375, "decoding_time": 0.22982287406921387}