{"MSE": 27.673019409179688, "PSNR": 33.710238131760384, "encoding_time": 0.32001781463623047, "decoding_time": 0.23282527923583984}