{"MSE": 27.28374481201172, "PSNR": 33.77176381995804, "encoding_time": 0.32527971267700195, "decoding_time": 0.2408292293548584}