{"MSE": 14.277359008789062, "PSNR": 36.58432480737614, "encoding_time": 0.27855420112609863, "decoding_time": 0.1688237190246582}