{"MSE": 18.336349487304688, "PSNR": 35.49767482932192, "encoding_time": 0.28873109817504883, "decoding_time": 0.1848599910736084}