{"MSE": 24.870098114013672, "PSNR": 34.174028622770784, "encoding_time": 0.3069291114807129, "decoding_time": 0.2121138572692871}