{"MSE": 25.040374755859375, "PSNR": 34.14439536601727, "encoding_time": 0.31639599800109863, "decoding_time": 0.23148584365844727}