{"MSE": 27.051021575927734, "PSNR": 33.8089669007927, "encoding_time": 0.321749210357666, "decoding_time": 0.23773598670959473}