{"MSE": 24.177555084228516, "PSNR": 34.29667979442973, "encoding_time": 0.313798189163208, "decoding_time": 0.2280728816986084}