{"MSE": 26.63266372680664, "PSNR": 33.87665755300189, "encoding_time": 0.3236861228942871, "decoding_time": 0.23810696601867676}