{"MSE": 27.360214233398438, "PSNR": 33.75960867234359, "encoding_time": 0.32166624069213867, "decoding_time": 0.23900270462036133}