{"MSE": 16.385009765625, "PSNR": 35.98633656305707, "encoding_time": 0.285938024520874, "decoding_time": 0.18070197105407715}