{"MSE": 14.051780700683594, "PSNR": 36.65348997518074, "encoding_time": 0.28109312057495117, "decoding_time": 0.1708388328552246}