{"MSE": 24.325618743896484, "PSNR": 34.27016465117966, "encoding_time": 0.30896806716918945, "decoding_time": 0.21377086639404297}