{"MSE": 21.112232208251953, "PSNR": 34.88546206931405, "encoding_time": 0.29582691192626953, "decoding_time": 0.19592022895812988}