{"MSE": 23.721275329589844, "PSNR": 34.379423265249955, "encoding_time": 0.3145279884338379, "decoding_time": 0.22852301597595215}