{"MSE": 13.503307342529297, "PSNR": 36.82640208321558, "encoding_time": 0.28692197799682617, "decoding_time": 0.17952179908752441}