{"MSE": 24.828121185302734, "PSNR": 34.18136504371248, "encoding_time": 0.3073430061340332, "decoding_time": 0.21853899955749512}