{"MSE": 15.48269271850586, "PSNR": 36.23233866336938, "encoding_time": 0.284221887588501, "decoding_time": 0.17849397659301758}