{"MSE": 15.415088653564453, "PSNR": 36.25134334131486, "encoding_time": 0.2847442626953125, "decoding_time": 0.17629289627075195}