{"MSE": 24.240249633789062, "PSNR": 34.28543272848132, "encoding_time": 0.3078007698059082, "decoding_time": 0.21740317344665527}