{"MSE": 22.705036163330078, "PSNR": 34.56958162910062, "encoding_time": 0.3096740245819092, "decoding_time": 0.21474719047546387}