{"MSE": 23.354541778564453, "PSNR": 34.44709010117291, "encoding_time": 0.31093811988830566, "decoding_time": 0.22350096702575684}