{"MSE": 14.202735900878906, "PSNR": 36.60708349428091, "encoding_time": 0.2901010513305664, "decoding_time": 0.18368315696716309}