{"MSE": 14.483566284179688, "PSNR": 36.52204849639237, "encoding_time": 0.280261754989624, "decoding_time": 0.17069005966186523}