{"MSE": 15.200416564941406, "PSNR": 36.31224870990476, "encoding_time": 0.2832612991333008, "decoding_time": 0.17508387565612793}