{"MSE": 26.5654296875, "PSNR": 33.887635159881995, "encoding_time": 0.3204782009124756, "decoding_time": 0.23713898658752441}