{"MSE": 16.049518585205078, "PSNR": 36.07618350851292, "encoding_time": 0.2889730930328369, "decoding_time": 0.18317699432373047}