{"MSE": 25.955299377441406, "PSNR": 33.988543183206986, "encoding_time": 0.31840014457702637, "decoding_time": 0.2341909408569336}