{"MSE": 15.79543685913086, "PSNR": 36.14548719048001, "encoding_time": 0.28574299812316895, "decoding_time": 0.17906713485717773}