{"MSE": 25.861438751220703, "PSNR": 34.00427678516314, "encoding_time": 0.31838321685791016, "decoding_time": 0.23685073852539062}