{"MSE": 26.014728546142578, "PSNR": 33.97861062310944, "encoding_time": 0.31198787689208984, "decoding_time": 0.22071194648742676}