{"MSE": 19.185291290283203, "PSNR": 35.30111963390272, "encoding_time": 0.30054402351379395, "decoding_time": 0.20470404624938965}