{"MSE": 14.646991729736328, "PSNR": 36.47331924528055, "encoding_time": 0.2835981845855713, "decoding_time": 0.17255401611328125}