{"MSE": 25.616405487060547, "PSNR": 34.045621717065245, "encoding_time": 0.3185389041900635, "decoding_time": 0.23408794403076172}