{"MSE": 13.730365753173828, "PSNR": 36.75398254623913, "encoding_time": 0.28661203384399414, "decoding_time": 0.17928194999694824}