{"MSE": 23.94658660888672, "PSNR": 34.33836743851077, "encoding_time": 0.30795907974243164, "decoding_time": 0.2217419147491455}