{"MSE": 24.916244506835938, "PSNR": 34.16597776848155, "encoding_time": 0.3087608814239502, "decoding_time": 0.22070813179016113}