{"MSE": 23.052600860595703, "PSNR": 34.50360430027988, "encoding_time": 0.2991518974304199, "decoding_time": 0.2040109634399414}