{"MSE": 24.639808654785156, "PSNR": 34.2144302996049, "encoding_time": 0.31493186950683594, "decoding_time": 0.22960209846496582}