{"MSE": 14.278789520263672, "PSNR": 36.583889690406764, "encoding_time": 0.29042506217956543, "decoding_time": 0.18412232398986816}