{"MSE": 23.35533905029297, "PSNR": 34.44694184529807, "encoding_time": 0.30573225021362305, "decoding_time": 0.21361088752746582}