{"MSE": 27.573978424072266, "PSNR": 33.725809294386096, "encoding_time": 0.31736207008361816, "decoding_time": 0.23029398918151855}