{"MSE": 24.29637908935547, "PSNR": 34.27538805734009, "encoding_time": 0.3155808448791504, "decoding_time": 0.23002982139587402}