{"MSE": 7.545345306396484, "PSNR": 39.35401241178965, "encoding_time": 0.26398587226867676, "decoding_time": 0.14151287078857422}