{"MSE": 8.419658660888672, "PSNR": 38.877858756268566, "encoding_time": 0.2694847583770752, "decoding_time": 0.14966821670532227}