{"MSE": 7.92913818359375, "PSNR": 39.138543743635765, "encoding_time": 0.2653040885925293, "decoding_time": 0.1459338665008545}