{"MSE": 7.886146545410156, "PSNR": 39.16215517718375, "encoding_time": 0.26657581329345703, "decoding_time": 0.14539217948913574}