{"MSE": 9.286911010742188, "PSNR": 38.452090768067706, "encoding_time": 0.266815185546875, "decoding_time": 0.14816689491271973}