{"MSE": 6.338165283203125, "PSNR": 40.11116800572303, "encoding_time": 0.2584269046783447, "decoding_time": 0.13321995735168457}