{"MSE": 8.385871887207031, "PSNR": 38.89532137561158, "encoding_time": 0.269787073135376, "decoding_time": 0.14994597434997559}