{"MSE": 7.7762451171875, "PSNR": 39.22310419216646, "encoding_time": 0.2648031711578369, "decoding_time": 0.14051103591918945}