{"MSE": 5.842235565185547, "PSNR": 40.46501296659399, "encoding_time": 0.2568190097808838, "decoding_time": 0.1292591094970703}