{"MSE": 8.05643081665039, "PSNR": 39.069376788571944, "encoding_time": 0.26628875732421875, "decoding_time": 0.1446080207824707}