{"MSE": 9.452945709228516, "PSNR": 38.375131972353486, "encoding_time": 0.2673521041870117, "decoding_time": 0.15198302268981934}