{"MSE": 8.68325424194336, "PSNR": 38.74397843703737, "encoding_time": 0.27059507369995117, "decoding_time": 0.1528928279876709}