{"MSE": 9.410091400146484, "PSNR": 38.39486519121154, "encoding_time": 0.26796913146972656, "decoding_time": 0.15095186233520508}