{"MSE": 6.4365692138671875, "PSNR": 40.044259171888285, "encoding_time": 0.2570209503173828, "decoding_time": 0.1339268684387207}