{"MSE": 6.501056671142578, "PSNR": 40.00096408971295, "encoding_time": 0.2622079849243164, "decoding_time": 0.13708710670471191}