{"MSE": 9.530967712402344, "PSNR": 38.33943362556988, "encoding_time": 0.27532410621643066, "decoding_time": 0.1611318588256836}