{"MSE": 8.43404769897461, "PSNR": 38.8704430801846, "encoding_time": 0.26874399185180664, "decoding_time": 0.15076017379760742}