{"MSE": 7.838657379150391, "PSNR": 39.188386786375624, "encoding_time": 0.26424336433410645, "decoding_time": 0.14511489868164062}