{"MSE": 6.337482452392578, "PSNR": 40.11163591025866, "encoding_time": 0.2572050094604492, "decoding_time": 0.13417792320251465}