{"MSE": 9.149070739746094, "PSNR": 38.517033753364366, "encoding_time": 0.2702980041503906, "decoding_time": 0.15321803092956543}