{"MSE": 6.651054382324219, "PSNR": 39.90189862011843, "encoding_time": 0.25971293449401855, "decoding_time": 0.13564705848693848}