{"MSE": 6.557743072509766, "PSNR": 39.96325963535644, "encoding_time": 0.26352691650390625, "decoding_time": 0.1371150016784668}