{"MSE": 7.594398498535156, "PSNR": 39.32586978865531, "encoding_time": 0.26470136642456055, "decoding_time": 0.14133572578430176}