{"MSE": 8.475730895996094, "PSNR": 38.84903201436898, "encoding_time": 0.27096104621887207, "decoding_time": 0.15402007102966309}