{"MSE": 9.333602905273438, "PSNR": 38.43031040825847, "encoding_time": 0.2686879634857178, "decoding_time": 0.151231050491333}