{"MSE": 9.313529968261719, "PSNR": 38.43966044529218, "encoding_time": 0.27207112312316895, "decoding_time": 0.1536850929260254}