{"MSE": 8.798194885253906, "PSNR": 38.686867832392295, "encoding_time": 0.2662689685821533, "decoding_time": 0.14949607849121094}