{"MSE": 8.03125, "PSNR": 39.08297215856522, "encoding_time": 0.27342796325683594, "decoding_time": 0.14545702934265137}