{"MSE": 8.210704803466797, "PSNR": 38.98699922491628, "encoding_time": 0.27121686935424805, "decoding_time": 0.15483713150024414}