{"MSE": 7.769355773925781, "PSNR": 39.226953517746516, "encoding_time": 0.2778439521789551, "decoding_time": 0.16176676750183105}