{"MSE": 6.7463836669921875, "PSNR": 39.84009324975365, "encoding_time": 0.26633334159851074, "decoding_time": 0.14888763427734375}