{"MSE": 8.796436309814453, "PSNR": 38.687735983140605, "encoding_time": 0.27615809440612793, "decoding_time": 0.1635429859161377}