{"MSE": 6.718692779541016, "PSNR": 39.857955779714345, "encoding_time": 0.2659010887145996, "decoding_time": 0.14860320091247559}