{"MSE": 4.956581115722656, "PSNR": 41.178981429547, "encoding_time": 0.25593113899230957, "decoding_time": 0.13160991668701172}