{"MSE": 4.756500244140625, "PSNR": 41.35792837493766, "encoding_time": 0.2552640438079834, "decoding_time": 0.13002371788024902}