{"MSE": 7.906940460205078, "PSNR": 39.150718923248334, "encoding_time": 0.2770349979400635, "decoding_time": 0.16225194931030273}