{"MSE": 8.100475311279297, "PSNR": 39.04569858160931, "encoding_time": 0.27868199348449707, "decoding_time": 0.16493701934814453}