{"MSE": 8.437671661376953, "PSNR": 38.86857739374855, "encoding_time": 0.2707200050354004, "decoding_time": 0.15873980522155762}