{"MSE": 8.348136901855469, "PSNR": 38.91490798381432, "encoding_time": 0.2779989242553711, "decoding_time": 0.16567111015319824}