{"MSE": 6.509834289550781, "PSNR": 39.995104272996656, "encoding_time": 0.26662611961364746, "decoding_time": 0.14669084548950195}