{"MSE": 6.918735504150391, "PSNR": 39.73053632560066, "encoding_time": 0.26580095291137695, "decoding_time": 0.1513371467590332}