{"MSE": 4.8336029052734375, "PSNR": 41.288093919026565, "encoding_time": 0.25473618507385254, "decoding_time": 0.13059306144714355}