{"MSE": 8.228404998779297, "PSNR": 38.97764701519705, "encoding_time": 0.27181291580200195, "decoding_time": 0.15827202796936035}