{"MSE": 10.893516540527344, "PSNR": 37.75912263699869, "encoding_time": 0.3101809024810791, "decoding_time": 0.2237989902496338}