{"MSE": 12.721809387207031, "PSNR": 37.08531476678515, "encoding_time": 0.31397008895874023, "decoding_time": 0.23166823387145996}