{"MSE": 13.320049285888672, "PSNR": 36.88574529085437, "encoding_time": 0.3275179862976074, "decoding_time": 0.24431204795837402}