{"MSE": 14.016834259033203, "PSNR": 36.66430422777908, "encoding_time": 0.33602190017700195, "decoding_time": 0.2560908794403076}