{"MSE": 16.472633361816406, "PSNR": 35.9631732860241, "encoding_time": 0.34442591667175293, "decoding_time": 0.27507710456848145}