{"MSE": 15.821563720703125, "PSNR": 36.138309561872006, "encoding_time": 0.35309600830078125, "decoding_time": 0.283646821975708}