{"MSE": 13.162418365478516, "PSNR": 36.93744670200076, "encoding_time": 0.3244771957397461, "decoding_time": 0.24209117889404297}