{"MSE": 14.273750305175781, "PSNR": 36.58542265618977, "encoding_time": 0.32940077781677246, "decoding_time": 0.24712014198303223}