{"MSE": 13.817272186279297, "PSNR": 36.72658048030774, "encoding_time": 0.32255005836486816, "decoding_time": 0.2432413101196289}