{"MSE": 13.31502914428711, "PSNR": 36.88738239496689, "encoding_time": 0.3237478733062744, "decoding_time": 0.24511098861694336}