{"MSE": 16.88896942138672, "PSNR": 35.85477211489934, "encoding_time": 0.347506046295166, "decoding_time": 0.278505802154541}