{"MSE": 11.39566421508789, "PSNR": 37.56340717043444, "encoding_time": 0.3102908134460449, "decoding_time": 0.22035503387451172}