{"MSE": 13.440170288085938, "PSNR": 36.84675589567697, "encoding_time": 0.3341817855834961, "decoding_time": 0.2543761730194092}