{"MSE": 10.694721221923828, "PSNR": 37.83910892517458, "encoding_time": 0.31081199645996094, "decoding_time": 0.2176530361175537}