{"MSE": 10.657230377197266, "PSNR": 37.854360068512634, "encoding_time": 0.31028199195861816, "decoding_time": 0.2175590991973877}