{"MSE": 16.302330017089844, "PSNR": 36.00830680313809, "encoding_time": 0.3443288803100586, "decoding_time": 0.27099108695983887}