{"MSE": 11.091930389404297, "PSNR": 37.680732254933204, "encoding_time": 0.30572009086608887, "decoding_time": 0.21527481079101562}