{"MSE": 14.735721588134766, "PSNR": 36.44708953354374, "encoding_time": 0.3397388458251953, "decoding_time": 0.262005090713501}