{"MSE": 10.681377410888672, "PSNR": 37.844531003686114, "encoding_time": 0.3123199939727783, "decoding_time": 0.21897602081298828}