{"MSE": 14.73178482055664, "PSNR": 36.44824994150102, "encoding_time": 0.335071325302124, "decoding_time": 0.25615882873535156}