{"MSE": 13.294330596923828, "PSNR": 36.89413886472323, "encoding_time": 0.3225719928741455, "decoding_time": 0.24022293090820312}