{"MSE": 12.590202331542969, "PSNR": 37.130476513504725, "encoding_time": 0.31773900985717773, "decoding_time": 0.23046493530273438}