{"MSE": 13.319477081298828, "PSNR": 36.885931859708876, "encoding_time": 0.32706403732299805, "decoding_time": 0.24464106559753418}