{"MSE": 15.638145446777344, "PSNR": 36.188951127826535, "encoding_time": 0.34847283363342285, "decoding_time": 0.2739691734313965}