{"MSE": 11.250526428222656, "PSNR": 37.61907516685125, "encoding_time": 0.30696702003479004, "decoding_time": 0.2173750400543213}