{"MSE": 13.161613464355469, "PSNR": 36.93771228754525, "encoding_time": 0.3222839832305908, "decoding_time": 0.24203896522521973}