{"MSE": 11.187660217285156, "PSNR": 37.64341093014591, "encoding_time": 0.3054940700531006, "decoding_time": 0.21555376052856445}