{"MSE": 15.81136703491211, "PSNR": 36.14110940647719, "encoding_time": 0.3471200466156006, "decoding_time": 0.274169921875}