{"MSE": 15.847007751464844, "PSNR": 36.13133090510206, "encoding_time": 0.3413538932800293, "decoding_time": 0.2655172348022461}