{"MSE": 13.394523620605469, "PSNR": 36.86153088434792, "encoding_time": 0.32749009132385254, "decoding_time": 0.2453141212463379}