{"MSE": 11.175628662109375, "PSNR": 37.648083980298665, "encoding_time": 0.3077049255371094, "decoding_time": 0.21626782417297363}