{"MSE": 13.884559631347656, "PSNR": 36.705482508333844, "encoding_time": 0.33563995361328125, "decoding_time": 0.26112914085388184}