{"MSE": 14.197677612304688, "PSNR": 36.608630504741065, "encoding_time": 0.32756495475769043, "decoding_time": 0.24660611152648926}