{"MSE": 10.794376373291016, "PSNR": 37.79882804096866, "encoding_time": 0.3085150718688965, "decoding_time": 0.21871304512023926}