{"MSE": 11.50760269165039, "PSNR": 37.520955017235266, "encoding_time": 0.31023383140563965, "decoding_time": 0.21985721588134766}