{"MSE": 13.826576232910156, "PSNR": 36.72365708396838, "encoding_time": 0.33270812034606934, "decoding_time": 0.2532689571380615}