{"MSE": 14.523101806640625, "PSNR": 36.51020979101431, "encoding_time": 0.33716392517089844, "decoding_time": 0.2611830234527588}