{"MSE": 14.360618591308594, "PSNR": 36.55907213092154, "encoding_time": 0.3361778259277344, "decoding_time": 0.25885725021362305}