{"MSE": 13.131175994873047, "PSNR": 36.94776738722553, "encoding_time": 0.3258512020111084, "decoding_time": 0.24148988723754883}