{"MSE": 13.657142639160156, "PSNR": 36.77720515537874, "encoding_time": 0.33600807189941406, "decoding_time": 0.25684404373168945}