{"MSE": 14.820789337158203, "PSNR": 36.4220902661439, "encoding_time": 0.33840394020080566, "decoding_time": 0.26441001892089844}