{"MSE": 13.5035400390625, "PSNR": 36.82632724380993, "encoding_time": 0.3215959072113037, "decoding_time": 0.23906397819519043}