{"MSE": 12.160400390625, "PSNR": 37.28132486212746, "encoding_time": 0.31202006340026855, "decoding_time": 0.22466015815734863}