{"MSE": 10.428752899169922, "PSNR": 37.94847983543122, "encoding_time": 0.3084118366241455, "decoding_time": 0.215989351272583}