{"MSE": 13.983741760253906, "PSNR": 36.67456965681437, "encoding_time": 0.3274221420288086, "decoding_time": 0.24445509910583496}