{"MSE": 12.773406982421875, "PSNR": 37.067736111126514, "encoding_time": 0.3182079792022705, "decoding_time": 0.2310802936553955}