{"MSE": 13.965240478515625, "PSNR": 36.68031942306493, "encoding_time": 0.3243739604949951, "decoding_time": 0.2452249526977539}