{"MSE": 15.199020385742188, "PSNR": 36.312647633689686, "encoding_time": 0.3452620506286621, "decoding_time": 0.2678377628326416}