{"MSE": 10.578117370605469, "PSNR": 37.88671979398453, "encoding_time": 0.3134310245513916, "decoding_time": 0.21727204322814941}