{"MSE": 10.86160659790039, "PSNR": 37.771862920610054, "encoding_time": 0.31384873390197754, "decoding_time": 0.22003412246704102}