{"MSE": 16.08681869506836, "PSNR": 36.06610193697526, "encoding_time": 0.3481419086456299, "decoding_time": 0.2779541015625}