{"MSE": 13.843975067138672, "PSNR": 36.71819552405155, "encoding_time": 0.33129119873046875, "decoding_time": 0.25107693672180176}