{"MSE": 14.584075927734375, "PSNR": 36.492014441876506, "encoding_time": 0.3383150100708008, "decoding_time": 0.25852084159851074}