{"MSE": 13.42959976196289, "PSNR": 36.850172911449214, "encoding_time": 0.3251781463623047, "decoding_time": 0.24809813499450684}