{"MSE": 10.504676818847656, "PSNR": 37.916976651873526, "encoding_time": 0.33501100540161133, "decoding_time": 0.2509150505065918}