{"MSE": 15.531566619873047, "PSNR": 36.21865097022716, "encoding_time": 0.34685802459716797, "decoding_time": 0.26949501037597656}