{"MSE": 13.267105102539062, "PSNR": 36.90304191217368, "encoding_time": 0.32646894454956055, "decoding_time": 0.24905610084533691}