{"MSE": 16.46280288696289, "PSNR": 35.965765825608464, "encoding_time": 0.34566593170166016, "decoding_time": 0.273773193359375}