{"MSE": 10.647789001464844, "PSNR": 37.858209243749414, "encoding_time": 0.30829405784606934, "decoding_time": 0.21073698997497559}