{"MSE": 13.147575378417969, "PSNR": 36.94234691453749, "encoding_time": 0.322493314743042, "decoding_time": 0.24185776710510254}