{"MSE": 13.335620880126953, "PSNR": 36.880671204793686, "encoding_time": 0.32415294647216797, "decoding_time": 0.23857903480529785}