{"MSE": 13.40719223022461, "PSNR": 36.85742524596913, "encoding_time": 0.3237309455871582, "decoding_time": 0.24344992637634277}