{"MSE": 13.440704345703125, "PSNR": 36.84658332816988, "encoding_time": 0.33816981315612793, "decoding_time": 0.2534050941467285}