{"MSE": 10.799636840820312, "PSNR": 37.796712091475854, "encoding_time": 0.30601978302001953, "decoding_time": 0.2141120433807373}