{"MSE": 10.710765838623047, "PSNR": 37.83259836105428, "encoding_time": 0.30625200271606445, "decoding_time": 0.2129039764404297}