{"MSE": 13.039894104003906, "PSNR": 36.978062963304055, "encoding_time": 0.32087016105651855, "decoding_time": 0.23984599113464355}