{"MSE": 15.590866088867188, "PSNR": 36.20210119497654, "encoding_time": 0.34764909744262695, "decoding_time": 0.27086806297302246}