{"MSE": 15.972171783447266, "PSNR": 36.09716388408843, "encoding_time": 0.34563589096069336, "decoding_time": 0.27683019638061523}