{"MSE": 13.27010726928711, "PSNR": 36.90205927357568, "encoding_time": 0.3261580467224121, "decoding_time": 0.24327874183654785}