{"MSE": 13.096744537353516, "PSNR": 36.95917004537864, "encoding_time": 0.32266879081726074, "decoding_time": 0.24038004875183105}