{"MSE": 16.63803482055664, "PSNR": 35.919783320015014, "encoding_time": 0.3481926918029785, "decoding_time": 0.2770669460296631}