{"MSE": 10.532703399658203, "PSNR": 37.90540506219156, "encoding_time": 0.3087470531463623, "decoding_time": 0.2119300365447998}