{"MSE": 16.99374771118164, "PSNR": 35.82791194429678, "encoding_time": 0.35131406784057617, "decoding_time": 0.28114891052246094}