{"MSE": 14.572620391845703, "PSNR": 36.495427089335024, "encoding_time": 0.3379082679748535, "decoding_time": 0.2589149475097656}