{"MSE": 10.507617950439453, "PSNR": 37.91576087107163, "encoding_time": 0.348099946975708, "decoding_time": 0.25563883781433105}