{"MSE": 13.681831359863281, "PSNR": 36.76936127792986, "encoding_time": 0.33451080322265625, "decoding_time": 0.25339508056640625}