{"MSE": 13.542800903320312, "PSNR": 36.813718670461945, "encoding_time": 0.32985806465148926, "decoding_time": 0.24700188636779785}