{"MSE": 12.9581298828125, "PSNR": 37.005380321866724, "encoding_time": 0.3195531368255615, "decoding_time": 0.23587584495544434}