{"MSE": 16.505386352539062, "PSNR": 35.954546662632595, "encoding_time": 0.34503698348999023, "decoding_time": 0.27553701400756836}