{"MSE": 16.70473861694336, "PSNR": 35.902406763506455, "encoding_time": 0.34678196907043457, "decoding_time": 0.27607274055480957}