{"MSE": 13.851253509521484, "PSNR": 36.71591282945113, "encoding_time": 0.32651615142822266, "decoding_time": 0.24457168579101562}