{"MSE": 14.793888092041016, "PSNR": 36.429980316982416, "encoding_time": 0.3378298282623291, "decoding_time": 0.2614750862121582}