{"MSE": 13.227386474609375, "PSNR": 36.916063180244116, "encoding_time": 0.3228600025177002, "decoding_time": 0.23965120315551758}