{"MSE": 13.400787353515625, "PSNR": 36.8595004509701, "encoding_time": 0.3229959011077881, "decoding_time": 0.24515676498413086}