{"MSE": 11.275947570800781, "PSNR": 37.60927312980588, "encoding_time": 0.3093600273132324, "decoding_time": 0.21662378311157227}