{"MSE": 16.51272964477539, "PSNR": 35.95261490410944, "encoding_time": 0.3451976776123047, "decoding_time": 0.27667808532714844}