{"MSE": 14.893604278564453, "PSNR": 36.400805503641145, "encoding_time": 0.3405158519744873, "decoding_time": 0.2611539363861084}