{"MSE": 14.741584777832031, "PSNR": 36.44536186485254, "encoding_time": 0.340756893157959, "decoding_time": 0.2610611915588379}