{"MSE": 16.665542602539062, "PSNR": 35.912609027302054, "encoding_time": 0.34502196311950684, "decoding_time": 0.27271509170532227}