{"MSE": 16.54120635986328, "PSNR": 35.94513181145541, "encoding_time": 0.3461930751800537, "decoding_time": 0.2771000862121582}