{"MSE": 14.541366577148438, "PSNR": 36.504751380432545, "encoding_time": 0.33701491355895996, "decoding_time": 0.25835609436035156}