{"MSE": 13.369522094726562, "PSNR": 36.86964477564986, "encoding_time": 0.32744598388671875, "decoding_time": 0.24437785148620605}