{"MSE": 14.031909942626953, "PSNR": 36.659635721567824, "encoding_time": 0.33470892906188965, "decoding_time": 0.25815606117248535}