{"MSE": 12.971450805664062, "PSNR": 37.00091807940569, "encoding_time": 0.3257138729095459, "decoding_time": 0.2397911548614502}