{"MSE": 13.159385681152344, "PSNR": 36.93844745261171, "encoding_time": 0.32782912254333496, "decoding_time": 0.247114896774292}