{"MSE": 13.232479095458984, "PSNR": 36.91439144298236, "encoding_time": 0.3255622386932373, "decoding_time": 0.24432992935180664}