{"MSE": 13.354267120361328, "PSNR": 36.874603018550744, "encoding_time": 0.33265209197998047, "decoding_time": 0.25307798385620117}