{"MSE": 13.136737823486328, "PSNR": 36.945928283040224, "encoding_time": 0.3249952793121338, "decoding_time": 0.24005675315856934}