{"MSE": 13.140388488769531, "PSNR": 36.94472155763263, "encoding_time": 0.3249189853668213, "decoding_time": 0.24362802505493164}