{"MSE": 13.093849182128906, "PSNR": 36.960130265536904, "encoding_time": 0.32369089126586914, "decoding_time": 0.2418351173400879}