{"MSE": 14.746028900146484, "PSNR": 36.44405280143782, "encoding_time": 0.3354339599609375, "decoding_time": 0.2638583183288574}