{"MSE": 10.737152099609375, "PSNR": 37.82191255615821, "encoding_time": 0.30694103240966797, "decoding_time": 0.21259284019470215}