{"MSE": 13.969413757324219, "PSNR": 36.679021800437354, "encoding_time": 0.33423495292663574, "decoding_time": 0.25413990020751953}