{"MSE": 16.698230743408203, "PSNR": 35.90409902838897, "encoding_time": 0.3455469608306885, "decoding_time": 0.27684807777404785}