{"MSE": 12.846748352050781, "PSNR": 37.04287143820387, "encoding_time": 0.3194851875305176, "decoding_time": 0.23383212089538574}