{"MSE": 12.236400604248047, "PSNR": 37.254266740715835, "encoding_time": 0.31441283226013184, "decoding_time": 0.22783899307250977}