{"MSE": 13.14566421508789, "PSNR": 36.94297826137992, "encoding_time": 0.32641100883483887, "decoding_time": 0.24421095848083496}