{"MSE": 16.187458038330078, "PSNR": 36.039017052338, "encoding_time": 0.3404989242553711, "decoding_time": 0.26959705352783203}