{"MSE": 13.471099853515625, "PSNR": 36.83677305544863, "encoding_time": 0.32891201972961426, "decoding_time": 0.24664807319641113}