{"MSE": 10.517009735107422, "PSNR": 37.91188084942385, "encoding_time": 0.34983086585998535, "decoding_time": 0.25295519828796387}