{"MSE": 14.066154479980469, "PSNR": 36.64904978173383, "encoding_time": 0.329984188079834, "decoding_time": 0.2531006336212158}