{"MSE": 13.270587921142578, "PSNR": 36.90190197215831, "encoding_time": 0.3286409378051758, "decoding_time": 0.24645709991455078}