{"MSE": 10.70614242553711, "PSNR": 37.83447344292623, "encoding_time": 0.3111708164215088, "decoding_time": 0.21883106231689453}