{"MSE": 13.121173858642578, "PSNR": 36.951076708338924, "encoding_time": 0.328502893447876, "decoding_time": 0.2512400150299072}