{"MSE": 13.459281921386719, "PSNR": 36.84058470808947, "encoding_time": 0.3302440643310547, "decoding_time": 0.2537109851837158}