{"MSE": 14.129825592041016, "PSNR": 36.62943559591301, "encoding_time": 0.33960390090942383, "decoding_time": 0.26090121269226074}