{"MSE": 15.957054138183594, "PSNR": 36.10127642375608, "encoding_time": 0.34876585006713867, "decoding_time": 0.2737562656402588}