{"MSE": 13.49185562133789, "PSNR": 36.83008675785652, "encoding_time": 0.33608293533325195, "decoding_time": 0.255997896194458}