{"MSE": 16.264202117919922, "PSNR": 36.01847598155298, "encoding_time": 0.3465719223022461, "decoding_time": 0.2735142707824707}