{"MSE": 13.616104125976562, "PSNR": 36.790274969490675, "encoding_time": 0.3349900245666504, "decoding_time": 0.25611019134521484}