{"MSE": 13.55984878540039, "PSNR": 36.80825514407099, "encoding_time": 0.3289821147918701, "decoding_time": 0.2531929016113281}