{"MSE": 13.888427734375, "PSNR": 36.70427277472547, "encoding_time": 0.3341078758239746, "decoding_time": 0.2541928291320801}