{"MSE": 11.70870590209961, "PSNR": 37.445714632878165, "encoding_time": 0.3147709369659424, "decoding_time": 0.22097492218017578}