{"MSE": 13.741119384765625, "PSNR": 36.750582480261016, "encoding_time": 0.3316810131072998, "decoding_time": 0.2507162094116211}