{"MSE": 13.971431732177734, "PSNR": 36.67839447844357, "encoding_time": 0.3357088565826416, "decoding_time": 0.25684094429016113}