{"MSE": 16.022502899169922, "PSNR": 36.08350002028976, "encoding_time": 0.3545370101928711, "decoding_time": 0.276353120803833}