{"MSE": 13.419357299804688, "PSNR": 36.85348644426314, "encoding_time": 0.32176709175109863, "decoding_time": 0.23673081398010254}