{"MSE": 13.432327270507812, "PSNR": 36.84929096287342, "encoding_time": 0.32747817039489746, "decoding_time": 0.24774575233459473}