{"MSE": 13.668312072753906, "PSNR": 36.77365474884604, "encoding_time": 0.3261740207672119, "decoding_time": 0.24324417114257812}