{"MSE": 16.265583038330078, "PSNR": 36.018107257252126, "encoding_time": 0.3406949043273926, "decoding_time": 0.27622509002685547}