{"MSE": 14.85812759399414, "PSNR": 36.411162773405174, "encoding_time": 0.3333170413970947, "decoding_time": 0.2557339668273926}