{"MSE": 14.381797790527344, "PSNR": 36.552671826302486, "encoding_time": 0.33759498596191406, "decoding_time": 0.26149511337280273}