{"MSE": 13.982311248779297, "PSNR": 36.675013954935416, "encoding_time": 0.33744215965270996, "decoding_time": 0.2564969062805176}