{"MSE": 13.961273193359375, "PSNR": 36.681553354434485, "encoding_time": 0.3326530456542969, "decoding_time": 0.2547898292541504}