{"MSE": 13.116928100585938, "PSNR": 36.95248222868827, "encoding_time": 0.32538914680480957, "decoding_time": 0.24404191970825195}