{"MSE": 16.505290985107422, "PSNR": 35.95457175605851, "encoding_time": 0.34843015670776367, "decoding_time": 0.2785978317260742}