{"MSE": 16.25080108642578, "PSNR": 36.02205586393693, "encoding_time": 0.3431260585784912, "decoding_time": 0.27390193939208984}