{"MSE": 13.445701599121094, "PSNR": 36.84496892153365, "encoding_time": 0.3224308490753174, "decoding_time": 0.24391913414001465}