{"MSE": 13.915271759033203, "PSNR": 36.695886685380536, "encoding_time": 0.334928035736084, "decoding_time": 0.2556180953979492}