{"MSE": 13.319873809814453, "PSNR": 36.88580250445103, "encoding_time": 0.3234748840332031, "decoding_time": 0.23864483833312988}