{"MSE": 14.044563293457031, "PSNR": 36.655721212242575, "encoding_time": 0.3359379768371582, "decoding_time": 0.25760626792907715}