{"MSE": 10.915245056152344, "PSNR": 37.750468704480355, "encoding_time": 0.3091428279876709, "decoding_time": 0.2140352725982666}