{"MSE": 13.722721099853516, "PSNR": 36.75640124025095, "encoding_time": 0.33257603645324707, "decoding_time": 0.2536313533782959}