{"MSE": 13.166893005371094, "PSNR": 36.935970543809475, "encoding_time": 0.3211989402770996, "decoding_time": 0.23772406578063965}