{"MSE": 15.854297637939453, "PSNR": 36.12933353780975, "encoding_time": 0.3484840393066406, "decoding_time": 0.27498888969421387}