{"MSE": 13.351924896240234, "PSNR": 36.875364800697106, "encoding_time": 0.3282451629638672, "decoding_time": 0.24378299713134766}