{"MSE": 14.348304748535156, "PSNR": 36.56279768637492, "encoding_time": 0.33513498306274414, "decoding_time": 0.2581629753112793}