{"MSE": 13.33319091796875, "PSNR": 36.88146263049907, "encoding_time": 0.32262468338012695, "decoding_time": 0.24286103248596191}