{"MSE": 11.176261901855469, "PSNR": 37.64783790489244, "encoding_time": 0.3084077835083008, "decoding_time": 0.21674227714538574}