{"MSE": 16.015228271484375, "PSNR": 36.08547227650179, "encoding_time": 0.3428761959075928, "decoding_time": 0.2702658176422119}