{"MSE": 14.222274780273438, "PSNR": 36.601112957322954, "encoding_time": 0.33495402336120605, "decoding_time": 0.2593560218811035}