{"MSE": 14.879310607910156, "PSNR": 36.40497551036834, "encoding_time": 0.3414599895477295, "decoding_time": 0.2647287845611572}