{"MSE": 16.66252899169922, "PSNR": 35.91339442801641, "encoding_time": 0.34683799743652344, "decoding_time": 0.2792551517486572}