{"MSE": 11.044502258300781, "PSNR": 37.6993421253409, "encoding_time": 0.3051626682281494, "decoding_time": 0.2151811122894287}