{"MSE": 15.76419448852539, "PSNR": 36.15408576594395, "encoding_time": 0.3474102020263672, "decoding_time": 0.2747828960418701}