{"MSE": 11.040821075439453, "PSNR": 37.70078988989857, "encoding_time": 0.3050210475921631, "decoding_time": 0.23059511184692383}