{"MSE": 16.672744750976562, "PSNR": 35.910732594154936, "encoding_time": 0.3480651378631592, "decoding_time": 0.27538299560546875}