{"MSE": 13.868976593017578, "PSNR": 36.710359456780715, "encoding_time": 0.3241579532623291, "decoding_time": 0.24435210227966309}