{"MSE": 11.23336410522461, "PSNR": 37.62570525038702, "encoding_time": 0.30877208709716797, "decoding_time": 0.21657705307006836}