{"MSE": 11.028205871582031, "PSNR": 37.70575496065882, "encoding_time": 0.3079981803894043, "decoding_time": 0.21583080291748047}