{"MSE": 11.014854431152344, "PSNR": 37.71101598842314, "encoding_time": 0.3053760528564453, "decoding_time": 0.21509504318237305}