{"MSE": 9.212913513183594, "PSNR": 38.486833666533414, "encoding_time": 0.2879359722137451, "decoding_time": 0.15573406219482422}