{"MSE": 9.540939331054688, "PSNR": 38.334892266028746, "encoding_time": 0.2771141529083252, "decoding_time": 0.18794584274291992}