{"MSE": 9.1890869140625, "PSNR": 38.498080015911874, "encoding_time": 0.28015899658203125, "decoding_time": 0.15752601623535156}