{"MSE": 9.67767333984375, "PSNR": 38.27309402022519, "encoding_time": 0.2896299362182617, "decoding_time": 0.1532909870147705}