{"MSE": 10.315807342529297, "PSNR": 37.99577138186977, "encoding_time": 0.3041212558746338, "decoding_time": 0.2016587257385254}