{"MSE": 7.952545166015625, "PSNR": 39.125742165313696, "encoding_time": 0.2743721008300781, "decoding_time": 0.14124703407287598}