{"MSE": 10.694217681884766, "PSNR": 37.83931340905422, "encoding_time": 0.2823460102081299, "decoding_time": 0.15475010871887207}