{"MSE": 8.122882843017578, "PSNR": 39.03370171452094, "encoding_time": 0.28110480308532715, "decoding_time": 0.16812705993652344}