{"MSE": 7.848148345947266, "PSNR": 39.18313157370455, "encoding_time": 0.2813870906829834, "decoding_time": 0.1448807716369629}