{"MSE": 9.267349243164062, "PSNR": 38.46124831005207, "encoding_time": 0.272320032119751, "decoding_time": 0.15221929550170898}