{"MSE": 8.838970184326172, "PSNR": 38.666786919314596, "encoding_time": 0.2865641117095947, "decoding_time": 0.15682697296142578}