{"MSE": 8.29599380493164, "PSNR": 38.9421194179804, "encoding_time": 0.2839210033416748, "decoding_time": 0.1659839153289795}