{"MSE": 9.674453735351562, "PSNR": 38.27453908770777, "encoding_time": 0.27912402153015137, "decoding_time": 0.15385699272155762}