{"MSE": 10.056652069091797, "PSNR": 38.1062693580544, "encoding_time": 0.2863461971282959, "decoding_time": 0.1607680320739746}