{"MSE": 7.877025604248047, "PSNR": 39.16718103723392, "encoding_time": 0.2684779167175293, "decoding_time": 0.13904905319213867}