{"MSE": 9.251113891601562, "PSNR": 38.4688633322605, "encoding_time": 0.28168487548828125, "decoding_time": 0.1601099967956543}