{"MSE": 9.13675308227539, "PSNR": 38.52288472462024, "encoding_time": 0.27970194816589355, "decoding_time": 0.151839017868042}