{"MSE": 12.81573486328125, "PSNR": 37.05336846881571, "encoding_time": 0.2870621681213379, "decoding_time": 0.17011308670043945}