{"MSE": 7.676212310791016, "PSNR": 39.27933382802151, "encoding_time": 0.28067994117736816, "decoding_time": 0.16545796394348145}