{"MSE": 8.708663940429688, "PSNR": 38.73128829029739, "encoding_time": 0.2869899272918701, "decoding_time": 0.18356609344482422}