{"MSE": 8.183151245117188, "PSNR": 39.00159782768583, "encoding_time": 0.28446173667907715, "decoding_time": 0.17417216300964355}