{"MSE": 7.981910705566406, "PSNR": 39.10973495888546, "encoding_time": 0.2835049629211426, "decoding_time": 0.17588591575622559}