{"MSE": 9.129310607910156, "PSNR": 38.52642377472126, "encoding_time": 0.2867908477783203, "decoding_time": 0.18411922454833984}