{"MSE": 8.728866577148438, "PSNR": 38.72122505621306, "encoding_time": 0.29095911979675293, "decoding_time": 0.18488287925720215}