{"MSE": 8.527484893798828, "PSNR": 38.82259402128331, "encoding_time": 0.2812180519104004, "decoding_time": 0.17420697212219238}