{"MSE": 7.207302093505859, "PSNR": 39.55307635007579, "encoding_time": 0.27620887756347656, "decoding_time": 0.1606440544128418}