{"MSE": 9.933277130126953, "PSNR": 38.15987808774215, "encoding_time": 0.2959921360015869, "decoding_time": 0.19676804542541504}