{"MSE": 10.119815826416016, "PSNR": 38.07907752148623, "encoding_time": 0.297515869140625, "decoding_time": 0.1966862678527832}