{"MSE": 10.205089569091797, "PSNR": 38.04263540038103, "encoding_time": 0.29790520668029785, "decoding_time": 0.2030010223388672}