{"MSE": 10.207534790039062, "PSNR": 38.04159492077309, "encoding_time": 0.295335054397583, "decoding_time": 0.19667291641235352}