{"MSE": 10.440765380859375, "PSNR": 37.94348024222755, "encoding_time": 0.29894089698791504, "decoding_time": 0.20296382904052734}