{"MSE": 10.344718933105469, "PSNR": 37.98361665523923, "encoding_time": 0.29296088218688965, "decoding_time": 0.19837403297424316}