{"MSE": 10.132110595703125, "PSNR": 38.073804392399786, "encoding_time": 0.2922329902648926, "decoding_time": 0.19516420364379883}