{"MSE": 9.307838439941406, "PSNR": 38.442315244194056, "encoding_time": 0.2906949520111084, "decoding_time": 0.1838672161102295}