{"MSE": 9.256900787353516, "PSNR": 38.46614751749817, "encoding_time": 0.2865898609161377, "decoding_time": 0.1811821460723877}