{"MSE": 10.186393737792969, "PSNR": 38.05059901785856, "encoding_time": 0.30081987380981445, "decoding_time": 0.20197606086730957}