{"MSE": 8.914657592773438, "PSNR": 38.629756940547836, "encoding_time": 0.2849268913269043, "decoding_time": 0.17997503280639648}