{"MSE": 8.883846282958984, "PSNR": 38.6447932551649, "encoding_time": 0.287966251373291, "decoding_time": 0.17922472953796387}