{"MSE": 10.194774627685547, "PSNR": 38.04702731443737, "encoding_time": 0.2994663715362549, "decoding_time": 0.2021336555480957}