{"MSE": 10.053539276123047, "PSNR": 38.1076138194742, "encoding_time": 0.2983431816101074, "decoding_time": 0.19942879676818848}