{"MSE": 9.942729949951172, "PSNR": 38.155747169715134, "encoding_time": 0.29743385314941406, "decoding_time": 0.19820308685302734}