{"MSE": 8.906612396240234, "PSNR": 38.63367808051115, "encoding_time": 0.29188013076782227, "decoding_time": 0.19046592712402344}