{"MSE": 8.194625854492188, "PSNR": 38.995512312760766, "encoding_time": 0.28105878829956055, "decoding_time": 0.16901397705078125}