{"MSE": 8.733264923095703, "PSNR": 38.71903726211156, "encoding_time": 0.2909870147705078, "decoding_time": 0.18561315536499023}