{"MSE": 7.091342926025391, "PSNR": 39.623518731975835, "encoding_time": 0.27059006690979004, "decoding_time": 0.15749406814575195}