{"MSE": 8.834991455078125, "PSNR": 38.66874227060692, "encoding_time": 0.29047298431396484, "decoding_time": 0.18906593322753906}