{"MSE": 10.096271514892578, "PSNR": 38.08919339507269, "encoding_time": 0.29691529273986816, "decoding_time": 0.1970057487487793}