{"MSE": 8.758045196533203, "PSNR": 38.70673178797563, "encoding_time": 0.2833857536315918, "decoding_time": 0.17509818077087402}