{"MSE": 9.38226318359375, "PSNR": 38.407727496113466, "encoding_time": 0.2961390018463135, "decoding_time": 0.19326519966125488}