{"MSE": 9.897464752197266, "PSNR": 38.17556397092163, "encoding_time": 0.2999999523162842, "decoding_time": 0.1991422176361084}