{"MSE": 9.638595581054688, "PSNR": 38.29066602466321, "encoding_time": 0.30031776428222656, "decoding_time": 0.1992788314819336}