{"MSE": 8.835330963134766, "PSNR": 38.668575384602136, "encoding_time": 0.28797411918640137, "decoding_time": 0.181959867477417}