{"MSE": 10.04574203491211, "PSNR": 38.11098339169865, "encoding_time": 0.2999570369720459, "decoding_time": 0.19985699653625488}