{"MSE": 7.749691009521484, "PSNR": 39.23795973914498, "encoding_time": 0.2777059078216553, "decoding_time": 0.16529583930969238}