{"MSE": 8.953628540039062, "PSNR": 38.61081288059444, "encoding_time": 0.2884979248046875, "decoding_time": 0.18145394325256348}