{"MSE": 9.950748443603516, "PSNR": 38.15224613518906, "encoding_time": 0.2960319519042969, "decoding_time": 0.19868087768554688}