{"MSE": 8.251094818115234, "PSNR": 38.96568782994346, "encoding_time": 0.2771749496459961, "decoding_time": 0.17009997367858887}