{"MSE": 8.57120132446289, "PSNR": 38.80038664729867, "encoding_time": 0.28304481506347656, "decoding_time": 0.17417216300964355}