{"MSE": 9.240192413330078, "PSNR": 38.47399346013881, "encoding_time": 0.2942368984222412, "decoding_time": 0.19064903259277344}