{"MSE": 9.078392028808594, "PSNR": 38.55071428079914, "encoding_time": 0.2945098876953125, "decoding_time": 0.190201997756958}