{"MSE": 7.152839660644531, "PSNR": 39.58601870938505, "encoding_time": 0.2746467590332031, "decoding_time": 0.15776324272155762}