{"MSE": 10.145870208740234, "PSNR": 38.067910585723574, "encoding_time": 0.29581189155578613, "decoding_time": 0.19553709030151367}