{"MSE": 7.253135681152344, "PSNR": 39.525545591783114, "encoding_time": 0.27549099922180176, "decoding_time": 0.16065216064453125}