{"MSE": 8.944568634033203, "PSNR": 38.6152095999765, "encoding_time": 0.28508806228637695, "decoding_time": 0.18113088607788086}