{"MSE": 9.03079605102539, "PSNR": 38.573543264647235, "encoding_time": 0.28666186332702637, "decoding_time": 0.18158626556396484}