{"MSE": 8.368343353271484, "PSNR": 38.904408698690915, "encoding_time": 0.28289198875427246, "decoding_time": 0.17254996299743652}