{"MSE": 10.252002716064453, "PSNR": 38.02271648297993, "encoding_time": 0.3001248836517334, "decoding_time": 0.20072102546691895}