{"MSE": 10.214591979980469, "PSNR": 38.03859337367096, "encoding_time": 0.29929304122924805, "decoding_time": 0.2002580165863037}