{"MSE": 9.202423095703125, "PSNR": 38.4917816411637, "encoding_time": 0.28844380378723145, "decoding_time": 0.1810450553894043}