{"MSE": 10.515144348144531, "PSNR": 37.91265121965175, "encoding_time": 0.29845094680786133, "decoding_time": 0.20198702812194824}