{"MSE": 9.112556457519531, "PSNR": 38.53440128829864, "encoding_time": 0.2886028289794922, "decoding_time": 0.1827399730682373}