{"MSE": 9.225101470947266, "PSNR": 38.48109209014578, "encoding_time": 0.2893800735473633, "decoding_time": 0.18604588508605957}