{"MSE": 8.227424621582031, "PSNR": 38.978164488235215, "encoding_time": 0.2856278419494629, "decoding_time": 0.17623424530029297}