{"MSE": 8.605632781982422, "PSNR": 38.78297550862172, "encoding_time": 0.2846047878265381, "decoding_time": 0.17597508430480957}