{"MSE": 8.433479309082031, "PSNR": 38.87073577109761, "encoding_time": 0.28421497344970703, "decoding_time": 0.1746981143951416}