{"MSE": 8.055561065673828, "PSNR": 39.069845666725406, "encoding_time": 0.2820160388946533, "decoding_time": 0.1751999855041504}