{"MSE": 7.421123504638672, "PSNR": 39.42610701555403, "encoding_time": 0.2772378921508789, "decoding_time": 0.16251206398010254}