{"MSE": 8.698978424072266, "PSNR": 38.73612107196236, "encoding_time": 0.28420305252075195, "decoding_time": 0.17955899238586426}