{"MSE": 10.362293243408203, "PSNR": 37.97624482606827, "encoding_time": 0.29855990409851074, "decoding_time": 0.19794821739196777}