{"MSE": 10.023757934570312, "PSNR": 38.12049790606251, "encoding_time": 0.29573893547058105, "decoding_time": 0.19931912422180176}