{"MSE": 10.526042938232422, "PSNR": 37.908152235925634, "encoding_time": 0.2958400249481201, "decoding_time": 0.19653987884521484}