{"MSE": 10.28472900390625, "PSNR": 38.00887508070874, "encoding_time": 0.3031790256500244, "decoding_time": 0.20540499687194824}