{"MSE": 7.944591522216797, "PSNR": 39.13008788362613, "encoding_time": 0.2810549736022949, "decoding_time": 0.17391014099121094}