{"MSE": 9.028766632080078, "PSNR": 38.57451932975866, "encoding_time": 0.2897319793701172, "decoding_time": 0.1830761432647705}