{"MSE": 9.135345458984375, "PSNR": 38.52355385742698, "encoding_time": 0.28789186477661133, "decoding_time": 0.18262720108032227}