{"MSE": 8.83487319946289, "PSNR": 38.66880040094595, "encoding_time": 0.29286813735961914, "decoding_time": 0.18610882759094238}