{"MSE": 10.24856948852539, "PSNR": 38.02417110753811, "encoding_time": 0.29935598373413086, "decoding_time": 0.20072388648986816}