{"MSE": 10.031364440917969, "PSNR": 38.11720352188484, "encoding_time": 0.2993929386138916, "decoding_time": 0.1978609561920166}