{"MSE": 10.03781509399414, "PSNR": 38.11441169561486, "encoding_time": 0.2991659641265869, "decoding_time": 0.2019500732421875}