{"MSE": 9.028385162353516, "PSNR": 38.57470282513951, "encoding_time": 0.2909219264984131, "decoding_time": 0.18499493598937988}