{"MSE": 9.258773803710938, "PSNR": 38.46526886663691, "encoding_time": 0.294173002243042, "decoding_time": 0.1845550537109375}