{"MSE": 8.701374053955078, "PSNR": 38.73492522395103, "encoding_time": 0.2849588394165039, "decoding_time": 0.1806621551513672}