{"MSE": 8.984878540039062, "PSNR": 38.595681502907354, "encoding_time": 0.2844419479370117, "decoding_time": 0.1795182228088379}