{"MSE": 10.672866821289062, "PSNR": 37.84799270643368, "encoding_time": 0.3016648292541504, "decoding_time": 0.20343518257141113}