{"MSE": 8.376934051513672, "PSNR": 38.8999526445099, "encoding_time": 0.27940797805786133, "decoding_time": 0.17272615432739258}