{"MSE": 10.224323272705078, "PSNR": 38.034457883113674, "encoding_time": 0.29824090003967285, "decoding_time": 0.20280098915100098}