{"MSE": 10.136848449707031, "PSNR": 38.07177407216201, "encoding_time": 0.29465770721435547, "decoding_time": 0.19757509231567383}