{"MSE": 7.32257080078125, "PSNR": 39.48416781369178, "encoding_time": 0.27828288078308105, "decoding_time": 0.16141390800476074}