{"MSE": 8.618965148925781, "PSNR": 38.77625236237031, "encoding_time": 0.28258395195007324, "decoding_time": 0.17588400840759277}