{"MSE": 8.777259826660156, "PSNR": 38.69721406226192, "encoding_time": 0.29419684410095215, "decoding_time": 0.21676206588745117}