{"MSE": 8.881847381591797, "PSNR": 38.645770545276605, "encoding_time": 0.2917172908782959, "decoding_time": 0.18845272064208984}