{"MSE": 8.301544189453125, "PSNR": 38.93921476855493, "encoding_time": 0.2856872081756592, "decoding_time": 0.1768357753753662}