{"MSE": 10.006553649902344, "PSNR": 38.1279583269374, "encoding_time": 0.30152225494384766, "decoding_time": 0.19919991493225098}