{"MSE": 7.372371673583984, "PSNR": 39.454731390797335, "encoding_time": 0.27594995498657227, "decoding_time": 0.16032910346984863}