{"MSE": 8.380901336669922, "PSNR": 38.89789632871043, "encoding_time": 0.28105711936950684, "decoding_time": 0.16880416870117188}