{"MSE": 7.942386627197266, "PSNR": 39.13129336617581, "encoding_time": 0.28344202041625977, "decoding_time": 0.1728661060333252}