{"MSE": 9.072803497314453, "PSNR": 38.553388560256984, "encoding_time": 0.28960323333740234, "decoding_time": 0.18187594413757324}