{"MSE": 9.024646759033203, "PSNR": 38.576501490276115, "encoding_time": 0.2845888137817383, "decoding_time": 0.18144822120666504}