{"MSE": 8.88238525390625, "PSNR": 38.64550755054669, "encoding_time": 0.2883028984069824, "decoding_time": 0.18111109733581543}