{"MSE": 8.689075469970703, "PSNR": 38.74106791513648, "encoding_time": 0.2802741527557373, "decoding_time": 0.17393088340759277}