{"MSE": 8.672958374023438, "PSNR": 38.74913098874604, "encoding_time": 0.28551292419433594, "decoding_time": 0.1790461540222168}