{"MSE": 8.39584732055664, "PSNR": 38.890158285805406, "encoding_time": 0.2834908962249756, "decoding_time": 0.17399811744689941}