{"MSE": 7.916957855224609, "PSNR": 39.14522027825648, "encoding_time": 0.28164196014404297, "decoding_time": 0.17045903205871582}