{"MSE": 7.580890655517578, "PSNR": 39.333601283158956, "encoding_time": 0.2790801525115967, "decoding_time": 0.16530108451843262}