{"MSE": 8.589733123779297, "PSNR": 38.79100690013442, "encoding_time": 0.28308987617492676, "decoding_time": 0.17669105529785156}