{"MSE": 8.692413330078125, "PSNR": 38.73939991734814, "encoding_time": 0.28830695152282715, "decoding_time": 0.1827392578125}