{"MSE": 8.577980041503906, "PSNR": 38.79695329442217, "encoding_time": 0.283642053604126, "decoding_time": 0.17430591583251953}