{"MSE": 8.322612762451172, "PSNR": 38.92820672776237, "encoding_time": 0.2791409492492676, "decoding_time": 0.17161011695861816}