{"MSE": 8.54117202758789, "PSNR": 38.81562891796074, "encoding_time": 0.28115391731262207, "decoding_time": 0.17158293724060059}