{"MSE": 8.809307098388672, "PSNR": 38.681386108191596, "encoding_time": 0.28743410110473633, "decoding_time": 0.18343114852905273}