{"MSE": 8.00439453125, "PSNR": 39.09751874291784, "encoding_time": 0.28594517707824707, "decoding_time": 0.18026089668273926}