{"MSE": 10.554340362548828, "PSNR": 37.896492654181905, "encoding_time": 0.30463671684265137, "decoding_time": 0.2037501335144043}