{"MSE": 8.305431365966797, "PSNR": 38.93718167187786, "encoding_time": 0.2806541919708252, "decoding_time": 0.1733250617980957}