{"MSE": 10.360095977783203, "PSNR": 37.97716582058256, "encoding_time": 0.29979896545410156, "decoding_time": 0.20103907585144043}