{"MSE": 8.69381332397461, "PSNR": 38.73870050207263, "encoding_time": 0.2908351421356201, "decoding_time": 0.18538188934326172}