{"MSE": 8.570938110351562, "PSNR": 38.800520017391186, "encoding_time": 0.2849552631378174, "decoding_time": 0.1742267608642578}