{"MSE": 9.115745544433594, "PSNR": 38.532881670220036, "encoding_time": 0.2869529724121094, "decoding_time": 0.18483281135559082}