{"MSE": 9.230522155761719, "PSNR": 38.47854091808206, "encoding_time": 0.28893303871154785, "decoding_time": 0.1834728717803955}