{"MSE": 8.709182739257812, "PSNR": 38.73102957695299, "encoding_time": 0.2846360206604004, "decoding_time": 0.17753195762634277}