{"MSE": 8.496143341064453, "PSNR": 38.83858529952058, "encoding_time": 0.28394222259521484, "decoding_time": 0.1722550392150879}