{"MSE": 8.942020416259766, "PSNR": 38.61644703761436, "encoding_time": 0.2944319248199463, "decoding_time": 0.19007110595703125}