{"MSE": 10.163803100585938, "PSNR": 38.06024117826582, "encoding_time": 0.29654693603515625, "decoding_time": 0.1966538429260254}