{"MSE": 9.282962799072266, "PSNR": 38.453937508207176, "encoding_time": 0.291032075881958, "decoding_time": 0.18431615829467773}