{"MSE": 8.68709945678711, "PSNR": 38.74205567179653, "encoding_time": 0.28430604934692383, "decoding_time": 0.1753389835357666}