{"MSE": 7.592308044433594, "PSNR": 39.327065403628374, "encoding_time": 0.27944517135620117, "decoding_time": 0.16570281982421875}