{"MSE": 9.065353393554688, "PSNR": 38.5569562205809, "encoding_time": 0.29355788230895996, "decoding_time": 0.19014692306518555}