{"MSE": 8.629936218261719, "PSNR": 38.770727749046515, "encoding_time": 0.28944993019104004, "decoding_time": 0.18271398544311523}