{"MSE": 10.415172576904297, "PSNR": 37.95413890369427, "encoding_time": 0.29652929306030273, "decoding_time": 0.1954207420349121}