{"MSE": 8.422080993652344, "PSNR": 38.87660947230927, "encoding_time": 0.28934288024902344, "decoding_time": 0.18233919143676758}