{"MSE": 9.024528503417969, "PSNR": 38.57655839898292, "encoding_time": 0.28810977935791016, "decoding_time": 0.18114399909973145}