{"MSE": 10.500099182128906, "PSNR": 37.918869595077005, "encoding_time": 0.2993159294128418, "decoding_time": 0.20345711708068848}