{"MSE": 8.63778305053711, "PSNR": 38.76678068905655, "encoding_time": 0.289093017578125, "decoding_time": 0.1813521385192871}