{"MSE": 8.621597290039062, "PSNR": 38.774926275273074, "encoding_time": 0.28423190116882324, "decoding_time": 0.17470216751098633}