{"MSE": 10.200885772705078, "PSNR": 38.04442476410322, "encoding_time": 0.29439377784729004, "decoding_time": 0.19457411766052246}