{"MSE": 8.47397232055664, "PSNR": 38.84993319783202, "encoding_time": 0.2827458381652832, "decoding_time": 0.1733260154724121}