{"MSE": 8.372882843017578, "PSNR": 38.90205346452517, "encoding_time": 0.2813141345977783, "decoding_time": 0.17154479026794434}