{"MSE": 8.533267974853516, "PSNR": 38.819649766353905, "encoding_time": 0.2844562530517578, "decoding_time": 0.17436790466308594}