{"MSE": 8.797195434570312, "PSNR": 38.68736120697439, "encoding_time": 0.29171180725097656, "decoding_time": 0.18883824348449707}