{"MSE": 8.243446350097656, "PSNR": 38.969715450547454, "encoding_time": 0.28568196296691895, "decoding_time": 0.1766529083251953}