{"MSE": 8.920825958251953, "PSNR": 38.62675294327596, "encoding_time": 0.29088616371154785, "decoding_time": 0.1882789134979248}