{"MSE": 10.077259063720703, "PSNR": 38.09737937426345, "encoding_time": 0.3005540370941162, "decoding_time": 0.2018718719482422}