{"MSE": 9.313945770263672, "PSNR": 38.439466559102144, "encoding_time": 0.2891688346862793, "decoding_time": 0.18237519264221191}