{"MSE": 9.795013427734375, "PSNR": 38.220753251735054, "encoding_time": 0.29778194427490234, "decoding_time": 0.1967160701751709}