{"MSE": 9.985675811767578, "PSNR": 38.137028984324026, "encoding_time": 0.29888105392456055, "decoding_time": 0.20166397094726562}