{"MSE": 9.092449188232422, "PSNR": 38.543994781229515, "encoding_time": 0.2898898124694824, "decoding_time": 0.18090581893920898}