{"MSE": 8.943046569824219, "PSNR": 38.615948685741856, "encoding_time": 0.2947258949279785, "decoding_time": 0.19068694114685059}