{"MSE": 7.93975830078125, "PSNR": 39.13273078873392, "encoding_time": 0.2824418544769287, "decoding_time": 0.17425894737243652}