{"MSE": 8.26309585571289, "PSNR": 38.959375700664815, "encoding_time": 0.28180932998657227, "decoding_time": 0.17196893692016602}