{"MSE": 8.13211441040039, "PSNR": 39.02876880786804, "encoding_time": 0.28377795219421387, "decoding_time": 0.17598795890808105}