{"MSE": 10.187816619873047, "PSNR": 38.0499924178226, "encoding_time": 0.3004798889160156, "decoding_time": 0.20293712615966797}