{"MSE": 8.399909973144531, "PSNR": 38.88805729374609, "encoding_time": 0.28324317932128906, "decoding_time": 0.17101311683654785}