{"MSE": 10.332275390625, "PSNR": 37.98884387772853, "encoding_time": 0.30243802070617676, "decoding_time": 0.20179390907287598}