{"MSE": 10.200618743896484, "PSNR": 38.044538450952146, "encoding_time": 0.29828405380249023, "decoding_time": 0.1981818675994873}