{"MSE": 8.042671203613281, "PSNR": 39.07680046408213, "encoding_time": 0.28198695182800293, "decoding_time": 0.17392396926879883}