{"MSE": 8.18447494506836, "PSNR": 39.000895373244276, "encoding_time": 0.2829868793487549, "decoding_time": 0.17259597778320312}