{"MSE": 9.617744445800781, "PSNR": 38.30007127665684, "encoding_time": 0.27749085426330566, "decoding_time": 0.16370010375976562}