{"MSE": 8.054389953613281, "PSNR": 39.0704770870269, "encoding_time": 0.25818610191345215, "decoding_time": 0.14732098579406738}