{"MSE": 8.85665512084961, "PSNR": 38.65810627337014, "encoding_time": 0.27600622177124023, "decoding_time": 0.15762782096862793}