{"MSE": 9.210269927978516, "PSNR": 38.488080024936735, "encoding_time": 0.2861313819885254, "decoding_time": 0.19159293174743652}