{"MSE": 8.80270004272461, "PSNR": 38.68464457604043, "encoding_time": 0.2696709632873535, "decoding_time": 0.1557309627532959}