{"MSE": 9.677772521972656, "PSNR": 38.27304951156174, "encoding_time": 0.27611494064331055, "decoding_time": 0.16358304023742676}