{"MSE": 9.350200653076172, "PSNR": 38.4225943003938, "encoding_time": 0.2787001132965088, "decoding_time": 0.16297101974487305}