{"MSE": 8.123554229736328, "PSNR": 39.03334276868434, "encoding_time": 0.2574610710144043, "decoding_time": 0.14940524101257324}