{"MSE": 7.005168914794922, "PSNR": 39.67661749029287, "encoding_time": 0.2649850845336914, "decoding_time": 0.14214301109313965}