{"MSE": 7.656887054443359, "PSNR": 39.29028119937453, "encoding_time": 0.2668929100036621, "decoding_time": 0.1680128574371338}