{"MSE": 8.22872543334961, "PSNR": 38.977477893409635, "encoding_time": 0.2600138187408447, "decoding_time": 0.15381813049316406}