{"MSE": 7.441265106201172, "PSNR": 39.41433583664136, "encoding_time": 0.2643442153930664, "decoding_time": 0.14316678047180176}