{"MSE": 7.197605133056641, "PSNR": 39.55892343674456, "encoding_time": 0.26470303535461426, "decoding_time": 0.1417081356048584}