{"MSE": 8.194854736328125, "PSNR": 38.99539101286012, "encoding_time": 0.2623741626739502, "decoding_time": 0.15091204643249512}