{"MSE": 8.882026672363281, "PSNR": 38.64568287859706, "encoding_time": 0.2714512348175049, "decoding_time": 0.1561729907989502}