{"MSE": 6.856330871582031, "PSNR": 39.769885933420596, "encoding_time": 0.25847387313842773, "decoding_time": 0.13692688941955566}