{"MSE": 8.299793243408203, "PSNR": 38.94013087090068, "encoding_time": 0.2587430477142334, "decoding_time": 0.15216517448425293}