{"MSE": 8.895832061767578, "PSNR": 38.63893785296303, "encoding_time": 0.273576021194458, "decoding_time": 0.15727996826171875}