{"MSE": 7.787151336669922, "PSNR": 39.217017459454866, "encoding_time": 0.2682499885559082, "decoding_time": 0.14845013618469238}