{"MSE": 7.203334808349609, "PSNR": 39.555467597744794, "encoding_time": 0.26554393768310547, "decoding_time": 0.14205312728881836}