{"MSE": 7.850063323974609, "PSNR": 39.18207200792489, "encoding_time": 0.26552605628967285, "decoding_time": 0.1476600170135498}