{"MSE": 7.69525146484375, "PSNR": 39.26857544626385, "encoding_time": 0.26760220527648926, "decoding_time": 0.14755773544311523}