{"MSE": 8.124828338623047, "PSNR": 39.03266166894084, "encoding_time": 0.26714396476745605, "decoding_time": 0.18272709846496582}