{"MSE": 15.441307067871094, "PSNR": 36.24396301374796, "encoding_time": 0.30132389068603516, "decoding_time": 0.20398426055908203}