{"MSE": 10.255786895751953, "PSNR": 38.02111372772784, "encoding_time": 0.2786390781402588, "decoding_time": 0.16437888145446777}