{"MSE": 10.513725280761719, "PSNR": 37.91323735970171, "encoding_time": 0.28886866569519043, "decoding_time": 0.18088436126708984}