{"MSE": 13.24057388305664, "PSNR": 36.91173551833457, "encoding_time": 0.3000829219818115, "decoding_time": 0.2047419548034668}