{"MSE": 13.41290283203125, "PSNR": 36.85557582456723, "encoding_time": 0.30051088333129883, "decoding_time": 0.20473408699035645}