{"MSE": 13.118701934814453, "PSNR": 36.951894961359535, "encoding_time": 0.3003249168395996, "decoding_time": 0.20435500144958496}