{"MSE": 29.31576919555664, "PSNR": 33.459790670544734, "encoding_time": 0.3322181701660156, "decoding_time": 0.2519240379333496}