{"MSE": 14.33944320678711, "PSNR": 36.565480726403536, "encoding_time": 0.3041820526123047, "decoding_time": 0.21294116973876953}