{"MSE": 13.175468444824219, "PSNR": 36.93314295663739, "encoding_time": 0.3011667728424072, "decoding_time": 0.20218896865844727}