{"MSE": 13.896907806396484, "PSNR": 36.70162184499743, "encoding_time": 0.29183411598205566, "decoding_time": 0.19169306755065918}