{"MSE": 15.409168243408203, "PSNR": 36.25301163878699, "encoding_time": 0.3170890808105469, "decoding_time": 0.2277829647064209}