{"MSE": 39.5500373840332, "PSNR": 32.159334625241854, "encoding_time": 0.35524988174438477, "decoding_time": 0.2859933376312256}