{"MSE": 14.158016204833984, "PSNR": 36.62077955794562, "encoding_time": 0.3093271255493164, "decoding_time": 0.21707701683044434}