{"MSE": 14.265777587890625, "PSNR": 36.58784912044368, "encoding_time": 0.30284905433654785, "decoding_time": 0.20665192604064941}