{"MSE": 13.102550506591797, "PSNR": 36.95724518408803, "encoding_time": 0.29775404930114746, "decoding_time": 0.20192813873291016}