{"MSE": 10.63577651977539, "PSNR": 37.86311157560772, "encoding_time": 0.27964067459106445, "decoding_time": 0.16694402694702148}