{"MSE": 12.937519073486328, "PSNR": 37.01229357796095, "encoding_time": 0.2999441623687744, "decoding_time": 0.20279979705810547}