{"MSE": 13.445667266845703, "PSNR": 36.84498001082987, "encoding_time": 0.30198025703430176, "decoding_time": 0.20668578147888184}