{"MSE": 12.696651458740234, "PSNR": 37.093911631200484, "encoding_time": 0.3215773105621338, "decoding_time": 0.226409912109375}