{"MSE": 7.862239837646484, "PSNR": 39.1753407302748, "encoding_time": 0.3262619972229004, "decoding_time": 0.18149399757385254}