{"MSE": 9.500003814697266, "PSNR": 38.35356581189416, "encoding_time": 0.31213903427124023, "decoding_time": 0.21554994583129883}