{"MSE": 8.706096649169922, "PSNR": 38.732568767774985, "encoding_time": 0.2964918613433838, "decoding_time": 0.1871960163116455}