{"MSE": 7.563926696777344, "PSNR": 39.343330494917566, "encoding_time": 0.29198503494262695, "decoding_time": 0.19875478744506836}