{"MSE": 7.510734558105469, "PSNR": 39.373979473083025, "encoding_time": 0.3015320301055908, "decoding_time": 0.18400788307189941}