{"MSE": 7.954322814941406, "PSNR": 39.12477148632979, "encoding_time": 0.29894399642944336, "decoding_time": 0.19663119316101074}