{"MSE": 12.662845611572266, "PSNR": 37.10549048983256, "encoding_time": 0.3264777660369873, "decoding_time": 0.2592771053314209}