{"MSE": 8.335933685302734, "PSNR": 38.92126109833483, "encoding_time": 0.30158209800720215, "decoding_time": 0.17847681045532227}