{"MSE": 7.077629089355469, "PSNR": 39.63192561632114, "encoding_time": 0.2892880439758301, "decoding_time": 0.17024922370910645}