{"MSE": 10.079967498779297, "PSNR": 38.09621229068281, "encoding_time": 0.3205900192260742, "decoding_time": 0.2107229232788086}