{"MSE": 8.369560241699219, "PSNR": 38.903777212283806, "encoding_time": 0.29554080963134766, "decoding_time": 0.208909273147583}