{"MSE": 11.53900146484375, "PSNR": 37.50912132383662, "encoding_time": 0.34588098526000977, "decoding_time": 0.22390103340148926}