{"MSE": 10.9674072265625, "PSNR": 37.72976391477946, "encoding_time": 0.31922388076782227, "decoding_time": 0.22272896766662598}