{"MSE": 8.481403350830078, "PSNR": 38.84612643387492, "encoding_time": 0.30224013328552246, "decoding_time": 0.20211362838745117}