{"MSE": 7.751625061035156, "PSNR": 39.23687602741285, "encoding_time": 0.2933921813964844, "decoding_time": 0.177764892578125}