{"MSE": 6.964893341064453, "PSNR": 39.70165890752842, "encoding_time": 0.28994035720825195, "decoding_time": 0.17349767684936523}