{"MSE": 8.686115264892578, "PSNR": 38.74254772708536, "encoding_time": 0.3103160858154297, "decoding_time": 0.20546197891235352}