{"MSE": 10.622177124023438, "PSNR": 37.86866821895822, "encoding_time": 0.3122892379760742, "decoding_time": 0.22535490989685059}