{"MSE": 8.533939361572266, "PSNR": 38.81930808239639, "encoding_time": 0.2950572967529297, "decoding_time": 0.1922159194946289}