{"MSE": 8.426639556884766, "PSNR": 38.87425943166421, "encoding_time": 0.2934420108795166, "decoding_time": 0.18443894386291504}