{"MSE": 7.809429168701172, "PSNR": 39.20461070645338, "encoding_time": 0.29418230056762695, "decoding_time": 0.18721580505371094}