{"MSE": 12.024677276611328, "PSNR": 37.33006931445131, "encoding_time": 0.31194400787353516, "decoding_time": 0.21592426300048828}