{"MSE": 10.7662353515625, "PSNR": 37.810164915402275, "encoding_time": 0.3107261657714844, "decoding_time": 0.20516109466552734}