{"MSE": 10.561416625976562, "PSNR": 37.89358185891572, "encoding_time": 0.30046987533569336, "decoding_time": 0.20298504829406738}