{"MSE": 10.827491760253906, "PSNR": 37.78552498965002, "encoding_time": 0.30553126335144043, "decoding_time": 0.20907902717590332}