{"MSE": 9.492729187011719, "PSNR": 38.35689269572489, "encoding_time": 0.29796910285949707, "decoding_time": 0.1902010440826416}