{"MSE": 11.100688934326172, "PSNR": 37.67730427928862, "encoding_time": 0.3115541934967041, "decoding_time": 0.2121729850769043}