{"MSE": 10.224815368652344, "PSNR": 38.034248862520435, "encoding_time": 0.297299861907959, "decoding_time": 0.19201111793518066}