{"MSE": 9.403705596923828, "PSNR": 38.397813367179474, "encoding_time": 0.3232991695404053, "decoding_time": 0.19750690460205078}