{"MSE": 10.909713745117188, "PSNR": 37.75267005380117, "encoding_time": 0.30722498893737793, "decoding_time": 0.21089506149291992}