{"MSE": 8.297130584716797, "PSNR": 38.94152435561962, "encoding_time": 0.2988131046295166, "decoding_time": 0.1895279884338379}