{"MSE": 10.24038314819336, "PSNR": 38.02764154615487, "encoding_time": 0.3103353977203369, "decoding_time": 0.22155189514160156}