{"MSE": 10.323986053466797, "PSNR": 37.99232951678227, "encoding_time": 0.29766416549682617, "decoding_time": 0.19570302963256836}