{"MSE": 11.496368408203125, "PSNR": 37.52519688284706, "encoding_time": 0.3036489486694336, "decoding_time": 0.20742297172546387}