{"MSE": 11.854633331298828, "PSNR": 37.39192235253517, "encoding_time": 0.31148576736450195, "decoding_time": 0.24921441078186035}