{"MSE": 10.6317138671875, "PSNR": 37.864770810045044, "encoding_time": 0.3017113208770752, "decoding_time": 0.20561575889587402}