{"MSE": 14.867279052734375, "PSNR": 36.40848867834229, "encoding_time": 0.3083839416503906, "decoding_time": 0.21803808212280273}