{"MSE": 13.600814819335938, "PSNR": 36.79515433310855, "encoding_time": 0.2994840145111084, "decoding_time": 0.20654582977294922}