{"MSE": 15.045112609863281, "PSNR": 36.35684918166407, "encoding_time": 0.3136131763458252, "decoding_time": 0.22627687454223633}