{"MSE": 13.179710388183594, "PSNR": 36.93174493720364, "encoding_time": 0.2995645999908447, "decoding_time": 0.20346713066101074}