{"MSE": 13.875720977783203, "PSNR": 36.70824802692082, "encoding_time": 0.2999579906463623, "decoding_time": 0.2083737850189209}