{"MSE": 14.855255126953125, "PSNR": 36.412002460088424, "encoding_time": 0.30673909187316895, "decoding_time": 0.2138979434967041}