{"MSE": 10.570301055908203, "PSNR": 37.88993004113205, "encoding_time": 0.28535890579223633, "decoding_time": 0.18424415588378906}