{"MSE": 13.74407958984375, "PSNR": 36.74964699441142, "encoding_time": 0.3017582893371582, "decoding_time": 0.20749378204345703}