{"MSE": 13.536872863769531, "PSNR": 36.81562010762746, "encoding_time": 0.30110907554626465, "decoding_time": 0.2073969841003418}