{"MSE": 15.233787536621094, "PSNR": 36.302724666091336, "encoding_time": 0.3192260265350342, "decoding_time": 0.2365550994873047}