{"MSE": 11.974040985107422, "PSNR": 37.34839620539492, "encoding_time": 0.3045370578765869, "decoding_time": 0.20964813232421875}