{"MSE": 14.743568420410156, "PSNR": 36.44477751311372, "encoding_time": 0.308866024017334, "decoding_time": 0.22084593772888184}