{"MSE": 14.54172134399414, "PSNR": 36.50464542656418, "encoding_time": 0.30175304412841797, "decoding_time": 0.212266206741333}