{"MSE": 15.29709243774414, "PSNR": 36.28471469804693, "encoding_time": 0.3175938129425049, "decoding_time": 0.23788213729858398}