{"MSE": 11.841712951660156, "PSNR": 37.39665831483943, "encoding_time": 0.30374813079833984, "decoding_time": 0.2089827060699463}