{"MSE": 14.491703033447266, "PSNR": 36.51960935053893, "encoding_time": 0.30857396125793457, "decoding_time": 0.21804118156433105}