{"MSE": 12.054763793945312, "PSNR": 37.319216558177445, "encoding_time": 0.3023111820220947, "decoding_time": 0.21022295951843262}