{"MSE": 10.958431243896484, "PSNR": 37.733319737709145, "encoding_time": 0.28839802742004395, "decoding_time": 0.187180757522583}