{"MSE": 12.138053894042969, "PSNR": 37.289312994029075, "encoding_time": 0.3045389652252197, "decoding_time": 0.21007418632507324}