{"MSE": 14.37356185913086, "PSNR": 36.5551595848979, "encoding_time": 0.2700388431549072, "decoding_time": 0.17888617515563965}