{"MSE": 13.728897094726562, "PSNR": 36.75444711097532, "encoding_time": 0.267650842666626, "decoding_time": 0.16970419883728027}