{"MSE": 12.61025619506836, "PSNR": 37.1235645090274, "encoding_time": 0.265164852142334, "decoding_time": 0.18484807014465332}