{"MSE": 9.522499084472656, "PSNR": 38.34329421289559, "encoding_time": 0.2566261291503906, "decoding_time": 0.14725995063781738}