{"MSE": 14.519950866699219, "PSNR": 36.51115214087686, "encoding_time": 0.2721679210662842, "decoding_time": 0.17429685592651367}