{"MSE": 10.610359191894531, "PSNR": 37.87350274570974, "encoding_time": 0.25658226013183594, "decoding_time": 0.14937496185302734}