{"MSE": 12.952068328857422, "PSNR": 37.00741233988601, "encoding_time": 0.26137876510620117, "decoding_time": 0.15894126892089844}