{"MSE": 14.808784484863281, "PSNR": 36.42560948071266, "encoding_time": 0.271024227142334, "decoding_time": 0.17724084854125977}