{"MSE": 14.486495971679688, "PSNR": 36.52117010882934, "encoding_time": 0.2697291374206543, "decoding_time": 0.17994999885559082}