{"MSE": 14.248382568359375, "PSNR": 36.59314793471055, "encoding_time": 0.26735782623291016, "decoding_time": 0.17555618286132812}