{"MSE": 14.497909545898438, "PSNR": 36.517749750557584, "encoding_time": 0.2680959701538086, "decoding_time": 0.17397618293762207}