{"MSE": 13.761600494384766, "PSNR": 36.74411414943832, "encoding_time": 0.2685270309448242, "decoding_time": 0.17370080947875977}