{"MSE": 9.21475601196289, "PSNR": 38.485965203970274, "encoding_time": 0.26801371574401855, "decoding_time": 0.13872122764587402}