{"MSE": 9.327957153320312, "PSNR": 38.43293818319962, "encoding_time": 0.2762870788574219, "decoding_time": 0.16724300384521484}