{"MSE": 12.21866226196289, "PSNR": 37.26056700300977, "encoding_time": 0.2792840003967285, "decoding_time": 0.1580352783203125}