{"MSE": 10.991081237792969, "PSNR": 37.720399430113616, "encoding_time": 0.27017807960510254, "decoding_time": 0.14926695823669434}