{"MSE": 10.102214813232422, "PSNR": 38.08663761766852, "encoding_time": 0.27050018310546875, "decoding_time": 0.147202730178833}