{"MSE": 10.005218505859375, "PSNR": 38.12853783152775, "encoding_time": 0.27307796478271484, "decoding_time": 0.15313100814819336}