{"MSE": 9.00302505493164, "PSNR": 38.586919021036664, "encoding_time": 0.26790809631347656, "decoding_time": 0.14449095726013184}