{"MSE": 11.581684112548828, "PSNR": 37.49308645379156, "encoding_time": 0.27532482147216797, "decoding_time": 0.1602461338043213}