{"MSE": 8.521835327148438, "PSNR": 38.825472230712684, "encoding_time": 0.26509523391723633, "decoding_time": 0.13710689544677734}