{"MSE": 11.23822021484375, "PSNR": 37.62382822951132, "encoding_time": 0.27555298805236816, "decoding_time": 0.15238404273986816}