{"MSE": 9.244720458984375, "PSNR": 38.47186577331185, "encoding_time": 0.26888179779052734, "decoding_time": 0.1459050178527832}