{"MSE": 10.290714263916016, "PSNR": 38.00634841293835, "encoding_time": 0.276975154876709, "decoding_time": 0.1454317569732666}