{"MSE": 11.565982818603516, "PSNR": 37.49897818049152, "encoding_time": 0.27428507804870605, "decoding_time": 0.16462469100952148}