{"MSE": 10.83774185180664, "PSNR": 37.78141558689702, "encoding_time": 0.27242207527160645, "decoding_time": 0.14929485321044922}