{"MSE": 11.412811279296875, "PSNR": 37.55687724977264, "encoding_time": 0.2746431827545166, "decoding_time": 0.15243911743164062}