{"MSE": 8.911598205566406, "PSNR": 38.6312476349596, "encoding_time": 0.26511406898498535, "decoding_time": 0.1395280361175537}