{"MSE": 11.182655334472656, "PSNR": 37.64535421343959, "encoding_time": 0.27212095260620117, "decoding_time": 0.14905810356140137}