{"MSE": 9.845760345458984, "PSNR": 38.19831100415473, "encoding_time": 0.2673490047454834, "decoding_time": 0.14153814315795898}