{"MSE": 8.867874145507812, "PSNR": 38.65260839968461, "encoding_time": 0.2678980827331543, "decoding_time": 0.14052414894104004}