{"MSE": 9.48358154296875, "PSNR": 38.36107978108044, "encoding_time": 0.2794361114501953, "decoding_time": 0.1652851104736328}