{"MSE": 9.73666000366211, "PSNR": 38.24670355810918, "encoding_time": 0.28330087661743164, "decoding_time": 0.16914892196655273}