{"MSE": 8.912040710449219, "PSNR": 38.63103199164483, "encoding_time": 0.27231407165527344, "decoding_time": 0.15281081199645996}