{"MSE": 8.605613708496094, "PSNR": 38.782985134316014, "encoding_time": 0.27082395553588867, "decoding_time": 0.1483321189880371}