{"MSE": 8.419010162353516, "PSNR": 38.87819327123342, "encoding_time": 0.26943492889404297, "decoding_time": 0.14784598350524902}