{"MSE": 10.586647033691406, "PSNR": 37.88321927232457, "encoding_time": 0.27918410301208496, "decoding_time": 0.16962695121765137}