{"MSE": 10.158531188964844, "PSNR": 38.062494425500965, "encoding_time": 0.28571105003356934, "decoding_time": 0.17702817916870117}