{"MSE": 8.571098327636719, "PSNR": 38.80043883510797, "encoding_time": 0.2658731937408447, "decoding_time": 0.14684176445007324}