{"MSE": 10.222553253173828, "PSNR": 38.035209792302574, "encoding_time": 0.28404784202575684, "decoding_time": 0.17753911018371582}