{"MSE": 10.23666763305664, "PSNR": 38.029217581450425, "encoding_time": 0.288684606552124, "decoding_time": 0.17985010147094727}