{"MSE": 10.501293182373047, "PSNR": 37.91837577284943, "encoding_time": 0.2876570224761963, "decoding_time": 0.18195486068725586}