{"MSE": 10.055999755859375, "PSNR": 38.10655106733856, "encoding_time": 0.2824280261993408, "decoding_time": 0.16944193840026855}