{"MSE": 9.753162384033203, "PSNR": 38.2393490586134, "encoding_time": 0.27486729621887207, "decoding_time": 0.15716886520385742}