{"MSE": 10.56619644165039, "PSNR": 37.891616802474715, "encoding_time": 0.28108811378479004, "decoding_time": 0.1742877960205078}