{"MSE": 8.570682525634766, "PSNR": 38.800649525603426, "encoding_time": 0.26788926124572754, "decoding_time": 0.14998507499694824}