{"MSE": 10.65334701538086, "PSNR": 37.85594287182734, "encoding_time": 0.2824549674987793, "decoding_time": 0.17753815650939941}