{"MSE": 8.963390350341797, "PSNR": 38.606080507655285, "encoding_time": 0.27369189262390137, "decoding_time": 0.1541750431060791}