{"MSE": 9.312602996826172, "PSNR": 38.440092718142836, "encoding_time": 0.27173876762390137, "decoding_time": 0.15269827842712402}