{"MSE": 9.94180679321289, "PSNR": 38.15615041962016, "encoding_time": 0.27521300315856934, "decoding_time": 0.1537647247314453}