{"MSE": 9.21868896484375, "PSNR": 38.48411198579883, "encoding_time": 0.2789270877838135, "decoding_time": 0.16101408004760742}