{"MSE": 9.661182403564453, "PSNR": 38.280500791813424, "encoding_time": 0.28151392936706543, "decoding_time": 0.1684098243713379}