{"MSE": 9.646713256835938, "PSNR": 38.28700991312719, "encoding_time": 0.28125691413879395, "decoding_time": 0.1699390411376953}