{"MSE": 9.284931182861328, "PSNR": 38.453016716412584, "encoding_time": 0.2805912494659424, "decoding_time": 0.1753547191619873}