{"MSE": 15.969764709472656, "PSNR": 36.09781843360012, "encoding_time": 0.2994661331176758, "decoding_time": 0.20596599578857422}