{"MSE": 19.433433532714844, "PSNR": 35.245308215870686, "encoding_time": 0.3262341022491455, "decoding_time": 0.24109172821044922}