{"MSE": 17.572765350341797, "PSNR": 35.68240250943886, "encoding_time": 0.3099339008331299, "decoding_time": 0.21789193153381348}