{"MSE": 17.05364990234375, "PSNR": 35.81263017843996, "encoding_time": 0.30340003967285156, "decoding_time": 0.2101149559020996}