{"MSE": 15.443958282470703, "PSNR": 36.24321741039263, "encoding_time": 0.30263805389404297, "decoding_time": 0.20645689964294434}