{"MSE": 18.502365112304688, "PSNR": 35.45853114109716, "encoding_time": 0.31662607192993164, "decoding_time": 0.22596287727355957}