{"MSE": 15.8564453125, "PSNR": 36.1287452682675, "encoding_time": 0.2989060878753662, "decoding_time": 0.20346498489379883}