{"MSE": 17.277061462402344, "PSNR": 35.7561048263167, "encoding_time": 0.30773305892944336, "decoding_time": 0.21797466278076172}