{"MSE": 15.354576110839844, "PSNR": 36.26842529360347, "encoding_time": 0.30080223083496094, "decoding_time": 0.20252680778503418}