{"MSE": 17.551937103271484, "PSNR": 35.68755306912973, "encoding_time": 0.3070969581604004, "decoding_time": 0.21854186058044434}