{"MSE": 12.041667938232422, "PSNR": 37.323937139627084, "encoding_time": 0.28962135314941406, "decoding_time": 0.18672490119934082}