{"MSE": 18.460716247558594, "PSNR": 35.46831813889397, "encoding_time": 0.30889892578125, "decoding_time": 0.22250103950500488}