{"MSE": 18.927570343017578, "PSNR": 35.35985491982959, "encoding_time": 0.3100440502166748, "decoding_time": 0.22307682037353516}