{"MSE": 18.861797332763672, "PSNR": 35.37497286755569, "encoding_time": 0.3130819797515869, "decoding_time": 0.22721505165100098}