{"MSE": 19.900203704833984, "PSNR": 35.142228388585785, "encoding_time": 0.32482218742370605, "decoding_time": 0.24038457870483398}