{"MSE": 14.764324188232422, "PSNR": 36.438667882013284, "encoding_time": 0.3000001907348633, "decoding_time": 0.20092391967773438}