{"MSE": 17.69002914428711, "PSNR": 35.6535181245832, "encoding_time": 0.3070058822631836, "decoding_time": 0.21460509300231934}