{"MSE": 19.796497344970703, "PSNR": 35.16492004864821, "encoding_time": 0.3213050365447998, "decoding_time": 0.23795509338378906}