{"MSE": 18.81299591064453, "PSNR": 35.386223997748914, "encoding_time": 0.30989503860473633, "decoding_time": 0.22380900382995605}