{"MSE": 11.517532348632812, "PSNR": 37.517209201634664, "encoding_time": 0.28662610054016113, "decoding_time": 0.1814119815826416}