{"MSE": 18.756092071533203, "PSNR": 35.39938004893407, "encoding_time": 0.3134751319885254, "decoding_time": 0.2263338565826416}