{"MSE": 19.172496795654297, "PSNR": 35.30401687010921, "encoding_time": 0.3198118209838867, "decoding_time": 0.23473525047302246}