{"MSE": 17.53437042236328, "PSNR": 35.691901838640845, "encoding_time": 0.3069319725036621, "decoding_time": 0.2178490161895752}