{"MSE": 13.600269317626953, "PSNR": 36.79532852350547, "encoding_time": 0.2950870990753174, "decoding_time": 0.1976771354675293}