{"MSE": 19.170963287353516, "PSNR": 35.30436425357011, "encoding_time": 0.31666111946105957, "decoding_time": 0.23072504997253418}