{"MSE": 12.71731948852539, "PSNR": 37.086847789595424, "encoding_time": 0.2913329601287842, "decoding_time": 0.19037890434265137}