{"MSE": 15.67965316772461, "PSNR": 36.177439089614076, "encoding_time": 0.30290818214416504, "decoding_time": 0.20772671699523926}