{"MSE": 19.485347747802734, "PSNR": 35.23372199976862, "encoding_time": 0.32338905334472656, "decoding_time": 0.23865818977355957}