{"MSE": 18.598575592041016, "PSNR": 35.436006766610035, "encoding_time": 0.31015610694885254, "decoding_time": 0.22260189056396484}