{"MSE": 17.497879028320312, "PSNR": 35.700949511599454, "encoding_time": 0.3092989921569824, "decoding_time": 0.21415972709655762}