{"MSE": 16.342300415039062, "PSNR": 35.99767171141627, "encoding_time": 0.3004460334777832, "decoding_time": 0.20811796188354492}