{"MSE": 16.438312530517578, "PSNR": 35.97223127730727, "encoding_time": 0.3091750144958496, "decoding_time": 0.21399283409118652}