{"MSE": 15.6136474609375, "PSNR": 36.19575991622382, "encoding_time": 0.30013585090637207, "decoding_time": 0.208543062210083}