{"MSE": 11.028480529785156, "PSNR": 37.70564680067517, "encoding_time": 0.2865900993347168, "decoding_time": 0.17945289611816406}