{"MSE": 15.4332275390625, "PSNR": 36.246236016339076, "encoding_time": 0.3017721176147461, "decoding_time": 0.20741486549377441}