{"MSE": 15.849800109863281, "PSNR": 36.13056571394945, "encoding_time": 0.30629587173461914, "decoding_time": 0.21245718002319336}