{"MSE": 16.882102966308594, "PSNR": 35.85653816103345, "encoding_time": 0.30844712257385254, "decoding_time": 0.22019124031066895}