{"MSE": 20.120655059814453, "PSNR": 35.09438245108688, "encoding_time": 0.31974077224731445, "decoding_time": 0.2335221767425537}