{"MSE": 15.662532806396484, "PSNR": 36.18218367201088, "encoding_time": 0.3023409843444824, "decoding_time": 0.20912981033325195}