{"MSE": 19.241893768310547, "PSNR": 35.28832548225709, "encoding_time": 0.31598591804504395, "decoding_time": 0.22702407836914062}