{"MSE": 18.51546859741211, "PSNR": 35.455456530325414, "encoding_time": 0.3124680519104004, "decoding_time": 0.22393488883972168}