{"MSE": 18.225967407226562, "PSNR": 35.523897715613074, "encoding_time": 0.3106088638305664, "decoding_time": 0.22270917892456055}