{"MSE": 19.927505493164062, "PSNR": 35.13627423349434, "encoding_time": 0.31675100326538086, "decoding_time": 0.23201799392700195}