{"MSE": 13.890083312988281, "PSNR": 36.70375510215783, "encoding_time": 0.29631996154785156, "decoding_time": 0.19855523109436035}