{"MSE": 18.894454956054688, "PSNR": 35.367459924260416, "encoding_time": 0.31712794303894043, "decoding_time": 0.22844290733337402}