{"MSE": 11.522178649902344, "PSNR": 37.51545756244952, "encoding_time": 0.288348913192749, "decoding_time": 0.18278908729553223}