{"MSE": 19.159427642822266, "PSNR": 35.30697829782835, "encoding_time": 0.312457799911499, "decoding_time": 0.22520017623901367}