{"MSE": 17.65374755859375, "PSNR": 35.66243448806552, "encoding_time": 0.30756711959838867, "decoding_time": 0.21338582038879395}