{"MSE": 16.187545776367188, "PSNR": 36.03899351310039, "encoding_time": 0.2997419834136963, "decoding_time": 0.2054128646850586}