{"MSE": 19.238910675048828, "PSNR": 35.28899882626011, "encoding_time": 0.31644701957702637, "decoding_time": 0.227308988571167}