{"MSE": 15.505184173583984, "PSNR": 36.22603431629863, "encoding_time": 0.3023831844329834, "decoding_time": 0.20772385597229004}