{"MSE": 14.441913604736328, "PSNR": 36.53455618263419, "encoding_time": 0.29813194274902344, "decoding_time": 0.19997620582580566}