{"MSE": 19.05069351196289, "PSNR": 35.33169570728377, "encoding_time": 0.3209390640258789, "decoding_time": 0.2342519760131836}