{"MSE": 18.598861694335938, "PSNR": 35.43593995950879, "encoding_time": 0.3108699321746826, "decoding_time": 0.22177624702453613}