{"MSE": 17.61947250366211, "PSNR": 35.67087458618101, "encoding_time": 0.3066089153289795, "decoding_time": 0.21350598335266113}