{"MSE": 16.323760986328125, "PSNR": 36.002601336908825, "encoding_time": 0.3097829818725586, "decoding_time": 0.21878385543823242}