{"MSE": 15.943702697753906, "PSNR": 36.10491173389776, "encoding_time": 0.30191826820373535, "decoding_time": 0.20913100242614746}