{"MSE": 15.257404327392578, "PSNR": 36.29599705504279, "encoding_time": 0.3013193607330322, "decoding_time": 0.206007719039917}