{"MSE": 18.95484161376953, "PSNR": 35.35360201045224, "encoding_time": 0.30927109718322754, "decoding_time": 0.22375202178955078}