{"MSE": 15.995670318603516, "PSNR": 36.09077916412101, "encoding_time": 0.30184507369995117, "decoding_time": 0.21114587783813477}