{"MSE": 18.573589324951172, "PSNR": 35.441845221044424, "encoding_time": 0.3087491989135742, "decoding_time": 0.22521662712097168}