{"MSE": 19.96054458618164, "PSNR": 35.12907974841047, "encoding_time": 0.31680893898010254, "decoding_time": 0.23227500915527344}