{"MSE": 14.586360931396484, "PSNR": 36.491334051323285, "encoding_time": 0.29952311515808105, "decoding_time": 0.2021937370300293}