{"MSE": 19.31753921508789, "PSNR": 35.27128558321286, "encoding_time": 0.32166457176208496, "decoding_time": 0.23992705345153809}