{"MSE": 18.5025634765625, "PSNR": 35.45848458054112, "encoding_time": 0.31360626220703125, "decoding_time": 0.22449374198913574}