{"MSE": 18.904769897460938, "PSNR": 35.365089652244286, "encoding_time": 0.31691598892211914, "decoding_time": 0.22830510139465332}