{"MSE": 18.292766571044922, "PSNR": 35.508009683670544, "encoding_time": 0.31001806259155273, "decoding_time": 0.22278499603271484}