{"MSE": 14.948204040527344, "PSNR": 36.38491343601581, "encoding_time": 0.2994191646575928, "decoding_time": 0.20471715927124023}