{"MSE": 19.461090087890625, "PSNR": 35.23913197808318, "encoding_time": 0.3165597915649414, "decoding_time": 0.22835612297058105}