{"MSE": 13.963531494140625, "PSNR": 36.680850919748984, "encoding_time": 0.29455089569091797, "decoding_time": 0.1921532154083252}