{"MSE": 15.570510864257812, "PSNR": 36.207774989813274, "encoding_time": 0.30365729331970215, "decoding_time": 0.20470404624938965}