{"MSE": 16.394081115722656, "PSNR": 35.9839328128093, "encoding_time": 0.3044867515563965, "decoding_time": 0.21332406997680664}