{"MSE": 11.651458740234375, "PSNR": 37.46700059267697, "encoding_time": 0.2877309322357178, "decoding_time": 0.18157291412353516}