{"MSE": 17.639049530029297, "PSNR": 35.666051811483335, "encoding_time": 0.3085670471191406, "decoding_time": 0.21663212776184082}