{"MSE": 17.51413345336914, "PSNR": 35.696917062670074, "encoding_time": 0.30658793449401855, "decoding_time": 0.21532702445983887}