{"MSE": 17.986331939697266, "PSNR": 35.58137756764972, "encoding_time": 0.3122589588165283, "decoding_time": 0.221297025680542}