{"MSE": 19.820941925048828, "PSNR": 35.15956071811943, "encoding_time": 0.3190770149230957, "decoding_time": 0.23020291328430176}