{"MSE": 15.316974639892578, "PSNR": 36.279073675654686, "encoding_time": 0.30118608474731445, "decoding_time": 0.2065448760986328}