{"MSE": 19.626998901367188, "PSNR": 35.20226462705349, "encoding_time": 0.3168909549713135, "decoding_time": 0.230363130569458}