{"MSE": 16.140270233154297, "PSNR": 36.05169559119699, "encoding_time": 0.29980897903442383, "decoding_time": 0.20684289932250977}