{"MSE": 18.93890380859375, "PSNR": 35.35725522613334, "encoding_time": 0.3156149387359619, "decoding_time": 0.2296590805053711}