{"MSE": 19.036602020263672, "PSNR": 35.33490930241069, "encoding_time": 0.3098878860473633, "decoding_time": 0.2243039608001709}