{"MSE": 19.053611755371094, "PSNR": 35.33103049268263, "encoding_time": 0.3108856678009033, "decoding_time": 0.22638702392578125}