{"MSE": 18.477985382080078, "PSNR": 35.464257416645786, "encoding_time": 0.3082609176635742, "decoding_time": 0.2221360206604004}