{"MSE": 14.515670776367188, "PSNR": 36.51243251272462, "encoding_time": 0.2980532646179199, "decoding_time": 0.19768071174621582}