{"MSE": 16.948654174804688, "PSNR": 35.83945142556603, "encoding_time": 0.3059980869293213, "decoding_time": 0.21401500701904297}