{"MSE": 11.13974380493164, "PSNR": 37.6620515794617, "encoding_time": 0.2851741313934326, "decoding_time": 0.18103289604187012}