{"MSE": 18.5963134765625, "PSNR": 35.4365350242796, "encoding_time": 0.3094198703765869, "decoding_time": 0.2208998203277588}