{"MSE": 19.743988037109375, "PSNR": 35.176454816538914, "encoding_time": 0.32527899742126465, "decoding_time": 0.24263405799865723}