{"MSE": 19.147525787353516, "PSNR": 35.30967697775875, "encoding_time": 0.32216811180114746, "decoding_time": 0.23648881912231445}