{"MSE": 18.422351837158203, "PSNR": 35.47735288497799, "encoding_time": 0.3072519302368164, "decoding_time": 0.22405719757080078}