{"MSE": 16.598224639892578, "PSNR": 35.930187228478275, "encoding_time": 0.30763697624206543, "decoding_time": 0.21568989753723145}