{"MSE": 16.58782196044922, "PSNR": 35.93290995497935, "encoding_time": 0.3062119483947754, "decoding_time": 0.21530508995056152}