{"MSE": 12.210140228271484, "PSNR": 37.26359709206827, "encoding_time": 0.2889688014984131, "decoding_time": 0.18715906143188477}