{"MSE": 15.725391387939453, "PSNR": 36.1647889749737, "encoding_time": 0.30036091804504395, "decoding_time": 0.20745301246643066}