{"MSE": 17.633098602294922, "PSNR": 35.66751724823081, "encoding_time": 0.3084700107574463, "decoding_time": 0.21804213523864746}