{"MSE": 15.022224426269531, "PSNR": 36.36346114982316, "encoding_time": 0.2992079257965088, "decoding_time": 0.20372605323791504}