{"MSE": 14.896289825439453, "PSNR": 36.4000224742099, "encoding_time": 0.2992079257965088, "decoding_time": 0.20385408401489258}