{"MSE": 17.384662628173828, "PSNR": 35.72914093812058, "encoding_time": 0.30658578872680664, "decoding_time": 0.21574711799621582}