{"MSE": 19.47303009033203, "PSNR": 35.23646825931258, "encoding_time": 0.3233602046966553, "decoding_time": 0.23976492881774902}