{"MSE": 17.64611053466797, "PSNR": 35.66431365562032, "encoding_time": 0.3061182498931885, "decoding_time": 0.2133350372314453}