{"MSE": 16.931835174560547, "PSNR": 35.8437632874886, "encoding_time": 0.3123819828033447, "decoding_time": 0.2222757339477539}