{"MSE": 18.572723388671875, "PSNR": 35.44204770216321, "encoding_time": 0.31098222732543945, "decoding_time": 0.2210848331451416}