{"MSE": 15.626235961914062, "PSNR": 36.19225982838324, "encoding_time": 0.3022270202636719, "decoding_time": 0.2064378261566162}