{"MSE": 17.134021759033203, "PSNR": 35.79221046778508, "encoding_time": 0.3049030303955078, "decoding_time": 0.21303987503051758}