{"MSE": 5.201560974121094, "PSNR": 40.9694666709548, "encoding_time": 0.2732980251312256, "decoding_time": 0.15748286247253418}