{"MSE": 7.120037078857422, "PSNR": 39.60598105559531, "encoding_time": 0.2857639789581299, "decoding_time": 0.1756300926208496}