{"MSE": 5.381256103515625, "PSNR": 40.82196699485436, "encoding_time": 0.28198814392089844, "decoding_time": 0.1697688102722168}