{"MSE": 5.796199798583984, "PSNR": 40.49937013411946, "encoding_time": 0.28162503242492676, "decoding_time": 0.17663288116455078}