{"MSE": 7.136405944824219, "PSNR": 39.596008145415, "encoding_time": 0.2836418151855469, "decoding_time": 0.1717090606689453}