{"MSE": 5.642688751220703, "PSNR": 40.6159426547211, "encoding_time": 0.2840578556060791, "decoding_time": 0.17480993270874023}