{"MSE": 5.381771087646484, "PSNR": 40.8215513965984, "encoding_time": 0.28215909004211426, "decoding_time": 0.171112060546875}