{"MSE": 5.689350128173828, "PSNR": 40.58017699370338, "encoding_time": 0.2793769836425781, "decoding_time": 0.16846990585327148}