{"MSE": 7.119300842285156, "PSNR": 39.60643015439858, "encoding_time": 0.2811429500579834, "decoding_time": 0.17098093032836914}