{"MSE": 5.824344635009766, "PSNR": 40.478332959614974, "encoding_time": 0.2812817096710205, "decoding_time": 0.17230725288391113}