{"MSE": 5.43597412109375, "PSNR": 40.77802980337427, "encoding_time": 0.280872106552124, "decoding_time": 0.1681990623474121}