{"MSE": 6.42755126953125, "PSNR": 40.050348113778725, "encoding_time": 0.287930965423584, "decoding_time": 0.17763710021972656}