{"MSE": 6.672477722167969, "PSNR": 39.88793228412962, "encoding_time": 0.2875940799713135, "decoding_time": 0.18194293975830078}