{"MSE": 7.072879791259766, "PSNR": 39.63484083873572, "encoding_time": 0.28073906898498535, "decoding_time": 0.17208600044250488}