{"MSE": 5.678184509277344, "PSNR": 40.588708603041574, "encoding_time": 0.2761530876159668, "decoding_time": 0.16124606132507324}