{"MSE": 5.689178466796875, "PSNR": 40.58030803277077, "encoding_time": 0.272352933883667, "decoding_time": 0.15392684936523438}