{"MSE": 5.412811279296875, "PSNR": 40.79657475433743, "encoding_time": 0.2814910411834717, "decoding_time": 0.16861796379089355}