{"MSE": 5.5723419189453125, "PSNR": 40.670426039854505, "encoding_time": 0.27335095405578613, "decoding_time": 0.15771889686584473}