{"MSE": 5.615055084228516, "PSNR": 40.637263397790456, "encoding_time": 0.27960705757141113, "decoding_time": 0.16681718826293945}