{"MSE": 6.907386779785156, "PSNR": 39.7376658581972, "encoding_time": 0.27780723571777344, "decoding_time": 0.16489386558532715}