{"MSE": 5.340324401855469, "PSNR": 40.85512721506666, "encoding_time": 0.27858996391296387, "decoding_time": 0.16617989540100098}