{"MSE": 6.740337371826172, "PSNR": 39.84398726193782, "encoding_time": 0.29135584831237793, "decoding_time": 0.1823432445526123}