{"MSE": 10.53200912475586, "PSNR": 37.9056913416827, "encoding_time": 0.2787818908691406, "decoding_time": 0.16316795349121094}