{"MSE": 11.628307342529297, "PSNR": 37.47563858976901, "encoding_time": 0.27790307998657227, "decoding_time": 0.1661689281463623}