{"MSE": 13.811027526855469, "PSNR": 36.72854370005233, "encoding_time": 0.29141879081726074, "decoding_time": 0.18687009811401367}