{"MSE": 9.949325561523438, "PSNR": 38.152867187991845, "encoding_time": 0.2727200984954834, "decoding_time": 0.1562669277191162}