{"MSE": 13.402843475341797, "PSNR": 36.85883415141488, "encoding_time": 0.2828540802001953, "decoding_time": 0.1802530288696289}