{"MSE": 7.219890594482422, "PSNR": 39.545497442640006, "encoding_time": 0.25804901123046875, "decoding_time": 0.13137507438659668}