{"MSE": 9.591983795166016, "PSNR": 38.311719244797786, "encoding_time": 0.2768118381500244, "decoding_time": 0.15758419036865234}