{"MSE": 13.65915298461914, "PSNR": 36.77656591647669, "encoding_time": 0.28812694549560547, "decoding_time": 0.18219304084777832}