{"MSE": 9.994392395019531, "PSNR": 38.13323964365876, "encoding_time": 0.27681803703308105, "decoding_time": 0.1596667766571045}