{"MSE": 14.133377075195312, "PSNR": 36.628344148802256, "encoding_time": 0.2872786521911621, "decoding_time": 0.18678832054138184}