{"MSE": 10.901954650878906, "PSNR": 37.75575989717601, "encoding_time": 0.27623581886291504, "decoding_time": 0.16103339195251465}