{"MSE": 10.73093032836914, "PSNR": 37.82442985690179, "encoding_time": 0.27675795555114746, "decoding_time": 0.15914607048034668}