{"MSE": 9.793281555175781, "PSNR": 38.22152120289994, "encoding_time": 0.27626705169677734, "decoding_time": 0.15786528587341309}