{"MSE": 7.582439422607422, "PSNR": 39.33271411523509, "encoding_time": 0.26190996170043945, "decoding_time": 0.13540410995483398}