{"MSE": 7.046726226806641, "PSNR": 39.65092961869124, "encoding_time": 0.25808072090148926, "decoding_time": 0.12929010391235352}