{"MSE": 9.812255859375, "PSNR": 38.21311496744695, "encoding_time": 0.2731037139892578, "decoding_time": 0.15386009216308594}