{"MSE": 10.723701477050781, "PSNR": 37.827356451387615, "encoding_time": 0.274000883102417, "decoding_time": 0.158951997756958}