{"MSE": 11.31009292602539, "PSNR": 37.59614187675942, "encoding_time": 0.2775893211364746, "decoding_time": 0.1622447967529297}