{"MSE": 13.744991302490234, "PSNR": 36.749358914997494, "encoding_time": 0.28699588775634766, "decoding_time": 0.1791229248046875}