{"MSE": 7.686557769775391, "PSNR": 39.27348465315881, "encoding_time": 0.2633228302001953, "decoding_time": 0.13600707054138184}