{"MSE": 12.04812240600586, "PSNR": 37.321609896621105, "encoding_time": 0.30783796310424805, "decoding_time": 0.22286009788513184}