{"MSE": 9.527019500732422, "PSNR": 38.34123306697677, "encoding_time": 0.30190205574035645, "decoding_time": 0.1996760368347168}