{"MSE": 10.440479278564453, "PSNR": 37.94359925107973, "encoding_time": 0.3082139492034912, "decoding_time": 0.21729016304016113}