{"MSE": 8.695545196533203, "PSNR": 38.73783544118248, "encoding_time": 0.29232001304626465, "decoding_time": 0.19122672080993652}