{"MSE": 10.713947296142578, "PSNR": 37.831308551994425, "encoding_time": 0.31043314933776855, "decoding_time": 0.22481203079223633}