{"MSE": 8.479682922363281, "PSNR": 38.847007477199824, "encoding_time": 0.29725098609924316, "decoding_time": 0.18524813652038574}