{"MSE": 10.09228515625, "PSNR": 38.090908479129524, "encoding_time": 0.3019530773162842, "decoding_time": 0.2117900848388672}