{"MSE": 11.617874145507812, "PSNR": 37.479536933418785, "encoding_time": 0.31253981590270996, "decoding_time": 0.22247600555419922}