{"MSE": 12.15591812133789, "PSNR": 37.28292594729082, "encoding_time": 0.3118400573730469, "decoding_time": 0.2251901626586914}