{"MSE": 12.378562927246094, "PSNR": 37.20410132096047, "encoding_time": 0.3088538646697998, "decoding_time": 0.22224712371826172}