{"MSE": 12.537742614746094, "PSNR": 37.14861010833374, "encoding_time": 0.3108673095703125, "decoding_time": 0.2308816909790039}