{"MSE": 12.25832748413086, "PSNR": 37.2464914141658, "encoding_time": 0.31276535987854004, "decoding_time": 0.2264108657836914}