{"MSE": 10.379261016845703, "PSNR": 37.96913927175402, "encoding_time": 0.2959141731262207, "decoding_time": 0.2481379508972168}