{"MSE": 9.91647720336914, "PSNR": 38.167229430339965, "encoding_time": 0.30106496810913086, "decoding_time": 0.2028980255126953}