{"MSE": 11.478588104248047, "PSNR": 37.53191888855068, "encoding_time": 0.308441162109375, "decoding_time": 0.21932387351989746}