{"MSE": 10.860702514648438, "PSNR": 37.772224427635564, "encoding_time": 0.30341577529907227, "decoding_time": 0.20771408081054688}