{"MSE": 10.0916748046875, "PSNR": 38.09117113553214, "encoding_time": 0.3241410255432129, "decoding_time": 0.2072598934173584}