{"MSE": 7.300178527832031, "PSNR": 39.49746879829063, "encoding_time": 0.28548479080200195, "decoding_time": 0.19996094703674316}