{"MSE": 11.658622741699219, "PSNR": 37.46433111560551, "encoding_time": 0.312305212020874, "decoding_time": 0.22888493537902832}