{"MSE": 10.100494384765625, "PSNR": 38.08737729330719, "encoding_time": 0.3136179447174072, "decoding_time": 0.2225961685180664}