{"MSE": 10.115612030029297, "PSNR": 38.08088196625805, "encoding_time": 0.2987079620361328, "decoding_time": 0.20490193367004395}