{"MSE": 7.26287841796875, "PSNR": 39.51971586821788, "encoding_time": 0.278156042098999, "decoding_time": 0.1637260913848877}