{"MSE": 7.651004791259766, "PSNR": 39.293618869372764, "encoding_time": 0.2831568717956543, "decoding_time": 0.17648911476135254}