{"MSE": 7.208110809326172, "PSNR": 39.55258906494434, "encoding_time": 0.27739977836608887, "decoding_time": 0.16771626472473145}