{"MSE": 8.154991149902344, "PSNR": 39.01656866803775, "encoding_time": 0.28516101837158203, "decoding_time": 0.17843914031982422}