{"MSE": 6.975543975830078, "PSNR": 39.6950227989153, "encoding_time": 0.26865410804748535, "decoding_time": 0.15091991424560547}