{"MSE": 7.393775939941406, "PSNR": 39.442140752369156, "encoding_time": 0.2811238765716553, "decoding_time": 0.17136621475219727}