{"MSE": 7.443805694580078, "PSNR": 39.41285332636078, "encoding_time": 0.28234195709228516, "decoding_time": 0.17252397537231445}