{"MSE": 8.709117889404297, "PSNR": 38.73106191527822, "encoding_time": 0.2964162826538086, "decoding_time": 0.20479083061218262}