{"MSE": 6.834709167480469, "PSNR": 39.78360321795185, "encoding_time": 0.2763199806213379, "decoding_time": 0.16118502616882324}