{"MSE": 7.5236053466796875, "PSNR": 39.36654354459334, "encoding_time": 0.28076815605163574, "decoding_time": 0.17258691787719727}