{"MSE": 6.848609924316406, "PSNR": 39.774779300268676, "encoding_time": 0.26810503005981445, "decoding_time": 0.1487889289855957}