{"MSE": 7.1533050537109375, "PSNR": 39.58573614878642, "encoding_time": 0.2772552967071533, "decoding_time": 0.16855096817016602}