{"MSE": 7.517311096191406, "PSNR": 39.37017837419261, "encoding_time": 0.28295397758483887, "decoding_time": 0.17369604110717773}