{"MSE": 7.80718994140625, "PSNR": 39.20585615408544, "encoding_time": 0.28215622901916504, "decoding_time": 0.1752619743347168}