{"MSE": 7.349739074707031, "PSNR": 39.468084395288, "encoding_time": 0.27960896492004395, "decoding_time": 0.17092514038085938}