{"MSE": 7.4165802001953125, "PSNR": 39.428766634791984, "encoding_time": 0.2719728946685791, "decoding_time": 0.15661120414733887}