{"MSE": 7.273109436035156, "PSNR": 39.51360238564092, "encoding_time": 0.2769620418548584, "decoding_time": 0.16420197486877441}