{"MSE": 7.166538238525391, "PSNR": 39.57770938388177, "encoding_time": 0.2739572525024414, "decoding_time": 0.16172194480895996}