{"MSE": 6.982887268066406, "PSNR": 39.690453300329494, "encoding_time": 0.26994919776916504, "decoding_time": 0.15158891677856445}