{"MSE": 7.3570556640625, "PSNR": 39.46376318906731, "encoding_time": 0.2794759273529053, "decoding_time": 0.17042136192321777}