{"MSE": 7.224212646484375, "PSNR": 39.54289839808923, "encoding_time": 0.28090500831604004, "decoding_time": 0.1705012321472168}