{"MSE": 8.771488189697266, "PSNR": 38.700070779074515, "encoding_time": 0.28429698944091797, "decoding_time": 0.18284106254577637}