{"MSE": 7.390037536621094, "PSNR": 39.44433716531811, "encoding_time": 0.2838900089263916, "decoding_time": 0.17462611198425293}