{"MSE": 6.478546142578125, "PSNR": 40.01602804549372, "encoding_time": 0.27414464950561523, "decoding_time": 0.15878510475158691}