{"MSE": 6.56646728515625, "PSNR": 39.95748575964713, "encoding_time": 0.2737610340118408, "decoding_time": 0.15943098068237305}