{"MSE": 7.128330230712891, "PSNR": 39.60092550022271, "encoding_time": 0.2769589424133301, "decoding_time": 0.16356396675109863}