{"MSE": 8.923538208007812, "PSNR": 38.625432733600114, "encoding_time": 0.28856706619262695, "decoding_time": 0.18428492546081543}