{"MSE": 8.802345275878906, "PSNR": 38.684819609141094, "encoding_time": 0.2910451889038086, "decoding_time": 0.1906118392944336}