{"MSE": 6.902721405029297, "PSNR": 39.7406001532258, "encoding_time": 0.27652716636657715, "decoding_time": 0.16247296333312988}