{"MSE": 6.20672607421875, "PSNR": 40.20217782081575, "encoding_time": 0.2727019786834717, "decoding_time": 0.15573596954345703}