{"MSE": 7.196613311767578, "PSNR": 39.559521930528994, "encoding_time": 0.27242279052734375, "decoding_time": 0.1537940502166748}