{"MSE": 6.910076141357422, "PSNR": 39.735975280249434, "encoding_time": 0.2718679904937744, "decoding_time": 0.1528339385986328}