{"MSE": 7.67938232421875, "PSNR": 39.277540710409966, "encoding_time": 0.2848057746887207, "decoding_time": 0.1757361888885498}