{"MSE": 7.0589752197265625, "PSNR": 39.64338703544391, "encoding_time": 0.2790231704711914, "decoding_time": 0.16732478141784668}