{"MSE": 5.986415863037109, "PSNR": 40.35913477841032, "encoding_time": 0.2725551128387451, "decoding_time": 0.1548001766204834}