{"MSE": 7.118923187255859, "PSNR": 39.60666053916425, "encoding_time": 0.27649474143981934, "decoding_time": 0.16353416442871094}