{"MSE": 7.075019836425781, "PSNR": 39.63352699026609, "encoding_time": 0.2686421871185303, "decoding_time": 0.15238189697265625}