{"MSE": 7.49493408203125, "PSNR": 39.38312543288144, "encoding_time": 0.27599501609802246, "decoding_time": 0.16485381126403809}