{"MSE": 9.022632598876953, "PSNR": 38.57747087588579, "encoding_time": 0.28616809844970703, "decoding_time": 0.18361592292785645}