{"MSE": 7.417591094970703, "PSNR": 39.42817472303005, "encoding_time": 0.2740447521209717, "decoding_time": 0.1626749038696289}