{"MSE": 8.748283386230469, "PSNR": 38.71157518020058, "encoding_time": 0.292971134185791, "decoding_time": 0.19603371620178223}