{"MSE": 8.418071746826172, "PSNR": 38.878677379688654, "encoding_time": 0.29465389251708984, "decoding_time": 0.19292998313903809}