{"MSE": 7.312385559082031, "PSNR": 39.49021278556899, "encoding_time": 0.2737281322479248, "decoding_time": 0.15564680099487305}