{"MSE": 7.8646697998046875, "PSNR": 39.17399867491965, "encoding_time": 0.283416748046875, "decoding_time": 0.17522501945495605}