{"MSE": 8.792591094970703, "PSNR": 38.68963484380703, "encoding_time": 0.2852449417114258, "decoding_time": 0.18170905113220215}