{"MSE": 8.30910873413086, "PSNR": 38.93525918625016, "encoding_time": 0.2928917407989502, "decoding_time": 0.2004249095916748}