{"MSE": 7.375816345214844, "PSNR": 39.45270266441203, "encoding_time": 0.273327112197876, "decoding_time": 0.15581488609313965}