{"MSE": 7.410274505615234, "PSNR": 39.432460646205925, "encoding_time": 0.26209092140197754, "decoding_time": 0.14074230194091797}