{"MSE": 8.616867065429688, "PSNR": 38.777309678406, "encoding_time": 0.2644379138946533, "decoding_time": 0.14714813232421875}