{"MSE": 8.085025787353516, "PSNR": 39.05398951432234, "encoding_time": 0.2590200901031494, "decoding_time": 0.13741683959960938}