{"MSE": 8.144439697265625, "PSNR": 39.02219148804817, "encoding_time": 0.25978589057922363, "decoding_time": 0.13889408111572266}