{"MSE": 7.666801452636719, "PSNR": 39.28466144401917, "encoding_time": 0.2619152069091797, "decoding_time": 0.14168810844421387}