{"MSE": 7.673473358154297, "PSNR": 39.280883712565846, "encoding_time": 0.263897180557251, "decoding_time": 0.14224886894226074}