{"MSE": 8.0472412109375, "PSNR": 39.074333416449555, "encoding_time": 0.26726698875427246, "decoding_time": 0.14160513877868652}