{"MSE": 8.04461669921875, "PSNR": 39.075750047112855, "encoding_time": 0.2623569965362549, "decoding_time": 0.13720989227294922}