{"MSE": 7.101982116699219, "PSNR": 39.61700786485617, "encoding_time": 0.26001501083374023, "decoding_time": 0.13262081146240234}