{"MSE": 7.239501953125, "PSNR": 39.533716712521986, "encoding_time": 0.2622549533843994, "decoding_time": 0.13898611068725586}