{"MSE": 7.050212860107422, "PSNR": 39.648781314545936, "encoding_time": 0.25765204429626465, "decoding_time": 0.13561224937438965}