{"MSE": 6.721149444580078, "PSNR": 39.85636808833458, "encoding_time": 0.25801587104797363, "decoding_time": 0.13129615783691406}