{"MSE": 7.017997741699219, "PSNR": 39.6686713673884, "encoding_time": 0.2597682476043701, "decoding_time": 0.13367295265197754}