{"MSE": 7.783382415771484, "PSNR": 39.21911991991887, "encoding_time": 0.26302003860473633, "decoding_time": 0.1408848762512207}