{"MSE": 10.299983978271484, "PSNR": 38.002438117116405, "encoding_time": 0.2869408130645752, "decoding_time": 0.18069124221801758}