{"MSE": 9.6483154296875, "PSNR": 38.28628867571273, "encoding_time": 0.2832159996032715, "decoding_time": 0.1694810390472412}