{"MSE": 10.218086242675781, "PSNR": 38.03710796974579, "encoding_time": 0.28049373626708984, "decoding_time": 0.16649603843688965}