{"MSE": 8.831348419189453, "PSNR": 38.67053341740644, "encoding_time": 0.26802992820739746, "decoding_time": 0.1498119831085205}