{"MSE": 9.507575988769531, "PSNR": 38.35010555696053, "encoding_time": 0.2820470333099365, "decoding_time": 0.16636300086975098}