{"MSE": 10.040191650390625, "PSNR": 38.11338358027763, "encoding_time": 0.2846949100494385, "decoding_time": 0.17693400382995605}