{"MSE": 8.865970611572266, "PSNR": 38.65354073477474, "encoding_time": 0.2704041004180908, "decoding_time": 0.14960312843322754}