{"MSE": 8.506546020507812, "PSNR": 38.833271049819366, "encoding_time": 0.2670719623565674, "decoding_time": 0.14695096015930176}