{"MSE": 9.09676742553711, "PSNR": 38.541932694985746, "encoding_time": 0.27209901809692383, "decoding_time": 0.15234780311584473}