{"MSE": 9.988716125488281, "PSNR": 38.1357069000408, "encoding_time": 0.2846028804779053, "decoding_time": 0.17693614959716797}