{"MSE": 9.373481750488281, "PSNR": 38.41179422684902, "encoding_time": 0.28087282180786133, "decoding_time": 0.16753530502319336}