{"MSE": 8.593284606933594, "PSNR": 38.78921165138054, "encoding_time": 0.2705998420715332, "decoding_time": 0.15253615379333496}