{"MSE": 9.62298583984375, "PSNR": 38.29770514134612, "encoding_time": 0.27480292320251465, "decoding_time": 0.15896916389465332}