{"MSE": 8.963752746582031, "PSNR": 38.605904922860134, "encoding_time": 0.27277207374572754, "decoding_time": 0.15827107429504395}