{"MSE": 9.42898941040039, "PSNR": 38.386152128819944, "encoding_time": 0.280864953994751, "decoding_time": 0.1654529571533203}