{"MSE": 9.694595336914062, "PSNR": 38.26550675004816, "encoding_time": 0.2710540294647217, "decoding_time": 0.1530900001525879}