{"MSE": 9.723945617675781, "PSNR": 38.252378395334446, "encoding_time": 0.2754390239715576, "decoding_time": 0.15566802024841309}