{"MSE": 10.696876525878906, "PSNR": 37.83823378099066, "encoding_time": 0.2822301387786865, "decoding_time": 0.17119097709655762}