{"MSE": 6.680568695068359, "PSNR": 39.882669267430494, "encoding_time": 0.28683996200561523, "decoding_time": 0.15922784805297852}