{"MSE": 6.241237640380859, "PSNR": 40.17809641843952, "encoding_time": 0.2841649055480957, "decoding_time": 0.16948986053466797}