{"MSE": 6.033756256103516, "PSNR": 40.32492598742454, "encoding_time": 0.29762983322143555, "decoding_time": 0.1537930965423584}