{"MSE": 6.017799377441406, "PSNR": 40.33642655815874, "encoding_time": 0.30668091773986816, "decoding_time": 0.1696310043334961}