{"MSE": 6.105800628662109, "PSNR": 40.273377415940175, "encoding_time": 0.29355406761169434, "decoding_time": 0.16258502006530762}