{"MSE": 6.194545745849609, "PSNR": 40.210708963711824, "encoding_time": 0.2893810272216797, "decoding_time": 0.15459203720092773}