{"MSE": 6.879276275634766, "PSNR": 39.755376095554944, "encoding_time": 0.28935694694519043, "decoding_time": 0.17917323112487793}