{"MSE": 7.142589569091797, "PSNR": 39.59224665664244, "encoding_time": 0.28469085693359375, "decoding_time": 0.1650371551513672}