{"MSE": 6.045848846435547, "PSNR": 40.31623075779926, "encoding_time": 0.2797670364379883, "decoding_time": 0.1625220775604248}