{"MSE": 6.077537536621094, "PSNR": 40.29352711016532, "encoding_time": 0.2864992618560791, "decoding_time": 0.15771484375}