{"MSE": 6.193782806396484, "PSNR": 40.21124388719814, "encoding_time": 0.2893688678741455, "decoding_time": 0.1576392650604248}