{"MSE": 6.412376403808594, "PSNR": 40.06061353533411, "encoding_time": 0.2870180606842041, "decoding_time": 0.1561279296875}