{"MSE": 7.616371154785156, "PSNR": 39.31332261291445, "encoding_time": 0.2993340492248535, "decoding_time": 0.17797017097473145}