{"MSE": 6.300933837890625, "PSNR": 40.13675441479711, "encoding_time": 0.2770392894744873, "decoding_time": 0.18127179145812988}