{"MSE": 6.343326568603516, "PSNR": 40.1076329044607, "encoding_time": 0.28139805793762207, "decoding_time": 0.15207767486572266}