{"MSE": 6.936241149902344, "PSNR": 39.71956177170904, "encoding_time": 0.28583598136901855, "decoding_time": 0.16909313201904297}