{"MSE": 5.896175384521484, "PSNR": 40.42509967530306, "encoding_time": 0.2826831340789795, "decoding_time": 0.15443682670593262}