{"MSE": 6.1647186279296875, "PSNR": 40.23167101692228, "encoding_time": 0.27507710456848145, "decoding_time": 0.1468980312347412}