{"MSE": 6.215869903564453, "PSNR": 40.19578444643156, "encoding_time": 0.28188204765319824, "decoding_time": 0.15442705154418945}