{"MSE": 6.236259460449219, "PSNR": 40.181561850924055, "encoding_time": 0.2816600799560547, "decoding_time": 0.1554720401763916}