{"MSE": 6.248035430908203, "PSNR": 40.173368772258925, "encoding_time": 0.2867140769958496, "decoding_time": 0.15798306465148926}