{"MSE": 6.137172698974609, "PSNR": 40.25112016440681, "encoding_time": 0.29360294342041016, "decoding_time": 0.16061186790466309}