{"MSE": 6.328254699707031, "PSNR": 40.11796410534537, "encoding_time": 0.28269386291503906, "decoding_time": 0.15631103515625}