{"MSE": 6.2095947265625, "PSNR": 40.20017104292148, "encoding_time": 0.28150105476379395, "decoding_time": 0.17545700073242188}