{"MSE": 6.039447784423828, "PSNR": 40.32083130051638, "encoding_time": 0.2854640483856201, "decoding_time": 0.1552870273590088}