{"MSE": 6.309909820556641, "PSNR": 40.1305720839311, "encoding_time": 0.2898991107940674, "decoding_time": 0.1523120403289795}