{"MSE": 7.906467437744141, "PSNR": 39.15097874206284, "encoding_time": 0.27625131607055664, "decoding_time": 0.16646456718444824}