{"MSE": 8.220836639404297, "PSNR": 38.98164342672514, "encoding_time": 0.283876895904541, "decoding_time": 0.17657709121704102}