{"MSE": 9.730300903320312, "PSNR": 38.24954090113333, "encoding_time": 0.2981891632080078, "decoding_time": 0.19353318214416504}