{"MSE": 9.376678466796875, "PSNR": 38.410313368818585, "encoding_time": 0.28472065925598145, "decoding_time": 0.17544913291931152}