{"MSE": 7.761760711669922, "PSNR": 39.231201111785786, "encoding_time": 0.27657198905944824, "decoding_time": 0.16725707054138184}