{"MSE": 8.717071533203125, "PSNR": 38.727097510015604, "encoding_time": 0.2830007076263428, "decoding_time": 0.1741490364074707}