{"MSE": 9.68215560913086, "PSNR": 38.27108302637012, "encoding_time": 0.2857980728149414, "decoding_time": 0.1808779239654541}