{"MSE": 8.766769409179688, "PSNR": 38.70240777336028, "encoding_time": 0.2814328670501709, "decoding_time": 0.17436504364013672}