{"MSE": 9.586174011230469, "PSNR": 38.314350526912484, "encoding_time": 0.2895019054412842, "decoding_time": 0.1871962547302246}