{"MSE": 10.118179321289062, "PSNR": 38.07977988863535, "encoding_time": 0.28461408615112305, "decoding_time": 0.18474388122558594}