{"MSE": 9.602272033691406, "PSNR": 38.30706355437892, "encoding_time": 0.287294864654541, "decoding_time": 0.18354415893554688}