{"MSE": 8.192035675048828, "PSNR": 38.99688525946712, "encoding_time": 0.2720041275024414, "decoding_time": 0.15905189514160156}