{"MSE": 10.222663879394531, "PSNR": 38.035162794164194, "encoding_time": 0.28853607177734375, "decoding_time": 0.18498873710632324}