{"MSE": 8.08486557006836, "PSNR": 39.05407557734072, "encoding_time": 0.2814638614654541, "decoding_time": 0.17655110359191895}