{"MSE": 8.480815887451172, "PSNR": 38.84642725784176, "encoding_time": 0.28685903549194336, "decoding_time": 0.18077516555786133}