{"MSE": 7.995792388916016, "PSNR": 39.102188517498334, "encoding_time": 0.2866089344024658, "decoding_time": 0.17908811569213867}