{"MSE": 9.175312042236328, "PSNR": 38.504595178165985, "encoding_time": 0.28450894355773926, "decoding_time": 0.18098831176757812}