{"MSE": 7.952972412109375, "PSNR": 39.12550884927093, "encoding_time": 0.27450013160705566, "decoding_time": 0.15659761428833008}