{"MSE": 8.640426635742188, "PSNR": 38.765451738318234, "encoding_time": 0.284771203994751, "decoding_time": 0.17941665649414062}