{"MSE": 9.231243133544922, "PSNR": 38.47820171252065, "encoding_time": 0.28799891471862793, "decoding_time": 0.1818680763244629}