{"MSE": 9.072338104248047, "PSNR": 38.5536113390538, "encoding_time": 0.2833120822906494, "decoding_time": 0.17435073852539062}