{"MSE": 8.505889892578125, "PSNR": 38.833606043280476, "encoding_time": 0.2811410427093506, "decoding_time": 0.17046570777893066}