{"MSE": 11.587879180908203, "PSNR": 37.490764024116444, "encoding_time": 0.3014390468597412, "decoding_time": 0.21054601669311523}