{"MSE": 11.804283142089844, "PSNR": 37.41040742760046, "encoding_time": 0.29874467849731445, "decoding_time": 0.20876431465148926}