{"MSE": 10.597915649414062, "PSNR": 37.87859902298374, "encoding_time": 0.2945530414581299, "decoding_time": 0.19845199584960938}