{"MSE": 11.43414306640625, "PSNR": 37.54876738971633, "encoding_time": 0.301027774810791, "decoding_time": 0.20915913581848145}