{"MSE": 11.459114074707031, "PSNR": 37.53929318047943, "encoding_time": 0.298328161239624, "decoding_time": 0.208204984664917}