{"MSE": 10.472381591796875, "PSNR": 37.93034902249544, "encoding_time": 0.2905550003051758, "decoding_time": 0.1905062198638916}