{"MSE": 10.983566284179688, "PSNR": 37.723369855928155, "encoding_time": 0.2964141368865967, "decoding_time": 0.2036898136138916}