{"MSE": 10.551414489746094, "PSNR": 37.89769677166551, "encoding_time": 0.29387903213500977, "decoding_time": 0.1959521770477295}