{"MSE": 10.880939483642578, "PSNR": 37.764139659701826, "encoding_time": 0.294400691986084, "decoding_time": 0.1997833251953125}