{"MSE": 9.849533081054688, "PSNR": 38.19664717692916, "encoding_time": 0.2882113456726074, "decoding_time": 0.18522977828979492}