{"MSE": 7.821926116943359, "PSNR": 39.19766651419446, "encoding_time": 0.2715010643005371, "decoding_time": 0.155411958694458}