{"MSE": 9.578720092773438, "PSNR": 38.317728782800685, "encoding_time": 0.2839062213897705, "decoding_time": 0.1728670597076416}