{"MSE": 9.211799621582031, "PSNR": 38.487358784046016, "encoding_time": 0.2948000431060791, "decoding_time": 0.17438220977783203}