{"MSE": 15.095184326171875, "PSNR": 36.34241940338833, "encoding_time": 0.30768799781799316, "decoding_time": 0.21909403800964355}