{"MSE": 13.174003601074219, "PSNR": 36.9336258304931, "encoding_time": 0.30532217025756836, "decoding_time": 0.20970582962036133}