{"MSE": 10.242774963378906, "PSNR": 38.026627296168726, "encoding_time": 0.2825448513031006, "decoding_time": 0.1737210750579834}