{"MSE": 11.767295837402344, "PSNR": 37.42403688833718, "encoding_time": 0.29561805725097656, "decoding_time": 0.19467878341674805}