{"MSE": 8.612491607666016, "PSNR": 38.7795154914481, "encoding_time": 0.2716200351715088, "decoding_time": 0.16263985633850098}