{"MSE": 8.408203125, "PSNR": 38.883771660540674, "encoding_time": 0.27915096282958984, "decoding_time": 0.16402482986450195}