{"MSE": 13.468738555908203, "PSNR": 36.83753438037425, "encoding_time": 0.3059840202331543, "decoding_time": 0.21305012702941895}