{"MSE": 10.967842102050781, "PSNR": 37.729591713386114, "encoding_time": 0.2862100601196289, "decoding_time": 0.18212008476257324}