{"MSE": 13.919410705566406, "PSNR": 36.69459511565934, "encoding_time": 0.3053619861602783, "decoding_time": 0.21288013458251953}