{"MSE": 12.352474212646484, "PSNR": 37.21326404950214, "encoding_time": 0.295673131942749, "decoding_time": 0.19918179512023926}