{"MSE": 12.04452133178711, "PSNR": 37.3229081573606, "encoding_time": 0.29665088653564453, "decoding_time": 0.19977116584777832}