{"MSE": 11.347164154052734, "PSNR": 37.58193023226993, "encoding_time": 0.2953500747680664, "decoding_time": 0.18903565406799316}