{"MSE": 12.998271942138672, "PSNR": 36.991947420901596, "encoding_time": 0.30530810356140137, "decoding_time": 0.20812582969665527}