{"MSE": 8.966609954833984, "PSNR": 38.60452082393404, "encoding_time": 0.2830371856689453, "decoding_time": 0.17111563682556152}