{"MSE": 7.578952789306641, "PSNR": 39.334711590939804, "encoding_time": 0.27205705642700195, "decoding_time": 0.15337872505187988}