{"MSE": 13.921321868896484, "PSNR": 36.69399886145708, "encoding_time": 0.3039131164550781, "decoding_time": 0.21082091331481934}