{"MSE": 10.832283020019531, "PSNR": 37.783603623677735, "encoding_time": 0.2933237552642822, "decoding_time": 0.1863391399383545}