{"MSE": 14.017398834228516, "PSNR": 36.66412930457631, "encoding_time": 0.3045780658721924, "decoding_time": 0.2133030891418457}