{"MSE": 13.721580505371094, "PSNR": 36.75676222877033, "encoding_time": 0.3033628463745117, "decoding_time": 0.21005010604858398}