{"MSE": 8.48077392578125, "PSNR": 38.846448746065334, "encoding_time": 0.2763381004333496, "decoding_time": 0.16018009185791016}