{"MSE": 9.105094909667969, "PSNR": 38.537958837155266, "encoding_time": 0.2856781482696533, "decoding_time": 0.17192888259887695}