{"MSE": 9.091693878173828, "PSNR": 38.54435556478644, "encoding_time": 0.2827928066253662, "decoding_time": 0.17342901229858398}