{"MSE": 11.735279083251953, "PSNR": 37.435869386099, "encoding_time": 0.2902870178222656, "decoding_time": 0.19020390510559082}