{"MSE": 11.533309936523438, "PSNR": 37.51126397816392, "encoding_time": 0.291583776473999, "decoding_time": 0.19253015518188477}