{"MSE": 13.875316619873047, "PSNR": 36.70837458824919, "encoding_time": 0.30511474609375, "decoding_time": 0.21290230751037598}