{"MSE": 12.767513275146484, "PSNR": 37.06974042778173, "encoding_time": 0.30223989486694336, "decoding_time": 0.20670795440673828}