{"MSE": 8.858100891113281, "PSNR": 38.657397384070634, "encoding_time": 0.27921104431152344, "decoding_time": 0.16823887825012207}