{"MSE": 10.834156036376953, "PSNR": 37.782852747478415, "encoding_time": 0.29186296463012695, "decoding_time": 0.18666720390319824}