{"MSE": 12.302677154541016, "PSNR": 37.230807334177825, "encoding_time": 0.29416894912719727, "decoding_time": 0.19483613967895508}