{"MSE": 13.47555923461914, "PSNR": 36.83533563449244, "encoding_time": 0.3033928871154785, "decoding_time": 0.2096409797668457}