{"MSE": 13.515254974365234, "PSNR": 36.822561174987, "encoding_time": 0.29996609687805176, "decoding_time": 0.21908903121948242}