{"MSE": 8.494865417480469, "PSNR": 38.839238580523194, "encoding_time": 0.27698683738708496, "decoding_time": 0.1612412929534912}