{"MSE": 13.215747833251953, "PSNR": 36.91988617489061, "encoding_time": 0.2884180545806885, "decoding_time": 0.22400188446044922}