{"MSE": 8.198081970214844, "PSNR": 38.99368104482693, "encoding_time": 0.27748680114746094, "decoding_time": 0.16435718536376953}