{"MSE": 12.59792709350586, "PSNR": 37.12781270187896, "encoding_time": 0.3023710250854492, "decoding_time": 0.21735024452209473}