{"MSE": 8.93048095703125, "PSNR": 38.622055121294196, "encoding_time": 0.28267431259155273, "decoding_time": 0.17783284187316895}