{"MSE": 8.178977966308594, "PSNR": 39.003813226395735, "encoding_time": 0.2932119369506836, "decoding_time": 0.1742560863494873}