{"MSE": 14.530834197998047, "PSNR": 36.50789813521856, "encoding_time": 0.28678083419799805, "decoding_time": 0.2082991600036621}