{"MSE": 14.629505157470703, "PSNR": 36.47850724490683, "encoding_time": 0.2884700298309326, "decoding_time": 0.20878314971923828}