{"MSE": 13.643516540527344, "PSNR": 36.78154039131466, "encoding_time": 0.2856009006500244, "decoding_time": 0.20410490036010742}