{"MSE": 11.081363677978516, "PSNR": 37.68487152697599, "encoding_time": 0.3076329231262207, "decoding_time": 0.2232041358947754}