{"MSE": 13.638668060302734, "PSNR": 36.78308401273657, "encoding_time": 0.2849252223968506, "decoding_time": 0.20356082916259766}