{"MSE": 7.798908233642578, "PSNR": 39.210465506506246, "encoding_time": 0.28279709815979004, "decoding_time": 0.1732017993927002}