{"MSE": 10.179698944091797, "PSNR": 38.05345426565896, "encoding_time": 0.28343868255615234, "decoding_time": 0.2262430191040039}