{"MSE": 11.35641860961914, "PSNR": 37.57838968164411, "encoding_time": 0.3593001365661621, "decoding_time": 0.2501487731933594}