{"MSE": 8.248615264892578, "PSNR": 38.96699313323046, "encoding_time": 0.28508710861206055, "decoding_time": 0.18168115615844727}