{"MSE": 15.874248504638672, "PSNR": 36.123871861488574, "encoding_time": 0.3059520721435547, "decoding_time": 0.20964884757995605}