{"MSE": 15.226787567138672, "PSNR": 36.30472072044216, "encoding_time": 0.29730725288391113, "decoding_time": 0.2024848461151123}