{"MSE": 18.030765533447266, "PSNR": 35.57066194883502, "encoding_time": 0.3028712272644043, "decoding_time": 0.20902609825134277}