{"MSE": 13.030548095703125, "PSNR": 36.98117677317014, "encoding_time": 0.28808116912841797, "decoding_time": 0.17997288703918457}