{"MSE": 17.503986358642578, "PSNR": 35.69943394672558, "encoding_time": 0.3019988536834717, "decoding_time": 0.20759201049804688}