{"MSE": 17.828876495361328, "PSNR": 35.619563843352026, "encoding_time": 0.32593202590942383, "decoding_time": 0.2191479206085205}