{"MSE": 14.97689437866211, "PSNR": 36.376585938355475, "encoding_time": 0.29628801345825195, "decoding_time": 0.1976010799407959}