{"MSE": 17.681365966796875, "PSNR": 35.65564547649747, "encoding_time": 0.3098580837249756, "decoding_time": 0.21434807777404785}