{"MSE": 15.231979370117188, "PSNR": 36.30324018026719, "encoding_time": 0.29618096351623535, "decoding_time": 0.19896984100341797}