{"MSE": 18.03980255126953, "PSNR": 35.568485810635046, "encoding_time": 0.3122859001159668, "decoding_time": 0.21846604347229004}