{"MSE": 13.021896362304688, "PSNR": 36.98406126273734, "encoding_time": 0.2863309383392334, "decoding_time": 0.1793498992919922}