{"MSE": 18.154510498046875, "PSNR": 35.5409581738838, "encoding_time": 0.3096041679382324, "decoding_time": 0.21760106086730957}