{"MSE": 16.300872802734375, "PSNR": 36.00869502276022, "encoding_time": 0.30857396125793457, "decoding_time": 0.2129840850830078}