{"MSE": 17.84813690185547, "PSNR": 35.61487472378975, "encoding_time": 0.3119189739227295, "decoding_time": 0.21584820747375488}