{"MSE": 11.958026885986328, "PSNR": 37.35420835330996, "encoding_time": 0.2860748767852783, "decoding_time": 0.1854410171508789}