{"MSE": 16.343902587890625, "PSNR": 35.99724595696018, "encoding_time": 0.30275583267211914, "decoding_time": 0.2068159580230713}