{"MSE": 17.412120819091797, "PSNR": 35.722286888928394, "encoding_time": 0.3044281005859375, "decoding_time": 0.2069261074066162}