{"MSE": 17.372394561767578, "PSNR": 35.732206763708746, "encoding_time": 0.30156493186950684, "decoding_time": 0.2063901424407959}