{"MSE": 13.248245239257812, "PSNR": 36.90922002095082, "encoding_time": 0.288240909576416, "decoding_time": 0.18102502822875977}