{"MSE": 14.521121978759766, "PSNR": 36.510801873165626, "encoding_time": 0.299954891204834, "decoding_time": 0.2030019760131836}