{"MSE": 18.00417709350586, "PSNR": 35.57707084753317, "encoding_time": 0.31283998489379883, "decoding_time": 0.21731901168823242}