{"MSE": 15.038593292236328, "PSNR": 36.35873146553208, "encoding_time": 0.2946810722351074, "decoding_time": 0.20038414001464844}