{"MSE": 15.390697479248047, "PSNR": 36.25822059130982, "encoding_time": 0.30144524574279785, "decoding_time": 0.2018139362335205}