{"MSE": 17.934276580810547, "PSNR": 35.59396497742655, "encoding_time": 0.31101489067077637, "decoding_time": 0.21547317504882812}