{"MSE": 11.959770202636719, "PSNR": 37.353575257544485, "encoding_time": 0.28814005851745605, "decoding_time": 0.17744183540344238}