{"MSE": 15.196022033691406, "PSNR": 36.3135044627322, "encoding_time": 0.3068850040435791, "decoding_time": 0.20735406875610352}