{"MSE": 14.517356872558594, "PSNR": 36.511928078752696, "encoding_time": 0.2940218448638916, "decoding_time": 0.19138598442077637}