{"MSE": 14.953987121582031, "PSNR": 36.38323358572782, "encoding_time": 0.30015087127685547, "decoding_time": 0.20140504837036133}