{"MSE": 15.464775085449219, "PSNR": 36.23736752717435, "encoding_time": 0.30612707138061523, "decoding_time": 0.208327054977417}