{"MSE": 18.203693389892578, "PSNR": 35.52920848920347, "encoding_time": 0.31021809577941895, "decoding_time": 0.21645498275756836}