{"MSE": 14.86236572265625, "PSNR": 36.40992416953382, "encoding_time": 0.29905200004577637, "decoding_time": 0.19944334030151367}