{"MSE": 15.715938568115234, "PSNR": 36.16740038334448, "encoding_time": 0.298372745513916, "decoding_time": 0.20345711708068848}