{"MSE": 15.696578979492188, "PSNR": 36.1727535127539, "encoding_time": 0.30021023750305176, "decoding_time": 0.2010819911956787}