{"MSE": 16.502822875976562, "PSNR": 35.955221224357594, "encoding_time": 0.3052489757537842, "decoding_time": 0.212141752243042}