{"MSE": 15.363208770751953, "PSNR": 36.26598428642986, "encoding_time": 0.2986149787902832, "decoding_time": 0.2015841007232666}