{"MSE": 13.35525131225586, "PSNR": 36.87428296103252, "encoding_time": 0.28543806076049805, "decoding_time": 0.1816549301147461}