{"MSE": 15.742679595947266, "PSNR": 36.16001704338691, "encoding_time": 0.3010737895965576, "decoding_time": 0.20278406143188477}