{"MSE": 16.548328399658203, "PSNR": 35.943262300352835, "encoding_time": 0.306812047958374, "decoding_time": 0.20932674407958984}