{"MSE": 17.980087280273438, "PSNR": 35.58288565281093, "encoding_time": 0.3112349510192871, "decoding_time": 0.21700215339660645}