{"MSE": 14.33538818359375, "PSNR": 36.56670903298684, "encoding_time": 0.29762721061706543, "decoding_time": 0.20172977447509766}