{"MSE": 14.93216323852539, "PSNR": 36.38957631877017, "encoding_time": 0.2959558963775635, "decoding_time": 0.19479918479919434}