{"MSE": 15.407676696777344, "PSNR": 36.25343203904084, "encoding_time": 0.3066749572753906, "decoding_time": 0.20921111106872559}