{"MSE": 17.779457092285156, "PSNR": 35.631618655061885, "encoding_time": 0.3073689937591553, "decoding_time": 0.2145850658416748}