{"MSE": 17.921016693115234, "PSNR": 35.597177164969, "encoding_time": 0.30853700637817383, "decoding_time": 0.2201550006866455}