{"MSE": 18.183616638183594, "PSNR": 35.534000942044756, "encoding_time": 0.30771899223327637, "decoding_time": 0.2147359848022461}