{"MSE": 18.1180419921875, "PSNR": 35.54969098980504, "encoding_time": 0.3043222427368164, "decoding_time": 0.2102658748626709}