{"MSE": 18.10681915283203, "PSNR": 35.552381968986325, "encoding_time": 0.31264781951904297, "decoding_time": 0.2164440155029297}