{"MSE": 18.001388549804688, "PSNR": 35.577743548612986, "encoding_time": 0.31266283988952637, "decoding_time": 0.21854424476623535}