{"MSE": 14.983192443847656, "PSNR": 36.37476003243388, "encoding_time": 0.30681800842285156, "decoding_time": 0.20824193954467773}