{"MSE": 18.007762908935547, "PSNR": 35.57620596779646, "encoding_time": 0.31220006942749023, "decoding_time": 0.2174382209777832}