{"MSE": 17.86627197265625, "PSNR": 35.61046420036079, "encoding_time": 0.3077530860900879, "decoding_time": 0.2135448455810547}