{"MSE": 14.302684783935547, "PSNR": 36.5766279351427, "encoding_time": 0.2982020378112793, "decoding_time": 0.2020580768585205}