{"MSE": 14.915523529052734, "PSNR": 36.394418593355375, "encoding_time": 0.2952399253845215, "decoding_time": 0.19709205627441406}