{"MSE": 16.756336212158203, "PSNR": 35.88901295069146, "encoding_time": 0.3028991222381592, "decoding_time": 0.21902084350585938}