{"MSE": 17.696636199951172, "PSNR": 35.651896379317314, "encoding_time": 0.30753612518310547, "decoding_time": 0.21275782585144043}