{"MSE": 16.553024291992188, "PSNR": 35.94203008476277, "encoding_time": 0.30873990058898926, "decoding_time": 0.21418094635009766}