{"MSE": 17.537155151367188, "PSNR": 35.69121216665039, "encoding_time": 0.30866479873657227, "decoding_time": 0.21176815032958984}