{"MSE": 17.706554412841797, "PSNR": 35.64946302505356, "encoding_time": 0.3091390132904053, "decoding_time": 0.21274185180664062}