{"MSE": 15.11209487915039, "PSNR": 36.3375568928909, "encoding_time": 0.30432581901550293, "decoding_time": 0.20881199836730957}