{"MSE": 15.093215942382812, "PSNR": 36.34298575219215, "encoding_time": 0.2997598648071289, "decoding_time": 0.19964909553527832}