{"MSE": 18.21270751953125, "PSNR": 35.5270584761635, "encoding_time": 0.31029796600341797, "decoding_time": 0.2174689769744873}