{"MSE": 15.267837524414062, "PSNR": 36.29302831193277, "encoding_time": 0.29688596725463867, "decoding_time": 0.20112299919128418}