{"MSE": 15.04791259765625, "PSNR": 36.35604100818001, "encoding_time": 0.29795312881469727, "decoding_time": 0.20095491409301758}