{"MSE": 14.557197570800781, "PSNR": 36.50002584564008, "encoding_time": 0.3002612590789795, "decoding_time": 0.22783493995666504}