{"MSE": 15.029850006103516, "PSNR": 36.36125714402533, "encoding_time": 0.29353904724121094, "decoding_time": 0.1975688934326172}