{"MSE": 15.021045684814453, "PSNR": 36.363801938896984, "encoding_time": 0.2950477600097656, "decoding_time": 0.19667410850524902}