{"MSE": 16.47567367553711, "PSNR": 35.96237179326491, "encoding_time": 0.30234503746032715, "decoding_time": 0.20414996147155762}