{"MSE": 15.912567138671875, "PSNR": 36.11340111816994, "encoding_time": 0.3025221824645996, "decoding_time": 0.20413804054260254}