{"MSE": 16.748287200927734, "PSNR": 35.89109961269408, "encoding_time": 0.3057212829589844, "decoding_time": 0.20481395721435547}