{"MSE": 15.999465942382812, "PSNR": 36.08974874596181, "encoding_time": 0.301267147064209, "decoding_time": 0.20888495445251465}