{"MSE": 13.01418685913086, "PSNR": 36.98663322777217, "encoding_time": 0.2895228862762451, "decoding_time": 0.18175315856933594}