{"MSE": 16.38253402709961, "PSNR": 35.98699282193877, "encoding_time": 0.303272008895874, "decoding_time": 0.20650529861450195}