{"MSE": 15.012130737304688, "PSNR": 36.36638022936433, "encoding_time": 0.3051788806915283, "decoding_time": 0.2084672451019287}