{"MSE": 17.529613494873047, "PSNR": 35.69308020295756, "encoding_time": 0.30077695846557617, "decoding_time": 0.20683598518371582}