{"MSE": 17.958248138427734, "PSNR": 35.58816392730533, "encoding_time": 0.3058350086212158, "decoding_time": 0.20964670181274414}