{"MSE": 14.499866485595703, "PSNR": 36.51716357587142, "encoding_time": 0.29363298416137695, "decoding_time": 0.19170308113098145}