{"MSE": 15.15738296508789, "PSNR": 36.324561372719884, "encoding_time": 0.29857301712036133, "decoding_time": 0.199537992477417}