{"MSE": 14.347267150878906, "PSNR": 36.563111757785194, "encoding_time": 0.2915949821472168, "decoding_time": 0.19055581092834473}