{"MSE": 17.893917083740234, "PSNR": 35.60374940275824, "encoding_time": 0.3109269142150879, "decoding_time": 0.21529507637023926}