{"MSE": 17.914958953857422, "PSNR": 35.59864543405337, "encoding_time": 0.3115730285644531, "decoding_time": 0.22470903396606445}