{"MSE": 17.39767837524414, "PSNR": 35.72589062935396, "encoding_time": 0.3086678981781006, "decoding_time": 0.24085617065429688}