{"MSE": 17.837722778320312, "PSNR": 35.61740950734497, "encoding_time": 0.30959510803222656, "decoding_time": 0.21422910690307617}