{"MSE": 15.626533508300781, "PSNR": 36.19217713314947, "encoding_time": 0.30637407302856445, "decoding_time": 0.20880913734436035}