{"MSE": 11.353412628173828, "PSNR": 37.57953938738024, "encoding_time": 0.28430986404418945, "decoding_time": 0.17353010177612305}