{"MSE": 18.077320098876953, "PSNR": 35.55946312634269, "encoding_time": 0.31015491485595703, "decoding_time": 0.21471810340881348}