{"MSE": 14.5716552734375, "PSNR": 36.495714724275096, "encoding_time": 0.29705309867858887, "decoding_time": 0.20116400718688965}