{"MSE": 17.748619079589844, "PSNR": 35.63915792177875, "encoding_time": 0.31121087074279785, "decoding_time": 0.2152080535888672}