{"MSE": 15.588558197021484, "PSNR": 36.20274412198254, "encoding_time": 0.2987351417541504, "decoding_time": 0.20223379135131836}