{"MSE": 15.218189239501953, "PSNR": 36.30717380580282, "encoding_time": 0.29764485359191895, "decoding_time": 0.19908595085144043}