{"MSE": 14.694046020507812, "PSNR": 36.45938965183882, "encoding_time": 0.295396089553833, "decoding_time": 0.19525575637817383}