{"MSE": 14.889617919921875, "PSNR": 36.40196807333234, "encoding_time": 0.3056459426879883, "decoding_time": 0.20777416229248047}