{"MSE": 18.001018524169922, "PSNR": 35.57783282047252, "encoding_time": 0.311657190322876, "decoding_time": 0.21895289421081543}