{"MSE": 17.875869750976562, "PSNR": 35.608131792697336, "encoding_time": 0.31049108505249023, "decoding_time": 0.22773289680480957}