{"MSE": 16.279186248779297, "PSNR": 36.014476689447996, "encoding_time": 0.30164098739624023, "decoding_time": 0.2070000171661377}