{"MSE": 13.165634155273438, "PSNR": 36.93638578056061, "encoding_time": 0.28715014457702637, "decoding_time": 0.17862510681152344}