{"MSE": 18.147602081298828, "PSNR": 35.54261112854424, "encoding_time": 0.31122469902038574, "decoding_time": 0.21456003189086914}