{"MSE": 15.697525024414062, "PSNR": 36.172491768007646, "encoding_time": 0.3057830333709717, "decoding_time": 0.20929622650146484}