{"MSE": 15.94162368774414, "PSNR": 36.10547807752895, "encoding_time": 0.3020641803741455, "decoding_time": 0.20521092414855957}