{"MSE": 15.029003143310547, "PSNR": 36.361501855848616, "encoding_time": 0.2967250347137451, "decoding_time": 0.20013117790222168}