{"MSE": 18.050426483154297, "PSNR": 35.56592893291474, "encoding_time": 0.30538010597229004, "decoding_time": 0.21039390563964844}