{"MSE": 15.069740295410156, "PSNR": 36.34974592909094, "encoding_time": 0.3062310218811035, "decoding_time": 0.20886826515197754}