{"MSE": 17.27448272705078, "PSNR": 35.75675309287719, "encoding_time": 0.3079369068145752, "decoding_time": 0.21718311309814453}