{"MSE": 15.207351684570312, "PSNR": 36.31026771332935, "encoding_time": 0.29638195037841797, "decoding_time": 0.20067524909973145}