{"MSE": 18.054378509521484, "PSNR": 35.56497817677533, "encoding_time": 0.30743908882141113, "decoding_time": 0.20998620986938477}