{"MSE": 18.314929962158203, "PSNR": 35.50275098643015, "encoding_time": 0.3123610019683838, "decoding_time": 0.2173607349395752}