{"MSE": 16.785057067871094, "PSNR": 35.88157538714359, "encoding_time": 0.3082280158996582, "decoding_time": 0.21453499794006348}