{"MSE": 15.603038787841797, "PSNR": 36.19871172752527, "encoding_time": 0.30661916732788086, "decoding_time": 0.2086620330810547}