{"MSE": 14.724174499511719, "PSNR": 36.450494051409606, "encoding_time": 0.3011918067932129, "decoding_time": 0.20478391647338867}