{"MSE": 15.6953125, "PSNR": 36.17310393767529, "encoding_time": 0.3052370548248291, "decoding_time": 0.2093191146850586}