{"MSE": 16.606525421142578, "PSNR": 35.92801586229672, "encoding_time": 0.3070180416107178, "decoding_time": 0.21244192123413086}