{"MSE": 14.235363006591797, "PSNR": 36.59711814586931, "encoding_time": 0.2917039394378662, "decoding_time": 0.18854880332946777}