{"MSE": 16.687034606933594, "PSNR": 35.90701194246697, "encoding_time": 0.31176018714904785, "decoding_time": 0.21657490730285645}