{"MSE": 13.912914276123047, "PSNR": 36.696622516181876, "encoding_time": 0.2917642593383789, "decoding_time": 0.18963980674743652}