{"MSE": 13.533958435058594, "PSNR": 36.8165552250592, "encoding_time": 0.28848695755004883, "decoding_time": 0.18415093421936035}