{"MSE": 16.701622009277344, "PSNR": 35.90321710350768, "encoding_time": 0.31128811836242676, "decoding_time": 0.21652793884277344}