{"MSE": 14.685558319091797, "PSNR": 36.461898985830494, "encoding_time": 0.29274988174438477, "decoding_time": 0.1911449432373047}