{"MSE": 15.52896499633789, "PSNR": 36.21937849850126, "encoding_time": 0.2987520694732666, "decoding_time": 0.20419716835021973}