{"MSE": 14.919151306152344, "PSNR": 36.393362423920046, "encoding_time": 0.2986743450164795, "decoding_time": 0.1984097957611084}