{"MSE": 17.976261138916016, "PSNR": 35.583809924689376, "encoding_time": 0.3105809688568115, "decoding_time": 0.21652674674987793}