{"MSE": 12.719528198242188, "PSNR": 37.08609358415585, "encoding_time": 0.2903749942779541, "decoding_time": 0.18288302421569824}