{"MSE": 16.410274505615234, "PSNR": 35.979645150203716, "encoding_time": 0.3061561584472656, "decoding_time": 0.20752882957458496}