{"MSE": 15.308982849121094, "PSNR": 36.28134024362246, "encoding_time": 0.3040938377380371, "decoding_time": 0.20641040802001953}