{"MSE": 18.086593627929688, "PSNR": 35.557235799613586, "encoding_time": 0.30207204818725586, "decoding_time": 0.20910120010375977}