{"MSE": 17.80019760131836, "PSNR": 35.6265553739689, "encoding_time": 0.31328487396240234, "decoding_time": 0.21889400482177734}