{"MSE": 12.585262298583984, "PSNR": 37.132180894427634, "encoding_time": 0.29088306427001953, "decoding_time": 0.18965625762939453}