{"MSE": 12.80501937866211, "PSNR": 37.057001208171, "encoding_time": 0.2911038398742676, "decoding_time": 0.18502330780029297}