{"MSE": 15.051685333251953, "PSNR": 36.35495230376393, "encoding_time": 0.29818296432495117, "decoding_time": 0.20174813270568848}