{"MSE": 14.47408676147461, "PSNR": 36.524891892949725, "encoding_time": 0.29282116889953613, "decoding_time": 0.1906750202178955}