{"MSE": 18.275745391845703, "PSNR": 35.51205261806342, "encoding_time": 0.3095078468322754, "decoding_time": 0.2167959213256836}