{"MSE": 17.54946517944336, "PSNR": 35.68816475003715, "encoding_time": 0.30614399909973145, "decoding_time": 0.21190500259399414}