{"MSE": 17.951663970947266, "PSNR": 35.58975650577115, "encoding_time": 0.31083011627197266, "decoding_time": 0.21843671798706055}