{"MSE": 15.407352447509766, "PSNR": 36.25352343578561, "encoding_time": 0.3077821731567383, "decoding_time": 0.20958590507507324}