{"MSE": 18.133113861083984, "PSNR": 35.54607972295476, "encoding_time": 0.3110079765319824, "decoding_time": 0.2156379222869873}