{"MSE": 17.993919372558594, "PSNR": 35.57954590714033, "encoding_time": 0.3126683235168457, "decoding_time": 0.2171189785003662}