{"MSE": 17.863162994384766, "PSNR": 35.61121999854922, "encoding_time": 0.3109419345855713, "decoding_time": 0.21594500541687012}