{"MSE": 18.292346954345703, "PSNR": 35.5081093073696, "encoding_time": 0.3117048740386963, "decoding_time": 0.21896004676818848}