{"MSE": 14.527862548828125, "PSNR": 36.50878638623159, "encoding_time": 0.2940840721130371, "decoding_time": 0.19104599952697754}