{"MSE": 15.41579818725586, "PSNR": 36.25114344659983, "encoding_time": 0.29934072494506836, "decoding_time": 0.20134592056274414}