{"MSE": 15.976337432861328, "PSNR": 36.096031362660234, "encoding_time": 0.30071020126342773, "decoding_time": 0.20479393005371094}