{"MSE": 12.910408020019531, "PSNR": 37.021403929591315, "encoding_time": 0.2878291606903076, "decoding_time": 0.17908382415771484}