{"MSE": 15.359245300292969, "PSNR": 36.267104843632154, "encoding_time": 0.2974541187286377, "decoding_time": 0.19951581954956055}