{"MSE": 17.748981475830078, "PSNR": 35.63906924722895, "encoding_time": 0.31848573684692383, "decoding_time": 0.2351531982421875}