{"MSE": 15.21835708618164, "PSNR": 36.30712590622446, "encoding_time": 0.30034780502319336, "decoding_time": 0.20062732696533203}