{"MSE": 14.139381408691406, "PSNR": 36.62649951171419, "encoding_time": 0.28917384147644043, "decoding_time": 0.18795299530029297}