{"MSE": 16.172592163085938, "PSNR": 36.04300726125373, "encoding_time": 0.30266904830932617, "decoding_time": 0.21019506454467773}