{"MSE": 18.006629943847656, "PSNR": 35.57647921437764, "encoding_time": 0.30550098419189453, "decoding_time": 0.2101459503173828}