{"MSE": 17.544597625732422, "PSNR": 35.68936948471966, "encoding_time": 0.3085460662841797, "decoding_time": 0.21463990211486816}