{"MSE": 18.325767517089844, "PSNR": 35.50018188116459, "encoding_time": 0.31142497062683105, "decoding_time": 0.21736812591552734}