{"MSE": 13.553890228271484, "PSNR": 36.81016396861307, "encoding_time": 0.3047220706939697, "decoding_time": 0.21410274505615234}