{"MSE": 11.814552307128906, "PSNR": 37.40663091457056, "encoding_time": 0.3050878047943115, "decoding_time": 0.2001192569732666}