{"MSE": 14.131744384765625, "PSNR": 36.62884587560082, "encoding_time": 0.3098289966583252, "decoding_time": 0.2161729335784912}