{"MSE": 10.356483459472656, "PSNR": 37.97868044976032, "encoding_time": 0.2902500629425049, "decoding_time": 0.18433094024658203}