{"MSE": 15.199790954589844, "PSNR": 36.312427458107955, "encoding_time": 0.3231780529022217, "decoding_time": 0.23011112213134766}