{"MSE": 14.408203125, "PSNR": 36.54470538385361, "encoding_time": 0.31658196449279785, "decoding_time": 0.21904397010803223}