{"MSE": 15.264583587646484, "PSNR": 36.29395399468998, "encoding_time": 0.335493803024292, "decoding_time": 0.22703814506530762}