{"MSE": 15.23965835571289, "PSNR": 36.30105129815233, "encoding_time": 0.32186198234558105, "decoding_time": 0.22831106185913086}