{"MSE": 13.804351806640625, "PSNR": 36.73064342026511, "encoding_time": 0.31160926818847656, "decoding_time": 0.21615195274353027}