{"MSE": 10.316658020019531, "PSNR": 37.99541326224267, "encoding_time": 0.3058958053588867, "decoding_time": 0.19291925430297852}