{"MSE": 11.986976623535156, "PSNR": 37.343707024804516, "encoding_time": 0.3084990978240967, "decoding_time": 0.2062389850616455}