{"MSE": 10.538684844970703, "PSNR": 37.90293943559626, "encoding_time": 0.30675816535949707, "decoding_time": 0.19972777366638184}