{"MSE": 11.473812103271484, "PSNR": 37.53372627329552, "encoding_time": 0.3032267093658447, "decoding_time": 0.20300006866455078}