{"MSE": 15.366893768310547, "PSNR": 36.26494271872851, "encoding_time": 0.31610894203186035, "decoding_time": 0.22472214698791504}