{"MSE": 11.22482681274414, "PSNR": 37.62900711847319, "encoding_time": 0.30343127250671387, "decoding_time": 0.19852805137634277}