{"MSE": 13.278678894042969, "PSNR": 36.899254919780475, "encoding_time": 0.3149130344390869, "decoding_time": 0.21865510940551758}