{"MSE": 12.332889556884766, "PSNR": 37.22015518531141, "encoding_time": 0.3097951412200928, "decoding_time": 0.20946669578552246}