{"MSE": 15.181968688964844, "PSNR": 36.317522694588384, "encoding_time": 0.33263206481933594, "decoding_time": 0.23011493682861328}