{"MSE": 13.209697723388672, "PSNR": 36.92187481070665, "encoding_time": 0.3070211410522461, "decoding_time": 0.20910000801086426}