{"MSE": 12.525684356689453, "PSNR": 37.152788974492296, "encoding_time": 0.2997090816497803, "decoding_time": 0.20222902297973633}