{"MSE": 14.498607635498047, "PSNR": 36.51754063822926, "encoding_time": 0.30960798263549805, "decoding_time": 0.24306702613830566}