{"MSE": 10.58648681640625, "PSNR": 37.88328499852584, "encoding_time": 0.29929590225219727, "decoding_time": 0.18732738494873047}