{"MSE": 14.545833587646484, "PSNR": 36.503417461723174, "encoding_time": 0.3159947395324707, "decoding_time": 0.2277839183807373}