{"MSE": 13.275688171386719, "PSNR": 36.90023318022916, "encoding_time": 0.30919504165649414, "decoding_time": 0.20909905433654785}