{"MSE": 10.476394653320312, "PSNR": 37.92868510621118, "encoding_time": 0.29245805740356445, "decoding_time": 0.1870570182800293}