{"MSE": 15.792831420898438, "PSNR": 36.1462036130707, "encoding_time": 0.3207530975341797, "decoding_time": 0.2264411449432373}