{"MSE": 12.154220581054688, "PSNR": 37.28353246985166, "encoding_time": 0.30731701850891113, "decoding_time": 0.20949006080627441}