{"MSE": 11.911640167236328, "PSNR": 37.37108795309824, "encoding_time": 0.30181097984313965, "decoding_time": 0.19851303100585938}