{"MSE": 11.992733001708984, "PSNR": 37.341621959252244, "encoding_time": 0.30802011489868164, "decoding_time": 0.20913410186767578}