{"MSE": 12.005443572998047, "PSNR": 37.33702150015346, "encoding_time": 0.3230271339416504, "decoding_time": 0.22748303413391113}