{"MSE": 7.684024810791016, "PSNR": 39.27491602391393, "encoding_time": 0.27652502059936523, "decoding_time": 0.16730499267578125}