{"MSE": 7.387351989746094, "PSNR": 39.44591568255143, "encoding_time": 0.27890586853027344, "decoding_time": 0.16695213317871094}