{"MSE": 7.7663726806640625, "PSNR": 39.228621339068546, "encoding_time": 0.27344608306884766, "decoding_time": 0.1592848300933838}