{"MSE": 7.478446960449219, "PSNR": 39.39268943021641, "encoding_time": 0.2779426574707031, "decoding_time": 0.16549921035766602}