{"MSE": 7.644046783447266, "PSNR": 39.29757024487706, "encoding_time": 0.27144289016723633, "decoding_time": 0.15594005584716797}