{"MSE": 7.474021911621094, "PSNR": 39.39525994129488, "encoding_time": 0.27796101570129395, "decoding_time": 0.16507291793823242}