{"MSE": 7.943454742431641, "PSNR": 39.13070935360483, "encoding_time": 0.27355313301086426, "decoding_time": 0.15953588485717773}