{"MSE": 7.827136993408203, "PSNR": 39.194774258009865, "encoding_time": 0.27324485778808594, "decoding_time": 0.1574079990386963}