{"MSE": 7.180797576904297, "PSNR": 39.569076765126304, "encoding_time": 0.2772247791290283, "decoding_time": 0.16506528854370117}