{"MSE": 8.261833190917969, "PSNR": 38.960039386847605, "encoding_time": 0.2805638313293457, "decoding_time": 0.16970014572143555}