{"MSE": 7.031890869140625, "PSNR": 39.660082387478425, "encoding_time": 0.2756621837615967, "decoding_time": 0.16125798225402832}