{"MSE": 10.186325073242188, "PSNR": 38.05062829292566, "encoding_time": 0.28748321533203125, "decoding_time": 0.1888277530670166}