{"MSE": 11.249950408935547, "PSNR": 37.61929752835917, "encoding_time": 0.2987818717956543, "decoding_time": 0.203505277633667}