{"MSE": 11.637893676757812, "PSNR": 37.4720597568609, "encoding_time": 0.30047011375427246, "decoding_time": 0.2090439796447754}