{"MSE": 10.500503540039062, "PSNR": 37.918702351868376, "encoding_time": 0.29361820220947266, "decoding_time": 0.19834613800048828}