{"MSE": 11.538616180419922, "PSNR": 37.50926633611806, "encoding_time": 0.3012568950653076, "decoding_time": 0.21006107330322266}