{"MSE": 7.433708190917969, "PSNR": 39.41874851937294, "encoding_time": 0.2627522945404053, "decoding_time": 0.13719677925109863}