{"MSE": 8.58322525024414, "PSNR": 38.794298509697526, "encoding_time": 0.268524169921875, "decoding_time": 0.14744877815246582}