{"MSE": 7.498138427734375, "PSNR": 39.38126906931453, "encoding_time": 0.26343607902526855, "decoding_time": 0.13971400260925293}