{"MSE": 7.972026824951172, "PSNR": 39.1151160948614, "encoding_time": 0.26442790031433105, "decoding_time": 0.14194416999816895}