{"MSE": 7.310035705566406, "PSNR": 39.49160862611474, "encoding_time": 0.26071977615356445, "decoding_time": 0.13788509368896484}