{"MSE": 7.817768096923828, "PSNR": 39.19997577314541, "encoding_time": 0.26350998878479004, "decoding_time": 0.14173316955566406}