{"MSE": 8.692630767822266, "PSNR": 38.73929128142876, "encoding_time": 0.2670300006866455, "decoding_time": 0.14802002906799316}