{"MSE": 7.066593170166016, "PSNR": 39.638702715395745, "encoding_time": 0.25831007957458496, "decoding_time": 0.13452386856079102}