{"MSE": 6.778591156005859, "PSNR": 39.81940920208968, "encoding_time": 0.2544867992401123, "decoding_time": 0.13114523887634277}