{"MSE": 8.182514190673828, "PSNR": 39.00193593704123, "encoding_time": 0.2649350166320801, "decoding_time": 0.14026784896850586}