{"MSE": 8.255779266357422, "PSNR": 38.963222881017884, "encoding_time": 0.26192808151245117, "decoding_time": 0.13799190521240234}