{"MSE": 8.515327453613281, "PSNR": 38.82879007622379, "encoding_time": 0.2653181552886963, "decoding_time": 0.14356613159179688}