{"MSE": 7.321918487548828, "PSNR": 39.48455471149603, "encoding_time": 0.26256394386291504, "decoding_time": 0.13827896118164062}