{"MSE": 8.532222747802734, "PSNR": 38.820181759659505, "encoding_time": 0.2660520076751709, "decoding_time": 0.1447138786315918}