{"MSE": 8.072441101074219, "PSNR": 39.06075475908568, "encoding_time": 0.2615339756011963, "decoding_time": 0.13696575164794922}