{"MSE": 7.416271209716797, "PSNR": 39.42894757486358, "encoding_time": 0.2602512836456299, "decoding_time": 0.137786865234375}