{"MSE": 8.741035461425781, "PSNR": 38.71517478743005, "encoding_time": 0.26529383659362793, "decoding_time": 0.14702200889587402}