{"MSE": 16.33545684814453, "PSNR": 35.999490761211106, "encoding_time": 0.30510377883911133, "decoding_time": 0.2250831127166748}