{"MSE": 14.086902618408203, "PSNR": 36.64264848497321, "encoding_time": 0.29914116859436035, "decoding_time": 0.21100497245788574}