{"MSE": 14.34854507446289, "PSNR": 36.56272494513335, "encoding_time": 0.29052019119262695, "decoding_time": 0.20712995529174805}