{"MSE": 13.117694854736328, "PSNR": 36.95222836790502, "encoding_time": 0.29076719284057617, "decoding_time": 0.1961357593536377}