{"MSE": 12.996391296386719, "PSNR": 36.99257582225185, "encoding_time": 0.28665590286254883, "decoding_time": 0.1945509910583496}