{"MSE": 16.51842498779297, "PSNR": 35.95111725372627, "encoding_time": 0.30441904067993164, "decoding_time": 0.21901392936706543}