{"MSE": 16.03017807006836, "PSNR": 36.081420141582726, "encoding_time": 0.3076820373535156, "decoding_time": 0.22517013549804688}