{"MSE": 14.162647247314453, "PSNR": 36.619359226662745, "encoding_time": 0.29813504219055176, "decoding_time": 0.20904994010925293}