{"MSE": 13.661506652832031, "PSNR": 36.77581762918555, "encoding_time": 0.29590797424316406, "decoding_time": 0.2051379680633545}