{"MSE": 16.495384216308594, "PSNR": 35.95717925128448, "encoding_time": 0.29584312438964844, "decoding_time": 0.21661710739135742}