{"MSE": 14.324554443359375, "PSNR": 36.569992384867554, "encoding_time": 0.28536510467529297, "decoding_time": 0.20749163627624512}