{"MSE": 16.42279052734375, "PSNR": 35.976334073744724, "encoding_time": 0.3471832275390625, "decoding_time": 0.2337048053741455}