{"MSE": 12.887153625488281, "PSNR": 37.02923355170763, "encoding_time": 0.2869679927825928, "decoding_time": 0.19407892227172852}