{"MSE": 14.248245239257812, "PSNR": 36.59318979318687, "encoding_time": 0.2925879955291748, "decoding_time": 0.20623207092285156}