{"MSE": 12.454368591308594, "PSNR": 37.17758646198234, "encoding_time": 0.3007540702819824, "decoding_time": 0.22524785995483398}