{"MSE": 13.203975677490234, "PSNR": 36.92375645205206, "encoding_time": 0.3033609390258789, "decoding_time": 0.21163511276245117}