{"MSE": 12.196208953857422, "PSNR": 37.26855504478448, "encoding_time": 0.30727386474609375, "decoding_time": 0.22375011444091797}