{"MSE": 12.479629516601562, "PSNR": 37.168786682525834, "encoding_time": 0.28125476837158203, "decoding_time": 0.19177699089050293}