{"MSE": 16.650501251220703, "PSNR": 35.91653048709508, "encoding_time": 0.3160746097564697, "decoding_time": 0.22929835319519043}