{"MSE": 15.82171630859375, "PSNR": 36.138267677415755, "encoding_time": 0.3103311061859131, "decoding_time": 0.24892497062683105}