{"MSE": 14.568782806396484, "PSNR": 36.4965709204558, "encoding_time": 0.29552507400512695, "decoding_time": 0.20945096015930176}