{"MSE": 13.64828872680664, "PSNR": 36.78002159534749, "encoding_time": 0.2925093173980713, "decoding_time": 0.19512081146240234}