{"MSE": 16.664119720458984, "PSNR": 35.912979838041245, "encoding_time": 0.29761219024658203, "decoding_time": 0.21717500686645508}