{"MSE": 12.988204956054688, "PSNR": 36.99531227620038, "encoding_time": 0.28806495666503906, "decoding_time": 0.2027740478515625}