{"MSE": 14.249553680419922, "PSNR": 36.59279099131547, "encoding_time": 0.2859210968017578, "decoding_time": 0.2010040283203125}