{"MSE": 17.030826568603516, "PSNR": 35.81844634486512, "encoding_time": 0.32117462158203125, "decoding_time": 0.23268413543701172}