{"MSE": 14.553970336914062, "PSNR": 36.50098875436227, "encoding_time": 0.2863759994506836, "decoding_time": 0.20308184623718262}