{"MSE": 12.993824005126953, "PSNR": 36.9934338070113, "encoding_time": 0.2892000675201416, "decoding_time": 0.1972360610961914}