{"MSE": 13.547409057617188, "PSNR": 36.812241165485, "encoding_time": 0.2952132225036621, "decoding_time": 0.1948866844177246}