{"MSE": 12.365432739257812, "PSNR": 37.20871041385051, "encoding_time": 0.3362720012664795, "decoding_time": 0.2177271842956543}