{"MSE": 14.453964233398438, "PSNR": 36.53093385154313, "encoding_time": 0.31067490577697754, "decoding_time": 0.23000192642211914}