{"MSE": 12.56597900390625, "PSNR": 37.13884031136189, "encoding_time": 0.29337096214294434, "decoding_time": 0.19466304779052734}