{"MSE": 14.141609191894531, "PSNR": 36.62581529667543, "encoding_time": 0.2998669147491455, "decoding_time": 0.20990204811096191}