{"MSE": 16.371471405029297, "PSNR": 35.989926469802484, "encoding_time": 0.3080928325653076, "decoding_time": 0.2212390899658203}