{"MSE": 16.28082275390625, "PSNR": 36.014040126210695, "encoding_time": 0.36052894592285156, "decoding_time": 0.26714420318603516}