{"MSE": 12.980274200439453, "PSNR": 36.99796494098475, "encoding_time": 0.28564906120300293, "decoding_time": 0.19834589958190918}