{"MSE": 12.262104034423828, "PSNR": 37.24515364409876, "encoding_time": 0.2997710704803467, "decoding_time": 0.20342683792114258}