{"MSE": 15.994354248046875, "PSNR": 36.09113650187777, "encoding_time": 0.3174159526824951, "decoding_time": 2706.573562860489}