{"MSE": 14.51748275756836, "PSNR": 36.51189041974318, "encoding_time": 0.2892160415649414, "decoding_time": 0.20243501663208008}