{"MSE": 16.723880767822266, "PSNR": 35.89743298262042, "encoding_time": 0.32206201553344727, "decoding_time": 0.26175689697265625}