{"MSE": 12.12042236328125, "PSNR": 37.29562606809396, "encoding_time": 0.2967250347137451, "decoding_time": 0.20778703689575195}