{"MSE": 16.323047637939453, "PSNR": 36.00279112775331, "encoding_time": 0.3197948932647705, "decoding_time": 0.23173904418945312}