{"MSE": 14.309833526611328, "PSNR": 36.5744577944179, "encoding_time": 0.3124721050262451, "decoding_time": 0.21831607818603516}