{"MSE": 17.029457092285156, "PSNR": 35.81879558212598, "encoding_time": 0.30280399322509766, "decoding_time": 0.2269880771636963}