{"MSE": 15.735160827636719, "PSNR": 36.16209174711889, "encoding_time": 0.3121809959411621, "decoding_time": 0.22455072402954102}