{"MSE": 14.714153289794922, "PSNR": 36.45345084724479, "encoding_time": 0.2871260643005371, "decoding_time": 0.20202970504760742}