{"MSE": 13.054561614990234, "PSNR": 36.973180684996294, "encoding_time": 0.28589415550231934, "decoding_time": 0.19847488403320312}