{"MSE": 14.629463195800781, "PSNR": 36.478519701751836, "encoding_time": 0.2883720397949219, "decoding_time": 0.20252680778503418}