{"MSE": 14.481666564941406, "PSNR": 36.52261817079329, "encoding_time": 0.3073709011077881, "decoding_time": 0.21259617805480957}