{"MSE": 14.37295913696289, "PSNR": 36.55534170009142, "encoding_time": 0.32014894485473633, "decoding_time": 0.2197589874267578}