{"MSE": 14.383525848388672, "PSNR": 36.55215002720583, "encoding_time": 0.31459522247314453, "decoding_time": 0.25809192657470703}