{"MSE": 12.536754608154297, "PSNR": 37.14895235711928, "encoding_time": 0.2809460163116455, "decoding_time": 0.1838388442993164}