{"MSE": 14.313362121582031, "PSNR": 36.57338701996543, "encoding_time": 0.3109266757965088, "decoding_time": 0.2292029857635498}