{"MSE": 13.96884536743164, "PSNR": 36.67919851051285, "encoding_time": 0.2976040840148926, "decoding_time": 0.20731019973754883}