{"MSE": 12.55228042602539, "PSNR": 37.143577277623415, "encoding_time": 0.28733277320861816, "decoding_time": 0.18733811378479004}