{"MSE": 14.261016845703125, "PSNR": 36.58929867979449, "encoding_time": 0.2877309322357178, "decoding_time": 0.19881606101989746}