{"MSE": 13.546630859375, "PSNR": 36.812490642642, "encoding_time": 0.2902359962463379, "decoding_time": 0.20372700691223145}