{"MSE": 14.780570983886719, "PSNR": 36.43389149382752, "encoding_time": 0.30485010147094727, "decoding_time": 0.22150683403015137}