{"MSE": 12.797523498535156, "PSNR": 37.05954425202784, "encoding_time": 0.2889392375946045, "decoding_time": 0.2008368968963623}