{"MSE": 13.812870025634766, "PSNR": 36.72796435598806, "encoding_time": 0.29708313941955566, "decoding_time": 0.20708394050598145}