{"MSE": 13.50784683227539, "PSNR": 36.82494233414067, "encoding_time": 0.29210400581359863, "decoding_time": 0.20275616645812988}