{"MSE": 16.63402557373047, "PSNR": 35.9208299602056, "encoding_time": 0.29839587211608887, "decoding_time": 0.21871304512023926}