{"MSE": 15.504402160644531, "PSNR": 36.2262533607585, "encoding_time": 0.30905699729919434, "decoding_time": 0.22551679611206055}