{"MSE": 15.124958038330078, "PSNR": 36.33386182419236, "encoding_time": 0.3057119846343994, "decoding_time": 0.21633005142211914}