{"MSE": 16.461978912353516, "PSNR": 35.96598319842408, "encoding_time": 0.30219292640686035, "decoding_time": 0.2181990146636963}