{"MSE": 16.821720123291016, "PSNR": 35.872099578806015, "encoding_time": 0.2995288372039795, "decoding_time": 0.22034716606140137}