{"MSE": 14.304237365722656, "PSNR": 36.576156526369694, "encoding_time": 0.28646016120910645, "decoding_time": 0.22958707809448242}