{"MSE": 14.525814056396484, "PSNR": 36.50939880370484, "encoding_time": 0.302994966506958, "decoding_time": 0.21802186965942383}