{"MSE": 14.585079193115234, "PSNR": 36.491715692998, "encoding_time": 0.289823055267334, "decoding_time": 0.20235800743103027}