{"MSE": 12.194168090820312, "PSNR": 37.26928183597412, "encoding_time": 0.309661865234375, "decoding_time": 0.2397322654724121}