{"MSE": 14.480205535888672, "PSNR": 36.52305634471646, "encoding_time": 0.2947232723236084, "decoding_time": 0.20778584480285645}