{"MSE": 13.063941955566406, "PSNR": 36.97006118749925, "encoding_time": 0.29244494438171387, "decoding_time": 0.19117474555969238}