{"MSE": 14.032615661621094, "PSNR": 36.65941730357686, "encoding_time": 0.2982480525970459, "decoding_time": 0.20720195770263672}