{"MSE": 14.61562728881836, "PSNR": 36.4826290126846, "encoding_time": 0.2989330291748047, "decoding_time": 0.21163296699523926}