{"MSE": 15.879852294921875, "PSNR": 36.122339023107564, "encoding_time": 0.3128499984741211, "decoding_time": 0.22692608833312988}