{"MSE": 13.61746597290039, "PSNR": 36.789840621292804, "encoding_time": 0.30619192123413086, "decoding_time": 0.21493816375732422}