{"MSE": 14.511821746826172, "PSNR": 36.513584256919415, "encoding_time": 0.30044078826904297, "decoding_time": 0.2125682830810547}