{"MSE": 12.61556625366211, "PSNR": 37.121736121323025, "encoding_time": 0.2943117618560791, "decoding_time": 0.19514822959899902}