{"MSE": 14.945453643798828, "PSNR": 36.38571259022987, "encoding_time": 0.30875396728515625, "decoding_time": 0.21796917915344238}