{"MSE": 13.336444854736328, "PSNR": 36.88040287340177, "encoding_time": 0.2942543029785156, "decoding_time": 0.20258712768554688}