{"MSE": 7.730339050292969, "PSNR": 39.24881818509461, "encoding_time": 0.2571380138397217, "decoding_time": 0.13349390029907227}