{"MSE": 8.314163208007812, "PSNR": 38.93261815361955, "encoding_time": 0.27056884765625, "decoding_time": 0.1525099277496338}