{"MSE": 8.131282806396484, "PSNR": 39.02921294758317, "encoding_time": 0.2709040641784668, "decoding_time": 0.15492796897888184}