{"MSE": 7.95635986328125, "PSNR": 39.1236594298881, "encoding_time": 0.26662397384643555, "decoding_time": 0.1516580581665039}