{"MSE": 9.33999252319336, "PSNR": 38.42733832297042, "encoding_time": 0.26931190490722656, "decoding_time": 0.15355539321899414}