{"MSE": 6.488033294677734, "PSNR": 40.00967290987604, "encoding_time": 0.25986194610595703, "decoding_time": 0.13669896125793457}