{"MSE": 8.081798553466797, "PSNR": 39.055723398303364, "encoding_time": 0.27059102058410645, "decoding_time": 0.15086698532104492}