{"MSE": 8.85495376586914, "PSNR": 38.658940629059416, "encoding_time": 0.27190303802490234, "decoding_time": 0.15943098068237305}