{"MSE": 9.00899887084961, "PSNR": 38.58403828381925, "encoding_time": 0.27573299407958984, "decoding_time": 0.1622631549835205}