{"MSE": 8.180442810058594, "PSNR": 39.003035480572244, "encoding_time": 0.2588670253753662, "decoding_time": 0.13905596733093262}