{"MSE": 8.355751037597656, "PSNR": 38.91094869316497, "encoding_time": 0.26993894577026367, "decoding_time": 0.15127778053283691}