{"MSE": 9.353965759277344, "PSNR": 38.4208458505212, "encoding_time": 0.27273011207580566, "decoding_time": 0.15802812576293945}