{"MSE": 7.641132354736328, "PSNR": 39.299226385522786, "encoding_time": 0.2582206726074219, "decoding_time": 0.13708734512329102}