{"MSE": 8.071048736572266, "PSNR": 39.06150391088319, "encoding_time": 0.26815271377563477, "decoding_time": 0.1504991054534912}