{"MSE": 6.515132904052734, "PSNR": 39.99157081432046, "encoding_time": 0.2571280002593994, "decoding_time": 0.13380122184753418}