{"MSE": 7.931858062744141, "PSNR": 39.13705426781761, "encoding_time": 0.259152889251709, "decoding_time": 0.13506722450256348}