{"MSE": 7.018474578857422, "PSNR": 39.668376296459, "encoding_time": 0.2648780345916748, "decoding_time": 0.14263415336608887}