{"MSE": 8.086559295654297, "PSNR": 39.05316585456164, "encoding_time": 0.2680959701538086, "decoding_time": 0.15222978591918945}