{"MSE": 8.163063049316406, "PSNR": 39.01227209981076, "encoding_time": 0.26520276069641113, "decoding_time": 0.1529231071472168}