{"MSE": 8.130176544189453, "PSNR": 39.02980384605351, "encoding_time": 0.27225685119628906, "decoding_time": 0.15215015411376953}