{"MSE": 7.703895568847656, "PSNR": 39.263699738465256, "encoding_time": 0.268543004989624, "decoding_time": 0.148939847946167}