{"MSE": 6.563236236572266, "PSNR": 39.959623243706524, "encoding_time": 0.2569129467010498, "decoding_time": 0.1336050033569336}