{"MSE": 8.446903228759766, "PSNR": 38.863828421151666, "encoding_time": 0.27355122566223145, "decoding_time": 0.15748882293701172}