{"MSE": 7.975765228271484, "PSNR": 39.11307999110802, "encoding_time": 0.25806331634521484, "decoding_time": 0.13613581657409668}