{"MSE": 6.465690612792969, "PSNR": 40.02465441348862, "encoding_time": 0.2574491500854492, "decoding_time": 0.13353896141052246}