{"MSE": 7.962223052978516, "PSNR": 39.120460211640584, "encoding_time": 0.2676541805267334, "decoding_time": 0.15149188041687012}