{"MSE": 8.80886459350586, "PSNR": 38.68160426638896, "encoding_time": 0.2701559066772461, "decoding_time": 0.15602493286132812}