{"MSE": 8.392913818359375, "PSNR": 38.89167597233313, "encoding_time": 0.26981115341186523, "decoding_time": 0.1513071060180664}