{"MSE": 7.653537750244141, "PSNR": 39.29218132216498, "encoding_time": 0.2640848159790039, "decoding_time": 0.14409399032592773}