{"MSE": 7.850700378417969, "PSNR": 39.18171958018975, "encoding_time": 0.2565338611602783, "decoding_time": 0.13422393798828125}