{"MSE": 7.467700958251953, "PSNR": 39.39893442429293, "encoding_time": 0.26526713371276855, "decoding_time": 0.14780497550964355}