{"MSE": 7.309871673583984, "PSNR": 39.49170607978934, "encoding_time": 0.26765012741088867, "decoding_time": 0.14660096168518066}