{"MSE": 7.783607482910156, "PSNR": 39.21899433955036, "encoding_time": 0.26100778579711914, "decoding_time": 0.1379261016845703}