{"MSE": 8.034847259521484, "PSNR": 39.08102735521811, "encoding_time": 0.265394926071167, "decoding_time": 0.14646005630493164}