{"MSE": 6.362701416015625, "PSNR": 40.094388173927044, "encoding_time": 0.2594149112701416, "decoding_time": 0.13607120513916016}