{"MSE": 8.761573791503906, "PSNR": 38.70498237853194, "encoding_time": 0.3031768798828125, "decoding_time": 0.1961841583251953}