{"MSE": 8.966331481933594, "PSNR": 38.604655703361864, "encoding_time": 0.27996397018432617, "decoding_time": 0.16564202308654785}