{"MSE": 9.194347381591797, "PSNR": 38.49559452593669, "encoding_time": 0.28130078315734863, "decoding_time": 0.17243027687072754}