{"MSE": 8.41995620727539, "PSNR": 38.87770528155447, "encoding_time": 0.27869105339050293, "decoding_time": 0.16290688514709473}