{"MSE": 8.949710845947266, "PSNR": 38.61271356841175, "encoding_time": 0.28276491165161133, "decoding_time": 0.1704239845275879}