{"MSE": 8.305770874023438, "PSNR": 38.937004145322646, "encoding_time": 0.2803771495819092, "decoding_time": 0.16910791397094727}