{"MSE": 8.266647338867188, "PSNR": 38.957509501605266, "encoding_time": 0.2798337936401367, "decoding_time": 0.16908001899719238}