{"MSE": 9.004268646240234, "PSNR": 38.58631916982872, "encoding_time": 0.2812190055847168, "decoding_time": 0.16616296768188477}