{"MSE": 7.800743103027344, "PSNR": 39.20944385078421, "encoding_time": 0.27559518814086914, "decoding_time": 0.1632378101348877}