{"MSE": 9.941394805908203, "PSNR": 38.156330394471965, "encoding_time": 0.28133296966552734, "decoding_time": 0.17603588104248047}