{"MSE": 8.41390609741211, "PSNR": 38.880827000615845, "encoding_time": 0.27386903762817383, "decoding_time": 0.15996289253234863}