{"MSE": 8.928043365478516, "PSNR": 38.62324069805064, "encoding_time": 0.2763831615447998, "decoding_time": 0.16429400444030762}