{"MSE": 8.020286560058594, "PSNR": 39.08890475223538, "encoding_time": 0.26574182510375977, "decoding_time": 0.1527080535888672}