{"MSE": 8.19852066040039, "PSNR": 38.99344865433582, "encoding_time": 0.27134108543395996, "decoding_time": 0.154494047164917}