{"MSE": 8.114269256591797, "PSNR": 39.038309460241464, "encoding_time": 0.2682781219482422, "decoding_time": 0.15610909461975098}