{"MSE": 15.830291748046875, "PSNR": 36.13591442000545, "encoding_time": 0.30834507942199707, "decoding_time": 0.21834802627563477}