{"MSE": 14.345706939697266, "PSNR": 36.563584062332865, "encoding_time": 0.30251502990722656, "decoding_time": 0.2125229835510254}