{"MSE": 16.734344482421875, "PSNR": 35.894716560201125, "encoding_time": 0.31685614585876465, "decoding_time": 0.2333979606628418}