{"MSE": 14.972709655761719, "PSNR": 36.37779957849154, "encoding_time": 0.30385804176330566, "decoding_time": 0.2173318862915039}