{"MSE": 15.375534057617188, "PSNR": 36.262501512661125, "encoding_time": 0.30913686752319336, "decoding_time": 0.2160031795501709}