{"MSE": 15.288314819335938, "PSNR": 36.28720743669942, "encoding_time": 0.30924272537231445, "decoding_time": 0.21454310417175293}