{"MSE": 15.925273895263672, "PSNR": 36.109934504615445, "encoding_time": 0.3123159408569336, "decoding_time": 0.22405695915222168}