{"MSE": 15.989009857177734, "PSNR": 36.092587906100015, "encoding_time": 0.31307172775268555, "decoding_time": 0.22548723220825195}