{"MSE": 17.74798583984375, "PSNR": 35.6393128732329, "encoding_time": 0.31853294372558594, "decoding_time": 0.23421692848205566}