{"MSE": 16.24628448486328, "PSNR": 36.02326307074559, "encoding_time": 0.31372904777526855, "decoding_time": 0.22379803657531738}