{"MSE": 15.891620635986328, "PSNR": 36.119121718181034, "encoding_time": 0.30876803398132324, "decoding_time": 0.22222089767456055}