{"MSE": 17.50655746459961, "PSNR": 35.698796071954376, "encoding_time": 0.31607794761657715, "decoding_time": 0.23309707641601562}