{"MSE": 15.675506591796875, "PSNR": 36.17858775864879, "encoding_time": 0.3068821430206299, "decoding_time": 0.2149219512939453}