{"MSE": 16.973026275634766, "PSNR": 35.83321077322589, "encoding_time": 0.3135488033294678, "decoding_time": 0.22786927223205566}