{"MSE": 16.21541976928711, "PSNR": 36.0315216511298, "encoding_time": 0.3124680519104004, "decoding_time": 0.23139500617980957}