{"MSE": 14.507999420166016, "PSNR": 36.51472831316744, "encoding_time": 0.3030130863189697, "decoding_time": 0.21370291709899902}