{"MSE": 13.90643310546875, "PSNR": 36.69864609830532, "encoding_time": 0.30301332473754883, "decoding_time": 0.20880484580993652}