{"MSE": 16.45838165283203, "PSNR": 35.96693231923536, "encoding_time": 0.31613993644714355, "decoding_time": 0.22807621955871582}