{"MSE": 15.864925384521484, "PSNR": 36.126423269884775, "encoding_time": 0.31772804260253906, "decoding_time": 0.23340392112731934}