{"MSE": 15.542125701904297, "PSNR": 36.215699437342586, "encoding_time": 0.30980801582336426, "decoding_time": 0.21942901611328125}