{"MSE": 15.317070007324219, "PSNR": 36.27904663544514, "encoding_time": 0.3100881576538086, "decoding_time": 0.22125887870788574}