{"MSE": 15.335678100585938, "PSNR": 36.27377376843395, "encoding_time": 0.3083961009979248, "decoding_time": 0.2127089500427246}