{"MSE": 17.034809112548828, "PSNR": 35.817430895229336, "encoding_time": 0.3149700164794922, "decoding_time": 0.22866106033325195}