{"MSE": 16.345138549804688, "PSNR": 35.99691754632427, "encoding_time": 0.308488130569458, "decoding_time": 0.22169089317321777}