{"MSE": 15.71975326538086, "PSNR": 36.166346357246056, "encoding_time": 0.308978796005249, "decoding_time": 0.21906495094299316}