{"MSE": 16.64519500732422, "PSNR": 35.917914733542716, "encoding_time": 0.3135957717895508, "decoding_time": 0.22447586059570312}