{"MSE": 15.372600555419922, "PSNR": 36.26333018330202, "encoding_time": 0.3125171661376953, "decoding_time": 0.2214069366455078}