{"MSE": 14.240283966064453, "PSNR": 36.59561711197324, "encoding_time": 0.30401086807250977, "decoding_time": 0.20966696739196777}