{"MSE": 15.31283950805664, "PSNR": 36.28024630108462, "encoding_time": 0.3082258701324463, "decoding_time": 0.21581101417541504}