{"MSE": 15.550727844238281, "PSNR": 36.21329640087765, "encoding_time": 0.3086738586425781, "decoding_time": 0.21678614616394043}