{"MSE": 15.823955535888672, "PSNR": 36.13765306947549, "encoding_time": 0.3127138614654541, "decoding_time": 0.2236621379852295}