{"MSE": 15.968948364257812, "PSNR": 36.09804044268445, "encoding_time": 0.30793023109436035, "decoding_time": 0.2214949131011963}