{"MSE": 14.006759643554688, "PSNR": 36.66742684660757, "encoding_time": 0.30021095275878906, "decoding_time": 0.20333385467529297}