{"MSE": 16.830196380615234, "PSNR": 35.86991177362676, "encoding_time": 0.31700611114501953, "decoding_time": 0.22832989692687988}