{"MSE": 15.566436767578125, "PSNR": 36.208911490242116, "encoding_time": 0.31207966804504395, "decoding_time": 0.2184000015258789}