{"MSE": 16.608760833740234, "PSNR": 35.92743129569088, "encoding_time": 0.3215339183807373, "decoding_time": 0.23748993873596191}