{"MSE": 15.172252655029297, "PSNR": 36.32030294714073, "encoding_time": 0.3097200393676758, "decoding_time": 0.21980905532836914}