{"MSE": 14.034538269042969, "PSNR": 36.65882231785258, "encoding_time": 0.300961971282959, "decoding_time": 0.20510601997375488}