{"MSE": 16.797821044921875, "PSNR": 35.87827410662285, "encoding_time": 0.3172459602355957, "decoding_time": 0.22591090202331543}