{"MSE": 15.435653686523438, "PSNR": 36.24555334666341, "encoding_time": 0.3077728748321533, "decoding_time": 0.21918892860412598}