{"MSE": 15.595016479492188, "PSNR": 36.200945228488905, "encoding_time": 0.31038904190063477, "decoding_time": 0.2208089828491211}