{"MSE": 16.719310760498047, "PSNR": 35.89861990820068, "encoding_time": 0.31728100776672363, "decoding_time": 0.2275550365447998}