{"MSE": 14.146495819091797, "PSNR": 36.624314853116424, "encoding_time": 0.2987802028656006, "decoding_time": 0.20627188682556152}