{"MSE": 16.19617462158203, "PSNR": 36.03667910332619, "encoding_time": 0.3175070285797119, "decoding_time": 0.23059606552124023}