{"MSE": 15.712440490722656, "PSNR": 36.16836715017155, "encoding_time": 0.3099520206451416, "decoding_time": 0.22074484825134277}