{"MSE": 16.056434631347656, "PSNR": 36.07431245319647, "encoding_time": 0.3103642463684082, "decoding_time": 0.22083568572998047}