{"MSE": 17.941207885742188, "PSNR": 35.592286824466996, "encoding_time": 0.3208940029144287, "decoding_time": 0.23517513275146484}