{"MSE": 14.988697052001953, "PSNR": 36.37316479034968, "encoding_time": 0.3053867816925049, "decoding_time": 0.21737098693847656}