{"MSE": 17.880599975585938, "PSNR": 35.606982736051805, "encoding_time": 0.3180267810821533, "decoding_time": 0.23446393013000488}