{"MSE": 15.889965057373047, "PSNR": 36.11957418689275, "encoding_time": 0.31489109992980957, "decoding_time": 0.22491884231567383}