{"MSE": 14.018321990966797, "PSNR": 36.66384329667946, "encoding_time": 0.30126309394836426, "decoding_time": 0.21478509902954102}