{"MSE": 16.728748321533203, "PSNR": 35.896169134731934, "encoding_time": 0.31816792488098145, "decoding_time": 0.22929906845092773}