{"MSE": 16.520355224609375, "PSNR": 35.950609794798495, "encoding_time": 0.31157398223876953, "decoding_time": 0.22543692588806152}