{"MSE": 15.447120666503906, "PSNR": 36.242328217792824, "encoding_time": 0.30605292320251465, "decoding_time": 0.21579194068908691}