{"MSE": 15.209983825683594, "PSNR": 36.30951608643978, "encoding_time": 0.30845212936401367, "decoding_time": 0.21834707260131836}