{"MSE": 16.609527587890625, "PSNR": 35.92723080547157, "encoding_time": 0.3109900951385498, "decoding_time": 0.22498416900634766}