{"MSE": 16.097335815429688, "PSNR": 36.0632635666216, "encoding_time": 0.3205587863922119, "decoding_time": 0.2340102195739746}