{"MSE": 15.474052429199219, "PSNR": 36.234762968668576, "encoding_time": 0.3084690570831299, "decoding_time": 0.2196941375732422}