{"MSE": 16.24871063232422, "PSNR": 36.022614563212215, "encoding_time": 0.31289029121398926, "decoding_time": 0.22458171844482422}