{"MSE": 14.473709106445312, "PSNR": 36.525005209691386, "encoding_time": 0.30198192596435547, "decoding_time": 0.20816993713378906}