{"MSE": 15.108383178710938, "PSNR": 36.33862369999062, "encoding_time": 0.3099091053009033, "decoding_time": 0.2200629711151123}