{"MSE": 15.996009826660156, "PSNR": 36.09068698610792, "encoding_time": 0.3104739189147949, "decoding_time": 0.22121024131774902}