{"MSE": 16.015453338623047, "PSNR": 36.085411244134406, "encoding_time": 0.3200798034667969, "decoding_time": 0.23299598693847656}