{"MSE": 16.574134826660156, "PSNR": 35.93649493463139, "encoding_time": 0.3217191696166992, "decoding_time": 0.2351670265197754}