{"MSE": 16.626907348632812, "PSNR": 35.92268884127503, "encoding_time": 0.3141770362854004, "decoding_time": 0.22954177856445312}