{"MSE": 15.861385345458984, "PSNR": 36.127392446194015, "encoding_time": 0.3119218349456787, "decoding_time": 0.22076916694641113}