{"MSE": 14.289920806884766, "PSNR": 36.58050538880876, "encoding_time": 0.3030526638031006, "decoding_time": 0.21123933792114258}