{"MSE": 15.46915054321289, "PSNR": 36.23613894907661, "encoding_time": 0.3123621940612793, "decoding_time": 0.22521591186523438}