{"MSE": 15.408496856689453, "PSNR": 36.253200867624585, "encoding_time": 0.31587791442871094, "decoding_time": 0.22393107414245605}