{"MSE": 17.61966323852539, "PSNR": 35.670827573053764, "encoding_time": 0.3176589012145996, "decoding_time": 0.23157906532287598}