{"MSE": 15.67059326171875, "PSNR": 36.17994922445675, "encoding_time": 0.30912303924560547, "decoding_time": 0.21535205841064453}