{"MSE": 15.575054168701172, "PSNR": 36.206507950951554, "encoding_time": 0.31203198432922363, "decoding_time": 0.219696044921875}