{"MSE": 15.96041488647461, "PSNR": 36.100361843441384, "encoding_time": 0.31110525131225586, "decoding_time": 0.22017884254455566}