{"MSE": 16.17540740966797, "PSNR": 36.0422513282285, "encoding_time": 0.3132929801940918, "decoding_time": 0.22124099731445312}