{"MSE": 15.14776611328125, "PSNR": 36.32731770023526, "encoding_time": 0.30887913703918457, "decoding_time": 0.2140669822692871}