{"MSE": 16.552932739257812, "PSNR": 35.94205410512099, "encoding_time": 0.313385009765625, "decoding_time": 0.2241358757019043}