{"MSE": 16.06047821044922, "PSNR": 36.07321888351942, "encoding_time": 0.32025599479675293, "decoding_time": 0.2350771427154541}