{"MSE": 15.300640106201172, "PSNR": 36.283707608492705, "encoding_time": 0.30579423904418945, "decoding_time": 0.21556568145751953}