{"MSE": 15.78476333618164, "PSNR": 36.14842286046762, "encoding_time": 0.3115499019622803, "decoding_time": 0.22269511222839355}