{"MSE": 16.41025161743164, "PSNR": 35.97965120751786, "encoding_time": 0.32177305221557617, "decoding_time": 0.23549294471740723}