{"MSE": 16.65216827392578, "PSNR": 35.91609569987054, "encoding_time": 0.3203389644622803, "decoding_time": 0.23508787155151367}