{"MSE": 15.311981201171875, "PSNR": 36.28048973626909, "encoding_time": 0.3047292232513428, "decoding_time": 0.2165219783782959}