{"MSE": 15.93796157836914, "PSNR": 36.10647585330766, "encoding_time": 0.3130166530609131, "decoding_time": 0.2202000617980957}