{"MSE": 16.054637908935547, "PSNR": 36.07479845790961, "encoding_time": 0.31887388229370117, "decoding_time": 0.23292994499206543}