{"MSE": 16.364288330078125, "PSNR": 35.991832379358094, "encoding_time": 0.3136129379272461, "decoding_time": 0.2230510711669922}