{"MSE": 16.486061096191406, "PSNR": 35.959634558922154, "encoding_time": 0.3101539611816406, "decoding_time": 0.22376084327697754}