{"MSE": 17.073158264160156, "PSNR": 35.80766494713596, "encoding_time": 0.315061092376709, "decoding_time": 0.228363037109375}