{"MSE": 16.472904205322266, "PSNR": 35.963101879789, "encoding_time": 0.31955599784851074, "decoding_time": 0.23656773567199707}