{"MSE": 16.634593963623047, "PSNR": 35.920681562948744, "encoding_time": 0.3146028518676758, "decoding_time": 0.22917413711547852}