{"MSE": 16.393489837646484, "PSNR": 35.984089450704886, "encoding_time": 0.3228118419647217, "decoding_time": 0.23638701438903809}