{"MSE": 15.668746948242188, "PSNR": 36.18046094151926, "encoding_time": 0.30818891525268555, "decoding_time": 0.21905517578125}