{"MSE": 15.223793029785156, "PSNR": 36.305574898607034, "encoding_time": 0.3071920871734619, "decoding_time": 0.2153911590576172}