{"MSE": 17.133987426757812, "PSNR": 35.792219169964234, "encoding_time": 0.3169398307800293, "decoding_time": 0.2310628890991211}