{"MSE": 17.060016632080078, "PSNR": 35.811009106356394, "encoding_time": 0.3175671100616455, "decoding_time": 0.23055577278137207}