{"MSE": 17.371837615966797, "PSNR": 35.73234599745942, "encoding_time": 0.3172132968902588, "decoding_time": 0.23006391525268555}