{"MSE": 14.666732788085938, "PSNR": 36.46746981185285, "encoding_time": 0.30589914321899414, "decoding_time": 0.21467280387878418}