{"MSE": 16.638408660888672, "PSNR": 35.919685739398616, "encoding_time": 0.3217618465423584, "decoding_time": 0.23739409446716309}