{"MSE": 15.0482177734375, "PSNR": 36.355952932964904, "encoding_time": 0.30803704261779785, "decoding_time": 0.21535420417785645}