{"MSE": 15.783340454101562, "PSNR": 36.148814363131386, "encoding_time": 0.3114449977874756, "decoding_time": 0.21866130828857422}