{"MSE": 16.719783782958984, "PSNR": 35.89849703941645, "encoding_time": 0.3109309673309326, "decoding_time": 0.22423887252807617}