{"MSE": 14.32376480102539, "PSNR": 36.570231796684695, "encoding_time": 0.3039872646331787, "decoding_time": 0.21132969856262207}