{"MSE": 14.22686767578125, "PSNR": 36.59971068715231, "encoding_time": 0.3094019889831543, "decoding_time": 0.2126319408416748}