{"MSE": 16.540409088134766, "PSNR": 35.94534114265501, "encoding_time": 0.3147439956665039, "decoding_time": 0.2259838581085205}