{"MSE": 17.259479522705078, "PSNR": 35.7605266588648, "encoding_time": 0.31487607955932617, "decoding_time": 0.22585606575012207}