{"MSE": 15.84939956665039, "PSNR": 36.13067546669331, "encoding_time": 0.3123128414154053, "decoding_time": 0.22100305557250977}