{"MSE": 15.218555450439453, "PSNR": 36.307069298312946, "encoding_time": 0.3069438934326172, "decoding_time": 0.21243810653686523}