{"MSE": 16.060951232910156, "PSNR": 36.073090974489105, "encoding_time": 0.3096292018890381, "decoding_time": 0.22156906127929688}