{"MSE": 11.014911651611328, "PSNR": 37.71099342755755, "encoding_time": 0.28369617462158203, "decoding_time": 0.1786789894104004}