{"MSE": 9.276805877685547, "PSNR": 38.45681892028554, "encoding_time": 0.27318501472473145, "decoding_time": 0.1633453369140625}