{"MSE": 11.522186279296875, "PSNR": 37.51545468677561, "encoding_time": 0.2820861339569092, "decoding_time": 0.1794288158416748}