{"MSE": 11.677703857421875, "PSNR": 37.45722903372604, "encoding_time": 0.28757405281066895, "decoding_time": 0.17940187454223633}