{"MSE": 9.10232162475586, "PSNR": 38.53928183906618, "encoding_time": 0.2801821231842041, "decoding_time": 0.16572880744934082}