{"MSE": 11.185649871826172, "PSNR": 37.64419139753176, "encoding_time": 0.28380298614501953, "decoding_time": 0.17566609382629395}