{"MSE": 11.34115219116211, "PSNR": 37.584231824270134, "encoding_time": 0.2855548858642578, "decoding_time": 0.18125581741333008}