{"MSE": 8.948097229003906, "PSNR": 38.613496664233736, "encoding_time": 0.2735621929168701, "decoding_time": 0.1565837860107422}