{"MSE": 10.258769989013672, "PSNR": 38.01985068221437, "encoding_time": 0.28066205978393555, "decoding_time": 0.17055201530456543}