{"MSE": 9.305099487304688, "PSNR": 38.443593400312736, "encoding_time": 0.27686333656311035, "decoding_time": 0.16417384147644043}