{"MSE": 8.547664642333984, "PSNR": 38.8123288607977, "encoding_time": 0.2733118534088135, "decoding_time": 0.15445995330810547}