{"MSE": 9.510738372802734, "PSNR": 38.348661258668024, "encoding_time": 0.27500009536743164, "decoding_time": 0.16425180435180664}