{"MSE": 8.87093734741211, "PSNR": 38.651108488940594, "encoding_time": 0.28432393074035645, "decoding_time": 0.17550182342529297}