{"MSE": 9.136756896972656, "PSNR": 38.52288291139227, "encoding_time": 0.28267407417297363, "decoding_time": 0.17392706871032715}