{"MSE": 8.327808380126953, "PSNR": 38.9254963721016, "encoding_time": 0.27548694610595703, "decoding_time": 0.16346335411071777}