{"MSE": 8.906322479248047, "PSNR": 38.63381944896146, "encoding_time": 0.2871417999267578, "decoding_time": 0.17946124076843262}