{"MSE": 9.41717529296875, "PSNR": 38.391597063385625, "encoding_time": 0.2763941287994385, "decoding_time": 0.17030596733093262}