{"MSE": 8.721855163574219, "PSNR": 38.72471490429467, "encoding_time": 0.2820131778717041, "decoding_time": 0.1713547706604004}