{"MSE": 8.715065002441406, "PSNR": 38.728097301681586, "encoding_time": 0.28574299812316895, "decoding_time": 0.17521095275878906}