{"MSE": 9.31241226196289, "PSNR": 38.440181668511435, "encoding_time": 0.2849390506744385, "decoding_time": 0.18145418167114258}