{"MSE": 9.107933044433594, "PSNR": 38.53660531562036, "encoding_time": 0.2806558609008789, "decoding_time": 0.16688108444213867}