{"MSE": 10.168506622314453, "PSNR": 38.058231850652305, "encoding_time": 0.2856879234313965, "decoding_time": 0.17635798454284668}