{"MSE": 9.595802307128906, "PSNR": 38.309990688217454, "encoding_time": 0.2868170738220215, "decoding_time": 0.1799027919769287}