{"MSE": 9.322044372558594, "PSNR": 38.43569195042049, "encoding_time": 0.28513193130493164, "decoding_time": 0.17668914794921875}