{"MSE": 14.047271728515625, "PSNR": 36.65488377431568, "encoding_time": 0.31542515754699707, "decoding_time": 0.23424315452575684}