{"MSE": 13.272132873535156, "PSNR": 36.9013963990448, "encoding_time": 0.3060178756713867, "decoding_time": 0.21393203735351562}