{"MSE": 13.491771697998047, "PSNR": 36.83011377234421, "encoding_time": 0.31092190742492676, "decoding_time": 0.21182894706726074}