{"MSE": 13.211551666259766, "PSNR": 36.9212653337299, "encoding_time": 0.3102090358734131, "decoding_time": 0.21401214599609375}