{"MSE": 13.9603271484375, "PSNR": 36.681847651383315, "encoding_time": 0.3112368583679199, "decoding_time": 0.21927690505981445}