{"MSE": 13.894302368164062, "PSNR": 36.702436150990934, "encoding_time": 0.3069159984588623, "decoding_time": 0.2139878273010254}