{"MSE": 13.585941314697266, "PSNR": 36.799906265706724, "encoding_time": 0.31136202812194824, "decoding_time": 0.21302080154418945}