{"MSE": 10.979907989501953, "PSNR": 37.724816600816155, "encoding_time": 0.3060281276702881, "decoding_time": 0.22558283805847168}