{"MSE": 10.496353149414062, "PSNR": 37.92041926768708, "encoding_time": 0.2971622943878174, "decoding_time": 0.19089579582214355}