{"MSE": 13.911521911621094, "PSNR": 36.697057167375824, "encoding_time": 0.31389594078063965, "decoding_time": 0.21997308731079102}