{"MSE": 13.848945617675781, "PSNR": 36.716636509949694, "encoding_time": 0.31091880798339844, "decoding_time": 0.22137093544006348}