{"MSE": 14.00079345703125, "PSNR": 36.66927712029269, "encoding_time": 0.31089210510253906, "decoding_time": 0.22096896171569824}