{"MSE": 13.732486724853516, "PSNR": 36.753311730052545, "encoding_time": 0.30906105041503906, "decoding_time": 0.22179579734802246}