{"MSE": 13.42690658569336, "PSNR": 36.851043934345064, "encoding_time": 0.31660890579223633, "decoding_time": 0.230316162109375}