{"MSE": 13.79311752319336, "PSNR": 36.73417924271352, "encoding_time": 0.32091689109802246, "decoding_time": 0.2343277931213379}