{"MSE": 11.221149444580078, "PSNR": 37.63043014476312, "encoding_time": 0.29567980766296387, "decoding_time": 0.19397401809692383}