{"MSE": 10.936080932617188, "PSNR": 37.74218645293971, "encoding_time": 0.2976062297821045, "decoding_time": 0.19053387641906738}