{"MSE": 15.211223602294922, "PSNR": 36.309162104341816, "encoding_time": 0.3172941207885742, "decoding_time": 0.22640585899353027}