{"MSE": 13.681018829345703, "PSNR": 36.76961920246464, "encoding_time": 0.31030774116516113, "decoding_time": 0.21578025817871094}