{"MSE": 14.146232604980469, "PSNR": 36.624395660053395, "encoding_time": 0.31774187088012695, "decoding_time": 0.2211933135986328}