{"MSE": 14.062736511230469, "PSNR": 36.65010521258975, "encoding_time": 0.31455421447753906, "decoding_time": 0.21949076652526855}