{"MSE": 9.993953704833984, "PSNR": 38.13343027546584, "encoding_time": 0.27928805351257324, "decoding_time": 0.1773240566253662}