{"MSE": 9.882183074951172, "PSNR": 38.18227465604677, "encoding_time": 0.28011488914489746, "decoding_time": 0.17102909088134766}