{"MSE": 9.732837677001953, "PSNR": 38.24840880538889, "encoding_time": 0.2774488925933838, "decoding_time": 0.17136907577514648}