{"MSE": 9.909477233886719, "PSNR": 38.170296166174204, "encoding_time": 0.27996110916137695, "decoding_time": 0.17146587371826172}