{"MSE": 9.196613311767578, "PSNR": 38.49452434695789, "encoding_time": 0.2760169506072998, "decoding_time": 0.16523289680480957}