{"MSE": 10.151725769042969, "PSNR": 38.06540483321844, "encoding_time": 0.2920651435852051, "decoding_time": 0.19275593757629395}