{"MSE": 9.831596374511719, "PSNR": 38.20456320110798, "encoding_time": 0.2856152057647705, "decoding_time": 0.17698097229003906}