{"MSE": 9.587913513183594, "PSNR": 38.313562529986314, "encoding_time": 0.2915210723876953, "decoding_time": 0.18108201026916504}