{"MSE": 10.279895782470703, "PSNR": 38.01091649061505, "encoding_time": 0.3063240051269531, "decoding_time": 0.2077617645263672}