{"MSE": 7.9854888916015625, "PSNR": 39.10778850985117, "encoding_time": 0.2767469882965088, "decoding_time": 0.16554903984069824}