{"MSE": 10.709121704101562, "PSNR": 37.833265067217106, "encoding_time": 0.2952280044555664, "decoding_time": 0.2003798484802246}