{"MSE": 9.201416015625, "PSNR": 38.492256943429226, "encoding_time": 0.28400111198425293, "decoding_time": 0.17064785957336426}