{"MSE": 10.764957427978516, "PSNR": 37.81068044203116, "encoding_time": 0.29857492446899414, "decoding_time": 0.19786596298217773}