{"MSE": 9.52902603149414, "PSNR": 38.340318475080636, "encoding_time": 0.28751468658447266, "decoding_time": 0.18141603469848633}