{"MSE": 7.767688751220703, "PSNR": 39.22788545658936, "encoding_time": 0.27808618545532227, "decoding_time": 0.16426706314086914}