{"MSE": 9.233165740966797, "PSNR": 38.47729729385999, "encoding_time": 0.28459811210632324, "decoding_time": 0.18063569068908691}