{"MSE": 9.318462371826172, "PSNR": 38.43736105007829, "encoding_time": 0.28802990913391113, "decoding_time": 0.18526887893676758}