{"MSE": 10.914558410644531, "PSNR": 37.75074191477803, "encoding_time": 0.29560017585754395, "decoding_time": 0.20080161094665527}