{"MSE": 9.70937728881836, "PSNR": 38.2588898355539, "encoding_time": 0.2932558059692383, "decoding_time": 0.17835307121276855}