{"MSE": 10.593730926513672, "PSNR": 37.880314229096726, "encoding_time": 0.29480409622192383, "decoding_time": 0.19516992568969727}