{"MSE": 11.14190673828125, "PSNR": 37.66120841928415, "encoding_time": 0.2992289066314697, "decoding_time": 0.20267486572265625}