{"MSE": 11.120285034179688, "PSNR": 37.66964441680783, "encoding_time": 0.29589009284973145, "decoding_time": 0.20344901084899902}