{"MSE": 9.480579376220703, "PSNR": 38.36245482157801, "encoding_time": 0.28762006759643555, "decoding_time": 0.1809368133544922}