{"MSE": 10.847503662109375, "PSNR": 37.777505554491334, "encoding_time": 0.2985708713531494, "decoding_time": 0.2026660442352295}