{"MSE": 11.304325103759766, "PSNR": 37.598357218700635, "encoding_time": 0.2985217571258545, "decoding_time": 0.20657110214233398}