{"MSE": 10.630195617675781, "PSNR": 37.86539104350684, "encoding_time": 0.2964611053466797, "decoding_time": 0.19278907775878906}