{"MSE": 9.66537094116211, "PSNR": 38.2786183467008, "encoding_time": 0.29351282119750977, "decoding_time": 0.1859278678894043}