{"MSE": 9.752220153808594, "PSNR": 38.23976864063057, "encoding_time": 0.28548598289489746, "decoding_time": 0.17604804039001465}