{"MSE": 9.695526123046875, "PSNR": 38.26508980033234, "encoding_time": 0.29169297218322754, "decoding_time": 0.18387389183044434}