{"MSE": 10.618034362792969, "PSNR": 37.87036234367648, "encoding_time": 0.2924680709838867, "decoding_time": 0.20738887786865234}