{"MSE": 8.80892562866211, "PSNR": 38.681574174951585, "encoding_time": 0.2814011573791504, "decoding_time": 0.17011260986328125}