{"MSE": 10.1934814453125, "PSNR": 38.04757824137046, "encoding_time": 0.293903112411499, "decoding_time": 0.1920630931854248}