{"MSE": 9.27728271484375, "PSNR": 38.45659569428812, "encoding_time": 0.28568124771118164, "decoding_time": 0.17948079109191895}