{"MSE": 10.995357513427734, "PSNR": 37.718710058810046, "encoding_time": 0.30131101608276367, "decoding_time": 0.20416784286499023}