{"MSE": 9.599239349365234, "PSNR": 38.30843540272241, "encoding_time": 0.29299211502075195, "decoding_time": 0.20630598068237305}