{"MSE": 9.492156982421875, "PSNR": 38.357154488493876, "encoding_time": 0.2935459613800049, "decoding_time": 0.19866013526916504}