{"MSE": 10.87099838256836, "PSNR": 37.768109297412, "encoding_time": 0.29671692848205566, "decoding_time": 0.1993100643157959}