{"MSE": 10.236038208007812, "PSNR": 38.0294846256093, "encoding_time": 0.28850817680358887, "decoding_time": 0.18372297286987305}