{"MSE": 7.907951354980469, "PSNR": 39.15016371739747, "encoding_time": 0.2766001224517822, "decoding_time": 0.16546273231506348}