{"MSE": 10.808418273925781, "PSNR": 37.79318217808882, "encoding_time": 0.29431915283203125, "decoding_time": 0.19331693649291992}