{"MSE": 10.11895751953125, "PSNR": 38.079445881700245, "encoding_time": 0.29392099380493164, "decoding_time": 0.19240617752075195}