{"MSE": 8.3319091796875, "PSNR": 38.923358335066915, "encoding_time": 0.28304004669189453, "decoding_time": 0.16976714134216309}