{"MSE": 10.441478729248047, "PSNR": 37.943183527691154, "encoding_time": 0.29228878021240234, "decoding_time": 0.1958141326904297}