{"MSE": 8.851715087890625, "PSNR": 38.66052934120176, "encoding_time": 0.2837560176849365, "decoding_time": 0.17522883415222168}