{"MSE": 9.37520980834961, "PSNR": 38.4109936525867, "encoding_time": 0.2912161350250244, "decoding_time": 0.18258285522460938}