{"MSE": 9.801765441894531, "PSNR": 38.217760553162464, "encoding_time": 0.29347920417785645, "decoding_time": 0.18944573402404785}