{"MSE": 10.438236236572266, "PSNR": 37.94453239350693, "encoding_time": 0.2933919429779053, "decoding_time": 0.19359993934631348}