{"MSE": 10.324382781982422, "PSNR": 37.99216262998696, "encoding_time": 0.28745102882385254, "decoding_time": 0.1886298656463623}