{"MSE": 8.166511535644531, "PSNR": 39.01043781001014, "encoding_time": 0.2810680866241455, "decoding_time": 0.1673285961151123}