{"MSE": 9.507404327392578, "PSNR": 38.35018397049295, "encoding_time": 0.28964996337890625, "decoding_time": 0.18663501739501953}