{"MSE": 10.355094909667969, "PSNR": 37.97926277092211, "encoding_time": 0.30233120918273926, "decoding_time": 0.20009088516235352}