{"MSE": 10.762531280517578, "PSNR": 37.81165934158911, "encoding_time": 0.31023406982421875, "decoding_time": 0.20414185523986816}