{"MSE": 11.012584686279297, "PSNR": 37.71191099729996, "encoding_time": 0.29862403869628906, "decoding_time": 0.20459508895874023}