{"MSE": 9.808422088623047, "PSNR": 38.21481214173222, "encoding_time": 0.285398006439209, "decoding_time": 0.17675495147705078}