{"MSE": 9.563060760498047, "PSNR": 38.32483445720656, "encoding_time": 0.2867920398712158, "decoding_time": 0.17703795433044434}