{"MSE": 8.393238067626953, "PSNR": 38.89150819157118, "encoding_time": 0.28174805641174316, "decoding_time": 0.170151948928833}