{"MSE": 9.46622085571289, "PSNR": 38.369037281246435, "encoding_time": 0.28948283195495605, "decoding_time": 0.18756699562072754}