{"MSE": 9.486812591552734, "PSNR": 38.35960039528129, "encoding_time": 0.29091787338256836, "decoding_time": 0.18658709526062012}