{"MSE": 8.404178619384766, "PSNR": 38.88585086697441, "encoding_time": 0.28211092948913574, "decoding_time": 0.16950607299804688}