{"MSE": 10.212100982666016, "PSNR": 38.039652601804896, "encoding_time": 0.2927680015563965, "decoding_time": 0.1942601203918457}