{"MSE": 9.274055480957031, "PSNR": 38.45810671184185, "encoding_time": 0.2865438461303711, "decoding_time": 0.18141913414001465}