{"MSE": 10.188018798828125, "PSNR": 38.04990623219855, "encoding_time": 0.2947530746459961, "decoding_time": 0.1943519115447998}