{"MSE": 9.507129669189453, "PSNR": 38.35030943508971, "encoding_time": 0.29352903366088867, "decoding_time": 0.1853160858154297}