{"MSE": 9.895423889160156, "PSNR": 38.176459581031445, "encoding_time": 0.2925691604614258, "decoding_time": 0.17733192443847656}