{"MSE": 9.438941955566406, "PSNR": 38.3815704544821, "encoding_time": 0.2858297824859619, "decoding_time": 0.1763293743133545}