{"MSE": 10.95782470703125, "PSNR": 37.73356012148117, "encoding_time": 0.29517602920532227, "decoding_time": 0.20217394828796387}