{"MSE": 9.863906860351562, "PSNR": 38.19031398073659, "encoding_time": 0.2916300296783447, "decoding_time": 0.18691110610961914}