{"MSE": 9.497421264648438, "PSNR": 38.35474659006559, "encoding_time": 0.30365419387817383, "decoding_time": 0.1840047836303711}