{"MSE": 10.926776885986328, "PSNR": 37.745882855659445, "encoding_time": 0.3030722141265869, "decoding_time": 0.19896292686462402}