{"MSE": 8.194084167480469, "PSNR": 38.99579940269021, "encoding_time": 0.2796800136566162, "decoding_time": 0.16774988174438477}