{"MSE": 9.589385986328125, "PSNR": 38.31289560922127, "encoding_time": 0.28735995292663574, "decoding_time": 0.1824939250946045}