{"MSE": 9.453739166259766, "PSNR": 38.37476745153688, "encoding_time": 0.28301501274108887, "decoding_time": 0.17406296730041504}