{"MSE": 9.977962493896484, "PSNR": 38.140384937286086, "encoding_time": 0.2896890640258789, "decoding_time": 0.19112300872802734}