{"MSE": 9.580547332763672, "PSNR": 38.31690040013902, "encoding_time": 0.28984904289245605, "decoding_time": 0.18346190452575684}