{"MSE": 9.471294403076172, "PSNR": 38.36671024557553, "encoding_time": 0.2851741313934326, "decoding_time": 0.18753886222839355}