{"MSE": 9.549442291259766, "PSNR": 38.33102352310452, "encoding_time": 0.29047393798828125, "decoding_time": 0.18255209922790527}