{"MSE": 10.432445526123047, "PSNR": 37.94694235182791, "encoding_time": 0.2933969497680664, "decoding_time": 0.1923840045928955}