{"MSE": 10.045391082763672, "PSNR": 38.11113511692052, "encoding_time": 0.30037403106689453, "decoding_time": 0.18846893310546875}