{"MSE": 7.889835357666016, "PSNR": 39.160124202697936, "encoding_time": 0.27882909774780273, "decoding_time": 0.1665949821472168}