{"MSE": 9.17001724243164, "PSNR": 38.50710208590923, "encoding_time": 0.2849571704864502, "decoding_time": 0.18038082122802734}