{"MSE": 9.547718048095703, "PSNR": 38.331807754142375, "encoding_time": 0.29274988174438477, "decoding_time": 0.1842339038848877}