{"MSE": 9.82647705078125, "PSNR": 38.20682516650955, "encoding_time": 0.2895641326904297, "decoding_time": 0.1884140968322754}