{"MSE": 10.71112060546875, "PSNR": 37.832454514447804, "encoding_time": 0.2936439514160156, "decoding_time": 0.19913601875305176}