{"MSE": 9.387405395507812, "PSNR": 38.405347875710994, "encoding_time": 0.29348134994506836, "decoding_time": 0.1819767951965332}