{"MSE": 10.878311157226562, "PSNR": 37.76518883890704, "encoding_time": 0.2990102767944336, "decoding_time": 0.19461393356323242}