{"MSE": 11.367515563964844, "PSNR": 37.57414803371066, "encoding_time": 0.2991468906402588, "decoding_time": 0.2053508758544922}