{"MSE": 9.880340576171875, "PSNR": 38.18308445854893, "encoding_time": 0.2908353805541992, "decoding_time": 0.18881893157958984}