{"MSE": 10.163536071777344, "PSNR": 38.06035527990707, "encoding_time": 0.295198917388916, "decoding_time": 0.19369983673095703}