{"MSE": 10.068443298339844, "PSNR": 38.10118032241034, "encoding_time": 0.29155993461608887, "decoding_time": 0.19403576850891113}