{"MSE": 10.75100326538086, "PSNR": 37.81631367101106, "encoding_time": 0.29592418670654297, "decoding_time": 0.19937610626220703}