{"MSE": 10.577880859375, "PSNR": 37.88681689696326, "encoding_time": 0.2944760322570801, "decoding_time": 0.1960289478302002}