{"MSE": 10.802192687988281, "PSNR": 37.795684409699795, "encoding_time": 0.29799509048461914, "decoding_time": 0.20229291915893555}