{"MSE": 9.527503967285156, "PSNR": 38.34101222581964, "encoding_time": 0.29059720039367676, "decoding_time": 0.18085002899169922}