{"MSE": 9.558708190917969, "PSNR": 38.32681157238684, "encoding_time": 0.29157018661499023, "decoding_time": 0.1842787265777588}