{"MSE": 11.042972564697266, "PSNR": 37.699943676670244, "encoding_time": 0.29676318168640137, "decoding_time": 0.20180201530456543}