{"MSE": 11.20977783203125, "PSNR": 37.63483355523518, "encoding_time": 0.2966296672821045, "decoding_time": 0.20412111282348633}