{"MSE": 9.89487075805664, "PSNR": 38.17670234829728, "encoding_time": 0.2916851043701172, "decoding_time": 0.19258379936218262}