{"MSE": 9.173484802246094, "PSNR": 38.50546015068077, "encoding_time": 0.3002512454986572, "decoding_time": 0.2172846794128418}