{"MSE": 9.651763916015625, "PSNR": 38.284736704270195, "encoding_time": 0.2919940948486328, "decoding_time": 0.18715977668762207}