{"MSE": 11.147590637207031, "PSNR": 37.65899348733563, "encoding_time": 0.2975916862487793, "decoding_time": 0.20101022720336914}