{"MSE": 9.988609313964844, "PSNR": 38.13575334034672, "encoding_time": 0.2977921962738037, "decoding_time": 0.19813179969787598}