{"MSE": 10.090934753417969, "PSNR": 38.091489627729004, "encoding_time": 0.2904083728790283, "decoding_time": 0.17979693412780762}