{"MSE": 9.556987762451172, "PSNR": 38.32759330964974, "encoding_time": 0.2894151210784912, "decoding_time": 0.18657493591308594}