{"MSE": 7.976024627685547, "PSNR": 39.11293874584945, "encoding_time": 0.2774162292480469, "decoding_time": 0.16659092903137207}