{"MSE": 11.151653289794922, "PSNR": 37.65741102326097, "encoding_time": 0.2987189292907715, "decoding_time": 0.204024076461792}