{"MSE": 8.43893051147461, "PSNR": 38.867929500711355, "encoding_time": 0.2817659378051758, "decoding_time": 0.1694200038909912}