{"MSE": 10.359420776367188, "PSNR": 37.97744887375676, "encoding_time": 0.2933189868927002, "decoding_time": 0.1957540512084961}