{"MSE": 11.017173767089844, "PSNR": 37.710101615226094, "encoding_time": 0.29668498039245605, "decoding_time": 0.20143604278564453}