{"MSE": 10.103199005126953, "PSNR": 38.08621453392165, "encoding_time": 0.2986259460449219, "decoding_time": 0.19876503944396973}