{"MSE": 10.048141479492188, "PSNR": 38.10994619493679, "encoding_time": 0.2945399284362793, "decoding_time": 0.19202589988708496}