{"MSE": 9.752201080322266, "PSNR": 38.23977713461228, "encoding_time": 0.29116201400756836, "decoding_time": 0.18725299835205078}