{"MSE": 9.301700592041016, "PSNR": 38.44518004763274, "encoding_time": 0.29231786727905273, "decoding_time": 0.1805438995361328}