{"MSE": 9.482948303222656, "PSNR": 38.361369778807784, "encoding_time": 0.28998398780822754, "decoding_time": 0.18178987503051758}