{"MSE": 10.19784164428711, "PSNR": 38.045720970633084, "encoding_time": 0.29308009147644043, "decoding_time": 0.18652105331420898}