{"MSE": 10.978168487548828, "PSNR": 37.72550469032333, "encoding_time": 0.29802799224853516, "decoding_time": 0.20084810256958008}