{"MSE": 9.618022918701172, "PSNR": 38.29994553252434, "encoding_time": 0.2872779369354248, "decoding_time": 0.17687702178955078}