{"MSE": 10.150596618652344, "PSNR": 38.065887914685696, "encoding_time": 0.29297590255737305, "decoding_time": 0.19257020950317383}