{"MSE": 9.840557098388672, "PSNR": 38.20060675250857, "encoding_time": 0.29028797149658203, "decoding_time": 0.18561697006225586}