{"MSE": 9.192710876464844, "PSNR": 38.496367597015436, "encoding_time": 0.2832460403442383, "decoding_time": 0.17368292808532715}