{"MSE": 9.098892211914062, "PSNR": 38.54091840584063, "encoding_time": 0.2808058261871338, "decoding_time": 0.17203712463378906}