{"MSE": 9.183509826660156, "PSNR": 38.500716658290195, "encoding_time": 0.28316712379455566, "decoding_time": 0.1701369285583496}