{"MSE": 7.929481506347656, "PSNR": 39.13835570308687, "encoding_time": 0.2783358097076416, "decoding_time": 0.16562914848327637}