{"MSE": 10.38760757446289, "PSNR": 37.96564826482124, "encoding_time": 0.29538393020629883, "decoding_time": 0.19060301780700684}