{"MSE": 8.805381774902344, "PSNR": 38.6833217045229, "encoding_time": 0.2817668914794922, "decoding_time": 0.1694941520690918}