{"MSE": 9.582103729248047, "PSNR": 38.31619492947724, "encoding_time": 0.2906529903411865, "decoding_time": 0.18531084060668945}