{"MSE": 9.028846740722656, "PSNR": 38.574480796713665, "encoding_time": 0.28116798400878906, "decoding_time": 0.16929197311401367}