{"MSE": 9.15927505493164, "PSNR": 38.512192597002915, "encoding_time": 0.28223609924316406, "decoding_time": 0.17564010620117188}