{"MSE": 10.511829376220703, "PSNR": 37.91402057888051, "encoding_time": 0.2954280376434326, "decoding_time": 0.19465899467468262}