{"MSE": 8.889801025390625, "PSNR": 38.641883203186126, "encoding_time": 0.2790970802307129, "decoding_time": 0.16698503494262695}