{"MSE": 9.381820678710938, "PSNR": 38.40793233151099, "encoding_time": 0.29108095169067383, "decoding_time": 0.18182706832885742}