{"MSE": 10.29275131225586, "PSNR": 38.005488811475246, "encoding_time": 0.2956058979034424, "decoding_time": 0.1943819522857666}