{"MSE": 9.617961883544922, "PSNR": 38.29997309257062, "encoding_time": 0.2882850170135498, "decoding_time": 0.178786039352417}