{"MSE": 9.31591796875, "PSNR": 38.43854705165429, "encoding_time": 0.2874302864074707, "decoding_time": 0.17393779754638672}