{"MSE": 9.619083404541016, "PSNR": 38.29946670463713, "encoding_time": 0.29790186882019043, "decoding_time": 0.17154598236083984}