{"MSE": 9.694843292236328, "PSNR": 38.265395673466436, "encoding_time": 0.2897517681121826, "decoding_time": 0.18384313583374023}