{"MSE": 9.890316009521484, "PSNR": 38.17870192728884, "encoding_time": 0.28583312034606934, "decoding_time": 0.17756080627441406}