{"MSE": 7.983524322509766, "PSNR": 39.108857081225935, "encoding_time": 0.2789931297302246, "decoding_time": 0.16473102569580078}