{"MSE": 9.6510009765625, "PSNR": 38.2850800130102, "encoding_time": 0.289078950881958, "decoding_time": 0.18132305145263672}