{"MSE": 8.67236328125, "PSNR": 38.74942898899413, "encoding_time": 0.28354573249816895, "decoding_time": 0.16746020317077637}