{"MSE": 8.960216522216797, "PSNR": 38.60761856421433, "encoding_time": 0.28461313247680664, "decoding_time": 0.17074894905090332}