{"MSE": 9.882007598876953, "PSNR": 38.182351773589296, "encoding_time": 0.2888298034667969, "decoding_time": 0.17651104927062988}