{"MSE": 10.900421142578125, "PSNR": 37.756370834443025, "encoding_time": 0.2978849411010742, "decoding_time": 0.20036721229553223}