{"MSE": 9.445831298828125, "PSNR": 38.37840175994187, "encoding_time": 0.28544116020202637, "decoding_time": 0.17554092407226562}