{"MSE": 9.453773498535156, "PSNR": 38.374751679692096, "encoding_time": 0.2896599769592285, "decoding_time": 0.18332505226135254}