{"MSE": 10.779895782470703, "PSNR": 37.80465798655101, "encoding_time": 0.298145055770874, "decoding_time": 0.20151019096374512}