{"MSE": 10.140445709228516, "PSNR": 38.07023316639391, "encoding_time": 0.29137206077575684, "decoding_time": 0.1786649227142334}