{"MSE": 7.782863616943359, "PSNR": 39.21940940714383, "encoding_time": 0.2768540382385254, "decoding_time": 0.16558194160461426}