{"MSE": 9.263130187988281, "PSNR": 38.46322593013488, "encoding_time": 0.2843320369720459, "decoding_time": 0.17289209365844727}