{"MSE": 9.221176147460938, "PSNR": 38.48294042658611, "encoding_time": 0.28342390060424805, "decoding_time": 0.17310595512390137}