{"MSE": 10.27545166015625, "PSNR": 38.01279440373088, "encoding_time": 0.2955341339111328, "decoding_time": 0.19519996643066406}