{"MSE": 9.791980743408203, "PSNR": 38.22209810135029, "encoding_time": 0.2930781841278076, "decoding_time": 0.19197392463684082}