{"MSE": 9.291915893554688, "PSNR": 38.44975090769673, "encoding_time": 0.28700995445251465, "decoding_time": 0.17868685722351074}