{"MSE": 9.21963882446289, "PSNR": 38.48366452787721, "encoding_time": 0.28891801834106445, "decoding_time": 0.18627595901489258}