{"MSE": 9.250411987304688, "PSNR": 38.469192854447044, "encoding_time": 0.2886338233947754, "decoding_time": 0.18769097328186035}