{"MSE": 8.012245178222656, "PSNR": 39.09326130441079, "encoding_time": 0.2753441333770752, "decoding_time": 0.16258001327514648}