{"MSE": 7.597766876220703, "PSNR": 39.32394396988006, "encoding_time": 0.27480006217956543, "decoding_time": 0.1566920280456543}