{"MSE": 7.934925079345703, "PSNR": 39.13537530316469, "encoding_time": 0.27996277809143066, "decoding_time": 0.1701061725616455}