{"MSE": 9.706478118896484, "PSNR": 38.260186810095675, "encoding_time": 0.2906780242919922, "decoding_time": 0.18896198272705078}