{"MSE": 9.496131896972656, "PSNR": 38.35533622725757, "encoding_time": 0.2866370677947998, "decoding_time": 0.1811199188232422}