{"MSE": 7.351921081542969, "PSNR": 39.46679524355247, "encoding_time": 0.2709379196166992, "decoding_time": 0.153825044631958}