{"MSE": 8.9674072265625, "PSNR": 38.60413468544761, "encoding_time": 0.2879319190979004, "decoding_time": 0.18262791633605957}