{"MSE": 9.59207534790039, "PSNR": 38.31167779283285, "encoding_time": 0.2888190746307373, "decoding_time": 0.18757200241088867}