{"MSE": 8.157039642333984, "PSNR": 39.01547787931219, "encoding_time": 0.28253698348999023, "decoding_time": 0.172637939453125}