{"MSE": 8.444530487060547, "PSNR": 38.86504852910824, "encoding_time": 0.28528308868408203, "decoding_time": 0.17769789695739746}