{"MSE": 9.711124420166016, "PSNR": 38.258108424736754, "encoding_time": 0.2925879955291748, "decoding_time": 0.193281888961792}