{"MSE": 8.465373992919922, "PSNR": 38.85434211243572, "encoding_time": 0.2791481018066406, "decoding_time": 0.16812992095947266}