{"MSE": 9.595809936523438, "PSNR": 38.30998723524654, "encoding_time": 0.2904319763183594, "decoding_time": 0.2006819248199463}