{"MSE": 9.220645904541016, "PSNR": 38.48319016500524, "encoding_time": 0.2896428108215332, "decoding_time": 0.1857161521911621}