{"MSE": 15.538673400878906, "PSNR": 36.21666422289164, "encoding_time": 0.29688382148742676, "decoding_time": 0.19520807266235352}