{"MSE": 11.938873291015625, "PSNR": 37.36117017875514, "encoding_time": 0.2870910167694092, "decoding_time": 0.18047690391540527}