{"MSE": 14.294933319091797, "PSNR": 36.57898227002376, "encoding_time": 0.28921079635620117, "decoding_time": 0.1807570457458496}