{"MSE": 12.249771118164062, "PSNR": 37.24952386701807, "encoding_time": 0.2821848392486572, "decoding_time": 0.16894936561584473}