{"MSE": 14.677528381347656, "PSNR": 36.464274320395845, "encoding_time": 0.3019592761993408, "decoding_time": 0.18507885932922363}