{"MSE": 15.393913269042969, "PSNR": 36.257313254992084, "encoding_time": 0.2948899269104004, "decoding_time": 0.19222402572631836}