{"MSE": 17.507217407226562, "PSNR": 35.69863235956271, "encoding_time": 0.3078000545501709, "decoding_time": 0.20497417449951172}