{"MSE": 14.329051971435547, "PSNR": 36.568629030032945, "encoding_time": 0.30544614791870117, "decoding_time": 0.21604108810424805}