{"MSE": 11.357006072998047, "PSNR": 37.578165028508444, "encoding_time": 0.2866039276123047, "decoding_time": 0.1787869930267334}