{"MSE": 19.513778686523438, "PSNR": 35.22738985691413, "encoding_time": 0.30355286598205566, "decoding_time": 0.23124217987060547}