{"MSE": 16.12761688232422, "PSNR": 36.05510162810612, "encoding_time": 0.2902638912200928, "decoding_time": 0.18530988693237305}