{"MSE": 14.322872161865234, "PSNR": 36.57050245202355, "encoding_time": 0.3072822093963623, "decoding_time": 0.2016158103942871}