{"MSE": 14.291175842285156, "PSNR": 36.580123979406586, "encoding_time": 0.2918128967285156, "decoding_time": 0.18042206764221191}