{"MSE": 13.775016784667969, "PSNR": 36.739882241619284, "encoding_time": 0.2931797504425049, "decoding_time": 0.18668317794799805}