{"MSE": 14.854923248291016, "PSNR": 36.41209948614447, "encoding_time": 0.2858412265777588, "decoding_time": 0.18158888816833496}