{"MSE": 22.07569122314453, "PSNR": 34.69166049991005, "encoding_time": 0.308880090713501, "decoding_time": 0.22077393531799316}