{"MSE": 13.474960327148438, "PSNR": 36.83552865652983, "encoding_time": 0.28545117378234863, "decoding_time": 0.17457985877990723}