{"MSE": 14.869266510009766, "PSNR": 36.40790815245223, "encoding_time": 0.29155921936035156, "decoding_time": 0.18782377243041992}