{"MSE": 15.66183090209961, "PSNR": 36.18237830208595, "encoding_time": 0.29471898078918457, "decoding_time": 0.19388389587402344}