{"MSE": 18.39471435546875, "PSNR": 35.48387312642428, "encoding_time": 0.30387401580810547, "decoding_time": 0.20676302909851074}