{"MSE": 14.60721206665039, "PSNR": 36.48513026494698, "encoding_time": 0.2878901958465576, "decoding_time": 0.1802387237548828}