{"MSE": 15.264091491699219, "PSNR": 36.29409400374961, "encoding_time": 0.2910311222076416, "decoding_time": 0.19145703315734863}