{"MSE": 15.593605041503906, "PSNR": 36.20133830756735, "encoding_time": 0.30820703506469727, "decoding_time": 0.21693205833435059}