{"MSE": 13.808555603027344, "PSNR": 36.7293210781004, "encoding_time": 0.2834789752960205, "decoding_time": 0.1815509796142578}