{"MSE": 14.727603912353516, "PSNR": 36.4494826523292, "encoding_time": 0.29022908210754395, "decoding_time": 0.1828441619873047}