{"MSE": 16.09771728515625, "PSNR": 36.06316065006684, "encoding_time": 0.2946202754974365, "decoding_time": 0.19745898246765137}