{"MSE": 21.50891876220703, "PSNR": 34.804617816013, "encoding_time": 0.3070669174194336, "decoding_time": 0.21911120414733887}