{"MSE": 13.948909759521484, "PSNR": 36.685400961921275, "encoding_time": 0.2928009033203125, "decoding_time": 0.19052505493164062}