{"MSE": 16.708660125732422, "PSNR": 35.901387358297924, "encoding_time": 0.29940009117126465, "decoding_time": 0.19933295249938965}