{"MSE": 14.265018463134766, "PSNR": 36.588080227694974, "encoding_time": 0.292985200881958, "decoding_time": 0.18981599807739258}