{"MSE": 13.239727020263672, "PSNR": 36.91201330055417, "encoding_time": 0.2959468364715576, "decoding_time": 0.19766521453857422}