{"MSE": 15.286781311035156, "PSNR": 36.287643081572426, "encoding_time": 0.3082280158996582, "decoding_time": 0.18910503387451172}