{"MSE": 15.772441864013672, "PSNR": 36.1518142556241, "encoding_time": 0.294086217880249, "decoding_time": 0.19066596031188965}