{"MSE": 15.761222839355469, "PSNR": 36.15490451535307, "encoding_time": 0.28842687606811523, "decoding_time": 0.18591904640197754}