{"MSE": 21.372406005859375, "PSNR": 34.83226945102993, "encoding_time": 0.3163261413574219, "decoding_time": 0.21688389778137207}