{"MSE": 14.610271453857422, "PSNR": 36.484220758153945, "encoding_time": 0.29488682746887207, "decoding_time": 0.1881709098815918}