{"MSE": 17.181034088134766, "PSNR": 35.78031061369466, "encoding_time": 0.29573512077331543, "decoding_time": 0.1955099105834961}