{"MSE": 10.905818939208984, "PSNR": 37.75422077709219, "encoding_time": 0.28966712951660156, "decoding_time": 0.17793798446655273}