{"MSE": 10.226375579833984, "PSNR": 38.033586220320466, "encoding_time": 0.2881190776824951, "decoding_time": 0.17300677299499512}