{"MSE": 12.729167938232422, "PSNR": 37.08280344617588, "encoding_time": 0.2967379093170166, "decoding_time": 0.20038414001464844}