{"MSE": 11.361679077148438, "PSNR": 37.576378428683995, "encoding_time": 0.2863900661468506, "decoding_time": 0.17984700202941895}