{"MSE": 12.479515075683594, "PSNR": 37.168826508457364, "encoding_time": 0.3104732036590576, "decoding_time": 0.22484564781188965}