{"MSE": 10.618247985839844, "PSNR": 37.87027496933389, "encoding_time": 0.28920984268188477, "decoding_time": 0.19277310371398926}