{"MSE": 11.93337631225586, "PSNR": 37.36317024797725, "encoding_time": 0.3029930591583252, "decoding_time": 0.18828392028808594}