{"MSE": 10.875411987304688, "PSNR": 37.76634642788457, "encoding_time": 0.291733980178833, "decoding_time": 0.18377280235290527}