{"MSE": 11.030414581298828, "PSNR": 37.70488525038171, "encoding_time": 0.2910428047180176, "decoding_time": 0.18810009956359863}