{"MSE": 9.094902038574219, "PSNR": 38.54282335240346, "encoding_time": 0.28986597061157227, "decoding_time": 0.1660768985748291}