{"MSE": 10.708606719970703, "PSNR": 37.833473917345295, "encoding_time": 0.29720020294189453, "decoding_time": 0.2037968635559082}