{"MSE": 12.104835510253906, "PSNR": 37.301214685750345, "encoding_time": 0.3019068241119385, "decoding_time": 0.19451904296875}