{"MSE": 10.487983703613281, "PSNR": 37.923883569986515, "encoding_time": 0.2889668941497803, "decoding_time": 0.17227721214294434}