{"MSE": 12.241413116455078, "PSNR": 37.25248806354535, "encoding_time": 0.30046701431274414, "decoding_time": 0.1936168670654297}