{"MSE": 9.219379425048828, "PSNR": 38.48378672064541, "encoding_time": 0.26606202125549316, "decoding_time": 0.15527105331420898}