{"MSE": 12.171096801757812, "PSNR": 37.27750644306868, "encoding_time": 0.29355621337890625, "decoding_time": 0.1933608055114746}