{"MSE": 8.751346588134766, "PSNR": 38.71005476896957, "encoding_time": 0.26369619369506836, "decoding_time": 0.15251779556274414}