{"MSE": 11.700691223144531, "PSNR": 37.44868842238825, "encoding_time": 0.312363862991333, "decoding_time": 0.23522686958312988}