{"MSE": 11.018909454345703, "PSNR": 37.70941746515141, "encoding_time": 0.2700469493865967, "decoding_time": 0.17296218872070312}