{"MSE": 11.084068298339844, "PSNR": 37.68381167693052, "encoding_time": 0.2849769592285156, "decoding_time": 0.18021702766418457}