{"MSE": 9.284194946289062, "PSNR": 38.453361098241494, "encoding_time": 0.27564215660095215, "decoding_time": 0.1640167236328125}