{"MSE": 8.96942138671875, "PSNR": 38.603159330590785, "encoding_time": 0.26804113388061523, "decoding_time": 0.1587228775024414}