{"MSE": 9.971294403076172, "PSNR": 38.14328821851695, "encoding_time": 0.26790618896484375, "decoding_time": 0.16406774520874023}