{"MSE": 11.050525665283203, "PSNR": 37.69697423290051, "encoding_time": 0.2851450443267822, "decoding_time": 0.17725491523742676}