{"MSE": 12.962265014648438, "PSNR": 37.00399464471124, "encoding_time": 0.2947230339050293, "decoding_time": 0.19844508171081543}