{"MSE": 12.580734252929688, "PSNR": 37.133743721680396, "encoding_time": 0.29018402099609375, "decoding_time": 0.19556903839111328}