{"MSE": 10.61397933959961, "PSNR": 37.87202122939779, "encoding_time": 0.26541996002197266, "decoding_time": 0.166762113571167}