{"MSE": 9.04254150390625, "PSNR": 38.56789850083288, "encoding_time": 0.2620108127593994, "decoding_time": 0.14858603477478027}