{"MSE": 11.198169708251953, "PSNR": 37.63933315926585, "encoding_time": 0.27893900871276855, "decoding_time": 0.1755070686340332}