{"MSE": 10.247451782226562, "PSNR": 38.02464477378975, "encoding_time": 0.28271913528442383, "decoding_time": 0.18273711204528809}