{"MSE": 11.420951843261719, "PSNR": 37.55378060543914, "encoding_time": 0.2724010944366455, "decoding_time": 0.1755228042602539}