{"MSE": 9.775321960449219, "PSNR": 38.22949290621611, "encoding_time": 0.2793128490447998, "decoding_time": 0.16871929168701172}