{"MSE": 10.39447021484375, "PSNR": 37.962780017490786, "encoding_time": 0.2799360752105713, "decoding_time": 0.17421913146972656}