{"MSE": 10.96047592163086, "PSNR": 37.73250948539758, "encoding_time": 0.2715728282928467, "decoding_time": 0.17056894302368164}