{"MSE": 8.765586853027344, "PSNR": 38.702993635984335, "encoding_time": 0.2635979652404785, "decoding_time": 0.17182397842407227}