{"MSE": 10.682098388671875, "PSNR": 37.84423787098066, "encoding_time": 0.2697291374206543, "decoding_time": 0.16938400268554688}