{"MSE": 5.075752258300781, "PSNR": 41.07579944348042, "encoding_time": 0.24544405937194824, "decoding_time": 0.1254417896270752}