{"MSE": 9.653221130371094, "PSNR": 38.28408105998639, "encoding_time": 0.27656126022338867, "decoding_time": 0.1654679775238037}