{"MSE": 10.264068603515625, "PSNR": 38.017608147312885, "encoding_time": 0.28134608268737793, "decoding_time": 0.17192602157592773}