{"MSE": 12.246349334716797, "PSNR": 37.25073717071809, "encoding_time": 0.27014708518981934, "decoding_time": 0.1777029037475586}