{"MSE": 12.08419418334961, "PSNR": 37.30862665445115, "encoding_time": 0.2946920394897461, "decoding_time": 0.19100594520568848}