{"MSE": 8.991310119628906, "PSNR": 38.59257383676315, "encoding_time": 0.26315808296203613, "decoding_time": 0.1522510051727295}