{"MSE": 9.098396301269531, "PSNR": 38.54115511281633, "encoding_time": 0.27533388137817383, "decoding_time": 0.1654059886932373}