{"MSE": 12.404285430908203, "PSNR": 37.19508609781001, "encoding_time": 0.2928190231323242, "decoding_time": 0.19300389289855957}