{"MSE": 8.8096923828125, "PSNR": 38.68119616903025, "encoding_time": 0.26241278648376465, "decoding_time": 0.15423297882080078}