{"MSE": 10.795406341552734, "PSNR": 37.79841366946817, "encoding_time": 0.3480360507965088, "decoding_time": 0.21797394752502441}