{"MSE": 11.591842651367188, "PSNR": 37.48927883514071, "encoding_time": 0.27164673805236816, "decoding_time": 0.1772451400756836}