{"MSE": 13.020580291748047, "PSNR": 36.98450020883961, "encoding_time": 0.2937657833099365, "decoding_time": 0.22185921669006348}