{"MSE": 9.662281036376953, "PSNR": 38.280006956771786, "encoding_time": 0.26905298233032227, "decoding_time": 0.16413593292236328}