{"MSE": 9.371498107910156, "PSNR": 38.412713390310884, "encoding_time": 0.27510595321655273, "decoding_time": 0.16555023193359375}