{"MSE": 9.24798583984375, "PSNR": 38.47033204765768, "encoding_time": 0.2726020812988281, "decoding_time": 0.16147875785827637}