{"MSE": 8.672367095947266, "PSNR": 38.74942707867102, "encoding_time": 0.27281713485717773, "decoding_time": 0.16153192520141602}