{"MSE": 9.35955810546875, "PSNR": 38.41825016070706, "encoding_time": 0.27457499504089355, "decoding_time": 0.16389107704162598}