{"MSE": 12.855289459228516, "PSNR": 37.03998500882389, "encoding_time": 7198.6624410152435, "decoding_time": 0.18917107582092285}