{"MSE": 10.817405700683594, "PSNR": 37.78957242885872, "encoding_time": 0.2820248603820801, "decoding_time": 0.17447495460510254}