{"MSE": 9.437007904052734, "PSNR": 38.382460420718814, "encoding_time": 0.2689549922943115, "decoding_time": 0.16250205039978027}