{"MSE": 17.56624984741211, "PSNR": 35.68401305372172, "encoding_time": 0.2942647933959961, "decoding_time": 0.20154213905334473}