{"MSE": 12.13446044921875, "PSNR": 37.29059890388375, "encoding_time": 0.26910996437072754, "decoding_time": 0.16689515113830566}