{"MSE": 13.675983428955078, "PSNR": 36.77121794973079, "encoding_time": 0.29024410247802734, "decoding_time": 0.18507099151611328}