{"MSE": 12.58536148071289, "PSNR": 37.13214666861609, "encoding_time": 0.28678297996520996, "decoding_time": 0.17603302001953125}