{"MSE": 13.559406280517578, "PSNR": 36.80839687173155, "encoding_time": 0.29066896438598633, "decoding_time": 0.18457698822021484}