{"MSE": 9.95559310913086, "PSNR": 38.15013222436204, "encoding_time": 0.2646181583404541, "decoding_time": 0.16070985794067383}