{"MSE": 13.359790802001953, "PSNR": 36.8728070319601, "encoding_time": 0.28670692443847656, "decoding_time": 0.1822950839996338}