{"MSE": 12.3525390625, "PSNR": 37.213241249325336, "encoding_time": 1177.5202929973602, "decoding_time": 0.16758179664611816}