{"MSE": 13.209503173828125, "PSNR": 36.92193877312621, "encoding_time": 0.2900259494781494, "decoding_time": 0.1829080581665039}