{"MSE": 8.964195251464844, "PSNR": 38.60569053420966, "encoding_time": 0.2624812126159668, "decoding_time": 0.15443181991577148}