{"MSE": 12.230998992919922, "PSNR": 37.25618430455173, "encoding_time": 0.26922082901000977, "decoding_time": 0.1683518886566162}