{"MSE": 17.639892578125, "PSNR": 35.66584424792608, "encoding_time": 0.29569196701049805, "decoding_time": 0.20094585418701172}