{"MSE": 14.916667938232422, "PSNR": 36.3940853891437, "encoding_time": 0.3514113426208496, "decoding_time": 0.2504117488861084}