{"MSE": 14.481197357177734, "PSNR": 36.522758885014916, "encoding_time": 0.29889416694641113, "decoding_time": 0.20325398445129395}