{"MSE": 13.518863677978516, "PSNR": 36.82140172156036, "encoding_time": 0.2870609760284424, "decoding_time": 0.18204879760742188}