{"MSE": 17.644756317138672, "PSNR": 35.66464695953321, "encoding_time": 0.2925376892089844, "decoding_time": 0.20070123672485352}