{"MSE": 8.823902130126953, "PSNR": 38.674196783647794, "encoding_time": 0.264847993850708, "decoding_time": 0.15507006645202637}