{"MSE": 14.132976531982422, "PSNR": 36.62846723061857, "encoding_time": 0.29399919509887695, "decoding_time": 0.19266295433044434}