{"MSE": 17.14856719970703, "PSNR": 35.7885252122706, "encoding_time": 0.2939488887786865, "decoding_time": 0.1989881992340088}