{"MSE": 13.266075134277344, "PSNR": 36.90337908210871, "encoding_time": 0.28795599937438965, "decoding_time": 0.18233704566955566}