{"MSE": 16.37220001220703, "PSNR": 35.989733192712215, "encoding_time": 0.2947850227355957, "decoding_time": 0.19749093055725098}