{"MSE": 9.438163757324219, "PSNR": 38.381928525478514, "encoding_time": 0.2770578861236572, "decoding_time": 0.16581320762634277}