{"MSE": 8.246231079101562, "PSNR": 38.96824860262797, "encoding_time": 0.2756330966949463, "decoding_time": 0.15491390228271484}