{"MSE": 8.260910034179688, "PSNR": 38.960524683837725, "encoding_time": 0.2672607898712158, "decoding_time": 0.14825701713562012}