{"MSE": 9.634212493896484, "PSNR": 38.29264139907872, "encoding_time": 0.29259300231933594, "decoding_time": 0.16530680656433105}