{"MSE": 8.969257354736328, "PSNR": 38.60323875470651, "encoding_time": 0.2733778953552246, "decoding_time": 0.15600109100341797}