{"MSE": 9.805130004882812, "PSNR": 38.21627004574569, "encoding_time": 0.27773499488830566, "decoding_time": 0.16605687141418457}