{"MSE": 8.419357299804688, "PSNR": 38.87801420413578, "encoding_time": 0.2737741470336914, "decoding_time": 0.15879583358764648}