{"MSE": 8.47610092163086, "PSNR": 38.848842418232, "encoding_time": 0.27074599266052246, "decoding_time": 0.15237784385681152}