{"MSE": 7.563201904296875, "PSNR": 39.34374666560446, "encoding_time": 0.2778139114379883, "decoding_time": 0.1584150791168213}