{"MSE": 8.512374877929688, "PSNR": 38.83029619526988, "encoding_time": 0.2751739025115967, "decoding_time": 0.15998315811157227}