{"MSE": 8.18967056274414, "PSNR": 38.99813928663039, "encoding_time": 0.27558183670043945, "decoding_time": 0.14918303489685059}