{"MSE": 8.007850646972656, "PSNR": 39.095643962718356, "encoding_time": 0.27854013442993164, "decoding_time": 0.1548910140991211}