{"MSE": 8.747089385986328, "PSNR": 38.712167962903735, "encoding_time": 0.2722806930541992, "decoding_time": 0.15423011779785156}