{"MSE": 9.492256164550781, "PSNR": 38.35710910994996, "encoding_time": 0.2747519016265869, "decoding_time": 0.16096806526184082}