{"MSE": 9.391170501708984, "PSNR": 38.40360635401327, "encoding_time": 0.27380895614624023, "decoding_time": 0.16045498847961426}