{"MSE": 8.441734313964844, "PSNR": 38.866486813502476, "encoding_time": 0.272982120513916, "decoding_time": 0.1562497615814209}