{"MSE": 9.541763305664062, "PSNR": 38.33451721681993, "encoding_time": 0.2809121608734131, "decoding_time": 0.17164897918701172}