{"MSE": 9.206130981445312, "PSNR": 38.49003211283856, "encoding_time": 0.2832210063934326, "decoding_time": 0.17060184478759766}