{"MSE": 9.070846557617188, "PSNR": 38.55432540384983, "encoding_time": 0.2816188335418701, "decoding_time": 0.16672420501708984}