{"MSE": 11.1822509765625, "PSNR": 37.645511254481185, "encoding_time": 0.29880595207214355, "decoding_time": 0.1981351375579834}