{"MSE": 9.321102142333984, "PSNR": 38.4361309378921, "encoding_time": 0.28275609016418457, "decoding_time": 0.17056012153625488}