{"MSE": 8.799896240234375, "PSNR": 38.68602809463119, "encoding_time": 0.2774479389190674, "decoding_time": 0.16280007362365723}