{"MSE": 8.848255157470703, "PSNR": 38.662227229602074, "encoding_time": 0.27977705001831055, "decoding_time": 0.16650700569152832}