{"MSE": 9.773456573486328, "PSNR": 38.23032173269819, "encoding_time": 0.28537487983703613, "decoding_time": 0.177293062210083}