{"MSE": 9.644207000732422, "PSNR": 38.28813837479474, "encoding_time": 0.29557180404663086, "decoding_time": 0.20307111740112305}