{"MSE": 9.114402770996094, "PSNR": 38.533521444604006, "encoding_time": 0.2828950881958008, "decoding_time": 0.16709375381469727}