{"MSE": 11.56003189086914, "PSNR": 37.50121328685702, "encoding_time": 0.3017909526824951, "decoding_time": 0.2010209560394287}