{"MSE": 9.68569564819336, "PSNR": 38.26949542697434, "encoding_time": 0.30611205101013184, "decoding_time": 0.17492198944091797}