{"MSE": 9.179008483886719, "PSNR": 38.50284589604916, "encoding_time": 0.2848930358886719, "decoding_time": 0.17408108711242676}