{"MSE": 9.763862609863281, "PSNR": 38.23458701163116, "encoding_time": 0.29176902770996094, "decoding_time": 0.1810622215270996}