{"MSE": 9.336124420166016, "PSNR": 38.42913730059444, "encoding_time": 0.28192901611328125, "decoding_time": 0.1691279411315918}