{"MSE": 9.211647033691406, "PSNR": 38.487430722896704, "encoding_time": 0.29436302185058594, "decoding_time": 0.17561101913452148}