{"MSE": 10.070003509521484, "PSNR": 38.100507389572364, "encoding_time": 0.2904348373413086, "decoding_time": 0.18149113655090332}