{"MSE": 10.756858825683594, "PSNR": 37.81394891938676, "encoding_time": 0.29125499725341797, "decoding_time": 0.18866205215454102}