{"MSE": 10.026966094970703, "PSNR": 38.119108144407235, "encoding_time": 0.2974820137023926, "decoding_time": 0.206223726272583}