{"MSE": 11.117359161376953, "PSNR": 37.67078724507609, "encoding_time": 0.29613709449768066, "decoding_time": 0.19487404823303223}