{"MSE": 9.886024475097656, "PSNR": 38.180586795472486, "encoding_time": 0.2878742218017578, "decoding_time": 0.17529797554016113}