{"MSE": 9.587936401367188, "PSNR": 38.31355216255865, "encoding_time": 0.29003214836120605, "decoding_time": 0.1800239086151123}