{"MSE": 10.740520477294922, "PSNR": 37.82055033420558, "encoding_time": 0.28992199897766113, "decoding_time": 0.18866300582885742}