{"MSE": 10.865596771240234, "PSNR": 37.77026776797732, "encoding_time": 0.2953829765319824, "decoding_time": 0.1907501220703125}