{"MSE": 9.079299926757812, "PSNR": 38.5502799799301, "encoding_time": 0.2854301929473877, "decoding_time": 0.17223501205444336}