{"MSE": 9.827407836914062, "PSNR": 38.20641381243485, "encoding_time": 0.29651904106140137, "decoding_time": 0.20515799522399902}