{"MSE": 9.618526458740234, "PSNR": 38.299718168815666, "encoding_time": 0.2828962802886963, "decoding_time": 0.17436003684997559}