{"MSE": 9.679569244384766, "PSNR": 38.27224329897248, "encoding_time": 0.2893228530883789, "decoding_time": 0.17987513542175293}