{"MSE": 9.138805389404297, "PSNR": 38.52190931731175, "encoding_time": 0.28191494941711426, "decoding_time": 0.17103004455566406}