{"MSE": 10.724876403808594, "PSNR": 37.8268806490189, "encoding_time": 0.29784703254699707, "decoding_time": 0.19510388374328613}