{"MSE": 9.424488067626953, "PSNR": 38.38822591957508, "encoding_time": 0.2881460189819336, "decoding_time": 0.1766500473022461}