{"MSE": 10.282176971435547, "PSNR": 38.009952864237945, "encoding_time": 0.2874429225921631, "decoding_time": 0.18363499641418457}