{"MSE": 10.344951629638672, "PSNR": 37.98351896511891, "encoding_time": 0.29137706756591797, "decoding_time": 0.18524789810180664}