{"MSE": 9.611888885498047, "PSNR": 38.30271619199424, "encoding_time": 0.2823600769042969, "decoding_time": 0.17427515983581543}