{"MSE": 11.022628784179688, "PSNR": 37.70795179209254, "encoding_time": 0.2924940586090088, "decoding_time": 0.19125676155090332}