{"MSE": 10.845863342285156, "PSNR": 37.778162328379345, "encoding_time": 0.2955751419067383, "decoding_time": 0.1940608024597168}