{"MSE": 9.522525787353516, "PSNR": 38.34328203447746, "encoding_time": 0.28417325019836426, "decoding_time": 0.17131900787353516}