{"MSE": 8.806568145751953, "PSNR": 38.68273660824841, "encoding_time": 0.27782487869262695, "decoding_time": 0.16625308990478516}