{"MSE": 9.218799591064453, "PSNR": 38.48405986985359, "encoding_time": 0.2839219570159912, "decoding_time": 0.17329621315002441}