{"MSE": 10.03494644165039, "PSNR": 38.11565301947521, "encoding_time": 0.285991907119751, "decoding_time": 0.18040204048156738}