{"MSE": 11.630989074707031, "PSNR": 37.47463713085039, "encoding_time": 0.29341983795166016, "decoding_time": 0.19321298599243164}