{"MSE": 10.799766540527344, "PSNR": 37.796659934602744, "encoding_time": 0.2989480495452881, "decoding_time": 0.19565486907958984}