{"MSE": 8.664848327636719, "PSNR": 38.75319395785307, "encoding_time": 0.27608704566955566, "decoding_time": 0.16143202781677246}