{"MSE": 9.62308120727539, "PSNR": 38.29766210133258, "encoding_time": 0.28425025939941406, "decoding_time": 0.17465496063232422}