{"MSE": 11.157203674316406, "PSNR": 37.65524999688141, "encoding_time": 0.29387497901916504, "decoding_time": 0.19135808944702148}