{"MSE": 9.431041717529297, "PSNR": 38.38520694939927, "encoding_time": 0.287977933883667, "decoding_time": 0.17752623558044434}