{"MSE": 10.646350860595703, "PSNR": 37.858795862085415, "encoding_time": 0.2909982204437256, "decoding_time": 0.18859386444091797}