{"MSE": 9.283340454101562, "PSNR": 38.45376082952959, "encoding_time": 0.279494047164917, "decoding_time": 0.17102289199829102}