{"MSE": 9.489315032958984, "PSNR": 38.358454959793264, "encoding_time": 0.2839341163635254, "decoding_time": 0.17349791526794434}