{"MSE": 10.310691833496094, "PSNR": 37.99792554033539, "encoding_time": 0.29068493843078613, "decoding_time": 0.1842191219329834}