{"MSE": 9.999736785888672, "PSNR": 38.130917922619666, "encoding_time": 0.28969407081604004, "decoding_time": 0.18175172805786133}