{"MSE": 9.7427978515625, "PSNR": 38.24396669183504, "encoding_time": 0.2882869243621826, "decoding_time": 0.17755794525146484}