{"MSE": 10.825042724609375, "PSNR": 37.786507417523936, "encoding_time": 0.29165196418762207, "decoding_time": 0.18962907791137695}