{"MSE": 11.489402770996094, "PSNR": 37.527829065923264, "encoding_time": 0.29714012145996094, "decoding_time": 0.19941020011901855}