{"MSE": 10.036487579345703, "PSNR": 38.11498609393562, "encoding_time": 0.3039538860321045, "decoding_time": 0.20600199699401855}