{"MSE": 9.470924377441406, "PSNR": 38.366879919564866, "encoding_time": 0.2836301326751709, "decoding_time": 0.17175889015197754}