{"MSE": 10.07980728149414, "PSNR": 38.09628132070284, "encoding_time": 0.290097713470459, "decoding_time": 0.1817941665649414}