{"MSE": 10.113605499267578, "PSNR": 38.08174351736766, "encoding_time": 0.29028916358947754, "decoding_time": 0.1811521053314209}