{"MSE": 9.20785903930664, "PSNR": 38.48921698695336, "encoding_time": 0.28118109703063965, "decoding_time": 0.16902971267700195}