{"MSE": 9.896961212158203, "PSNR": 38.17578492672083, "encoding_time": 0.28235793113708496, "decoding_time": 0.1770799160003662}