{"MSE": 11.74090576171875, "PSNR": 37.43378758663072, "encoding_time": 0.2968149185180664, "decoding_time": 0.19578790664672852}