{"MSE": 11.42449951171875, "PSNR": 37.55243177426662, "encoding_time": 0.29515600204467773, "decoding_time": 0.19295001029968262}