{"MSE": 9.79568099975586, "PSNR": 38.22045727157326, "encoding_time": 0.2850627899169922, "decoding_time": 0.17731595039367676}