{"MSE": 11.83673095703125, "PSNR": 37.39848584439878, "encoding_time": 0.29624509811401367, "decoding_time": 0.19466090202331543}