{"MSE": 9.227405548095703, "PSNR": 38.48000752424304, "encoding_time": 0.28020405769348145, "decoding_time": 0.16766071319580078}