{"MSE": 9.254657745361328, "PSNR": 38.46719998508261, "encoding_time": 0.28449273109436035, "decoding_time": 0.17493128776550293}