{"MSE": 9.080921173095703, "PSNR": 38.54950455067035, "encoding_time": 0.2839210033416748, "decoding_time": 0.1666419506072998}