{"MSE": 9.410411834716797, "PSNR": 38.394717306785736, "encoding_time": 0.28358912467956543, "decoding_time": 0.1718301773071289}