{"MSE": 9.199295043945312, "PSNR": 38.49325812897891, "encoding_time": 0.285290002822876, "decoding_time": 0.17023301124572754}