{"MSE": 9.367488861083984, "PSNR": 38.41457175522959, "encoding_time": 0.285506010055542, "decoding_time": 0.17799592018127441}