{"MSE": 9.96585464477539, "PSNR": 38.14565812312656, "encoding_time": 0.2895779609680176, "decoding_time": 0.18212580680847168}