{"MSE": 9.424209594726562, "PSNR": 38.388354245941365, "encoding_time": 0.28270483016967773, "decoding_time": 0.16942906379699707}