{"MSE": 9.038639068603516, "PSNR": 38.56977316398054, "encoding_time": 0.2811272144317627, "decoding_time": 0.16547799110412598}