{"MSE": 9.300899505615234, "PSNR": 38.44555408933942, "encoding_time": 0.31433820724487305, "decoding_time": 0.1999197006225586}