{"MSE": 9.72784423828125, "PSNR": 38.25063752783465, "encoding_time": 0.28668999671936035, "decoding_time": 0.17679619789123535}