{"MSE": 9.57022476196289, "PSNR": 38.321582233278505, "encoding_time": 0.2835071086883545, "decoding_time": 0.17341995239257812}