{"MSE": 10.364017486572266, "PSNR": 37.9755222379501, "encoding_time": 0.2905747890472412, "decoding_time": 0.18546199798583984}