{"MSE": 9.08377456665039, "PSNR": 38.5481401313556, "encoding_time": 0.2825462818145752, "decoding_time": 0.1680889129638672}