{"MSE": 9.762413024902344, "PSNR": 38.23523183173153, "encoding_time": 0.290557861328125, "decoding_time": 0.2040860652923584}