{"MSE": 9.160903930664062, "PSNR": 38.51142032098453, "encoding_time": 0.27729105949401855, "decoding_time": 0.16887807846069336}