{"MSE": 9.355636596679688, "PSNR": 38.42007016811799, "encoding_time": 0.28266024589538574, "decoding_time": 0.17015695571899414}