{"MSE": 9.191314697265625, "PSNR": 38.49702724897327, "encoding_time": 0.28371691703796387, "decoding_time": 0.16764116287231445}