{"MSE": 9.373958587646484, "PSNR": 38.41157330309315, "encoding_time": 0.2866837978363037, "decoding_time": 0.17622137069702148}