{"MSE": 11.122333526611328, "PSNR": 37.66884446696436, "encoding_time": 0.291546106338501, "decoding_time": 0.19159388542175293}