{"MSE": 9.066596984863281, "PSNR": 38.5563604933341, "encoding_time": 0.2798929214477539, "decoding_time": 0.16455507278442383}