{"MSE": 10.807479858398438, "PSNR": 37.793559260440915, "encoding_time": 0.2928469181060791, "decoding_time": 0.18791913986206055}