{"MSE": 10.521392822265625, "PSNR": 37.910071253292344, "encoding_time": 0.29218578338623047, "decoding_time": 0.18605399131774902}