{"MSE": 9.620590209960938, "PSNR": 38.298786446443955, "encoding_time": 0.28782105445861816, "decoding_time": 0.1795179843902588}