{"MSE": 11.466175079345703, "PSNR": 37.536617920483685, "encoding_time": 0.29961395263671875, "decoding_time": 0.19970297813415527}