{"MSE": 9.799854278564453, "PSNR": 38.21860742980096, "encoding_time": 0.28996706008911133, "decoding_time": 0.18126392364501953}