{"MSE": 10.104106903076172, "PSNR": 38.08582428390858, "encoding_time": 0.2876279354095459, "decoding_time": 0.17607784271240234}