{"MSE": 9.310771942138672, "PSNR": 38.44094671689656, "encoding_time": 0.28776025772094727, "decoding_time": 0.17415499687194824}