{"MSE": 9.188976287841797, "PSNR": 38.498132300373705, "encoding_time": 0.2874627113342285, "decoding_time": 0.17440104484558105}