{"MSE": 9.241706848144531, "PSNR": 38.473281725186375, "encoding_time": 0.2811870574951172, "decoding_time": 0.16914796829223633}