{"MSE": 9.412555694580078, "PSNR": 38.39372801908583, "encoding_time": 0.283405065536499, "decoding_time": 0.17087101936340332}