{"MSE": 10.040351867675781, "PSNR": 38.113314277887696, "encoding_time": 0.29244470596313477, "decoding_time": 0.1805741786956787}