{"MSE": 9.895698547363281, "PSNR": 38.17633903956906, "encoding_time": 0.30588293075561523, "decoding_time": 0.1746048927307129}