{"MSE": 9.996906280517578, "PSNR": 38.13214740185555, "encoding_time": 0.29153919219970703, "decoding_time": 0.18178701400756836}