{"MSE": 10.587406158447266, "PSNR": 37.88290786884438, "encoding_time": 0.2901439666748047, "decoding_time": 0.18850207328796387}