{"MSE": 9.347232818603516, "PSNR": 38.423973007420564, "encoding_time": 0.30340003967285156, "decoding_time": 0.20146703720092773}