{"MSE": 11.496391296386719, "PSNR": 37.52518823646276, "encoding_time": 0.3003401756286621, "decoding_time": 0.19534897804260254}