{"MSE": 10.770740509033203, "PSNR": 37.808347979662706, "encoding_time": 0.29279518127441406, "decoding_time": 0.188612699508667}