{"MSE": 11.649009704589844, "PSNR": 37.46791353798778, "encoding_time": 0.2968571186065674, "decoding_time": 0.19558191299438477}