{"MSE": 9.36212158203125, "PSNR": 38.4170608403564, "encoding_time": 0.28870606422424316, "decoding_time": 0.1753678321838379}