{"MSE": 11.2906494140625, "PSNR": 37.60361438532617, "encoding_time": 0.29607295989990234, "decoding_time": 0.19393205642700195}