{"MSE": 9.272937774658203, "PSNR": 38.45863015375166, "encoding_time": 0.2842540740966797, "decoding_time": 0.170684814453125}