{"MSE": 11.378116607666016, "PSNR": 37.57009980583072, "encoding_time": 0.2987179756164551, "decoding_time": 0.19891786575317383}