{"MSE": 11.752582550048828, "PSNR": 37.42947050515828, "encoding_time": 0.29413914680480957, "decoding_time": 0.19539690017700195}