{"MSE": 14.706932067871094, "PSNR": 36.45558274473189, "encoding_time": 0.30015993118286133, "decoding_time": 0.2060239315032959}