{"MSE": 14.977859497070312, "PSNR": 36.376306085881346, "encoding_time": 0.3003249168395996, "decoding_time": 0.1988060474395752}