{"MSE": 14.798934936523438, "PSNR": 36.42849900056399, "encoding_time": 0.30698418617248535, "decoding_time": 0.19679903984069824}