{"MSE": 15.851505279541016, "PSNR": 36.130098511874735, "encoding_time": 0.3009049892425537, "decoding_time": 0.20455002784729004}