{"MSE": 15.152091979980469, "PSNR": 36.32607762838812, "encoding_time": 0.29645204544067383, "decoding_time": 0.20075082778930664}