{"MSE": 13.418590545654297, "PSNR": 36.85373459818199, "encoding_time": 0.29235029220581055, "decoding_time": 0.18514490127563477}