{"MSE": 13.28631591796875, "PSNR": 36.89675786117837, "encoding_time": 0.2883751392364502, "decoding_time": 0.18251299858093262}