{"MSE": 14.97860336303711, "PSNR": 36.376090401615656, "encoding_time": 0.298367977142334, "decoding_time": 0.1994011402130127}