{"MSE": 18.20214080810547, "PSNR": 35.529578912086556, "encoding_time": 0.3072240352630615, "decoding_time": 0.21121692657470703}