{"MSE": 11.938892364501953, "PSNR": 37.36116324049301, "encoding_time": 0.2876899242401123, "decoding_time": 0.18631720542907715}