{"MSE": 17.641578674316406, "PSNR": 35.66542915056962, "encoding_time": 0.3098411560058594, "decoding_time": 0.21370816230773926}