{"MSE": 15.207695007324219, "PSNR": 36.310169667661995, "encoding_time": 0.29956912994384766, "decoding_time": 0.20005297660827637}