{"MSE": 15.141860961914062, "PSNR": 36.3290110685159, "encoding_time": 0.30034899711608887, "decoding_time": 0.19854402542114258}