{"MSE": 18.034957885742188, "PSNR": 35.56965228353319, "encoding_time": 0.31206703186035156, "decoding_time": 0.21789312362670898}