{"MSE": 16.492019653320312, "PSNR": 35.95806517195327, "encoding_time": 0.30957603454589844, "decoding_time": 0.21439886093139648}