{"MSE": 15.333160400390625, "PSNR": 36.27448682009017, "encoding_time": 0.3034031391143799, "decoding_time": 0.20883488655090332}