{"MSE": 17.48196792602539, "PSNR": 35.704900417624444, "encoding_time": 0.3093390464782715, "decoding_time": 0.21445393562316895}