{"MSE": 17.954349517822266, "PSNR": 35.589106855154135, "encoding_time": 0.3134191036224365, "decoding_time": 0.22041988372802734}