{"MSE": 12.266979217529297, "PSNR": 37.243427313663084, "encoding_time": 0.2875959873199463, "decoding_time": 0.18161296844482422}