{"MSE": 17.296218872070312, "PSNR": 35.75129188517986, "encoding_time": 0.3103220462799072, "decoding_time": 0.21769213676452637}