{"MSE": 17.897228240966797, "PSNR": 35.60294584237856, "encoding_time": 0.3092060089111328, "decoding_time": 0.21265387535095215}