{"MSE": 17.740447998046875, "PSNR": 35.6411577803156, "encoding_time": 0.3081631660461426, "decoding_time": 0.21419787406921387}