{"MSE": 14.187812805175781, "PSNR": 36.61164911136761, "encoding_time": 0.29258012771606445, "decoding_time": 0.1877458095550537}