{"MSE": 15.028766632080078, "PSNR": 36.36157020125353, "encoding_time": 0.2978489398956299, "decoding_time": 0.195847749710083}