{"MSE": 17.61742401123047, "PSNR": 35.67137953925479, "encoding_time": 0.3108639717102051, "decoding_time": 0.21506381034851074}