{"MSE": 18.033832550048828, "PSNR": 35.569923280745, "encoding_time": 0.31018519401550293, "decoding_time": 0.21566486358642578}