{"MSE": 17.857223510742188, "PSNR": 35.61266426343405, "encoding_time": 0.3041951656341553, "decoding_time": 0.23517489433288574}