{"MSE": 17.791942596435547, "PSNR": 35.62856992162636, "encoding_time": 0.3104898929595947, "decoding_time": 0.217864990234375}