{"MSE": 18.120384216308594, "PSNR": 35.54912958848659, "encoding_time": 0.30495214462280273, "decoding_time": 0.20953702926635742}