{"MSE": 17.859416961669922, "PSNR": 35.6121308405685, "encoding_time": 0.30385804176330566, "decoding_time": 0.20958685874938965}