{"MSE": 16.527122497558594, "PSNR": 35.94883114811013, "encoding_time": 0.3071420192718506, "decoding_time": 0.2145400047302246}