{"MSE": 18.052032470703125, "PSNR": 35.56554254841289, "encoding_time": 0.30913710594177246, "decoding_time": 0.2157909870147705}