{"MSE": 18.048809051513672, "PSNR": 35.566318105497736, "encoding_time": 0.3033580780029297, "decoding_time": 0.20977401733398438}