{"MSE": 16.6439208984375, "PSNR": 35.91824717761284, "encoding_time": 0.3066408634185791, "decoding_time": 0.21582317352294922}