{"MSE": 15.95046615600586, "PSNR": 36.103069809341015, "encoding_time": 0.3007779121398926, "decoding_time": 0.20410919189453125}