{"MSE": 11.741142272949219, "PSNR": 37.4337001023345, "encoding_time": 0.28489017486572266, "decoding_time": 0.17573976516723633}