{"MSE": 14.8626708984375, "PSNR": 36.40983499476879, "encoding_time": 0.29827308654785156, "decoding_time": 0.1993880271911621}