{"MSE": 17.9259033203125, "PSNR": 35.59599311052904, "encoding_time": 0.30434465408325195, "decoding_time": 0.21117806434631348}