{"MSE": 18.077804565429688, "PSNR": 35.55934673833271, "encoding_time": 0.3129549026489258, "decoding_time": 0.22652220726013184}