{"MSE": 17.004573822021484, "PSNR": 35.82514608989862, "encoding_time": 0.3097691535949707, "decoding_time": 0.21363091468811035}