{"MSE": 14.626213073730469, "PSNR": 36.47948464959543, "encoding_time": 0.3061671257019043, "decoding_time": 0.20834088325500488}