{"MSE": 17.91260528564453, "PSNR": 35.59921604784767, "encoding_time": 0.30597400665283203, "decoding_time": 0.20905804634094238}