{"MSE": 18.35491180419922, "PSNR": 35.49328058818514, "encoding_time": 0.3129091262817383, "decoding_time": 0.21657776832580566}