{"MSE": 17.790245056152344, "PSNR": 35.62898430445496, "encoding_time": 0.3121352195739746, "decoding_time": 0.2162308692932129}