{"MSE": 15.677234649658203, "PSNR": 36.17810902156576, "encoding_time": 0.30152130126953125, "decoding_time": 0.20427966117858887}