{"MSE": 15.54415512084961, "PSNR": 36.21513239269952, "encoding_time": 0.30145716667175293, "decoding_time": 0.20211505889892578}