{"MSE": 17.9718017578125, "PSNR": 35.58488741507959, "encoding_time": 0.30883097648620605, "decoding_time": 0.2149648666381836}