{"MSE": 16.475433349609375, "PSNR": 35.96243514301774, "encoding_time": 0.3022279739379883, "decoding_time": 0.21153736114501953}