{"MSE": 13.573921203613281, "PSNR": 36.803750370773855, "encoding_time": 0.2899026870727539, "decoding_time": 0.18654417991638184}