{"MSE": 18.04952621459961, "PSNR": 35.566145543539626, "encoding_time": 0.306779146194458, "decoding_time": 0.21043777465820312}