{"MSE": 16.7841796875, "PSNR": 35.88180240538447, "encoding_time": 0.3047621250152588, "decoding_time": 0.21067500114440918}