{"MSE": 16.119056701660156, "PSNR": 36.05740737868479, "encoding_time": 0.3050110340118408, "decoding_time": 0.2089529037475586}