{"MSE": 17.710872650146484, "PSNR": 35.64840400592213, "encoding_time": 0.3109612464904785, "decoding_time": 0.21409893035888672}