{"MSE": 15.307544708251953, "PSNR": 36.281748243284056, "encoding_time": 0.298084020614624, "decoding_time": 0.20151710510253906}