{"MSE": 15.257469177246094, "PSNR": 36.29597859589138, "encoding_time": 0.2971189022064209, "decoding_time": 0.20038127899169922}