{"MSE": 13.471675872802734, "PSNR": 36.8365873566918, "encoding_time": 0.28960728645324707, "decoding_time": 0.18365073204040527}