{"MSE": 16.414897918701172, "PSNR": 35.97842174593452, "encoding_time": 0.3059070110321045, "decoding_time": 0.21459078788757324}