{"MSE": 15.919918060302734, "PSNR": 36.11139532770905, "encoding_time": 0.3064403533935547, "decoding_time": 0.21189188957214355}