{"MSE": 14.681110382080078, "PSNR": 36.46321456883685, "encoding_time": 0.29705286026000977, "decoding_time": 0.19344615936279297}