{"MSE": 15.44241714477539, "PSNR": 36.243650810290305, "encoding_time": 0.29750490188598633, "decoding_time": 0.2032151222229004}