{"MSE": 17.959205627441406, "PSNR": 35.587932378489015, "encoding_time": 0.31144094467163086, "decoding_time": 0.2182168960571289}