{"MSE": 18.08391571044922, "PSNR": 35.557878867575944, "encoding_time": 0.30385780334472656, "decoding_time": 0.2097179889678955}