{"MSE": 18.112106323242188, "PSNR": 35.551114019194806, "encoding_time": 0.30724310874938965, "decoding_time": 0.20986485481262207}