{"MSE": 10.921077728271484, "PSNR": 37.748148627605374, "encoding_time": 0.2821059226989746, "decoding_time": 0.17148900032043457}