{"MSE": 16.423206329345703, "PSNR": 35.97622411787046, "encoding_time": 0.3060481548309326, "decoding_time": 0.21374988555908203}