{"MSE": 15.139572143554688, "PSNR": 36.32966759040638, "encoding_time": 0.29842400550842285, "decoding_time": 0.20033001899719238}