{"MSE": 13.092227935791016, "PSNR": 36.96066803095788, "encoding_time": 0.28793811798095703, "decoding_time": 0.17906475067138672}