{"MSE": 17.956787109375, "PSNR": 35.58851727060653, "encoding_time": 0.30765318870544434, "decoding_time": 0.21400189399719238}