{"MSE": 13.129383087158203, "PSNR": 36.94836040577164, "encoding_time": 0.2854478359222412, "decoding_time": 0.1803572177886963}