{"MSE": 16.652755737304688, "PSNR": 35.91594249003062, "encoding_time": 0.30585408210754395, "decoding_time": 0.2143239974975586}