{"MSE": 17.99874496459961, "PSNR": 35.578381376508055, "encoding_time": 0.3103773593902588, "decoding_time": 0.2151947021484375}