{"MSE": 17.98473358154297, "PSNR": 35.58176352125821, "encoding_time": 0.30529117584228516, "decoding_time": 0.20888686180114746}