{"MSE": 11.16555404663086, "PSNR": 37.65200082773082, "encoding_time": 0.28308796882629395, "decoding_time": 0.17894220352172852}