{"MSE": 17.408390045166016, "PSNR": 35.72321752118804, "encoding_time": 0.3028428554534912, "decoding_time": 0.20821714401245117}