{"MSE": 15.760189056396484, "PSNR": 36.15518937964545, "encoding_time": 0.30074429512023926, "decoding_time": 0.20373892784118652}