{"MSE": 18.116172790527344, "PSNR": 35.55013906573116, "encoding_time": 0.30977368354797363, "decoding_time": 0.21345305442810059}