{"MSE": 18.018295288085938, "PSNR": 35.5736666090625, "encoding_time": 0.3106529712677002, "decoding_time": 0.21638703346252441}