{"MSE": 18.09803009033203, "PSNR": 35.554490549190156, "encoding_time": 0.3102149963378906, "decoding_time": 0.21225714683532715}