{"MSE": 11.855659484863281, "PSNR": 37.39154643745528, "encoding_time": 0.28513097763061523, "decoding_time": 0.17768406867980957}