{"MSE": 15.321647644042969, "PSNR": 36.27774890333734, "encoding_time": 0.30530500411987305, "decoding_time": 0.20850396156311035}