{"MSE": 14.832881927490234, "PSNR": 36.41854821194268, "encoding_time": 0.29789113998413086, "decoding_time": 0.19810199737548828}