{"MSE": 18.136188507080078, "PSNR": 35.54534339680237, "encoding_time": 0.3097190856933594, "decoding_time": 0.21579909324645996}