{"MSE": 17.99408721923828, "PSNR": 35.57950539648486, "encoding_time": 0.3054618835449219, "decoding_time": 0.2093820571899414}