{"MSE": 15.873584747314453, "PSNR": 36.12405345885365, "encoding_time": 0.30414414405822754, "decoding_time": 0.2090167999267578}