{"MSE": 12.837825775146484, "PSNR": 37.04588883382084, "encoding_time": 0.28693413734436035, "decoding_time": 0.17874574661254883}