{"MSE": 15.85360336303711, "PSNR": 36.12952372369374, "encoding_time": 0.30342602729797363, "decoding_time": 0.2106308937072754}