{"MSE": 13.572311401367188, "PSNR": 36.804265453837814, "encoding_time": 0.29043102264404297, "decoding_time": 0.18554997444152832}