{"MSE": 14.860004425048828, "PSNR": 36.4106142211805, "encoding_time": 0.29390406608581543, "decoding_time": 0.1972968578338623}