{"MSE": 16.368331909179688, "PSNR": 35.99075937995441, "encoding_time": 0.307934045791626, "decoding_time": 0.2138218879699707}