{"MSE": 16.173553466796875, "PSNR": 36.042749122987736, "encoding_time": 0.30419206619262695, "decoding_time": 0.20634007453918457}