{"MSE": 18.17778778076172, "PSNR": 35.53539331985648, "encoding_time": 0.3056142330169678, "decoding_time": 0.2114849090576172}