{"MSE": 17.84931182861328, "PSNR": 35.614588841058136, "encoding_time": 0.31298184394836426, "decoding_time": 0.2177751064300537}