{"MSE": 15.314735412597656, "PSNR": 36.279708628165, "encoding_time": 0.2986609935760498, "decoding_time": 0.2023148536682129}