{"MSE": 11.591243743896484, "PSNR": 37.489503224771425, "encoding_time": 0.2859780788421631, "decoding_time": 0.1761488914489746}