{"MSE": 12.940181732177734, "PSNR": 37.01139985251785, "encoding_time": 0.28932690620422363, "decoding_time": 0.21776318550109863}