{"MSE": 17.975849151611328, "PSNR": 35.583909459215505, "encoding_time": 0.31232714653015137, "decoding_time": 0.21674799919128418}