{"MSE": 15.529571533203125, "PSNR": 36.2192088732432, "encoding_time": 0.30094003677368164, "decoding_time": 0.20301485061645508}