{"MSE": 17.414703369140625, "PSNR": 35.721642795036026, "encoding_time": 0.3079962730407715, "decoding_time": 0.21294164657592773}