{"MSE": 17.013763427734375, "PSNR": 35.82279971116779, "encoding_time": 0.3101499080657959, "decoding_time": 0.21598005294799805}