{"MSE": 17.244247436523438, "PSNR": 35.76436114979624, "encoding_time": 0.3005387783050537, "decoding_time": 0.2053372859954834}