{"MSE": 12.486068725585938, "PSNR": 37.166546398304966, "encoding_time": 0.29015612602233887, "decoding_time": 0.18232989311218262}