{"MSE": 17.92819595336914, "PSNR": 35.59543770520186, "encoding_time": 0.3064420223236084, "decoding_time": 0.20963406562805176}