{"MSE": 17.691112518310547, "PSNR": 35.653252161791585, "encoding_time": 0.3115880489349365, "decoding_time": 0.21623682975769043}