{"MSE": 15.30594253540039, "PSNR": 36.282202823857375, "encoding_time": 0.2999601364135742, "decoding_time": 0.20088696479797363}