{"MSE": 15.448326110839844, "PSNR": 36.241989321367484, "encoding_time": 0.3022639751434326, "decoding_time": 0.2031710147857666}