{"MSE": 13.082271575927734, "PSNR": 36.96397200424308, "encoding_time": 0.2878119945526123, "decoding_time": 0.1822648048400879}