{"MSE": 16.672016143798828, "PSNR": 35.910922387134896, "encoding_time": 0.3091890811920166, "decoding_time": 0.21518802642822266}