{"MSE": 17.963977813720703, "PSNR": 35.58677850849122, "encoding_time": 0.31079912185668945, "decoding_time": 0.21770668029785156}