{"MSE": 17.650428771972656, "PSNR": 35.66325100943507, "encoding_time": 0.30844807624816895, "decoding_time": 0.21357011795043945}