{"MSE": 12.295173645019531, "PSNR": 37.233456941989274, "encoding_time": 0.29125308990478516, "decoding_time": 0.18924403190612793}