{"MSE": 17.86716079711914, "PSNR": 35.61024814971591, "encoding_time": 0.31354618072509766, "decoding_time": 0.22417378425598145}