{"MSE": 15.107391357421875, "PSNR": 36.338908811009375, "encoding_time": 0.2985968589782715, "decoding_time": 0.20223712921142578}