{"MSE": 17.725845336914062, "PSNR": 35.644734052270245, "encoding_time": 0.3107471466064453, "decoding_time": 0.2153327465057373}