{"MSE": 15.207263946533203, "PSNR": 36.31029276979946, "encoding_time": 0.29854488372802734, "decoding_time": 0.20047211647033691}