{"MSE": 14.39013671875, "PSNR": 36.55015440738349, "encoding_time": 0.29343509674072266, "decoding_time": 0.19066214561462402}