{"MSE": 18.3284912109375, "PSNR": 35.49953645263778, "encoding_time": 0.306459903717041, "decoding_time": 0.21183323860168457}