{"MSE": 16.52884292602539, "PSNR": 35.948379082904516, "encoding_time": 0.3072521686553955, "decoding_time": 0.2134847640991211}