{"MSE": 15.50778579711914, "PSNR": 36.22530567228355, "encoding_time": 0.29782986640930176, "decoding_time": 0.20183300971984863}