{"MSE": 18.081119537353516, "PSNR": 35.55855043476232, "encoding_time": 0.31057095527648926, "decoding_time": 0.21462512016296387}