{"MSE": 15.849075317382812, "PSNR": 36.13076431618414, "encoding_time": 0.30405378341674805, "decoding_time": 0.20772218704223633}