{"MSE": 17.915931701660156, "PSNR": 35.59840962690742, "encoding_time": 0.3128950595855713, "decoding_time": 0.21619892120361328}