{"MSE": 13.827377319335938, "PSNR": 36.72340546901308, "encoding_time": 0.2927706241607666, "decoding_time": 0.1860942840576172}