{"MSE": 17.251754760742188, "PSNR": 35.76247084986241, "encoding_time": 0.3072693347930908, "decoding_time": 0.21124887466430664}