{"MSE": 17.830364227294922, "PSNR": 35.61920146111584, "encoding_time": 0.3096640110015869, "decoding_time": 0.2134230136871338}