{"MSE": 13.680347442626953, "PSNR": 36.769832334765375, "encoding_time": 0.2921621799468994, "decoding_time": 0.1866757869720459}