{"MSE": 17.925460815429688, "PSNR": 35.59610031840436, "encoding_time": 0.31224584579467773, "decoding_time": 0.21472620964050293}