{"MSE": 18.060020446777344, "PSNR": 35.56362123200637, "encoding_time": 0.3121509552001953, "decoding_time": 0.21582484245300293}