{"MSE": 16.77954864501953, "PSNR": 35.883000863545945, "encoding_time": 0.3040800094604492, "decoding_time": 0.20972609519958496}