{"MSE": 17.577545166015625, "PSNR": 35.68122138326731, "encoding_time": 0.30799007415771484, "decoding_time": 0.24182677268981934}