{"MSE": 11.341209411621094, "PSNR": 37.584209912504484, "encoding_time": 0.281566858291626, "decoding_time": 0.17476201057434082}