{"MSE": 17.892047882080078, "PSNR": 35.60420309121855, "encoding_time": 0.310258150100708, "decoding_time": 0.21589207649230957}