{"MSE": 18.034770965576172, "PSNR": 35.56969729545828, "encoding_time": 0.3057858943939209, "decoding_time": 0.23785996437072754}