{"MSE": 18.054576873779297, "PSNR": 35.56493046091002, "encoding_time": 0.3086681365966797, "decoding_time": 0.21424007415771484}