{"MSE": 17.94594955444336, "PSNR": 35.59113918240738, "encoding_time": 0.306347131729126, "decoding_time": 0.21362090110778809}