{"MSE": 15.083969116210938, "PSNR": 36.34564726333008, "encoding_time": 0.29943227767944336, "decoding_time": 0.19556689262390137}