{"MSE": 13.091548919677734, "PSNR": 36.960893279555755, "encoding_time": 0.28504014015197754, "decoding_time": 0.17884492874145508}