{"MSE": 18.387054443359375, "PSNR": 35.48568198865015, "encoding_time": 0.30289793014526367, "decoding_time": 0.2119762897491455}