{"MSE": 14.77407455444336, "PSNR": 36.43580074596259, "encoding_time": 0.297072172164917, "decoding_time": 0.19282889366149902}