{"MSE": 14.437870025634766, "PSNR": 36.53577233032068, "encoding_time": 0.2952909469604492, "decoding_time": 0.20017504692077637}