{"MSE": 13.523250579833984, "PSNR": 36.819992654749214, "encoding_time": 0.28920793533325195, "decoding_time": 0.18384695053100586}