{"MSE": 15.13614273071289, "PSNR": 36.33065146483241, "encoding_time": 0.29880380630493164, "decoding_time": 0.20119237899780273}