{"MSE": 18.107955932617188, "PSNR": 35.552109319391334, "encoding_time": 0.3053441047668457, "decoding_time": 0.21129488945007324}