{"MSE": 18.353313446044922, "PSNR": 35.4936587912294, "encoding_time": 0.3116629123687744, "decoding_time": 0.21762514114379883}