{"MSE": 10.916011810302734, "PSNR": 37.75016363995872, "encoding_time": 0.2805178165435791, "decoding_time": 0.17257428169250488}