{"MSE": 17.86772918701172, "PSNR": 35.61010999420792, "encoding_time": 0.30953192710876465, "decoding_time": 0.2156212329864502}