{"MSE": 17.836772918701172, "PSNR": 35.61764077552871, "encoding_time": 0.3106107711791992, "decoding_time": 0.21415305137634277}