{"MSE": 17.597034454345703, "PSNR": 35.676408764987016, "encoding_time": 0.3117947578430176, "decoding_time": 0.2161111831665039}