{"MSE": 16.13939666748047, "PSNR": 36.05193065232881, "encoding_time": 0.30376315116882324, "decoding_time": 0.20522403717041016}