{"MSE": 15.116142272949219, "PSNR": 36.336393900292585, "encoding_time": 0.2961270809173584, "decoding_time": 0.19945764541625977}