{"MSE": 17.538490295410156, "PSNR": 35.690881540836784, "encoding_time": 0.3108479976654053, "decoding_time": 0.21606135368347168}