{"MSE": 12.594356536865234, "PSNR": 37.12904377174106, "encoding_time": 0.27351975440979004, "decoding_time": 0.18218016624450684}