{"MSE": 12.31680679321289, "PSNR": 37.22582231922524, "encoding_time": 0.28421497344970703, "decoding_time": 0.1851499080657959}