{"MSE": 12.714462280273438, "PSNR": 37.08782363139366, "encoding_time": 0.2722439765930176, "decoding_time": 0.17841887474060059}