{"MSE": 13.473472595214844, "PSNR": 36.83600817515107, "encoding_time": 0.27376484870910645, "decoding_time": 0.1807570457458496}