{"MSE": 13.26641845703125, "PSNR": 36.90326668922183, "encoding_time": 0.27727794647216797, "decoding_time": 0.18840408325195312}