{"MSE": 12.686836242675781, "PSNR": 37.097270266891584, "encoding_time": 0.26810717582702637, "decoding_time": 0.17479705810546875}