{"MSE": 10.076091766357422, "PSNR": 38.09788246757875, "encoding_time": 0.2686738967895508, "decoding_time": 0.1601552963256836}