{"MSE": 12.434288024902344, "PSNR": 37.18459437824757, "encoding_time": 0.2810099124908447, "decoding_time": 0.17917323112487793}