{"MSE": 11.260013580322266, "PSNR": 37.615414465643525, "encoding_time": 0.27888917922973633, "decoding_time": 0.17220568656921387}