{"MSE": 12.609375, "PSNR": 37.12386800129727, "encoding_time": 0.2698371410369873, "decoding_time": 0.1733417510986328}