{"MSE": 13.22646713256836, "PSNR": 36.91636503809929, "encoding_time": 0.2761368751525879, "decoding_time": 0.18433213233947754}