{"MSE": 12.31747055053711, "PSNR": 37.2255882826109, "encoding_time": 0.28385496139526367, "decoding_time": 0.18393874168395996}