{"MSE": 11.345001220703125, "PSNR": 37.58275813917594, "encoding_time": 0.27588486671447754, "decoding_time": 0.16989612579345703}