{"MSE": 13.442710876464844, "PSNR": 36.84593502866478, "encoding_time": 0.27074694633483887, "decoding_time": 0.18104815483093262}