{"MSE": 12.754356384277344, "PSNR": 37.074218129208695, "encoding_time": 0.2680211067199707, "decoding_time": 0.17688488960266113}