{"MSE": 13.529571533203125, "PSNR": 36.81796317685809, "encoding_time": 0.2746860980987549, "decoding_time": 0.18492722511291504}