{"MSE": 11.247413635253906, "PSNR": 37.62027693804848, "encoding_time": 0.277756929397583, "decoding_time": 0.17470788955688477}