{"MSE": 12.486091613769531, "PSNR": 37.1665384372702, "encoding_time": 0.26793503761291504, "decoding_time": 0.17400121688842773}