{"MSE": 13.500099182128906, "PSNR": 36.827434016993436, "encoding_time": 0.27487730979919434, "decoding_time": 0.18547463417053223}