{"MSE": 12.007442474365234, "PSNR": 37.336298461836506, "encoding_time": 0.3135080337524414, "decoding_time": 0.22460293769836426}