{"MSE": 10.681137084960938, "PSNR": 37.844628718984836, "encoding_time": 0.3004462718963623, "decoding_time": 0.1998579502105713}