{"MSE": 10.95895767211914, "PSNR": 37.73311111352207, "encoding_time": 0.3012397289276123, "decoding_time": 0.23410940170288086}