{"MSE": 11.96023178100586, "PSNR": 37.353407648077855, "encoding_time": 0.31916189193725586, "decoding_time": 0.24010419845581055}