{"MSE": 10.635189056396484, "PSNR": 37.8633514632639, "encoding_time": 0.30864596366882324, "decoding_time": 0.2139592170715332}