{"MSE": 11.018665313720703, "PSNR": 37.70951369073644, "encoding_time": 0.31485629081726074, "decoding_time": 0.21103262901306152}