{"MSE": 10.47695541381836, "PSNR": 37.928452651554274, "encoding_time": 0.30408811569213867, "decoding_time": 0.20077896118164062}