{"MSE": 8.202987670898438, "PSNR": 38.99108302061642, "encoding_time": 0.3022959232330322, "decoding_time": 0.2099289894104004}