{"MSE": 11.696613311767578, "PSNR": 37.45020228431537, "encoding_time": 0.31610870361328125, "decoding_time": 0.22747325897216797}