{"MSE": 11.063377380371094, "PSNR": 37.691926341026786, "encoding_time": 0.30669522285461426, "decoding_time": 0.20518207550048828}