{"MSE": 11.582267761230469, "PSNR": 37.4928676004601, "encoding_time": 0.32563185691833496, "decoding_time": 0.23269200325012207}