{"MSE": 10.806415557861328, "PSNR": 37.79398696663808, "encoding_time": 0.32413220405578613, "decoding_time": 0.2026817798614502}