{"MSE": 6.242279052734375, "PSNR": 40.17737181550801, "encoding_time": 0.27519798278808594, "decoding_time": 0.16372179985046387}