{"MSE": 6.249874114990234, "PSNR": 40.17209090998344, "encoding_time": 0.2749040126800537, "decoding_time": 0.15361404418945312}