{"MSE": 6.2100830078125, "PSNR": 40.19982955603731, "encoding_time": 0.2759742736816406, "decoding_time": 0.16135096549987793}