{"MSE": 5.5386505126953125, "PSNR": 40.696763987175196, "encoding_time": 0.2705516815185547, "decoding_time": 0.15128326416015625}