{"MSE": 6.5386962890625, "PSNR": 39.97589195251202, "encoding_time": 0.2729048728942871, "decoding_time": 0.1544790267944336}