{"MSE": 5.201419830322266, "PSNR": 40.96958451789529, "encoding_time": 0.2626349925994873, "decoding_time": 0.14194989204406738}