{"MSE": 6.297489166259766, "PSNR": 40.13912931825612, "encoding_time": 0.26921701431274414, "decoding_time": 0.1488492488861084}