{"MSE": 5.909145355224609, "PSNR": 40.415556878292584, "encoding_time": 0.26984071731567383, "decoding_time": 0.15381097793579102}