{"MSE": 6.807838439941406, "PSNR": 39.800711201184185, "encoding_time": 0.28043103218078613, "decoding_time": 0.1708390712738037}