{"MSE": 6.2857208251953125, "PSNR": 40.14725272568404, "encoding_time": 0.2749052047729492, "decoding_time": 0.1630871295928955}