{"MSE": 6.9176177978515625, "PSNR": 39.73123797533225, "encoding_time": 0.27402305603027344, "decoding_time": 0.1564159393310547}