{"MSE": 6.486930847167969, "PSNR": 40.010410926360706, "encoding_time": 0.2816801071166992, "decoding_time": 0.16883111000061035}