{"MSE": 6.738315582275391, "PSNR": 39.845290139985124, "encoding_time": 0.2782309055328369, "decoding_time": 0.16915202140808105}