{"MSE": 5.812946319580078, "PSNR": 40.486840484427105, "encoding_time": 0.2746849060058594, "decoding_time": 0.15795302391052246}