{"MSE": 6.485057830810547, "PSNR": 40.011665075889184, "encoding_time": 0.2803072929382324, "decoding_time": 0.16648387908935547}