{"MSE": 6.396968841552734, "PSNR": 40.071061255129656, "encoding_time": 0.26877808570861816, "decoding_time": 0.14828085899353027}