{"MSE": 6.3850250244140625, "PSNR": 40.079177571629714, "encoding_time": 0.28038787841796875, "decoding_time": 0.1669330596923828}