{"MSE": 6.221046447753906, "PSNR": 40.19216916971324, "encoding_time": 0.2765331268310547, "decoding_time": 0.16051363945007324}