{"MSE": 5.143505096435547, "PSNR": 41.01821186376931, "encoding_time": 0.2636730670928955, "decoding_time": 0.14308524131774902}