{"MSE": 5.585712432861328, "PSNR": 40.66001787547365, "encoding_time": 0.26864004135131836, "decoding_time": 0.14667701721191406}