{"MSE": 12.611064910888672, "PSNR": 37.12328599798761, "encoding_time": 0.2962517738342285, "decoding_time": 0.1974809169769287}