{"MSE": 13.52426528930664, "PSNR": 36.81966679656168, "encoding_time": 0.29459309577941895, "decoding_time": 0.19811797142028809}