{"MSE": 17.297542572021484, "PSNR": 35.75095952722816, "encoding_time": 0.307628870010376, "decoding_time": 0.21597599983215332}