{"MSE": 16.94001007080078, "PSNR": 35.84166696685978, "encoding_time": 0.30531787872314453, "decoding_time": 0.2179403305053711}