{"MSE": 17.225807189941406, "PSNR": 35.769007790589974, "encoding_time": 0.31282615661621094, "decoding_time": 0.225294828414917}