{"MSE": 14.913166046142578, "PSNR": 36.395105074616055, "encoding_time": 0.29801392555236816, "decoding_time": 0.20542001724243164}