{"MSE": 16.960514068603516, "PSNR": 35.836413493991984, "encoding_time": 0.30901408195495605, "decoding_time": 0.2164309024810791}