{"MSE": 12.59476089477539, "PSNR": 37.128904338186395, "encoding_time": 0.29399609565734863, "decoding_time": 0.19754385948181152}