{"MSE": 14.523468017578125, "PSNR": 36.51010028177426, "encoding_time": 0.29294395446777344, "decoding_time": 0.1987309455871582}