{"MSE": 14.950210571289062, "PSNR": 36.38433051197104, "encoding_time": 0.3063039779663086, "decoding_time": 0.2062060832977295}