{"MSE": 14.865180969238281, "PSNR": 36.409101601784045, "encoding_time": 0.3048539161682129, "decoding_time": 0.20959901809692383}