{"MSE": 17.74521255493164, "PSNR": 35.63999155105907, "encoding_time": 0.3103060722351074, "decoding_time": 0.22237682342529297}