{"MSE": 15.564849853515625, "PSNR": 36.20935425255361, "encoding_time": 0.2955949306488037, "decoding_time": 0.2029590606689453}