{"MSE": 13.217536926269531, "PSNR": 36.91929828486226, "encoding_time": 0.29125094413757324, "decoding_time": 0.19187307357788086}