{"MSE": 17.304752349853516, "PSNR": 35.74914972427689, "encoding_time": 0.30925488471984863, "decoding_time": 0.21883821487426758}