{"MSE": 12.765094757080078, "PSNR": 37.0705631788712, "encoding_time": 0.29553699493408203, "decoding_time": 0.19809508323669434}