{"MSE": 12.729602813720703, "PSNR": 37.08265507764172, "encoding_time": 0.2952120304107666, "decoding_time": 0.19461727142333984}