{"MSE": 15.380245208740234, "PSNR": 36.261171013482794, "encoding_time": 0.29847288131713867, "decoding_time": 0.2035820484161377}