{"MSE": 13.616741180419922, "PSNR": 36.79007178159286, "encoding_time": 0.2898421287536621, "decoding_time": 0.19199275970458984}