{"MSE": 14.906360626220703, "PSNR": 36.3970873705813, "encoding_time": 0.3027150630950928, "decoding_time": 0.20868515968322754}