{"MSE": 14.223342895507812, "PSNR": 36.600786807574465, "encoding_time": 0.2936978340148926, "decoding_time": 0.19705915451049805}