{"MSE": 14.359390258789062, "PSNR": 36.55944361968972, "encoding_time": 0.29421114921569824, "decoding_time": 0.198394775390625}