{"MSE": 13.124309539794922, "PSNR": 36.95003896099987, "encoding_time": 0.2902681827545166, "decoding_time": 0.19114184379577637}