{"MSE": 16.845569610595703, "PSNR": 35.86594660210545, "encoding_time": 0.30692100524902344, "decoding_time": 0.21885204315185547}