{"MSE": 12.778533935546875, "PSNR": 37.06599330224308, "encoding_time": 0.29461669921875, "decoding_time": 0.19961333274841309}