{"MSE": 17.742969512939453, "PSNR": 35.64054054551549, "encoding_time": 0.3092789649963379, "decoding_time": 0.22147297859191895}