{"MSE": 17.163005828857422, "PSNR": 35.78487010888541, "encoding_time": 0.3059399127960205, "decoding_time": 0.21696114540100098}