{"MSE": 17.155658721923828, "PSNR": 35.78672962649178, "encoding_time": 0.31009626388549805, "decoding_time": 0.21909499168395996}