{"MSE": 15.669513702392578, "PSNR": 36.180248423600496, "encoding_time": 0.29926490783691406, "decoding_time": 0.20775890350341797}