{"MSE": 17.18427276611328, "PSNR": 35.779492032335924, "encoding_time": 0.309647798538208, "decoding_time": 0.21872520446777344}