{"MSE": 15.717063903808594, "PSNR": 36.167089419043464, "encoding_time": 0.2984621524810791, "decoding_time": 0.20618987083435059}