{"MSE": 17.127086639404297, "PSNR": 35.79396866205731, "encoding_time": 0.30751800537109375, "decoding_time": 0.215346097946167}