{"MSE": 17.228004455566406, "PSNR": 35.76845385458584, "encoding_time": 0.30954718589782715, "decoding_time": 0.218613862991333}