{"MSE": 14.869468688964844, "PSNR": 36.40784910138366, "encoding_time": 0.29778003692626953, "decoding_time": 0.20296788215637207}