{"MSE": 17.156085968017578, "PSNR": 35.78662147074358, "encoding_time": 0.30167198181152344, "decoding_time": 0.21343421936035156}