{"MSE": 14.657180786132812, "PSNR": 36.4702991626321, "encoding_time": 0.2974669933319092, "decoding_time": 0.20384502410888672}