{"MSE": 16.942626953125, "PSNR": 35.840996123232905, "encoding_time": 0.30373716354370117, "decoding_time": 0.21628379821777344}