{"MSE": 13.303253173828125, "PSNR": 36.89122504661655, "encoding_time": 0.2906832695007324, "decoding_time": 0.19307184219360352}