{"MSE": 17.074222564697266, "PSNR": 35.807394226606725, "encoding_time": 0.3073549270629883, "decoding_time": 0.21681785583496094}