{"MSE": 17.63225555419922, "PSNR": 35.66772489176354, "encoding_time": 0.30809497833251953, "decoding_time": 0.2206740379333496}