{"MSE": 15.867622375488281, "PSNR": 36.125685044699516, "encoding_time": 0.29864978790283203, "decoding_time": 0.20465612411499023}