{"MSE": 14.96554183959961, "PSNR": 36.37987915422525, "encoding_time": 0.30248498916625977, "decoding_time": 0.20856237411499023}