{"MSE": 14.911312103271484, "PSNR": 36.39564500504211, "encoding_time": 0.293773889541626, "decoding_time": 0.20270299911499023}