{"MSE": 17.66830062866211, "PSNR": 35.65885580635967, "encoding_time": 0.3076479434967041, "decoding_time": 0.22019028663635254}