{"MSE": 17.224567413330078, "PSNR": 35.769320372469, "encoding_time": 0.3093252182006836, "decoding_time": 0.22174501419067383}