{"MSE": 15.001670837402344, "PSNR": 36.36940728808693, "encoding_time": 0.29500508308410645, "decoding_time": 0.2037520408630371}