{"MSE": 17.49126434326172, "PSNR": 35.70259157595308, "encoding_time": 0.30474019050598145, "decoding_time": 0.21561479568481445}