{"MSE": 15.78354263305664, "PSNR": 36.14875873191541, "encoding_time": 0.2981150150299072, "decoding_time": 0.2069091796875}