{"MSE": 17.573326110839844, "PSNR": 35.68226392493067, "encoding_time": 0.3090970516204834, "decoding_time": 0.22225189208984375}