{"MSE": 12.692840576171875, "PSNR": 37.09521535581283, "encoding_time": 0.2907700538635254, "decoding_time": 0.18974685668945312}