{"MSE": 17.273818969726562, "PSNR": 35.75691997004863, "encoding_time": 0.30783987045288086, "decoding_time": 0.2179279327392578}