{"MSE": 12.989334106445312, "PSNR": 36.99493473175092, "encoding_time": 0.2862131595611572, "decoding_time": 0.18640685081481934}