{"MSE": 12.663978576660156, "PSNR": 37.1051019369824, "encoding_time": 0.2916088104248047, "decoding_time": 0.1961963176727295}