{"MSE": 17.3511962890625, "PSNR": 35.73750938004526, "encoding_time": 0.3057119846343994, "decoding_time": 0.21631217002868652}