{"MSE": 13.54080581665039, "PSNR": 36.814358507793955, "encoding_time": 0.2952311038970947, "decoding_time": 0.19666194915771484}