{"MSE": 13.889537811279297, "PSNR": 36.70392566487432, "encoding_time": 0.2930638790130615, "decoding_time": 0.19832801818847656}