{"MSE": 14.303955078125, "PSNR": 36.576242233249786, "encoding_time": 0.29259324073791504, "decoding_time": 0.1987450122833252}