{"MSE": 13.545394897460938, "PSNR": 36.81288690052564, "encoding_time": 0.29303693771362305, "decoding_time": 0.19381999969482422}