{"MSE": 15.525814056396484, "PSNR": 36.22025980300626, "encoding_time": 0.2976219654083252, "decoding_time": 0.2014322280883789}