{"MSE": 16.998733520507812, "PSNR": 35.826637951098725, "encoding_time": 0.3069949150085449, "decoding_time": 0.21720004081726074}