{"MSE": 13.938587188720703, "PSNR": 36.688616048417494, "encoding_time": 0.29088783264160156, "decoding_time": 0.1980290412902832}