{"MSE": 13.296615600585938, "PSNR": 36.89339247196484, "encoding_time": 0.2925901412963867, "decoding_time": 0.19567298889160156}