{"MSE": 14.248546600341797, "PSNR": 36.59309793761479, "encoding_time": 0.2932701110839844, "decoding_time": 0.19710779190063477}