{"MSE": 17.02694320678711, "PSNR": 35.819436734210356, "encoding_time": 0.30721116065979004, "decoding_time": 0.220794677734375}