{"MSE": 16.76453399658203, "PSNR": 35.88688875010364, "encoding_time": 0.31253719329833984, "decoding_time": 0.22133564949035645}