{"MSE": 17.096477508544922, "PSNR": 35.801737215978335, "encoding_time": 0.30719995498657227, "decoding_time": 0.2173290252685547}