{"MSE": 17.080387115478516, "PSNR": 35.80582651411237, "encoding_time": 0.30759596824645996, "decoding_time": 0.21913909912109375}