{"MSE": 16.324207305908203, "PSNR": 36.0024825949834, "encoding_time": 0.3014519214630127, "decoding_time": 0.21027898788452148}