{"MSE": 14.335399627685547, "PSNR": 36.56670556596951, "encoding_time": 0.2959120273590088, "decoding_time": 0.19768095016479492}