{"MSE": 12.611000061035156, "PSNR": 37.12330833076137, "encoding_time": 0.30506300926208496, "decoding_time": 0.20186305046081543}