{"MSE": 10.351726531982422, "PSNR": 37.980675704199996, "encoding_time": 0.29557108879089355, "decoding_time": 0.19419288635253906}