{"MSE": 10.252315521240234, "PSNR": 38.0225839747344, "encoding_time": 0.30289411544799805, "decoding_time": 0.20148301124572754}