{"MSE": 13.557476043701172, "PSNR": 36.80901515165734, "encoding_time": 0.3063340187072754, "decoding_time": 0.21181988716125488}