{"MSE": 10.784133911132812, "PSNR": 37.80295088825685, "encoding_time": 0.309298038482666, "decoding_time": 0.2191448211669922}