{"MSE": 15.166358947753906, "PSNR": 36.32199030489682, "encoding_time": 0.33283495903015137, "decoding_time": 0.25877904891967773}