{"MSE": 14.111385345458984, "PSNR": 36.63510709384657, "encoding_time": 0.3259410858154297, "decoding_time": 0.23862004280090332}