{"MSE": 15.555610656738281, "PSNR": 36.21193296265604, "encoding_time": 0.3159770965576172, "decoding_time": 0.22890806198120117}