{"MSE": 13.936195373535156, "PSNR": 36.689361347245956, "encoding_time": 0.3277609348297119, "decoding_time": 0.25743603706359863}