{"MSE": 11.47705078125, "PSNR": 37.53250057647432, "encoding_time": 0.30914902687072754, "decoding_time": 0.22439193725585938}