{"MSE": 9.997722625732422, "PSNR": 38.13179277239581, "encoding_time": 0.30165600776672363, "decoding_time": 0.19033193588256836}