{"MSE": 15.624740600585938, "PSNR": 36.19267544878631, "encoding_time": 0.3155190944671631, "decoding_time": 0.23644089698791504}