{"MSE": 14.691509246826172, "PSNR": 36.46013948066083, "encoding_time": 0.31771326065063477, "decoding_time": 0.22356462478637695}