{"MSE": 13.807270050048828, "PSNR": 36.72972541767886, "encoding_time": 0.31197428703308105, "decoding_time": 0.21494603157043457}