{"MSE": 15.78299331665039, "PSNR": 36.14890988254179, "encoding_time": 0.32051897048950195, "decoding_time": 0.22611689567565918}