{"MSE": 10.427974700927734, "PSNR": 37.94880392002306, "encoding_time": 0.2994229793548584, "decoding_time": 0.20044898986816406}