{"MSE": 15.364349365234375, "PSNR": 36.26566186973287, "encoding_time": 0.334259033203125, "decoding_time": 0.25650787353515625}