{"MSE": 11.314613342285156, "PSNR": 37.59440643600685, "encoding_time": 0.30396008491516113, "decoding_time": 0.19465303421020508}