{"MSE": 11.795310974121094, "PSNR": 37.413709656620235, "encoding_time": 0.30240583419799805, "decoding_time": 0.20413732528686523}