{"MSE": 14.182861328125, "PSNR": 36.613165042340675, "encoding_time": 0.32478880882263184, "decoding_time": 0.24548602104187012}