{"MSE": 10.602577209472656, "PSNR": 37.876689171305664, "encoding_time": 0.3084909915924072, "decoding_time": 0.1928250789642334}