{"MSE": 11.40847396850586, "PSNR": 37.55852805089542, "encoding_time": 0.3054471015930176, "decoding_time": 0.1971437931060791}