{"MSE": 15.260066986083984, "PSNR": 36.295239208517486, "encoding_time": 0.3309938907623291, "decoding_time": 0.2625868320465088}