{"MSE": 13.58273696899414, "PSNR": 36.80093070248565, "encoding_time": 0.3096299171447754, "decoding_time": 0.21876096725463867}