{"MSE": 10.26998519897461, "PSNR": 38.0151054317212, "encoding_time": 0.31865906715393066, "decoding_time": 0.23541617393493652}