{"MSE": 10.350151062011719, "PSNR": 37.98133672435423, "encoding_time": 0.33730006217956543, "decoding_time": 0.20923209190368652}