{"MSE": 9.47750473022461, "PSNR": 38.363863510129164, "encoding_time": 0.29721808433532715, "decoding_time": 0.2060410976409912}