{"MSE": 10.898399353027344, "PSNR": 37.75717643036798, "encoding_time": 0.30554819107055664, "decoding_time": 0.2113199234008789}