{"MSE": 14.98080825805664, "PSNR": 36.37545115425394, "encoding_time": 0.31952404975891113, "decoding_time": 0.21150803565979004}