{"MSE": 16.861507415771484, "PSNR": 35.86183962993939, "encoding_time": 0.3283679485321045, "decoding_time": 0.2687661647796631}