{"MSE": 17.689937591552734, "PSNR": 35.65354060105846, "encoding_time": 0.3265261650085449, "decoding_time": 0.22514986991882324}