{"MSE": 13.86798095703125, "PSNR": 36.71067124239328, "encoding_time": 0.3184530735015869, "decoding_time": 0.21240592002868652}