{"MSE": 18.360652923583984, "PSNR": 35.491922397724196, "encoding_time": 0.36951708793640137, "decoding_time": 0.2778921127319336}