{"MSE": 17.291366577148438, "PSNR": 35.75251042928787, "encoding_time": 0.3229691982269287, "decoding_time": 0.2199387550354004}