{"MSE": 17.501850128173828, "PSNR": 35.699964002967, "encoding_time": 0.336637020111084, "decoding_time": 0.22632813453674316}