{"MSE": 13.496501922607422, "PSNR": 36.82859139970495, "encoding_time": 0.3184959888458252, "decoding_time": 0.21067118644714355}