{"MSE": 19.08112335205078, "PSNR": 35.32476421776789, "encoding_time": 0.3244969844818115, "decoding_time": 0.24966096878051758}