{"MSE": 15.521961212158203, "PSNR": 36.2213376702521, "encoding_time": 0.3271050453186035, "decoding_time": 0.23111414909362793}