{"MSE": 18.257850646972656, "PSNR": 35.516307107310354, "encoding_time": 0.33698487281799316, "decoding_time": 0.22899913787841797}