{"MSE": 12.882545471191406, "PSNR": 37.03078676813963, "encoding_time": 0.3160369396209717, "decoding_time": 0.1990349292755127}