{"MSE": 18.19488525390625, "PSNR": 35.53131039816361, "encoding_time": 0.33193397521972656, "decoding_time": 0.2338700294494629}