{"MSE": 16.957664489746094, "PSNR": 35.83714322443686, "encoding_time": 0.30968189239501953, "decoding_time": 0.2162151336669922}