{"MSE": 16.896347045898438, "PSNR": 35.85287539644236, "encoding_time": 0.31642603874206543, "decoding_time": 0.21863818168640137}