{"MSE": 19.282772064208984, "PSNR": 35.27910893248693, "encoding_time": 0.33281993865966797, "decoding_time": 0.2357339859008789}