{"MSE": 18.50279998779297, "PSNR": 35.458429066684374, "encoding_time": 0.34968996047973633, "decoding_time": 0.24663496017456055}