{"MSE": 17.229026794433594, "PSNR": 35.768196144555304, "encoding_time": 0.3251609802246094, "decoding_time": 0.2294468879699707}