{"MSE": 16.158077239990234, "PSNR": 36.04690681022418, "encoding_time": 0.31745004653930664, "decoding_time": 0.21853303909301758}