{"MSE": 18.09929656982422, "PSNR": 35.55418664550119, "encoding_time": 0.3485560417175293, "decoding_time": 0.2735769748687744}