{"MSE": 19.436683654785156, "PSNR": 35.24458194582774, "encoding_time": 0.3245251178741455, "decoding_time": 0.2386488914489746}