{"MSE": 13.682422637939453, "PSNR": 36.76917359599575, "encoding_time": 0.32238197326660156, "decoding_time": 0.22844600677490234}