{"MSE": 17.215404510498047, "PSNR": 35.77163129086397, "encoding_time": 0.34830307960510254, "decoding_time": 0.22116518020629883}