{"MSE": 16.848175048828125, "PSNR": 35.8652749477904, "encoding_time": 0.3235337734222412, "decoding_time": 0.2669811248779297}