{"MSE": 17.301864624023438, "PSNR": 35.74987451248552, "encoding_time": 0.31557607650756836, "decoding_time": 0.22838497161865234}