{"MSE": 18.065876007080078, "PSNR": 35.56221335688086, "encoding_time": 0.3286600112915039, "decoding_time": 0.26407504081726074}