{"MSE": 18.106372833251953, "PSNR": 35.552489020654605, "encoding_time": 0.3264179229736328, "decoding_time": 0.24175119400024414}