{"MSE": 13.288379669189453, "PSNR": 36.89608332794353, "encoding_time": 0.30877113342285156, "decoding_time": 0.2206721305847168}