{"MSE": 19.56069564819336, "PSNR": 35.216960650789304, "encoding_time": 0.34284090995788574, "decoding_time": 0.23952817916870117}