{"MSE": 17.14013671875, "PSNR": 35.79066079105591, "encoding_time": 0.33861303329467773, "decoding_time": 0.24535679817199707}