{"MSE": 16.764240264892578, "PSNR": 35.886964843581374, "encoding_time": 0.3298959732055664, "decoding_time": 0.2287609577178955}