{"MSE": 18.256210327148438, "PSNR": 35.51669730321281, "encoding_time": 0.32944703102111816, "decoding_time": 0.2549009323120117}