{"MSE": 18.256752014160156, "PSNR": 35.516568443944735, "encoding_time": 0.3542518615722656, "decoding_time": 0.2517261505126953}