{"MSE": 16.76656723022461, "PSNR": 35.88636206167399, "encoding_time": 0.32792115211486816, "decoding_time": 0.2223529815673828}