{"MSE": 17.01485824584961, "PSNR": 35.822520256142624, "encoding_time": 0.3205111026763916, "decoding_time": 0.23309898376464844}