{"MSE": 18.265716552734375, "PSNR": 35.51443646882556, "encoding_time": 0.3350100517272949, "decoding_time": 0.23328828811645508}