{"MSE": 13.953437805175781, "PSNR": 36.68399139933579, "encoding_time": 0.3141500949859619, "decoding_time": 0.21357488632202148}