{"MSE": 19.47209930419922, "PSNR": 35.236675851526385, "encoding_time": 0.33331990242004395, "decoding_time": 0.23616814613342285}