{"MSE": 19.725910186767578, "PSNR": 35.18043309444203, "encoding_time": 0.3373103141784668, "decoding_time": 0.2647707462310791}