{"MSE": 19.285606384277344, "PSNR": 35.27847062223518, "encoding_time": 0.36549806594848633, "decoding_time": 0.24051308631896973}