{"MSE": 16.631454467773438, "PSNR": 35.92150129705712, "encoding_time": 0.31919002532958984, "decoding_time": 0.23135685920715332}