{"MSE": 19.56427764892578, "PSNR": 35.2161654332975, "encoding_time": 0.3407280445098877, "decoding_time": 0.24566006660461426}