{"MSE": 18.374671936035156, "PSNR": 35.48860766996931, "encoding_time": 0.352841854095459, "decoding_time": 0.28760218620300293}