{"MSE": 17.256694793701172, "PSNR": 35.76122742739814, "encoding_time": 0.3361520767211914, "decoding_time": 0.2453927993774414}