{"MSE": 17.316333770751953, "PSNR": 35.746244126596395, "encoding_time": 0.3332631587982178, "decoding_time": 0.23311996459960938}