{"MSE": 17.168453216552734, "PSNR": 35.78349191494755, "encoding_time": 0.3214888572692871, "decoding_time": 0.22519826889038086}