{"MSE": 16.986968994140625, "PSNR": 35.82964466787049, "encoding_time": 0.31842732429504395, "decoding_time": 0.22459793090820312}