{"MSE": 17.053695678710938, "PSNR": 35.81261852087862, "encoding_time": 0.32842516899108887, "decoding_time": 0.23642396926879883}