{"MSE": 17.168800354003906, "PSNR": 35.783404103684944, "encoding_time": 0.32634973526000977, "decoding_time": 0.22783708572387695}