{"MSE": 13.485294342041016, "PSNR": 36.83219930677508, "encoding_time": 0.31696367263793945, "decoding_time": 0.2130281925201416}