{"MSE": 17.284759521484375, "PSNR": 35.75417019177443, "encoding_time": 0.36963891983032227, "decoding_time": 0.24136710166931152}