{"MSE": 17.091754913330078, "PSNR": 35.80293704229858, "encoding_time": 0.3221702575683594, "decoding_time": 0.23326587677001953}