{"MSE": 18.254150390625, "PSNR": 35.51718736633383, "encoding_time": 0.3220090866088867, "decoding_time": 0.23446917533874512}