{"MSE": 17.088069915771484, "PSNR": 35.803873486016315, "encoding_time": 0.3238239288330078, "decoding_time": 0.21893715858459473}