{"MSE": 17.330944061279297, "PSNR": 35.74258140367664, "encoding_time": 0.32253098487854004, "decoding_time": 0.22245001792907715}