{"MSE": 19.409465789794922, "PSNR": 35.25066778479906, "encoding_time": 0.36387085914611816, "decoding_time": 0.25528717041015625}