{"MSE": 15.876819610595703, "PSNR": 36.12316850427998, "encoding_time": 0.32236194610595703, "decoding_time": 0.23195886611938477}