{"MSE": 18.318340301513672, "PSNR": 35.501942381816306, "encoding_time": 0.35015201568603516, "decoding_time": 0.24746203422546387}