{"MSE": 17.174564361572266, "PSNR": 35.78194631017821, "encoding_time": 0.32283592224121094, "decoding_time": 0.24547314643859863}