{"MSE": 17.239917755126953, "PSNR": 35.76545171222588, "encoding_time": 0.32202887535095215, "decoding_time": 0.22873711585998535}