{"MSE": 9.78616714477539, "PSNR": 38.224677317622294, "encoding_time": 0.3085329532623291, "decoding_time": 0.2127671241760254}