{"MSE": 11.075878143310547, "PSNR": 37.687021918712, "encoding_time": 0.311676025390625, "decoding_time": 0.22211098670959473}