{"MSE": 10.6749267578125, "PSNR": 37.84715456916703, "encoding_time": 0.31090784072875977, "decoding_time": 0.21758103370666504}