{"MSE": 9.64480972290039, "PSNR": 38.287866967583575, "encoding_time": 0.30222320556640625, "decoding_time": 0.19890260696411133}