{"MSE": 10.8668212890625, "PSNR": 37.76977835963602, "encoding_time": 0.309995174407959, "decoding_time": 0.2138350009918213}