{"MSE": 9.967964172363281, "PSNR": 38.14473892525216, "encoding_time": 0.3032050132751465, "decoding_time": 0.22463393211364746}