{"MSE": 9.696998596191406, "PSNR": 38.26443028129405, "encoding_time": 0.309128999710083, "decoding_time": 0.20580577850341797}