{"MSE": 9.458477020263672, "PSNR": 38.37259147821603, "encoding_time": 0.3006901741027832, "decoding_time": 0.19448399543762207}