{"MSE": 11.294105529785156, "PSNR": 37.60228519490314, "encoding_time": 0.3118002414703369, "decoding_time": 0.2213129997253418}