{"MSE": 9.29458236694336, "PSNR": 38.44850480456257, "encoding_time": 0.2987542152404785, "decoding_time": 0.1930999755859375}