{"MSE": 9.945610046386719, "PSNR": 38.15448933723813, "encoding_time": 0.302933931350708, "decoding_time": 0.20904088020324707}