{"MSE": 11.113746643066406, "PSNR": 37.67219868793966, "encoding_time": 0.3330681324005127, "decoding_time": 0.22297286987304688}