{"MSE": 11.118217468261719, "PSNR": 37.67045196441283, "encoding_time": 0.3202939033508301, "decoding_time": 0.21680212020874023}