{"MSE": 9.774307250976562, "PSNR": 38.229943741083964, "encoding_time": 0.29996180534362793, "decoding_time": 0.22118902206420898}