{"MSE": 9.667289733886719, "PSNR": 38.2777562604014, "encoding_time": 0.29474401473999023, "decoding_time": 0.19146108627319336}