{"MSE": 9.35223388671875, "PSNR": 38.421650014607906, "encoding_time": 0.2986290454864502, "decoding_time": 0.20775794982910156}