{"MSE": 11.26327133178711, "PSNR": 37.61415814490703, "encoding_time": 0.31267619132995605, "decoding_time": 0.22806572914123535}