{"MSE": 10.103412628173828, "PSNR": 38.08612270723428, "encoding_time": 0.30166006088256836, "decoding_time": 0.20569610595703125}