{"MSE": 11.440753936767578, "PSNR": 37.54625715799985, "encoding_time": 0.32192397117614746, "decoding_time": 0.21663904190063477}