{"MSE": 11.28384017944336, "PSNR": 37.60623434543513, "encoding_time": 0.31559205055236816, "decoding_time": 0.21672701835632324}