{"MSE": 9.446422576904297, "PSNR": 38.37812991434048, "encoding_time": 0.3008739948272705, "decoding_time": 0.1944129467010498}