{"MSE": 11.268733978271484, "PSNR": 37.6120523427482, "encoding_time": 0.3150980472564697, "decoding_time": 0.23219680786132812}