{"MSE": 11.197662353515625, "PSNR": 37.63952992923785, "encoding_time": 0.3155677318572998, "decoding_time": 0.217271089553833}