{"MSE": 10.495918273925781, "PSNR": 37.92059920440864, "encoding_time": 0.3059070110321045, "decoding_time": 0.21031999588012695}