{"MSE": 9.865303039550781, "PSNR": 38.189699305414, "encoding_time": 0.3015868663787842, "decoding_time": 0.19777822494506836}