{"MSE": 11.419208526611328, "PSNR": 37.55444357171493, "encoding_time": 0.31304502487182617, "decoding_time": 0.21710491180419922}