{"MSE": 10.456398010253906, "PSNR": 37.93698255082029, "encoding_time": 0.3140859603881836, "decoding_time": 0.2090611457824707}