{"MSE": 9.771987915039062, "PSNR": 38.23097439655653, "encoding_time": 0.30040907859802246, "decoding_time": 0.23280787467956543}