{"MSE": 11.070953369140625, "PSNR": 37.688953393452, "encoding_time": 0.31501007080078125, "decoding_time": 0.21653509140014648}