{"MSE": 9.274017333984375, "PSNR": 38.458124575713626, "encoding_time": 0.2925279140472412, "decoding_time": 0.19330215454101562}