{"MSE": 11.385910034179688, "PSNR": 37.567126129586626, "encoding_time": 0.32497620582580566, "decoding_time": 0.22621583938598633}