{"MSE": 9.55422592163086, "PSNR": 38.32884854362529, "encoding_time": 0.29987192153930664, "decoding_time": 0.2031700611114502}