{"MSE": 10.52700424194336, "PSNR": 37.90775562930256, "encoding_time": 0.3128640651702881, "decoding_time": 0.2107529640197754}