{"MSE": 10.542041778564453, "PSNR": 37.901556278578724, "encoding_time": 0.3134019374847412, "decoding_time": 0.24203801155090332}