{"MSE": 9.65118408203125, "PSNR": 38.284997616437536, "encoding_time": 0.3057820796966553, "decoding_time": 0.197343111038208}