{"MSE": 10.771358489990234, "PSNR": 37.80809880643252, "encoding_time": 0.3199119567871094, "decoding_time": 0.22107601165771484}