{"MSE": 11.194774627685547, "PSNR": 37.640650060469, "encoding_time": 0.32248926162719727, "decoding_time": 0.21750497817993164}