{"MSE": 11.153594970703125, "PSNR": 37.65665491304302, "encoding_time": 0.313723087310791, "decoding_time": 0.22917890548706055}