{"MSE": 10.891483306884766, "PSNR": 37.75993330687258, "encoding_time": 0.3161008358001709, "decoding_time": 0.21395301818847656}