{"MSE": 11.177787780761719, "PSNR": 37.64724500937733, "encoding_time": 0.312119722366333, "decoding_time": 0.2187941074371338}