{"MSE": 10.61236572265625, "PSNR": 37.87268152671577, "encoding_time": 0.311816930770874, "decoding_time": 0.23534798622131348}