{"MSE": 10.964637756347656, "PSNR": 37.7308607259883, "encoding_time": 0.3108510971069336, "decoding_time": 0.22040176391601562}