{"MSE": 9.62740707397461, "PSNR": 38.29571025466657, "encoding_time": 0.3011929988861084, "decoding_time": 0.20064806938171387}