{"MSE": 9.508808135986328, "PSNR": 38.349542763598365, "encoding_time": 0.30091190338134766, "decoding_time": 0.20036697387695312}