{"MSE": 10.599601745605469, "PSNR": 37.87790812861174, "encoding_time": 0.31594395637512207, "decoding_time": 0.2271280288696289}