{"MSE": 10.849346160888672, "PSNR": 37.776767947823814, "encoding_time": 0.315950870513916, "decoding_time": 0.21641302108764648}