{"MSE": 11.30984115600586, "PSNR": 37.596238554609855, "encoding_time": 0.3168671131134033, "decoding_time": 0.21914911270141602}