{"MSE": 10.059059143066406, "PSNR": 38.105229992417584, "encoding_time": 0.3041269779205322, "decoding_time": 0.2034308910369873}