{"MSE": 10.45407485961914, "PSNR": 37.93794755195798, "encoding_time": 0.3060317039489746, "decoding_time": 0.20831012725830078}