{"MSE": 9.731491088867188, "PSNR": 38.249009715704666, "encoding_time": 0.3011050224304199, "decoding_time": 0.19585490226745605}