{"MSE": 9.711471557617188, "PSNR": 38.257953182996985, "encoding_time": 0.2978191375732422, "decoding_time": 0.1996619701385498}