{"MSE": 9.654426574707031, "PSNR": 38.28353876935418, "encoding_time": 0.3009791374206543, "decoding_time": 0.20123004913330078}