{"MSE": 11.19961166381836, "PSNR": 37.63877396696363, "encoding_time": 0.31385231018066406, "decoding_time": 0.21582388877868652}