{"MSE": 9.215286254882812, "PSNR": 38.4857153059278, "encoding_time": 0.299760103225708, "decoding_time": 0.22093677520751953}