{"MSE": 9.614669799804688, "PSNR": 38.301459871748676, "encoding_time": 0.3014218807220459, "decoding_time": 0.20153117179870605}