{"MSE": 11.300567626953125, "PSNR": 37.59980102246247, "encoding_time": 0.32123899459838867, "decoding_time": 0.22469711303710938}