{"MSE": 10.239662170410156, "PSNR": 38.02794732347917, "encoding_time": 0.3190441131591797, "decoding_time": 0.2276008129119873}