{"MSE": 9.45363998413086, "PSNR": 38.374813014965795, "encoding_time": 0.297778844833374, "decoding_time": 0.19516921043395996}