{"MSE": 11.3050537109375, "PSNR": 37.59807730824447, "encoding_time": 0.31593894958496094, "decoding_time": 0.22616791725158691}