{"MSE": 9.384212493896484, "PSNR": 38.40682527587181, "encoding_time": 0.3071627616882324, "decoding_time": 0.20348811149597168}