{"MSE": 11.167953491210938, "PSNR": 37.65106764198468, "encoding_time": 0.3136570453643799, "decoding_time": 0.21496081352233887}