{"MSE": 9.768131256103516, "PSNR": 38.23268874200281, "encoding_time": 0.29941511154174805, "decoding_time": 0.19305658340454102}