{"MSE": 9.419746398925781, "PSNR": 38.39041150116402, "encoding_time": 0.2997767925262451, "decoding_time": 0.19531917572021484}