{"MSE": 10.242755889892578, "PSNR": 38.02663538334979, "encoding_time": 0.3093099594116211, "decoding_time": 0.20756888389587402}