{"MSE": 10.351932525634766, "PSNR": 37.980589282851696, "encoding_time": 0.30435872077941895, "decoding_time": 0.2103590965270996}