{"MSE": 10.646968841552734, "PSNR": 37.85854377765388, "encoding_time": 0.3144721984863281, "decoding_time": 0.21242904663085938}