{"MSE": 9.257804870605469, "PSNR": 38.465723380733515, "encoding_time": 0.29862332344055176, "decoding_time": 0.19251084327697754}