{"MSE": 9.65826416015625, "PSNR": 38.28181281388869, "encoding_time": 0.3014392852783203, "decoding_time": 0.20000696182250977}