{"MSE": 10.421215057373047, "PSNR": 37.95162002561981, "encoding_time": 0.3084380626678467, "decoding_time": 0.21989107131958008}