{"MSE": 9.562206268310547, "PSNR": 38.32522253151847, "encoding_time": 0.30133891105651855, "decoding_time": 0.1966719627380371}