{"MSE": 10.08203125, "PSNR": 38.095323216358906, "encoding_time": 0.3013489246368408, "decoding_time": 0.19982314109802246}