{"MSE": 9.374614715576172, "PSNR": 38.41126933037502, "encoding_time": 0.30223703384399414, "decoding_time": 0.21467900276184082}