{"MSE": 9.4808349609375, "PSNR": 38.36233774272494, "encoding_time": 0.3024570941925049, "decoding_time": 0.20288324356079102}