{"MSE": 11.312114715576172, "PSNR": 37.59536560234649, "encoding_time": 0.31849098205566406, "decoding_time": 0.2208690643310547}