{"MSE": 9.632976531982422, "PSNR": 38.29319858615894, "encoding_time": 0.30419301986694336, "decoding_time": 0.1920151710510254}