{"MSE": 10.54489517211914, "PSNR": 37.90038094136786, "encoding_time": 0.3097391128540039, "decoding_time": 0.21874475479125977}