{"MSE": 10.343303680419922, "PSNR": 37.984210850677115, "encoding_time": 0.3081967830657959, "decoding_time": 0.2107241153717041}