{"MSE": 10.669967651367188, "PSNR": 37.84917258112046, "encoding_time": 0.3240818977355957, "decoding_time": 0.22157883644104004}