{"MSE": 9.544097900390625, "PSNR": 38.333454753249285, "encoding_time": 0.3048398494720459, "decoding_time": 0.20925593376159668}