{"MSE": 11.273834228515625, "PSNR": 37.61008716242373, "encoding_time": 0.3170890808105469, "decoding_time": 0.22141790390014648}