{"MSE": 10.664104461669922, "PSNR": 37.85155970251247, "encoding_time": 0.3116791248321533, "decoding_time": 0.21807479858398438}