{"MSE": 9.729534149169922, "PSNR": 38.24988314154366, "encoding_time": 0.304689884185791, "decoding_time": 0.1985490322113037}