{"MSE": 11.351722717285156, "PSNR": 37.580185865777345, "encoding_time": 0.32015299797058105, "decoding_time": 0.24178695678710938}