{"MSE": 11.354606628417969, "PSNR": 37.579082678486316, "encoding_time": 0.31000614166259766, "decoding_time": 0.2388768196105957}