{"MSE": 10.033973693847656, "PSNR": 38.11607402768142, "encoding_time": 0.297698974609375, "decoding_time": 0.19956088066101074}