{"MSE": 10.511848449707031, "PSNR": 37.91401269870851, "encoding_time": 0.3090708255767822, "decoding_time": 0.20979714393615723}