{"MSE": 11.211410522460938, "PSNR": 37.634201056694685, "encoding_time": 0.3124959468841553, "decoding_time": 0.2379300594329834}