{"MSE": 9.668880462646484, "PSNR": 38.277041698296166, "encoding_time": 0.29930710792541504, "decoding_time": 0.21519112586975098}