{"MSE": 9.625312805175781, "PSNR": 38.296655086765355, "encoding_time": 0.30351901054382324, "decoding_time": 0.2006680965423584}