{"MSE": 9.697948455810547, "PSNR": 38.26400489339234, "encoding_time": 0.305225133895874, "decoding_time": 0.20291996002197266}