{"MSE": 11.272895812988281, "PSNR": 37.61044867709548, "encoding_time": 0.3121762275695801, "decoding_time": 0.2257988452911377}