{"MSE": 10.659278869628906, "PSNR": 37.85352536433877, "encoding_time": 0.31132078170776367, "decoding_time": 0.2066659927368164}