{"MSE": 10.536285400390625, "PSNR": 37.903928348541925, "encoding_time": 0.3114781379699707, "decoding_time": 0.22644805908203125}