{"MSE": 9.205558776855469, "PSNR": 38.49030205579244, "encoding_time": 0.30243802070617676, "decoding_time": 0.2040259838104248}