{"MSE": 16.70025634765625, "PSNR": 35.903572232821176, "encoding_time": 0.3014640808105469, "decoding_time": 0.20433783531188965}