{"MSE": 15.16275405883789, "PSNR": 36.32302270130823, "encoding_time": 0.29867005348205566, "decoding_time": 0.2012770175933838}