{"MSE": 16.49118423461914, "PSNR": 35.95828517346271, "encoding_time": 0.3008279800415039, "decoding_time": 0.21152305603027344}