{"MSE": 10.10049819946289, "PSNR": 38.087375653088806, "encoding_time": 0.28942108154296875, "decoding_time": 0.182265043258667}