{"MSE": 15.59140396118164, "PSNR": 36.201951369464936, "encoding_time": 0.2957160472869873, "decoding_time": 0.2001187801361084}