{"MSE": 11.059738159179688, "PSNR": 37.69335515759042, "encoding_time": 0.291853666305542, "decoding_time": 0.188582181930542}