{"MSE": 10.022266387939453, "PSNR": 38.12114418929759, "encoding_time": 0.29183292388916016, "decoding_time": 0.1855640411376953}