{"MSE": 15.76324462890625, "PSNR": 36.154347454684206, "encoding_time": 0.301555871963501, "decoding_time": 0.2089850902557373}