{"MSE": 16.786907196044922, "PSNR": 35.88109671365807, "encoding_time": 0.30492067337036133, "decoding_time": 0.21582412719726562}