{"MSE": 17.499141693115234, "PSNR": 35.70063613157919, "encoding_time": 0.30937886238098145, "decoding_time": 0.2197282314300537}