{"MSE": 16.61004638671875, "PSNR": 35.927095155647486, "encoding_time": 0.30437278747558594, "decoding_time": 0.21263623237609863}