{"MSE": 16.49146270751953, "PSNR": 35.958211838387925, "encoding_time": 0.3050229549407959, "decoding_time": 0.21210289001464844}