{"MSE": 16.20034408569336, "PSNR": 36.03556122070281, "encoding_time": 0.2997257709503174, "decoding_time": 0.20653200149536133}