{"MSE": 10.017234802246094, "PSNR": 38.12332507187249, "encoding_time": 0.2874021530151367, "decoding_time": 0.1825728416442871}