{"MSE": 17.449913024902344, "PSNR": 35.71287094208764, "encoding_time": 0.30579710006713867, "decoding_time": 0.21766090393066406}