{"MSE": 9.824478149414062, "PSNR": 38.20770869794891, "encoding_time": 0.2878100872039795, "decoding_time": 0.1816859245300293}