{"MSE": 17.059585571289062, "PSNR": 35.81111884229165, "encoding_time": 0.3005220890045166, "decoding_time": 0.2085130214691162}