{"MSE": 15.898128509521484, "PSNR": 36.11734357668531, "encoding_time": 0.3004779815673828, "decoding_time": 0.2093949317932129}