{"MSE": 18.028270721435547, "PSNR": 35.57126289839127, "encoding_time": 0.3114938735961914, "decoding_time": 0.22134804725646973}