{"MSE": 10.4791259765625, "PSNR": 37.92755299535595, "encoding_time": 0.2922661304473877, "decoding_time": 0.18548297882080078}