{"MSE": 15.377727508544922, "PSNR": 36.261881998770676, "encoding_time": 0.32082104682922363, "decoding_time": 0.23717308044433594}