{"MSE": 14.688484191894531, "PSNR": 36.46103380670733, "encoding_time": 0.3180520534515381, "decoding_time": 0.24144983291625977}