{"MSE": 20.964698791503906, "PSNR": 34.915917337718945, "encoding_time": 0.35214996337890625, "decoding_time": 0.27742791175842285}