{"MSE": 21.094139099121094, "PSNR": 34.8891855535625, "encoding_time": 0.36402416229248047, "decoding_time": 0.29044198989868164}