{"MSE": 14.619335174560547, "PSNR": 36.48152737670473, "encoding_time": 0.31750011444091797, "decoding_time": 0.2266559600830078}