{"MSE": 20.931777954101562, "PSNR": 34.92274241804864, "encoding_time": 0.3570873737335205, "decoding_time": 0.2938108444213867}