{"MSE": 21.05145263671875, "PSNR": 34.89798291558727, "encoding_time": 0.37270593643188477, "decoding_time": 0.29300475120544434}