{"MSE": 19.951923370361328, "PSNR": 35.13095592731294, "encoding_time": 0.3607292175292969, "decoding_time": 0.2756459712982178}