{"MSE": 19.658859252929688, "PSNR": 35.19522047500558, "encoding_time": 0.34670519828796387, "decoding_time": 0.2700529098510742}