{"MSE": 20.207275390625, "PSNR": 35.0757260067206, "encoding_time": 0.3565816879272461, "decoding_time": 0.27897214889526367}