{"MSE": 14.382316589355469, "PSNR": 36.55251516480036, "encoding_time": 0.32448816299438477, "decoding_time": 0.22634482383728027}