{"MSE": 20.807479858398438, "PSNR": 34.94860877958966, "encoding_time": 0.36743783950805664, "decoding_time": 0.2745981216430664}