{"MSE": 19.95883560180664, "PSNR": 35.12945159911591, "encoding_time": 0.35671401023864746, "decoding_time": 0.28040385246276855}