{"MSE": 20.150711059570312, "PSNR": 35.08789985140204, "encoding_time": 0.3507678508758545, "decoding_time": 0.2866230010986328}