{"MSE": 21.23934555053711, "PSNR": 34.85939230199028, "encoding_time": 0.34709811210632324, "decoding_time": 0.27274394035339355}