{"MSE": 12.137470245361328, "PSNR": 37.2895218261024, "encoding_time": 0.31433606147766113, "decoding_time": 0.21514010429382324}