{"MSE": 20.591751098632812, "PSNR": 34.993870807803845, "encoding_time": 0.3550529479980469, "decoding_time": 0.272385835647583}