{"MSE": 17.823062896728516, "PSNR": 35.620980211645964, "encoding_time": 0.3405113220214844, "decoding_time": 0.25629377365112305}