{"MSE": 12.150623321533203, "PSNR": 37.28481803249738, "encoding_time": 0.34035801887512207, "decoding_time": 0.21436405181884766}