{"MSE": 15.026233673095703, "PSNR": 36.36230222594242, "encoding_time": 0.3198399543762207, "decoding_time": 0.22185301780700684}