{"MSE": 20.723400115966797, "PSNR": 34.966193486722496, "encoding_time": 0.35740113258361816, "decoding_time": 0.2775287628173828}