{"MSE": 15.393978118896484, "PSNR": 36.25729495953094, "encoding_time": 0.34158802032470703, "decoding_time": 0.23730993270874023}