{"MSE": 21.608333587646484, "PSNR": 34.78459085034877, "encoding_time": 0.3552572727203369, "decoding_time": 0.27614378929138184}