{"MSE": 16.32992935180664, "PSNR": 36.00096055015926, "encoding_time": 0.33330702781677246, "decoding_time": 0.23999309539794922}