{"MSE": 13.383567810058594, "PSNR": 36.86508457176669, "encoding_time": 0.32422709465026855, "decoding_time": 0.2198488712310791}