{"MSE": 12.08621597290039, "PSNR": 37.30790010323266, "encoding_time": 0.31952786445617676, "decoding_time": 0.22075605392456055}