{"MSE": 15.224002838134766, "PSNR": 36.305515046255884, "encoding_time": 0.32329607009887695, "decoding_time": 0.22605395317077637}