{"MSE": 15.721115112304688, "PSNR": 36.1659701318839, "encoding_time": 0.3278379440307617, "decoding_time": 0.2390460968017578}