{"MSE": 11.988887786865234, "PSNR": 37.343014655448556, "encoding_time": 0.31359219551086426, "decoding_time": 0.21318793296813965}