{"MSE": 15.062164306640625, "PSNR": 36.35192980045942, "encoding_time": 0.32862186431884766, "decoding_time": 0.22759509086608887}