{"MSE": 17.17572021484375, "PSNR": 35.78165403853966, "encoding_time": 0.3524312973022461, "decoding_time": 0.2819948196411133}