{"MSE": 20.6773681640625, "PSNR": 34.97585100361015, "encoding_time": 0.36034107208251953, "decoding_time": 0.2785029411315918}