{"MSE": 13.356391906738281, "PSNR": 36.87391207116547, "encoding_time": 0.3153269290924072, "decoding_time": 0.2235429286956787}