{"MSE": 19.899673461914062, "PSNR": 35.142344108326945, "encoding_time": 0.34771013259887695, "decoding_time": 0.2734079360961914}