{"MSE": 13.0673828125, "PSNR": 36.96891746807347, "encoding_time": 0.31500697135925293, "decoding_time": 0.21495819091796875}