{"MSE": 21.532421112060547, "PSNR": 34.79987496093581, "encoding_time": 0.3807220458984375, "decoding_time": 0.31653308868408203}