{"MSE": 12.554058074951172, "PSNR": 37.142962275065, "encoding_time": 0.3123610019683838, "decoding_time": 0.21360301971435547}