{"MSE": 12.578083038330078, "PSNR": 37.13465903328816, "encoding_time": 0.31905579566955566, "decoding_time": 0.22021198272705078}