{"MSE": 14.70504379272461, "PSNR": 36.45614038661318, "encoding_time": 0.32309699058532715, "decoding_time": 0.22634506225585938}