{"MSE": 13.33062744140625, "PSNR": 36.882297697490614, "encoding_time": 0.3198428153991699, "decoding_time": 0.22079825401306152}