{"MSE": 19.84762954711914, "PSNR": 35.15371715566243, "encoding_time": 0.3525998592376709, "decoding_time": 0.27942419052124023}