{"MSE": 13.520729064941406, "PSNR": 36.8208025059778, "encoding_time": 0.31987690925598145, "decoding_time": 0.22110724449157715}