{"MSE": 12.30630874633789, "PSNR": 37.229525541993695, "encoding_time": 0.3228788375854492, "decoding_time": 0.2162480354309082}