{"MSE": 20.467212677001953, "PSNR": 35.02021658479988, "encoding_time": 0.3692779541015625, "decoding_time": 0.3053419589996338}