{"MSE": 15.939781188964844, "PSNR": 36.105980054814296, "encoding_time": 0.329556941986084, "decoding_time": 0.2339019775390625}