{"MSE": 14.651996612548828, "PSNR": 36.47183551281594, "encoding_time": 0.3216879367828369, "decoding_time": 0.244459867477417}