{"MSE": 12.237724304199219, "PSNR": 37.25379695837453, "encoding_time": 0.3149690628051758, "decoding_time": 0.21271610260009766}