{"MSE": 15.453296661376953, "PSNR": 36.240592189116654, "encoding_time": 0.32889580726623535, "decoding_time": 0.23622608184814453}