{"MSE": 13.275138854980469, "PSNR": 36.900412884675916, "encoding_time": 0.3228600025177002, "decoding_time": 0.2203359603881836}