{"MSE": 13.872920989990234, "PSNR": 36.70912448008448, "encoding_time": 0.3197360038757324, "decoding_time": 0.2213749885559082}