{"MSE": 12.903575897216797, "PSNR": 37.02370280241289, "encoding_time": 0.3170928955078125, "decoding_time": 0.2151632308959961}