{"MSE": 12.315872192382812, "PSNR": 37.22615187492132, "encoding_time": 0.31839704513549805, "decoding_time": 0.22686004638671875}