{"MSE": 12.586097717285156, "PSNR": 37.13189261621628, "encoding_time": 0.3239259719848633, "decoding_time": 0.23962116241455078}