{"MSE": 20.715370178222656, "PSNR": 34.96787662435964, "encoding_time": 0.35933685302734375, "decoding_time": 0.2857081890106201}