{"MSE": 20.566574096679688, "PSNR": 34.999184063059516, "encoding_time": 0.36330199241638184, "decoding_time": 0.2852950096130371}