{"MSE": 20.893798828125, "PSNR": 34.930629519980705, "encoding_time": 0.36808085441589355, "decoding_time": 0.30017995834350586}