{"MSE": 19.326522827148438, "PSNR": 35.26926636835316, "encoding_time": 0.35308218002319336, "decoding_time": 0.2657928466796875}