{"MSE": 18.563037872314453, "PSNR": 35.44431310147695, "encoding_time": 0.3453519344329834, "decoding_time": 0.27054524421691895}