{"MSE": 14.525081634521484, "PSNR": 36.509617789571706, "encoding_time": 0.3271620273590088, "decoding_time": 0.24787116050720215}