{"MSE": 15.729785919189453, "PSNR": 36.163575489087926, "encoding_time": 0.3287532329559326, "decoding_time": 0.23431706428527832}