{"MSE": 19.842071533203125, "PSNR": 35.154933498806436, "encoding_time": 0.3801400661468506, "decoding_time": 0.27376604080200195}