{"MSE": 20.424915313720703, "PSNR": 35.02920096342039, "encoding_time": 0.3572428226470947, "decoding_time": 0.27900004386901855}