{"MSE": 15.374008178710938, "PSNR": 36.2629325309732, "encoding_time": 0.3233978748321533, "decoding_time": 0.23132586479187012}