{"MSE": 13.145927429199219, "PSNR": 36.94289130396962, "encoding_time": 0.33954906463623047, "decoding_time": 0.2197432518005371}