{"MSE": 19.85629653930664, "PSNR": 35.151821107934886, "encoding_time": 0.35189294815063477, "decoding_time": 0.2788679599761963}