{"MSE": 15.231117248535156, "PSNR": 36.30348599549116, "encoding_time": 0.32988595962524414, "decoding_time": 0.23868107795715332}