{"MSE": 14.664485931396484, "PSNR": 36.46813517627095, "encoding_time": 0.326082706451416, "decoding_time": 0.22810697555541992}