{"MSE": 11.870037078857422, "PSNR": 37.38628285290065, "encoding_time": 0.30922603607177734, "decoding_time": 0.20814990997314453}