{"MSE": 20.459552764892578, "PSNR": 35.021842248379144, "encoding_time": 0.35857200622558594, "decoding_time": 0.28216099739074707}