{"MSE": 12.082473754882812, "PSNR": 37.30924500414902, "encoding_time": 0.3186039924621582, "decoding_time": 0.21589088439941406}