{"MSE": 20.588504791259766, "PSNR": 34.994555530786315, "encoding_time": 0.35640597343444824, "decoding_time": 0.27152204513549805}