{"MSE": 12.122989654541016, "PSNR": 37.294706263215915, "encoding_time": 0.3182668685913086, "decoding_time": 0.21700525283813477}