{"MSE": 13.648632049560547, "PSNR": 36.779912349928374, "encoding_time": 0.31585216522216797, "decoding_time": 0.22196292877197266}