{"MSE": 15.107341766357422, "PSNR": 36.33892306705165, "encoding_time": 0.3192009925842285, "decoding_time": 0.22117304801940918}