{"MSE": 18.3212890625, "PSNR": 35.50124334055972, "encoding_time": 0.3403141498565674, "decoding_time": 0.2532808780670166}