{"MSE": 14.959709167480469, "PSNR": 36.38157210400039, "encoding_time": 0.33631110191345215, "decoding_time": 0.25614190101623535}