{"MSE": 19.795692443847656, "PSNR": 35.16509663100858, "encoding_time": 0.3591179847717285, "decoding_time": 0.29053211212158203}