{"MSE": 19.108558654785156, "PSNR": 35.31852431106508, "encoding_time": 0.3594779968261719, "decoding_time": 0.26718807220458984}