{"MSE": 19.50312042236328, "PSNR": 35.229762585415, "encoding_time": 0.34980201721191406, "decoding_time": 0.28414177894592285}