{"MSE": 20.549434661865234, "PSNR": 35.00280482422714, "encoding_time": 0.3566610813140869, "decoding_time": 0.2889080047607422}