{"MSE": 17.1446533203125, "PSNR": 35.78951653137419, "encoding_time": 0.33487582206726074, "decoding_time": 0.26021814346313477}