{"MSE": 12.884593963623047, "PSNR": 37.030096238278205, "encoding_time": 0.315338134765625, "decoding_time": 0.21532797813415527}