{"MSE": 20.94757843017578, "PSNR": 34.91946535722989, "encoding_time": 0.3631758689880371, "decoding_time": 0.2821481227874756}