{"MSE": 19.777400970458984, "PSNR": 35.16911142279711, "encoding_time": 0.3505978584289551, "decoding_time": 0.2754800319671631}