{"MSE": 21.277427673339844, "PSNR": 34.85161237940388, "encoding_time": 0.3607470989227295, "decoding_time": 0.27439379692077637}