{"MSE": 14.548900604248047, "PSNR": 36.50250184009755, "encoding_time": 0.319011926651001, "decoding_time": 0.22133803367614746}