{"MSE": 20.52572250366211, "PSNR": 35.007819076790604, "encoding_time": 0.36462903022766113, "decoding_time": 0.27684712409973145}