{"MSE": 12.690921783447266, "PSNR": 37.09587193388979, "encoding_time": 0.3213961124420166, "decoding_time": 0.22002482414245605}