{"MSE": 12.321025848388672, "PSNR": 37.2243349218342, "encoding_time": 0.3153378963470459, "decoding_time": 0.21752595901489258}