{"MSE": 15.48366928100586, "PSNR": 36.23206474310383, "encoding_time": 0.32207489013671875, "decoding_time": 0.22408604621887207}