{"MSE": 20.021320343017578, "PSNR": 35.11587646426968, "encoding_time": 0.36687397956848145, "decoding_time": 0.30158185958862305}