{"MSE": 12.460628509521484, "PSNR": 37.17540412338264, "encoding_time": 0.3191361427307129, "decoding_time": 0.22299909591674805}