{"MSE": 14.48923110961914, "PSNR": 36.52035021201395, "encoding_time": 0.322479248046875, "decoding_time": 0.2284097671508789}