{"MSE": 15.23727035522461, "PSNR": 36.30173187554699, "encoding_time": 0.3421189785003662, "decoding_time": 0.25346922874450684}