{"MSE": 20.550575256347656, "PSNR": 35.002563776163676, "encoding_time": 0.36199116706848145, "decoding_time": 0.277559757232666}