{"MSE": 20.68238067626953, "PSNR": 34.974798334547266, "encoding_time": 0.35681915283203125, "decoding_time": 0.2867248058319092}