{"MSE": 15.572174072265625, "PSNR": 36.20731111069546, "encoding_time": 0.3325939178466797, "decoding_time": 0.23427200317382812}