{"MSE": 15.047786712646484, "PSNR": 36.35607733972661, "encoding_time": 0.32800984382629395, "decoding_time": 0.23083114624023438}