{"MSE": 21.043697357177734, "PSNR": 34.899583135635844, "encoding_time": 0.34728312492370605, "decoding_time": 0.2687358856201172}