{"MSE": 21.081924438476562, "PSNR": 34.89170108461001, "encoding_time": 0.365264892578125, "decoding_time": 0.296658992767334}