{"MSE": 21.15938949584961, "PSNR": 34.87577227864338, "encoding_time": 0.3765270709991455, "decoding_time": 0.27567076683044434}