{"MSE": 20.018779754638672, "PSNR": 35.11642759351888, "encoding_time": 0.35491204261779785, "decoding_time": 0.2974061965942383}