{"MSE": 18.884830474853516, "PSNR": 35.36967270256981, "encoding_time": 0.3640871047973633, "decoding_time": 0.26944994926452637}