{"MSE": 20.508785247802734, "PSNR": 35.01140423356674, "encoding_time": 0.3578779697418213, "decoding_time": 0.2881178855895996}