{"MSE": 13.494693756103516, "PSNR": 36.82917327591787, "encoding_time": 0.3152909278869629, "decoding_time": 0.22202110290527344}