{"MSE": 11.989051818847656, "PSNR": 37.34295523567689, "encoding_time": 0.31870198249816895, "decoding_time": 0.21782684326171875}