{"MSE": 12.105060577392578, "PSNR": 37.30113393743484, "encoding_time": 0.3157682418823242, "decoding_time": 0.2110288143157959}