{"MSE": 20.843414306640625, "PSNR": 34.94111499739517, "encoding_time": 0.36187171936035156, "decoding_time": 0.28116893768310547}