{"MSE": 15.79058837890625, "PSNR": 36.14682048152111, "encoding_time": 0.32608819007873535, "decoding_time": 0.24638986587524414}