{"MSE": 14.590492248535156, "PSNR": 36.49010416663542, "encoding_time": 0.32366228103637695, "decoding_time": 0.22294878959655762}