{"MSE": 21.136531829833984, "PSNR": 34.8804663289797, "encoding_time": 0.3619670867919922, "decoding_time": 0.2893080711364746}