{"MSE": 15.04323959350586, "PSNR": 36.357389883038536, "encoding_time": 0.320803165435791, "decoding_time": 0.22330069541931152}