{"MSE": 20.810256958007812, "PSNR": 34.948029181019386, "encoding_time": 0.36765098571777344, "decoding_time": 0.30505990982055664}