{"MSE": 20.094738006591797, "PSNR": 35.09998012595801, "encoding_time": 0.34992408752441406, "decoding_time": 0.2728769779205322}