{"MSE": 14.903972625732422, "PSNR": 36.39778316651776, "encoding_time": 0.32458019256591797, "decoding_time": 0.2303159236907959}