{"MSE": 14.385993957519531, "PSNR": 36.551404873177454, "encoding_time": 0.3246939182281494, "decoding_time": 0.21721291542053223}