{"MSE": 15.89029312133789, "PSNR": 36.11948452344896, "encoding_time": 0.32949399948120117, "decoding_time": 0.23998689651489258}