{"MSE": 15.443370819091797, "PSNR": 36.24338261218329, "encoding_time": 0.3287529945373535, "decoding_time": 0.2354888916015625}