{"MSE": 15.83270263671875, "PSNR": 36.13525305763651, "encoding_time": 0.33476710319519043, "decoding_time": 0.2467038631439209}