{"MSE": 13.390876770019531, "PSNR": 36.8627134741711, "encoding_time": 0.3336491584777832, "decoding_time": 0.24642586708068848}