{"MSE": 12.196537017822266, "PSNR": 37.268438226145186, "encoding_time": 0.31919002532958984, "decoding_time": 0.23102521896362305}