{"MSE": 20.30602264404297, "PSNR": 35.05455494720697, "encoding_time": 0.358259916305542, "decoding_time": 0.298145055770874}