{"MSE": 15.337963104248047, "PSNR": 36.27312672136393, "encoding_time": 0.318500280380249, "decoding_time": 0.2276320457458496}