{"MSE": 13.810009002685547, "PSNR": 36.72886399174479, "encoding_time": 0.3173489570617676, "decoding_time": 0.22669577598571777}