{"MSE": 19.913002014160156, "PSNR": 35.13943623195879, "encoding_time": 0.356640100479126, "decoding_time": 0.27497291564941406}