{"MSE": 14.565479278564453, "PSNR": 36.49755581165382, "encoding_time": 0.3228280544281006, "decoding_time": 0.22448325157165527}