{"MSE": 19.291446685791016, "PSNR": 35.27715563804766, "encoding_time": 0.349822998046875, "decoding_time": 0.26138973236083984}