{"MSE": 20.119766235351562, "PSNR": 35.09457430373019, "encoding_time": 0.37615084648132324, "decoding_time": 0.29685115814208984}