{"MSE": 20.406715393066406, "PSNR": 35.033072533327285, "encoding_time": 0.35111403465270996, "decoding_time": 0.28246188163757324}