{"MSE": 21.652225494384766, "PSNR": 34.77577819519963, "encoding_time": 0.39081692695617676, "decoding_time": 0.311107873916626}