{"MSE": 15.601322174072266, "PSNR": 36.1991895555374, "encoding_time": 0.32828402519226074, "decoding_time": 0.23216676712036133}