{"MSE": 12.786453247070312, "PSNR": 37.063302658683945, "encoding_time": 0.3240640163421631, "decoding_time": 0.22486519813537598}