{"MSE": 20.971900939941406, "PSNR": 34.914425631965486, "encoding_time": 0.35308384895324707, "decoding_time": 0.28417396545410156}