{"MSE": 14.507152557373047, "PSNR": 36.51498182749561, "encoding_time": 0.3198080062866211, "decoding_time": 0.2237999439239502}