{"MSE": 20.788738250732422, "PSNR": 34.95252229755457, "encoding_time": 0.3571760654449463, "decoding_time": 0.2841379642486572}