{"MSE": 20.715904235839844, "PSNR": 34.967764661462304, "encoding_time": 0.34803199768066406, "decoding_time": 0.26320505142211914}