{"MSE": 18.286235809326172, "PSNR": 35.50956044975089, "encoding_time": 0.3616809844970703, "decoding_time": 0.2645270824432373}