{"MSE": 15.116508483886719, "PSNR": 36.33628868729578, "encoding_time": 0.32523679733276367, "decoding_time": 0.22234702110290527}