{"MSE": 15.181262969970703, "PSNR": 36.317724576830976, "encoding_time": 0.3374598026275635, "decoding_time": 0.24057722091674805}