{"MSE": 12.31942367553711, "PSNR": 37.22489969629483, "encoding_time": 0.3132309913635254, "decoding_time": 0.22729277610778809}