{"MSE": 20.649974822998047, "PSNR": 34.98160834378623, "encoding_time": 0.35692691802978516, "decoding_time": 0.28624987602233887}