{"MSE": 13.697250366210938, "PSNR": 36.76446966750395, "encoding_time": 0.324692964553833, "decoding_time": 0.2327251434326172}