{"MSE": 21.354873657226562, "PSNR": 34.83583354532913, "encoding_time": 0.3583080768585205, "decoding_time": 0.2911050319671631}