{"MSE": 12.864067077636719, "PSNR": 37.037020648979606, "encoding_time": 0.3119080066680908, "decoding_time": 0.21326398849487305}