{"MSE": 20.615497589111328, "PSNR": 34.98886539188825, "encoding_time": 0.3604910373687744, "decoding_time": 0.29295802116394043}