{"MSE": 21.331043243408203, "PSNR": 34.840682647351265, "encoding_time": 0.3523399829864502, "decoding_time": 0.27347779273986816}