{"MSE": 21.83715057373047, "PSNR": 34.738843921666685, "encoding_time": 0.3560781478881836, "decoding_time": 0.2745656967163086}