{"MSE": 15.417705535888672, "PSNR": 36.25060614082051, "encoding_time": 0.32345080375671387, "decoding_time": 0.23361706733703613}