{"MSE": 15.426986694335938, "PSNR": 36.2479925592092, "encoding_time": 0.32749319076538086, "decoding_time": 0.23069286346435547}