{"MSE": 20.384193420410156, "PSNR": 35.037868292835775, "encoding_time": 0.3541078567504883, "decoding_time": 0.27382397651672363}