{"MSE": 15.611927032470703, "PSNR": 36.19623848073545, "encoding_time": 0.3274209499359131, "decoding_time": 0.2365400791168213}