{"MSE": 12.643085479736328, "PSNR": 37.11227286660521, "encoding_time": 0.31922483444213867, "decoding_time": 0.23042607307434082}