{"MSE": 13.421905517578125, "PSNR": 36.85266183557871, "encoding_time": 0.315201997756958, "decoding_time": 0.2159731388092041}