{"MSE": 15.066314697265625, "PSNR": 36.350733263616426, "encoding_time": 0.3291189670562744, "decoding_time": 0.2385249137878418}