{"MSE": 11.887615203857422, "PSNR": 37.37985622118474, "encoding_time": 0.31108784675598145, "decoding_time": 0.2072739601135254}