{"MSE": 15.131671905517578, "PSNR": 36.331934447928035, "encoding_time": 0.322052001953125, "decoding_time": 0.2279069423675537}