{"MSE": 13.782142639160156, "PSNR": 36.737636205076704, "encoding_time": 0.316817045211792, "decoding_time": 0.21753191947937012}