{"MSE": 15.22793197631836, "PSNR": 36.304394327292286, "encoding_time": 0.3229548931121826, "decoding_time": 0.22931814193725586}