{"MSE": 20.12116241455078, "PSNR": 35.09427294243335, "encoding_time": 0.3510868549346924, "decoding_time": 0.27310729026794434}