{"MSE": 20.468158721923828, "PSNR": 35.020015847845386, "encoding_time": 0.3557920455932617, "decoding_time": 0.2839200496673584}