{"MSE": 14.035945892333984, "PSNR": 36.65838675498528, "encoding_time": 0.3274400234222412, "decoding_time": 0.23567605018615723}