{"MSE": 12.656059265136719, "PSNR": 37.10781861017913, "encoding_time": 0.3090250492095947, "decoding_time": 0.21348786354064941}