{"MSE": 19.76613998413086, "PSNR": 35.17158494147411, "encoding_time": 0.3557920455932617, "decoding_time": 0.27703094482421875}