{"MSE": 12.340160369873047, "PSNR": 37.217595571432675, "encoding_time": 0.3201560974121094, "decoding_time": 0.22233986854553223}