{"MSE": 15.201316833496094, "PSNR": 36.311991499790764, "encoding_time": 0.32187914848327637, "decoding_time": 0.22634601593017578}