{"MSE": 20.69438934326172, "PSNR": 34.97227745244183, "encoding_time": 0.3557708263397217, "decoding_time": 0.28405284881591797}