{"MSE": 18.36554718017578, "PSNR": 35.49076488693493, "encoding_time": 0.33624815940856934, "decoding_time": 0.2551460266113281}