{"MSE": 21.308895111083984, "PSNR": 34.84519429201546, "encoding_time": 0.37165403366088867, "decoding_time": 0.29530811309814453}