{"MSE": 12.08791732788086, "PSNR": 37.307288797692316, "encoding_time": 0.3119847774505615, "decoding_time": 0.21403908729553223}