{"MSE": 21.148326873779297, "PSNR": 34.87804346519858, "encoding_time": 0.35336995124816895, "decoding_time": 0.2720520496368408}