{"MSE": 15.112152099609375, "PSNR": 36.33754044878919, "encoding_time": 0.3285503387451172, "decoding_time": 0.22619962692260742}