{"MSE": 19.895793914794922, "PSNR": 35.14319087104769, "encoding_time": 0.35458803176879883, "decoding_time": 0.28157782554626465}