{"MSE": 21.64453887939453, "PSNR": 34.77732022937152, "encoding_time": 0.3598780632019043, "decoding_time": 0.27815890312194824}