{"MSE": 12.495521545410156, "PSNR": 37.16325973189223, "encoding_time": 0.33002400398254395, "decoding_time": 0.22905802726745605}