{"MSE": 21.37944793701172, "PSNR": 34.830838742610524, "encoding_time": 0.3665919303894043, "decoding_time": 0.30211591720581055}