{"MSE": 15.061561584472656, "PSNR": 36.35210358965977, "encoding_time": 0.3211669921875, "decoding_time": 0.2180919647216797}