{"MSE": 20.39830780029297, "PSNR": 35.034862200830695, "encoding_time": 0.3560478687286377, "decoding_time": 0.28031325340270996}