{"MSE": 12.757389068603516, "PSNR": 37.073185602385436, "encoding_time": 0.3115732669830322, "decoding_time": 0.21337389945983887}