{"MSE": 20.568004608154297, "PSNR": 34.99888199931678, "encoding_time": 0.3565371036529541, "decoding_time": 0.2763242721557617}