{"MSE": 19.760005950927734, "PSNR": 35.172932898240596, "encoding_time": 0.38285112380981445, "decoding_time": 0.28429388999938965}