{"MSE": 14.539329528808594, "PSNR": 36.50535981074769, "encoding_time": 0.3260781764984131, "decoding_time": 0.2357487678527832}