{"MSE": 20.680217742919922, "PSNR": 34.97525253716278, "encoding_time": 0.36735081672668457, "decoding_time": 0.2879049777984619}