{"MSE": 21.461082458496094, "PSNR": 34.8142873765103, "encoding_time": 0.3579998016357422, "decoding_time": 0.2829928398132324}