{"MSE": 19.92288589477539, "PSNR": 35.13728113256254, "encoding_time": 0.3462369441986084, "decoding_time": 0.2665739059448242}