{"MSE": 15.456302642822266, "PSNR": 36.23974747990792, "encoding_time": 0.3241391181945801, "decoding_time": 0.2297801971435547}