{"MSE": 14.926307678222656, "PSNR": 36.39127971313864, "encoding_time": 0.324476957321167, "decoding_time": 0.2375319004058838}