{"MSE": 12.035987854003906, "PSNR": 37.32598620063555, "encoding_time": 0.3161349296569824, "decoding_time": 0.21411609649658203}