{"MSE": 13.379096984863281, "PSNR": 36.86653558925303, "encoding_time": 0.3171079158782959, "decoding_time": 0.21297216415405273}