{"MSE": 13.112091064453125, "PSNR": 36.95408404087335, "encoding_time": 0.31941819190979004, "decoding_time": 0.22749710083007812}