{"MSE": 13.8385009765625, "PSNR": 36.71991312139213, "encoding_time": 0.3220860958099365, "decoding_time": 0.2180171012878418}