{"MSE": 20.270294189453125, "PSNR": 35.06220309070364, "encoding_time": 0.369534969329834, "decoding_time": 0.2818009853363037}