{"MSE": 12.213600158691406, "PSNR": 37.26236662640217, "encoding_time": 0.31569695472717285, "decoding_time": 0.21621012687683105}