{"MSE": 13.599842071533203, "PSNR": 36.795464957226855, "encoding_time": 0.3317549228668213, "decoding_time": 0.23158478736877441}