{"MSE": 20.734622955322266, "PSNR": 34.96384218438758, "encoding_time": 0.37461304664611816, "decoding_time": 0.28019118309020996}