{"MSE": 14.932659149169922, "PSNR": 36.389432088040344, "encoding_time": 0.32143306732177734, "decoding_time": 0.2263638973236084}