{"MSE": 15.314884185791016, "PSNR": 36.27966643934399, "encoding_time": 0.3370339870452881, "decoding_time": 0.24013686180114746}