{"MSE": 13.798038482666016, "PSNR": 36.73263009010328, "encoding_time": 0.32024502754211426, "decoding_time": 0.21511602401733398}