{"MSE": 19.319385528564453, "PSNR": 35.270870517179176, "encoding_time": 0.35404276847839355, "decoding_time": 0.27230000495910645}