{"MSE": 16.600479125976562, "PSNR": 35.92959737962501, "encoding_time": 0.3389880657196045, "decoding_time": 0.24922895431518555}