{"MSE": 12.705257415771484, "PSNR": 37.09096892338146, "encoding_time": 0.32463693618774414, "decoding_time": 0.21536731719970703}