{"MSE": 20.60077667236328, "PSNR": 34.99196766801516, "encoding_time": 0.35934996604919434, "decoding_time": 0.2885100841522217}