{"MSE": 13.387348175048828, "PSNR": 36.863858023025, "encoding_time": 0.33304595947265625, "decoding_time": 0.2313830852508545}