{"MSE": 15.240276336669922, "PSNR": 36.30087519165977, "encoding_time": 0.32282304763793945, "decoding_time": 0.2395322322845459}