{"MSE": 20.495582580566406, "PSNR": 35.01420093354236, "encoding_time": 0.3609929084777832, "decoding_time": 0.2842559814453125}