{"MSE": 21.36566162109375, "PSNR": 34.833640148992885, "encoding_time": 0.3675210475921631, "decoding_time": 0.2976560592651367}