{"MSE": 14.96804428100586, "PSNR": 36.379153015705015, "encoding_time": 0.3266761302947998, "decoding_time": 0.22703981399536133}