{"MSE": 15.28042221069336, "PSNR": 36.28945006547018, "encoding_time": 0.3224508762359619, "decoding_time": 0.22445321083068848}