{"MSE": 12.92855453491211, "PSNR": 37.015303891664075, "encoding_time": 0.31272292137145996, "decoding_time": 0.2120680809020996}