{"MSE": 20.248371124267578, "PSNR": 35.06690268635511, "encoding_time": 0.35534095764160156, "decoding_time": 0.27686190605163574}