{"MSE": 12.65518569946289, "PSNR": 37.10811838583411, "encoding_time": 0.3130497932434082, "decoding_time": 0.21462798118591309}