{"MSE": 14.086780548095703, "PSNR": 36.64268611900409, "encoding_time": 0.32134413719177246, "decoding_time": 0.22813105583190918}