{"MSE": 20.292316436767578, "PSNR": 35.05748734816151, "encoding_time": 0.3585960865020752, "decoding_time": 0.3277709484100342}