{"MSE": 14.86562728881836, "PSNR": 36.40897120900823, "encoding_time": 0.3236579895019531, "decoding_time": 0.23993277549743652}