{"MSE": 19.332515716552734, "PSNR": 35.267919889538454, "encoding_time": 0.3488738536834717, "decoding_time": 0.26345300674438477}