{"MSE": 15.284698486328125, "PSNR": 36.288234848333104, "encoding_time": 0.3231947422027588, "decoding_time": 0.23241305351257324}