{"MSE": 18.714736938476562, "PSNR": 35.40896633984446, "encoding_time": 0.35275816917419434, "decoding_time": 0.2628147602081299}