{"MSE": 20.516265869140625, "PSNR": 35.00982042439854, "encoding_time": 0.3541228771209717, "decoding_time": 0.3031430244445801}