{"MSE": 18.165184020996094, "PSNR": 35.538405590601286, "encoding_time": 0.332751989364624, "decoding_time": 0.2548518180847168}