{"MSE": 18.11428451538086, "PSNR": 35.55059176080495, "encoding_time": 0.34654903411865234, "decoding_time": 0.27600526809692383}