{"MSE": 17.20694351196289, "PSNR": 35.77376627889373, "encoding_time": 0.34137916564941406, "decoding_time": 0.254835844039917}