{"MSE": 16.123489379882812, "PSNR": 36.05621324984682, "encoding_time": 0.3247509002685547, "decoding_time": 0.22982406616210938}