{"MSE": 20.212177276611328, "PSNR": 35.07467262182559, "encoding_time": 0.3473320007324219, "decoding_time": 0.26306915283203125}