{"MSE": 14.28873062133789, "PSNR": 36.58086712107387, "encoding_time": 0.3144042491912842, "decoding_time": 0.23204874992370605}