{"MSE": 13.188838958740234, "PSNR": 36.92873795496383, "encoding_time": 0.30553603172302246, "decoding_time": 0.20914387702941895}