{"MSE": 13.524982452392578, "PSNR": 36.81943650552077, "encoding_time": 0.3012421131134033, "decoding_time": 0.20908188819885254}