{"MSE": 12.829090118408203, "PSNR": 37.04884505004835, "encoding_time": 0.30249691009521484, "decoding_time": 0.20388579368591309}