{"MSE": 13.36550521850586, "PSNR": 36.87094981055394, "encoding_time": 0.3018927574157715, "decoding_time": 0.205092191696167}