{"MSE": 15.09017562866211, "PSNR": 36.343860664790036, "encoding_time": 0.3128540515899658, "decoding_time": 0.2195131778717041}