{"MSE": 14.979137420654297, "PSNR": 36.375935557979176, "encoding_time": 0.3133540153503418, "decoding_time": 0.22744488716125488}