{"MSE": 14.949081420898438, "PSNR": 36.38465853564748, "encoding_time": 0.30724191665649414, "decoding_time": 0.22337794303894043}