{"MSE": 13.39272689819336, "PSNR": 36.862113479885096, "encoding_time": 0.305678129196167, "decoding_time": 0.21287989616394043}