{"MSE": 15.007991790771484, "PSNR": 36.367577773878, "encoding_time": 0.3149130344390869, "decoding_time": 0.22554993629455566}