{"MSE": 12.03594970703125, "PSNR": 37.32599996522735, "encoding_time": 0.2943840026855469, "decoding_time": 0.19538211822509766}