{"MSE": 12.867900848388672, "PSNR": 37.0357265501376, "encoding_time": 0.3029062747955322, "decoding_time": 0.20685887336730957}