{"MSE": 15.389629364013672, "PSNR": 36.25852200237337, "encoding_time": 0.3126029968261719, "decoding_time": 0.2240281105041504}