{"MSE": 12.524383544921875, "PSNR": 37.153240019475795, "encoding_time": 0.29844093322753906, "decoding_time": 0.199876070022583}