{"MSE": 14.518440246582031, "PSNR": 36.51160399372172, "encoding_time": 0.31786489486694336, "decoding_time": 0.23292112350463867}