{"MSE": 15.046852111816406, "PSNR": 36.35634708344128, "encoding_time": 0.3143439292907715, "decoding_time": 0.22786307334899902}