{"MSE": 12.506900787353516, "PSNR": 37.159306561067666, "encoding_time": 0.29596495628356934, "decoding_time": 0.197296142578125}