{"MSE": 11.43149185180664, "PSNR": 37.54977449743955, "encoding_time": 0.29344987869262695, "decoding_time": 0.19083309173583984}