{"MSE": 9.562862396240234, "PSNR": 38.324924542795515, "encoding_time": 0.2793557643890381, "decoding_time": 0.17244386672973633}