{"MSE": 15.502948760986328, "PSNR": 36.22666049225039, "encoding_time": 0.3133890628814697, "decoding_time": 0.22549104690551758}