{"MSE": 12.740074157714844, "PSNR": 37.07908404909975, "encoding_time": 0.2997009754180908, "decoding_time": 0.2026510238647461}