{"MSE": 12.275463104248047, "PSNR": 37.24042475565724, "encoding_time": 0.3008890151977539, "decoding_time": 0.20141911506652832}