{"MSE": 12.605998992919922, "PSNR": 37.12503092773645, "encoding_time": 0.2980670928955078, "decoding_time": 0.2014939785003662}