{"MSE": 15.087928771972656, "PSNR": 36.34450735714069, "encoding_time": 0.31000804901123047, "decoding_time": 0.22432589530944824}