{"MSE": 14.755332946777344, "PSNR": 36.44131347281557, "encoding_time": 0.3120603561401367, "decoding_time": 0.2234807014465332}