{"MSE": 10.547489166259766, "PSNR": 37.899312728946754, "encoding_time": 0.29018211364746094, "decoding_time": 0.18437671661376953}