{"MSE": 13.018260955810547, "PSNR": 36.98527387982782, "encoding_time": 0.30414485931396484, "decoding_time": 0.2095329761505127}