{"MSE": 15.19647216796875, "PSNR": 36.313375818579814, "encoding_time": 0.31118178367614746, "decoding_time": 0.22129511833190918}