{"MSE": 13.66054916381836, "PSNR": 36.776122022235676, "encoding_time": 0.31490302085876465, "decoding_time": 0.2067720890045166}