{"MSE": 12.919021606445312, "PSNR": 37.01850736296412, "encoding_time": 0.3050081729888916, "decoding_time": 0.2073221206665039}