{"MSE": 14.393547058105469, "PSNR": 36.549125288538306, "encoding_time": 0.31443095207214355, "decoding_time": 0.23077106475830078}