{"MSE": 10.930919647216797, "PSNR": 37.74423659036242, "encoding_time": 0.2924649715423584, "decoding_time": 0.1932210922241211}