{"MSE": 15.262458801269531, "PSNR": 36.294558562265486, "encoding_time": 0.3074362277984619, "decoding_time": 0.21994280815124512}