{"MSE": 15.105613708496094, "PSNR": 36.339419864523215, "encoding_time": 0.31029701232910156, "decoding_time": 0.22655487060546875}