{"MSE": 10.458171844482422, "PSNR": 37.936245871630184, "encoding_time": 0.28835511207580566, "decoding_time": 0.18187904357910156}