{"MSE": 15.412761688232422, "PSNR": 36.25199897457763, "encoding_time": 0.3126232624053955, "decoding_time": 0.22534990310668945}