{"MSE": 11.950641632080078, "PSNR": 37.35689137609605, "encoding_time": 0.29107213020324707, "decoding_time": 0.19261980056762695}