{"MSE": 11.334793090820312, "PSNR": 37.586667640926386, "encoding_time": 0.29329991340637207, "decoding_time": 0.1952650547027588}