{"MSE": 10.438766479492188, "PSNR": 37.94431178561856, "encoding_time": 0.28668999671936035, "decoding_time": 0.18439698219299316}