{"MSE": 14.524192810058594, "PSNR": 36.50988355287707, "encoding_time": 0.3132359981536865, "decoding_time": 0.2301328182220459}