{"MSE": 13.574596405029297, "PSNR": 36.80353434700899, "encoding_time": 0.3091001510620117, "decoding_time": 0.21555089950561523}