{"MSE": 12.480270385742188, "PSNR": 37.168563664058176, "encoding_time": 0.29627275466918945, "decoding_time": 0.19632411003112793}