{"MSE": 14.779609680175781, "PSNR": 36.43417396090848, "encoding_time": 0.3136718273162842, "decoding_time": 0.22453093528747559}