{"MSE": 12.926204681396484, "PSNR": 37.01609332343514, "encoding_time": 0.30036211013793945, "decoding_time": 0.20630908012390137}