{"MSE": 17.604576110839844, "PSNR": 35.674547884307216, "encoding_time": 0.30730104446411133, "decoding_time": 0.220045804977417}