{"MSE": 10.789165496826172, "PSNR": 37.80092506003267, "encoding_time": 0.27562999725341797, "decoding_time": 0.1643972396850586}