{"MSE": 15.800559997558594, "PSNR": 36.144078815375536, "encoding_time": 0.3009960651397705, "decoding_time": 0.2078537940979004}