{"MSE": 14.736797332763672, "PSNR": 36.44677249925309, "encoding_time": 0.29433608055114746, "decoding_time": 0.19707512855529785}