{"MSE": 16.455352783203125, "PSNR": 35.96773163380266, "encoding_time": 0.3024423122406006, "decoding_time": 0.211622953414917}