{"MSE": 10.91079330444336, "PSNR": 37.75224032349512, "encoding_time": 0.27148008346557617, "decoding_time": 0.1539609432220459}