{"MSE": 16.662796020507812, "PSNR": 35.91332482981262, "encoding_time": 0.3035566806793213, "decoding_time": 0.2115161418914795}