{"MSE": 10.090728759765625, "PSNR": 38.09157828435185, "encoding_time": 0.2681868076324463, "decoding_time": 0.1459822654724121}