{"MSE": 10.193656921386719, "PSNR": 38.0475034802251, "encoding_time": 0.26533985137939453, "decoding_time": 0.1433699131011963}