{"MSE": 13.285881042480469, "PSNR": 36.896900012785316, "encoding_time": 0.2836449146270752, "decoding_time": 0.17582201957702637}