{"MSE": 14.012218475341797, "PSNR": 36.665734607481134, "encoding_time": 0.29207611083984375, "decoding_time": 0.19311809539794922}