{"MSE": 17.994670867919922, "PSNR": 35.57936453282893, "encoding_time": 0.30892229080200195, "decoding_time": 0.22322511672973633}