{"MSE": 11.344371795654297, "PSNR": 37.58299909411581, "encoding_time": 0.2735307216644287, "decoding_time": 0.15827727317810059}