{"MSE": 15.481674194335938, "PSNR": 36.23262437205388, "encoding_time": 0.29776477813720703, "decoding_time": 0.19771742820739746}