{"MSE": 12.65462875366211, "PSNR": 37.108309519979706, "encoding_time": 0.280958890914917, "decoding_time": 0.17071199417114258}