{"MSE": 17.805667877197266, "PSNR": 35.62522092493054, "encoding_time": 0.3106560707092285, "decoding_time": 0.22308802604675293}