{"MSE": 14.316474914550781, "PSNR": 36.572442642382526, "encoding_time": 0.2950589656829834, "decoding_time": 0.19173502922058105}