{"MSE": 16.735309600830078, "PSNR": 35.894466097140985, "encoding_time": 0.3032979965209961, "decoding_time": 0.21256017684936523}