{"MSE": 8.747627258300781, "PSNR": 38.71190091659145, "encoding_time": 0.2683141231536865, "decoding_time": 0.15175414085388184}