{"MSE": 8.099483489990234, "PSNR": 39.046230363842454, "encoding_time": 0.26813793182373047, "decoding_time": 0.1461479663848877}