{"MSE": 9.056159973144531, "PSNR": 38.561362753319855, "encoding_time": 0.27173399925231934, "decoding_time": 0.1566638946533203}