{"MSE": 8.965629577636719, "PSNR": 38.604995692013524, "encoding_time": 0.2696051597595215, "decoding_time": 0.15449881553649902}