{"MSE": 5.882556915283203, "PSNR": 40.43514223086344, "encoding_time": 0.254410982131958, "decoding_time": 0.12964320182800293}