{"MSE": 7.979106903076172, "PSNR": 39.11126077132705, "encoding_time": 0.26366496086120605, "decoding_time": 0.14307284355163574}