{"MSE": 9.356460571289062, "PSNR": 38.41968769081136, "encoding_time": 0.26789188385009766, "decoding_time": 0.1497049331665039}