{"MSE": 9.054069519042969, "PSNR": 38.56236536091839, "encoding_time": 0.26767587661743164, "decoding_time": 0.15010523796081543}