{"MSE": 5.883686065673828, "PSNR": 40.434308687333555, "encoding_time": 0.2546219825744629, "decoding_time": 0.12877702713012695}