{"MSE": 6.287639617919922, "PSNR": 40.14592719126951, "encoding_time": 0.2577779293060303, "decoding_time": 0.1334998607635498}