{"MSE": 5.890491485595703, "PSNR": 40.42928828291828, "encoding_time": 0.25873708724975586, "decoding_time": 0.1288130283355713}