{"MSE": 8.312278747558594, "PSNR": 38.93360262255182, "encoding_time": 0.2698831558227539, "decoding_time": 0.15074777603149414}