{"MSE": 5.899658203125, "PSNR": 40.42253509360784, "encoding_time": 0.25476694107055664, "decoding_time": 0.12802815437316895}