{"MSE": 6.525989532470703, "PSNR": 39.98433988013335, "encoding_time": 0.2573401927947998, "decoding_time": 0.13368582725524902}