{"MSE": 6.004047393798828, "PSNR": 40.34636249118118, "encoding_time": 0.2576429843902588, "decoding_time": 0.13120818138122559}