{"MSE": 8.013545989990234, "PSNR": 39.09255627166955, "encoding_time": 0.2656559944152832, "decoding_time": 0.1478440761566162}