{"MSE": 6.4304962158203125, "PSNR": 40.04835873872522, "encoding_time": 0.2613649368286133, "decoding_time": 0.13607192039489746}