{"MSE": 6.165988922119141, "PSNR": 40.23077620734775, "encoding_time": 0.25441884994506836, "decoding_time": 0.13185691833496094}