{"MSE": 6.426841735839844, "PSNR": 40.050827555424995, "encoding_time": 0.25774693489074707, "decoding_time": 0.13349413871765137}