{"MSE": 8.82867431640625, "PSNR": 38.67184864571509, "encoding_time": 0.27286505699157715, "decoding_time": 0.15788793563842773}