{"MSE": 8.08843994140625, "PSNR": 39.052155957665576, "encoding_time": 0.26677775382995605, "decoding_time": 0.14500188827514648}