{"MSE": 8.966480255126953, "PSNR": 38.6045836439683, "encoding_time": 0.2671661376953125, "decoding_time": 0.15074491500854492}