{"MSE": 8.106407165527344, "PSNR": 39.042519473367975, "encoding_time": 0.26834583282470703, "decoding_time": 0.1528491973876953}