{"MSE": 6.279838562011719, "PSNR": 40.15131881546107, "encoding_time": 0.2558169364929199, "decoding_time": 0.13339924812316895}