{"MSE": 8.931804656982422, "PSNR": 38.621411446013255, "encoding_time": 0.26654911041259766, "decoding_time": 0.14768266677856445}