{"MSE": 8.975238800048828, "PSNR": 38.6003434839039, "encoding_time": 0.27329516410827637, "decoding_time": 0.15980291366577148}