{"MSE": 8.198375701904297, "PSNR": 38.99352544286161, "encoding_time": 0.2678368091583252, "decoding_time": 0.14887595176696777}