{"MSE": 6.605552673339844, "PSNR": 39.93171200849175, "encoding_time": 0.2590510845184326, "decoding_time": 0.13578200340270996}