{"MSE": 6.3446197509765625, "PSNR": 40.10674762018141, "encoding_time": 0.25531005859375, "decoding_time": 0.13261699676513672}