{"MSE": 8.629932403564453, "PSNR": 38.770729668762144, "encoding_time": 0.26937317848205566, "decoding_time": 0.15149378776550293}