{"MSE": 8.12710952758789, "PSNR": 39.03144248167312, "encoding_time": 0.2691829204559326, "decoding_time": 0.1489870548248291}