{"MSE": 8.52614974975586, "PSNR": 38.82327404721762, "encoding_time": 0.2707631587982178, "decoding_time": 0.14813995361328125}