{"MSE": 7.838932037353516, "PSNR": 39.18823461688212, "encoding_time": 0.2653939723968506, "decoding_time": 0.14289307594299316}