{"MSE": 7.937335968017578, "PSNR": 39.1340559755004, "encoding_time": 0.26551294326782227, "decoding_time": 0.14379119873046875}