{"MSE": 7.983894348144531, "PSNR": 39.10865579622842, "encoding_time": 0.269669771194458, "decoding_time": 0.1508960723876953}