{"MSE": 8.768531799316406, "PSNR": 38.70153479569675, "encoding_time": 0.2699761390686035, "decoding_time": 0.15378403663635254}