{"MSE": 9.856536865234375, "PSNR": 38.19356010278597, "encoding_time": 0.27591609954833984, "decoding_time": 0.16508984565734863}