{"MSE": 8.432136535644531, "PSNR": 38.8714273071802, "encoding_time": 0.2771720886230469, "decoding_time": 0.16412901878356934}