{"MSE": 9.979679107666016, "PSNR": 38.13963783910245, "encoding_time": 0.27323222160339355, "decoding_time": 0.16243791580200195}