{"MSE": 7.971832275390625, "PSNR": 39.11522208149873, "encoding_time": 0.26375699043273926, "decoding_time": 0.14588308334350586}