{"MSE": 8.080486297607422, "PSNR": 39.0564286271557, "encoding_time": 0.26294827461242676, "decoding_time": 0.14374279975891113}