{"MSE": 10.293098449707031, "PSNR": 38.00534234204963, "encoding_time": 0.2822699546813965, "decoding_time": 0.17437386512756348}