{"MSE": 10.7508544921875, "PSNR": 37.816373769424565, "encoding_time": 0.2766411304473877, "decoding_time": 0.16567707061767578}