{"MSE": 10.775882720947266, "PSNR": 37.806275047604984, "encoding_time": 0.28350186347961426, "decoding_time": 0.17188215255737305}