{"MSE": 10.790115356445312, "PSNR": 37.80054273145162, "encoding_time": 0.2775099277496338, "decoding_time": 0.16756510734558105}