{"MSE": 7.627544403076172, "PSNR": 39.30695616339131, "encoding_time": 0.2683069705963135, "decoding_time": 0.15100407600402832}