{"MSE": 8.304798126220703, "PSNR": 38.93751280821491, "encoding_time": 0.26705288887023926, "decoding_time": 0.14992094039916992}