{"MSE": 7.8991546630859375, "PSNR": 39.15499743602859, "encoding_time": 0.26688408851623535, "decoding_time": 0.1495358943939209}