{"MSE": 7.649135589599609, "PSNR": 39.29468001515365, "encoding_time": 0.26188182830810547, "decoding_time": 0.1414330005645752}