{"MSE": 10.867576599121094, "PSNR": 37.76947650909256, "encoding_time": 0.29018402099609375, "decoding_time": 0.17797088623046875}