{"MSE": 8.17776870727539, "PSNR": 39.0044553767411, "encoding_time": 0.2700028419494629, "decoding_time": 0.1545701026916504}