{"MSE": 7.9443817138671875, "PSNR": 39.130202577769225, "encoding_time": 0.26894402503967285, "decoding_time": 0.15143489837646484}