{"MSE": 8.401126861572266, "PSNR": 38.88742818027484, "encoding_time": 0.27018070220947266, "decoding_time": 0.15269708633422852}