{"MSE": 7.8757171630859375, "PSNR": 39.167902497345715, "encoding_time": 0.26399707794189453, "decoding_time": 0.14422607421875}