{"MSE": 13.71240234375, "PSNR": 36.75966813209227, "encoding_time": 0.3113081455230713, "decoding_time": 0.2259068489074707}