{"MSE": 12.510627746582031, "PSNR": 37.158012590052905, "encoding_time": 0.303494930267334, "decoding_time": 0.21204185485839844}