{"MSE": 11.755123138427734, "PSNR": 37.428531780186425, "encoding_time": 0.29858994483947754, "decoding_time": 0.20286893844604492}