{"MSE": 12.402450561523438, "PSNR": 37.19572856334882, "encoding_time": 0.30328917503356934, "decoding_time": 0.20924091339111328}