{"MSE": 10.331756591796875, "PSNR": 37.98906194888571, "encoding_time": 0.3090691566467285, "decoding_time": 0.2297840118408203}