{"MSE": 11.299625396728516, "PSNR": 37.600163148031086, "encoding_time": 0.30521702766418457, "decoding_time": 0.21470284461975098}