{"MSE": 12.679496765136719, "PSNR": 37.09978343636172, "encoding_time": 0.30487489700317383, "decoding_time": 0.21512699127197266}