{"MSE": 11.92190933227539, "PSNR": 37.36734546229862, "encoding_time": 0.305164098739624, "decoding_time": 0.21039986610412598}