{"MSE": 12.586971282958984, "PSNR": 37.13159119508096, "encoding_time": 0.30381107330322266, "decoding_time": 0.21233892440795898}