{"MSE": 12.634529113769531, "PSNR": 37.115213003739356, "encoding_time": 0.30873608589172363, "decoding_time": 0.21977496147155762}