{"MSE": 11.66213607788086, "PSNR": 37.46302256253474, "encoding_time": 0.2949330806732178, "decoding_time": 0.2011280059814453}