{"MSE": 11.212459564208984, "PSNR": 37.633794710206736, "encoding_time": 0.2937929630279541, "decoding_time": 0.19594597816467285}