{"MSE": 11.84521484375, "PSNR": 37.39537418678782, "encoding_time": 0.2964920997619629, "decoding_time": 0.20185112953186035}