{"MSE": 13.476692199707031, "PSNR": 36.83497051435593, "encoding_time": 0.310230016708374, "decoding_time": 0.21958303451538086}