{"MSE": 11.196781158447266, "PSNR": 37.63987170880087, "encoding_time": 0.29937100410461426, "decoding_time": 0.20070886611938477}