{"MSE": 11.295452117919922, "PSNR": 37.60176741956098, "encoding_time": 0.2940530776977539, "decoding_time": 0.1963818073272705}