{"MSE": 12.029865264892578, "PSNR": 37.32819597621279, "encoding_time": 0.29886317253112793, "decoding_time": 0.20367074012756348}