{"MSE": 10.09393310546875, "PSNR": 38.09019938617861, "encoding_time": 0.2915678024291992, "decoding_time": 0.19431614875793457}