{"MSE": 12.88653564453125, "PSNR": 37.02944181503912, "encoding_time": 0.309359073638916, "decoding_time": 0.2148900032043457}