{"MSE": 11.344879150390625, "PSNR": 37.58280486878601, "encoding_time": 0.29442501068115234, "decoding_time": 0.19737505912780762}