{"MSE": 11.062747955322266, "PSNR": 37.69217342977043, "encoding_time": 0.298846960067749, "decoding_time": 0.20490717887878418}