{"MSE": 12.2347412109375, "PSNR": 37.25485573273315, "encoding_time": 0.30167293548583984, "decoding_time": 0.2041459083557129}