{"MSE": 10.465373992919922, "PSNR": 37.933256078722145, "encoding_time": 0.2985560894012451, "decoding_time": 0.20306181907653809}