{"MSE": 11.40578842163086, "PSNR": 37.55955049744587, "encoding_time": 0.29096531867980957, "decoding_time": 0.19615578651428223}