{"MSE": 12.850746154785156, "PSNR": 37.041520159634025, "encoding_time": 0.30727386474609375, "decoding_time": 0.21620583534240723}