{"MSE": 10.825859069824219, "PSNR": 37.78617991687231, "encoding_time": 0.3054170608520508, "decoding_time": 0.20795798301696777}