{"MSE": 11.836116790771484, "PSNR": 37.39871119034827, "encoding_time": 0.29473400115966797, "decoding_time": 0.20013427734375}