{"MSE": 12.772628784179688, "PSNR": 37.06800070576312, "encoding_time": 0.31137895584106445, "decoding_time": 0.22077679634094238}