{"MSE": 13.173088073730469, "PSNR": 36.93392765391899, "encoding_time": 0.31018710136413574, "decoding_time": 0.22272276878356934}