{"MSE": 11.85293197631836, "PSNR": 37.39254568864873, "encoding_time": 0.30475902557373047, "decoding_time": 0.2038252353668213}