{"MSE": 11.546409606933594, "PSNR": 37.50633400908514, "encoding_time": 0.29410600662231445, "decoding_time": 0.19840788841247559}