{"MSE": 12.190559387207031, "PSNR": 37.27056726356721, "encoding_time": 0.30515408515930176, "decoding_time": 0.21152496337890625}