{"MSE": 12.415451049804688, "PSNR": 37.19117858895739, "encoding_time": 0.30096983909606934, "decoding_time": 0.20835113525390625}