{"MSE": 10.582237243652344, "PSNR": 37.88502867095221, "encoding_time": 0.296267032623291, "decoding_time": 0.19787001609802246}