{"MSE": 11.928974151611328, "PSNR": 37.364772633375914, "encoding_time": 0.2985880374908447, "decoding_time": 0.20391488075256348}