{"MSE": 10.18887710571289, "PSNR": 38.049540368873934, "encoding_time": 0.2960381507873535, "decoding_time": 0.20189476013183594}