{"MSE": 13.381393432617188, "PSNR": 36.865790210843, "encoding_time": 0.3086268901824951, "decoding_time": 0.22023797035217285}