{"MSE": 12.883617401123047, "PSNR": 37.03042541572803, "encoding_time": 0.3068699836730957, "decoding_time": 0.21432709693908691}