{"MSE": 11.870792388916016, "PSNR": 37.386006512942835, "encoding_time": 0.2981879711151123, "decoding_time": 0.20229697227478027}