{"MSE": 11.165050506591797, "PSNR": 37.65219668867126, "encoding_time": 0.30472779273986816, "decoding_time": 0.20994186401367188}