{"MSE": 12.485061645507812, "PSNR": 37.16689669828298, "encoding_time": 0.30191493034362793, "decoding_time": 0.20857906341552734}