{"MSE": 13.47647476196289, "PSNR": 36.83504058553723, "encoding_time": 0.31467700004577637, "decoding_time": 0.22304105758666992}