{"MSE": 12.088546752929688, "PSNR": 37.3070626638585, "encoding_time": 0.3002150058746338, "decoding_time": 0.20431113243103027}