{"MSE": 12.025829315185547, "PSNR": 37.329653253364036, "encoding_time": 0.30219101905822754, "decoding_time": 0.20798277854919434}