{"MSE": 11.90909194946289, "PSNR": 37.37201712430632, "encoding_time": 0.29683470726013184, "decoding_time": 0.20119023323059082}