{"MSE": 11.714424133300781, "PSNR": 37.443594167933895, "encoding_time": 0.29647207260131836, "decoding_time": 0.19900894165039062}