{"MSE": 12.667736053466797, "PSNR": 37.10381355087921, "encoding_time": 0.3031430244445801, "decoding_time": 0.20853185653686523}