{"MSE": 12.264694213867188, "PSNR": 37.244236361188705, "encoding_time": 0.2998051643371582, "decoding_time": 0.2061610221862793}