{"MSE": 12.589813232421875, "PSNR": 37.13061073391518, "encoding_time": 0.3022792339324951, "decoding_time": 0.20907998085021973}