{"MSE": 13.040157318115234, "PSNR": 36.977975300565774, "encoding_time": 0.3075578212738037, "decoding_time": 0.2186112403869629}