{"MSE": 12.000534057617188, "PSNR": 37.3387978706069, "encoding_time": 0.3065609931945801, "decoding_time": 0.21109294891357422}