{"MSE": 10.976936340332031, "PSNR": 37.725992153026795, "encoding_time": 0.29718971252441406, "decoding_time": 0.2018423080444336}