{"MSE": 11.228408813476562, "PSNR": 37.62762144454062, "encoding_time": 0.29772186279296875, "decoding_time": 0.20003986358642578}