{"MSE": 11.28744125366211, "PSNR": 37.604848578587976, "encoding_time": 0.2972290515899658, "decoding_time": 0.20067191123962402}