{"MSE": 12.839141845703125, "PSNR": 37.04544363936527, "encoding_time": 0.305833101272583, "decoding_time": 0.2141571044921875}