{"MSE": 17.050636291503906, "PSNR": 35.81339770340988, "encoding_time": 0.3099379539489746, "decoding_time": 0.22334623336791992}