{"MSE": 15.252628326416016, "PSNR": 36.297356732962626, "encoding_time": 0.2988870143890381, "decoding_time": 0.20759797096252441}