{"MSE": 12.068473815917969, "PSNR": 37.31428008354094, "encoding_time": 0.29294514656066895, "decoding_time": 0.18973183631896973}