{"MSE": 14.89910888671875, "PSNR": 36.39920066761269, "encoding_time": 0.30756688117980957, "decoding_time": 0.23059606552124023}