{"MSE": 14.860992431640625, "PSNR": 36.410325478637226, "encoding_time": 0.3014190196990967, "decoding_time": 0.21530389785766602}