{"MSE": 17.44644546508789, "PSNR": 35.71373403621161, "encoding_time": 0.30898094177246094, "decoding_time": 0.22498583793640137}