{"MSE": 13.70499038696289, "PSNR": 36.76201625617744, "encoding_time": 0.29850101470947266, "decoding_time": 0.20324921607971191}