{"MSE": 14.892974853515625, "PSNR": 36.400989046587995, "encoding_time": 0.3204989433288574, "decoding_time": 0.2211441993713379}