{"MSE": 12.66635513305664, "PSNR": 37.10428700470098, "encoding_time": 0.29063868522644043, "decoding_time": 0.19237923622131348}