{"MSE": 15.588340759277344, "PSNR": 36.20280470017704, "encoding_time": 0.3084290027618408, "decoding_time": 0.2149498462677002}