{"MSE": 10.47613525390625, "PSNR": 37.92879264046564, "encoding_time": 0.28548097610473633, "decoding_time": 0.18680405616760254}