{"MSE": 16.142135620117188, "PSNR": 36.05119369101694, "encoding_time": 0.3307790756225586, "decoding_time": 0.23150110244750977}