{"MSE": 14.130180358886719, "PSNR": 36.62932655610338, "encoding_time": 0.30779314041137695, "decoding_time": 0.20460796356201172}