{"MSE": 14.399433135986328, "PSNR": 36.547349653531384, "encoding_time": 0.3022289276123047, "decoding_time": 0.21793699264526367}