{"MSE": 13.889381408691406, "PSNR": 36.703974568707004, "encoding_time": 0.2962648868560791, "decoding_time": 0.23407578468322754}