{"MSE": 16.380512237548828, "PSNR": 35.98752882340793, "encoding_time": 0.31017398834228516, "decoding_time": 0.2283027172088623}