{"MSE": 6.707244873046875, "PSNR": 39.86536198694292, "encoding_time": 0.2618751525878906, "decoding_time": 0.14934682846069336}