{"MSE": 7.111003875732422, "PSNR": 39.61149445522714, "encoding_time": 0.2683987617492676, "decoding_time": 0.15645217895507812}