{"MSE": 7.434814453125, "PSNR": 39.41810226340732, "encoding_time": 0.27008891105651855, "decoding_time": 0.1604170799255371}