{"MSE": 8.21615982055664, "PSNR": 38.984114823099965, "encoding_time": 0.29192304611206055, "decoding_time": 0.19526195526123047}