{"MSE": 6.888561248779297, "PSNR": 39.74951836632846, "encoding_time": 0.2696540355682373, "decoding_time": 0.1514267921447754}