{"MSE": 6.182746887207031, "PSNR": 40.21898893398527, "encoding_time": 0.25659990310668945, "decoding_time": 0.1435561180114746}