{"MSE": 8.105289459228516, "PSNR": 39.04311831714105, "encoding_time": 0.2760188579559326, "decoding_time": 0.1688380241394043}