{"MSE": 8.75888442993164, "PSNR": 38.706315648341544, "encoding_time": 0.27663421630859375, "decoding_time": 0.16719579696655273}