{"MSE": 8.648445129394531, "PSNR": 38.7614232651554, "encoding_time": 0.2797400951385498, "decoding_time": 0.17137789726257324}