{"MSE": 7.230159759521484, "PSNR": 39.5393246718167, "encoding_time": 0.26253294944763184, "decoding_time": 0.15363526344299316}