{"MSE": 7.210247039794922, "PSNR": 39.551302159568365, "encoding_time": 0.27281618118286133, "decoding_time": 0.16059398651123047}