{"MSE": 8.48748779296875, "PSNR": 38.84301198197923, "encoding_time": 0.2762911319732666, "decoding_time": 0.16680192947387695}