{"MSE": 8.534709930419922, "PSNR": 38.818915955529214, "encoding_time": 0.2762129306793213, "decoding_time": 0.16829991340637207}