{"MSE": 7.265872955322266, "PSNR": 39.51792560966987, "encoding_time": 0.2658360004425049, "decoding_time": 0.15151309967041016}