{"MSE": 6.078857421875, "PSNR": 40.29258403635647, "encoding_time": 0.25263214111328125, "decoding_time": 0.14068984985351562}