{"MSE": 8.309410095214844, "PSNR": 38.93510167587611, "encoding_time": 0.28149890899658203, "decoding_time": 0.1725780963897705}