{"MSE": 6.6994171142578125, "PSNR": 39.87043342506419, "encoding_time": 0.2562599182128906, "decoding_time": 0.14492011070251465}