{"MSE": 7.458919525146484, "PSNR": 39.404044393271015, "encoding_time": 0.27388501167297363, "decoding_time": 0.16076111793518066}