{"MSE": 7.646522521972656, "PSNR": 39.296163888360006, "encoding_time": 0.27390480041503906, "decoding_time": 0.17560291290283203}