{"MSE": 14.007877349853516, "PSNR": 36.66708030370691, "encoding_time": 0.28102707862854004, "decoding_time": 0.1849050521850586}