{"MSE": 15.749900817871094, "PSNR": 36.15802537624, "encoding_time": 0.2842528820037842, "decoding_time": 0.19377803802490234}