{"MSE": 12.626644134521484, "PSNR": 37.11792420250664, "encoding_time": 0.2914571762084961, "decoding_time": 0.18644094467163086}