{"MSE": 15.396312713623047, "PSNR": 36.256636374255024, "encoding_time": 0.2813289165496826, "decoding_time": 0.19546794891357422}