{"MSE": 15.644508361816406, "PSNR": 36.18718441139301, "encoding_time": 0.27765464782714844, "decoding_time": 0.19111323356628418}