{"MSE": 12.870800018310547, "PSNR": 37.03474818412681, "encoding_time": 0.2841048240661621, "decoding_time": 0.1806621551513672}