{"MSE": 15.744308471679688, "PSNR": 36.1595677074635, "encoding_time": 0.2835822105407715, "decoding_time": 0.1939089298248291}