{"MSE": 12.985832214355469, "PSNR": 36.99610573670332, "encoding_time": 0.2860989570617676, "decoding_time": 0.18553805351257324}