{"MSE": 13.922195434570312, "PSNR": 36.69372634936911, "encoding_time": 0.28321099281311035, "decoding_time": 0.18453598022460938}