{"MSE": 17.585865020751953, "PSNR": 35.67916625434184, "encoding_time": 0.35117292404174805, "decoding_time": 0.23215603828430176}