{"MSE": 12.994659423828125, "PSNR": 36.99315459277156, "encoding_time": 0.27220702171325684, "decoding_time": 0.177778959274292}