{"MSE": 14.327877044677734, "PSNR": 36.56898514928603, "encoding_time": 0.2842230796813965, "decoding_time": 0.18698382377624512}