{"MSE": 13.853919982910156, "PSNR": 36.71507685945964, "encoding_time": 0.275040864944458, "decoding_time": 0.18032002449035645}