{"MSE": 15.681018829345703, "PSNR": 36.17706084561049, "encoding_time": 0.2836458683013916, "decoding_time": 0.19785404205322266}