{"MSE": 16.157535552978516, "PSNR": 36.04705240652257, "encoding_time": 0.28589367866516113, "decoding_time": 0.19435596466064453}