{"MSE": 14.227890014648438, "PSNR": 36.599398615523604, "encoding_time": 0.2814178466796875, "decoding_time": 0.18792295455932617}