{"MSE": 14.922321319580078, "PSNR": 36.39243973531036, "encoding_time": 0.27831411361694336, "decoding_time": 0.1930370330810547}