{"MSE": 14.683990478515625, "PSNR": 36.46236266643797, "encoding_time": 0.3033609390258789, "decoding_time": 0.19917511940002441}