{"MSE": 13.820446014404297, "PSNR": 36.725583020215524, "encoding_time": 0.27101588249206543, "decoding_time": 0.18084287643432617}