{"MSE": 15.003402709960938, "PSNR": 36.368905944409036, "encoding_time": 0.28722596168518066, "decoding_time": 0.19315195083618164}