{"MSE": 13.600139617919922, "PSNR": 36.7953699404321, "encoding_time": 0.28606104850769043, "decoding_time": 0.1835169792175293}