{"MSE": 14.795764923095703, "PSNR": 36.42942938293044, "encoding_time": 0.2745368480682373, "decoding_time": 0.1875770092010498}