{"MSE": 17.203826904296875, "PSNR": 35.77455296602624, "encoding_time": 0.3149759769439697, "decoding_time": 0.2341008186340332}