{"MSE": 16.630577087402344, "PSNR": 35.921730412018505, "encoding_time": 0.31041407585144043, "decoding_time": 0.23406982421875}