{"MSE": 16.46430206298828, "PSNR": 35.96537035575062, "encoding_time": 0.303149938583374, "decoding_time": 0.20076203346252441}