{"MSE": 14.69278335571289, "PSNR": 36.45976285872428, "encoding_time": 0.3010270595550537, "decoding_time": 0.2297348976135254}