{"MSE": 16.549793243408203, "PSNR": 35.94287788363895, "encoding_time": 0.30246400833129883, "decoding_time": 0.22708892822265625}