{"MSE": 14.060123443603516, "PSNR": 36.65091227194027, "encoding_time": 0.28351283073425293, "decoding_time": 0.18544888496398926}