{"MSE": 16.65056610107422, "PSNR": 35.91651357236184, "encoding_time": 0.30596399307250977, "decoding_time": 0.21069097518920898}