{"MSE": 17.493194580078125, "PSNR": 35.70211233961512, "encoding_time": 0.2945258617401123, "decoding_time": 0.2046678066253662}