{"MSE": 12.882423400878906, "PSNR": 37.030827920499156, "encoding_time": 0.28418612480163574, "decoding_time": 0.17892098426818848}