{"MSE": 18.19668197631836, "PSNR": 35.53088155890819, "encoding_time": 0.2946481704711914, "decoding_time": 0.2090129852294922}