{"MSE": 14.783245086669922, "PSNR": 36.433105838766494, "encoding_time": 0.2842862606048584, "decoding_time": 0.19066762924194336}