{"MSE": 16.018272399902344, "PSNR": 36.08464686051515, "encoding_time": 0.28531312942504883, "decoding_time": 0.19965100288391113}