{"MSE": 15.970466613769531, "PSNR": 36.09762755635823, "encoding_time": 0.28354907035827637, "decoding_time": 0.1932840347290039}