{"MSE": 17.130146026611328, "PSNR": 35.7931929572603, "encoding_time": 0.28365516662597656, "decoding_time": 0.19711017608642578}