{"MSE": 17.445125579833984, "PSNR": 35.71406260776378, "encoding_time": 0.3268449306488037, "decoding_time": 0.26685094833374023}