{"MSE": 13.55166244506836, "PSNR": 36.81087785477938, "encoding_time": 0.312302827835083, "decoding_time": 0.18847894668579102}