{"MSE": 15.73898696899414, "PSNR": 36.16103585064319, "encoding_time": 0.2921628952026367, "decoding_time": 0.20070409774780273}