{"MSE": 13.441059112548828, "PSNR": 36.846468697830474, "encoding_time": 0.28160595893859863, "decoding_time": 0.18161702156066895}