{"MSE": 14.866188049316406, "PSNR": 36.40880738773649, "encoding_time": 0.2856578826904297, "decoding_time": 0.18920612335205078}