{"MSE": 13.330215454101562, "PSNR": 36.88243191966337, "encoding_time": 0.2832810878753662, "decoding_time": 0.18193507194519043}