{"MSE": 15.908287048339844, "PSNR": 36.11456942095247, "encoding_time": 0.27969932556152344, "decoding_time": 0.19073796272277832}