{"MSE": 13.576461791992188, "PSNR": 36.802937591435054, "encoding_time": 0.28197193145751953, "decoding_time": 0.18209004402160645}