{"MSE": 14.367328643798828, "PSNR": 36.557043347730776, "encoding_time": 0.28429102897644043, "decoding_time": 0.18755316734313965}