{"MSE": 14.220268249511719, "PSNR": 36.601725719155205, "encoding_time": 0.28421616554260254, "decoding_time": 0.18993091583251953}