{"MSE": 12.981006622314453, "PSNR": 36.997719893923325, "encoding_time": 0.2867410182952881, "decoding_time": 0.18419408798217773}