{"MSE": 16.305400848388672, "PSNR": 36.00748880994661, "encoding_time": 0.2842087745666504, "decoding_time": 0.19757604598999023}