{"MSE": 15.634483337402344, "PSNR": 36.18996826898978, "encoding_time": 0.2839198112487793, "decoding_time": 0.1975700855255127}