{"MSE": 13.7852783203125, "PSNR": 36.7366482207242, "encoding_time": 0.28203511238098145, "decoding_time": 0.1838698387145996}