{"MSE": 13.331501007080078, "PSNR": 36.882013110494796, "encoding_time": 0.2867269515991211, "decoding_time": 0.18393182754516602}