{"MSE": 13.445442199707031, "PSNR": 36.845052708028554, "encoding_time": 0.29670095443725586, "decoding_time": 0.19662785530090332}