{"MSE": 13.353702545166016, "PSNR": 36.87478662808381, "encoding_time": 0.28649020195007324, "decoding_time": 0.18426179885864258}