{"MSE": 12.990909576416016, "PSNR": 36.99440801004356, "encoding_time": 0.2959580421447754, "decoding_time": 0.1954948902130127}