{"MSE": 14.350753784179688, "PSNR": 36.56205647553152, "encoding_time": 0.29677391052246094, "decoding_time": 0.1985461711883545}