{"MSE": 13.971317291259766, "PSNR": 36.67843005193646, "encoding_time": 0.292618989944458, "decoding_time": 0.1876528263092041}