{"MSE": 11.242172241210938, "PSNR": 37.6223012603851, "encoding_time": 0.282379150390625, "decoding_time": 0.17406678199768066}