{"MSE": 12.813854217529297, "PSNR": 37.054005821269065, "encoding_time": 0.29013872146606445, "decoding_time": 0.18463826179504395}