{"MSE": 13.555706024169922, "PSNR": 36.809582189280924, "encoding_time": 0.2902820110321045, "decoding_time": 0.18711209297180176}