{"MSE": 13.368770599365234, "PSNR": 36.86988889766051, "encoding_time": 0.28758764266967773, "decoding_time": 0.18666434288024902}