{"MSE": 13.32247543334961, "PSNR": 36.884954327934324, "encoding_time": 0.2954370975494385, "decoding_time": 0.19074106216430664}