{"MSE": 12.600162506103516, "PSNR": 37.127042145559884, "encoding_time": 0.2932443618774414, "decoding_time": 0.19043397903442383}