{"MSE": 11.673725128173828, "PSNR": 37.45870897756604, "encoding_time": 0.2888810634613037, "decoding_time": 0.18533110618591309}