{"MSE": 13.312576293945312, "PSNR": 36.88818251150299, "encoding_time": 0.2928030490875244, "decoding_time": 0.19071698188781738}