{"MSE": 14.427558898925781, "PSNR": 36.53887504924032, "encoding_time": 0.2995619773864746, "decoding_time": 0.19350385665893555}