{"MSE": 13.621944427490234, "PSNR": 36.78841256679033, "encoding_time": 0.2919731140136719, "decoding_time": 0.19353985786437988}