{"MSE": 14.261959075927734, "PSNR": 36.589011749434555, "encoding_time": 0.2923588752746582, "decoding_time": 0.18850922584533691}