{"MSE": 13.055484771728516, "PSNR": 36.97287358337603, "encoding_time": 0.2970297336578369, "decoding_time": 0.1943511962890625}