{"MSE": 14.041107177734375, "PSNR": 36.65679006477098, "encoding_time": 0.29120516777038574, "decoding_time": 0.18638396263122559}