{"MSE": 12.872661590576172, "PSNR": 37.03412008633925, "encoding_time": 0.2957339286804199, "decoding_time": 0.19387102127075195}