{"MSE": 13.174766540527344, "PSNR": 36.93337432699383, "encoding_time": 0.2960989475250244, "decoding_time": 0.19443321228027344}