{"MSE": 14.13357162475586, "PSNR": 36.62828436746433, "encoding_time": 0.2915768623352051, "decoding_time": 0.1869981288909912}