{"MSE": 12.32467269897461, "PSNR": 37.22304966137034, "encoding_time": 0.2887308597564697, "decoding_time": 0.18414020538330078}