{"MSE": 13.407356262207031, "PSNR": 36.85737211198864, "encoding_time": 0.29000091552734375, "decoding_time": 0.18570303916931152}