{"MSE": 12.288921356201172, "PSNR": 37.23566595931652, "encoding_time": 0.28428101539611816, "decoding_time": 0.1795041561126709}