{"MSE": 14.07272720336914, "PSNR": 36.647020918197036, "encoding_time": 0.29250192642211914, "decoding_time": 0.1879270076751709}