{"MSE": 15.525753021240234, "PSNR": 36.22027687604575, "encoding_time": 0.30724596977233887, "decoding_time": 0.2103590965270996}