{"MSE": 12.537166595458984, "PSNR": 37.1488096400615, "encoding_time": 0.2889070510864258, "decoding_time": 0.18413710594177246}