{"MSE": 12.955638885498047, "PSNR": 37.00621526517513, "encoding_time": 0.2951688766479492, "decoding_time": 0.19505095481872559}