{"MSE": 15.004264831542969, "PSNR": 36.36865639842523, "encoding_time": 0.31222105026245117, "decoding_time": 0.21093177795410156}