{"MSE": 13.599811553955078, "PSNR": 36.79547470265667, "encoding_time": 0.29497694969177246, "decoding_time": 0.1911160945892334}