{"MSE": 13.538108825683594, "PSNR": 36.815223600294125, "encoding_time": 0.2899467945098877, "decoding_time": 0.18396306037902832}