{"MSE": 12.613105773925781, "PSNR": 37.122583231130896, "encoding_time": 0.32337474822998047, "decoding_time": 0.1981372833251953}