{"MSE": 13.638671875, "PSNR": 36.783082798027245, "encoding_time": 0.2909691333770752, "decoding_time": 0.18332791328430176}