{"MSE": 13.283355712890625, "PSNR": 36.897725581633416, "encoding_time": 0.29172301292419434, "decoding_time": 0.18503522872924805}