{"MSE": 15.344215393066406, "PSNR": 36.271356746281555, "encoding_time": 0.30141615867614746, "decoding_time": 0.20717501640319824}