{"MSE": 11.450935363769531, "PSNR": 37.542393976215095, "encoding_time": 0.28171801567077637, "decoding_time": 0.17349982261657715}