{"MSE": 13.713706970214844, "PSNR": 36.759254954948865, "encoding_time": 0.29384303092956543, "decoding_time": 0.19347906112670898}