{"MSE": 13.002086639404297, "PSNR": 36.990673052335275, "encoding_time": 0.2982039451599121, "decoding_time": 0.19400382041931152}