{"MSE": 13.052192687988281, "PSNR": 36.97396884266298, "encoding_time": 0.2957491874694824, "decoding_time": 0.19209885597229004}