{"MSE": 13.472606658935547, "PSNR": 36.836287303958166, "encoding_time": 0.2966148853302002, "decoding_time": 0.19726991653442383}