{"MSE": 12.565364837646484, "PSNR": 37.13905257937217, "encoding_time": 0.295504093170166, "decoding_time": 0.1910090446472168}