{"MSE": 11.34682846069336, "PSNR": 37.58205871541176, "encoding_time": 0.2822108268737793, "decoding_time": 0.17194795608520508}