{"MSE": 11.60711669921875, "PSNR": 37.48356009960907, "encoding_time": 0.28858494758605957, "decoding_time": 0.1860818862915039}