{"MSE": 14.21469497680664, "PSNR": 36.60342815962871, "encoding_time": 0.2975809574127197, "decoding_time": 0.19510602951049805}