{"MSE": 11.970588684082031, "PSNR": 37.34964852402862, "encoding_time": 0.29107189178466797, "decoding_time": 0.1867358684539795}