{"MSE": 12.407848358154297, "PSNR": 37.19383883736382, "encoding_time": 0.2879202365875244, "decoding_time": 0.1850597858428955}