{"MSE": 13.613590240478516, "PSNR": 36.79107686362019, "encoding_time": 0.2915678024291992, "decoding_time": 0.189467191696167}