{"MSE": 13.491012573242188, "PSNR": 36.83035813829942, "encoding_time": 0.2948329448699951, "decoding_time": 0.19534993171691895}