{"MSE": 11.512554168701172, "PSNR": 37.51908674222165, "encoding_time": 0.29062914848327637, "decoding_time": 0.18408608436584473}