{"MSE": 12.614448547363281, "PSNR": 37.12212091196394, "encoding_time": 0.2869749069213867, "decoding_time": 0.18274903297424316}