{"MSE": 11.856010437011719, "PSNR": 37.39141787916986, "encoding_time": 0.28324198722839355, "decoding_time": 0.17632102966308594}