{"MSE": 15.263103485107422, "PSNR": 36.29437512083972, "encoding_time": 0.31801414489746094, "decoding_time": 0.2157440185546875}