{"MSE": 13.282669067382812, "PSNR": 36.897950083686396, "encoding_time": 0.2902657985687256, "decoding_time": 0.18932700157165527}