{"MSE": 13.460186004638672, "PSNR": 36.840292994769776, "encoding_time": 0.2947540283203125, "decoding_time": 0.21659183502197266}