{"MSE": 9.165107727050781, "PSNR": 38.50942786824585, "encoding_time": 0.29216480255126953, "decoding_time": 0.1819319725036621}