{"MSE": 11.029666900634766, "PSNR": 37.70517964057879, "encoding_time": 0.31180381774902344, "decoding_time": 0.2046830654144287}