{"MSE": 8.134410858154297, "PSNR": 39.02754256615057, "encoding_time": 0.28615498542785645, "decoding_time": 0.16696500778198242}