{"MSE": 9.341117858886719, "PSNR": 38.426815091671514, "encoding_time": 0.29146409034729004, "decoding_time": 0.17836380004882812}