{"MSE": 9.822433471679688, "PSNR": 38.2086126489389, "encoding_time": 0.29707789421081543, "decoding_time": 0.19032883644104004}