{"MSE": 9.893692016601562, "PSNR": 38.17721973899005, "encoding_time": 0.31866002082824707, "decoding_time": 0.18967986106872559}