{"MSE": 9.843353271484375, "PSNR": 38.19937288938761, "encoding_time": 0.2921419143676758, "decoding_time": 0.1823899745941162}