{"MSE": 11.245182037353516, "PSNR": 37.62113870666892, "encoding_time": 0.3029041290283203, "decoding_time": 0.19284296035766602}