{"MSE": 10.58511734008789, "PSNR": 37.88384684164797, "encoding_time": 0.3075599670410156, "decoding_time": 0.2042388916015625}