{"MSE": 11.22564697265625, "PSNR": 37.628689805860844, "encoding_time": 0.2994828224182129, "decoding_time": 0.19164609909057617}