{"MSE": 11.403636932373047, "PSNR": 37.56036979026084, "encoding_time": 0.30195093154907227, "decoding_time": 0.19274592399597168}