{"MSE": 10.704753875732422, "PSNR": 37.83503674444373, "encoding_time": 0.3077671527862549, "decoding_time": 0.20960307121276855}