{"MSE": 10.802879333496094, "PSNR": 37.79540835752569, "encoding_time": 0.30928611755371094, "decoding_time": 0.18306684494018555}