{"MSE": 10.899848937988281, "PSNR": 37.75659881812857, "encoding_time": 0.30479884147644043, "decoding_time": 0.2109229564666748}