{"MSE": 10.36391830444336, "PSNR": 37.97556379949461, "encoding_time": 0.2901618480682373, "decoding_time": 0.17928409576416016}