{"MSE": 10.871078491210938, "PSNR": 37.76807729426748, "encoding_time": 0.3047969341278076, "decoding_time": 0.1920318603515625}