{"MSE": 11.665435791015625, "PSNR": 37.46179393297663, "encoding_time": 0.30306100845336914, "decoding_time": 0.20074176788330078}