{"MSE": 10.895004272460938, "PSNR": 37.758529559776186, "encoding_time": 0.30981993675231934, "decoding_time": 0.23640227317810059}