{"MSE": 11.13631820678711, "PSNR": 37.66338728986001, "encoding_time": 0.30562496185302734, "decoding_time": 0.195512056350708}