{"MSE": 11.762100219726562, "PSNR": 37.425954853522406, "encoding_time": 0.31049418449401855, "decoding_time": 0.20412087440490723}