{"MSE": 10.320335388183594, "PSNR": 37.99386549732664, "encoding_time": 0.28882479667663574, "decoding_time": 0.18059015274047852}