{"MSE": 10.052177429199219, "PSNR": 38.10820215224919, "encoding_time": 0.29793715476989746, "decoding_time": 0.18342089653015137}