{"MSE": 10.67599105834961, "PSNR": 37.84672159494576, "encoding_time": 0.2987403869628906, "decoding_time": 0.18847179412841797}