{"MSE": 10.978641510009766, "PSNR": 37.725317567472004, "encoding_time": 0.30002784729003906, "decoding_time": 0.21161913871765137}