{"MSE": 10.476993560791016, "PSNR": 37.92843683876429, "encoding_time": 0.3026399612426758, "decoding_time": 0.19979381561279297}