{"MSE": 10.638870239257812, "PSNR": 37.86184848971543, "encoding_time": 0.30864906311035156, "decoding_time": 0.21245908737182617}