{"MSE": 11.308464050292969, "PSNR": 37.596767391237876, "encoding_time": 0.3002963066101074, "decoding_time": 0.18964099884033203}