{"MSE": 11.195999145507812, "PSNR": 37.640175042196645, "encoding_time": 0.30857229232788086, "decoding_time": 0.20596671104431152}