{"MSE": 10.616485595703125, "PSNR": 37.87099586023667, "encoding_time": 0.3069796562194824, "decoding_time": 0.22870707511901855}