{"MSE": 10.850238800048828, "PSNR": 37.77641064305277, "encoding_time": 0.2969629764556885, "decoding_time": 0.18862295150756836}