{"MSE": 9.540393829345703, "PSNR": 38.335140580315965, "encoding_time": 0.29319310188293457, "decoding_time": 0.18206381797790527}