{"MSE": 11.279064178466797, "PSNR": 37.60807293045748, "encoding_time": 0.31220388412475586, "decoding_time": 0.2102220058441162}