{"MSE": 10.924331665039062, "PSNR": 37.74685483926969, "encoding_time": 0.30424976348876953, "decoding_time": 0.20235419273376465}