{"MSE": 8.19063949584961, "PSNR": 38.997625496232004, "encoding_time": 0.2849438190460205, "decoding_time": 0.16658830642700195}