{"MSE": 10.485462188720703, "PSNR": 37.924927823767966, "encoding_time": 0.29199910163879395, "decoding_time": 0.20070505142211914}