{"MSE": 10.736164093017578, "PSNR": 37.82231220175311, "encoding_time": 0.30013370513916016, "decoding_time": 0.1884469985961914}