{"MSE": 10.84243392944336, "PSNR": 37.77953576500012, "encoding_time": 0.3044421672821045, "decoding_time": 0.20552492141723633}