{"MSE": 11.227012634277344, "PSNR": 37.62816149490143, "encoding_time": 0.29819488525390625, "decoding_time": 0.18610095977783203}