{"MSE": 10.294048309326172, "PSNR": 38.00494158832081, "encoding_time": 0.29287004470825195, "decoding_time": 0.18428802490234375}