{"MSE": 9.554630279541016, "PSNR": 38.328664743603696, "encoding_time": 0.29407405853271484, "decoding_time": 0.17480182647705078}