{"MSE": 10.395355224609375, "PSNR": 37.962410264643175, "encoding_time": 0.29564428329467773, "decoding_time": 0.18252277374267578}