{"MSE": 10.440174102783203, "PSNR": 37.94372619745003, "encoding_time": 0.31876420974731445, "decoding_time": 0.21073102951049805}