{"MSE": 11.322257995605469, "PSNR": 37.59147314118025, "encoding_time": 0.30483007431030273, "decoding_time": 0.2200298309326172}