{"MSE": 10.308403015136719, "PSNR": 37.99888971572227, "encoding_time": 0.295367956161499, "decoding_time": 0.1844799518585205}