{"MSE": 7.228458404541016, "PSNR": 39.54034674609075, "encoding_time": 0.28386592864990234, "decoding_time": 0.16945981979370117}