{"MSE": 10.342193603515625, "PSNR": 37.984676974616875, "encoding_time": 0.3306620121002197, "decoding_time": 0.2132129669189453}