{"MSE": 9.992301940917969, "PSNR": 38.13414812073759, "encoding_time": 0.3020060062408447, "decoding_time": 0.18543505668640137}