{"MSE": 9.832782745361328, "PSNR": 38.20403917305609, "encoding_time": 0.30561208724975586, "decoding_time": 0.19422173500061035}