{"MSE": 9.04547119140625, "PSNR": 38.56649166068132, "encoding_time": 0.30863308906555176, "decoding_time": 0.20509815216064453}