{"MSE": 7.574256896972656, "PSNR": 39.337403298156644, "encoding_time": 0.2982981204986572, "decoding_time": 0.17930102348327637}