{"MSE": 9.427505493164062, "PSNR": 38.38683566737996, "encoding_time": 0.3115878105163574, "decoding_time": 0.214616060256958}