{"MSE": 7.719348907470703, "PSNR": 39.254996897831276, "encoding_time": 0.30646610260009766, "decoding_time": 0.1838839054107666}