{"MSE": 9.40884780883789, "PSNR": 38.395439171325776, "encoding_time": 0.30879902839660645, "decoding_time": 0.20622897148132324}