{"MSE": 9.997306823730469, "PSNR": 38.13197339780124, "encoding_time": 0.3243691921234131, "decoding_time": 0.21649694442749023}