{"MSE": 9.64571762084961, "PSNR": 38.287458171014414, "encoding_time": 0.324937105178833, "decoding_time": 0.2145400047302246}