{"MSE": 9.595802307128906, "PSNR": 38.309990688217454, "encoding_time": 0.30713510513305664, "decoding_time": 0.19216084480285645}