{"MSE": 9.45901870727539, "PSNR": 38.37234276487304, "encoding_time": 0.310107946395874, "decoding_time": 0.2005329132080078}