{"MSE": 9.383617401123047, "PSNR": 38.40710068918199, "encoding_time": 0.3126370906829834, "decoding_time": 0.23682880401611328}