{"MSE": 9.5543212890625, "PSNR": 38.328805193862635, "encoding_time": 0.3062398433685303, "decoding_time": 0.20428204536437988}