{"MSE": 9.933975219726562, "PSNR": 38.15957288553726, "encoding_time": 0.28276586532592773, "decoding_time": 0.17642521858215332}