{"MSE": 10.159053802490234, "PSNR": 38.06227100507931, "encoding_time": 0.2769808769226074, "decoding_time": 0.16617608070373535}