{"MSE": 9.715373992919922, "PSNR": 38.25620837462205, "encoding_time": 0.27880406379699707, "decoding_time": 0.17049312591552734}