{"MSE": 10.031730651855469, "PSNR": 38.11704497866043, "encoding_time": 0.2818779945373535, "decoding_time": 0.17465901374816895}