{"MSE": 9.52664566040039, "PSNR": 38.34140348751472, "encoding_time": 0.2775123119354248, "decoding_time": 0.16794490814208984}