{"MSE": 8.802326202392578, "PSNR": 38.68482901972268, "encoding_time": 0.2739832401275635, "decoding_time": 0.16297078132629395}