{"MSE": 8.508502960205078, "PSNR": 38.83227206578276, "encoding_time": 0.2879219055175781, "decoding_time": 0.17518210411071777}