{"MSE": 9.671634674072266, "PSNR": 38.275804772781164, "encoding_time": 0.27995920181274414, "decoding_time": 0.16939282417297363}