{"MSE": 9.117202758789062, "PSNR": 38.53218747623193, "encoding_time": 0.27472782135009766, "decoding_time": 0.1662578582763672}