{"MSE": 9.400131225585938, "PSNR": 38.3994644448629, "encoding_time": 0.2788522243499756, "decoding_time": 0.1663837432861328}