{"MSE": 8.620285034179688, "PSNR": 38.775587346342874, "encoding_time": 0.2805917263031006, "decoding_time": 0.17543315887451172}