{"MSE": 10.561920166015625, "PSNR": 37.89337480388215, "encoding_time": 0.2803688049316406, "decoding_time": 0.17159819602966309}