{"MSE": 9.236148834228516, "PSNR": 38.47589438207509, "encoding_time": 0.2748880386352539, "decoding_time": 0.16251397132873535}