{"MSE": 9.3299560546875, "PSNR": 38.43200762700367, "encoding_time": 0.2761716842651367, "decoding_time": 0.16213226318359375}