{"MSE": 10.050968170166016, "PSNR": 38.10872463219975, "encoding_time": 0.28196096420288086, "decoding_time": 0.17353582382202148}