{"MSE": 8.758991241455078, "PSNR": 38.70626268797567, "encoding_time": 0.2719459533691406, "decoding_time": 0.1581881046295166}