{"MSE": 9.706600189208984, "PSNR": 38.260132192829644, "encoding_time": 0.2753269672393799, "decoding_time": 0.16740202903747559}