{"MSE": 9.585391998291016, "PSNR": 38.31470482650846, "encoding_time": 0.2810811996459961, "decoding_time": 0.17559504508972168}