{"MSE": 10.026382446289062, "PSNR": 38.11936094548069, "encoding_time": 0.27446699142456055, "decoding_time": 0.16083788871765137}