{"MSE": 9.880599975585938, "PSNR": 38.182970439953664, "encoding_time": 0.28104710578918457, "decoding_time": 0.17464804649353027}