{"MSE": 10.227497100830078, "PSNR": 38.033109958061445, "encoding_time": 0.27503108978271484, "decoding_time": 0.16354107856750488}