{"MSE": 9.518985748291016, "PSNR": 38.34489684267733, "encoding_time": 0.27712106704711914, "decoding_time": 0.16830801963806152}