{"MSE": 9.199020385742188, "PSNR": 38.49338779578726, "encoding_time": 0.279965877532959, "decoding_time": 0.16895604133605957}