{"MSE": 10.14218521118164, "PSNR": 38.06948823729243, "encoding_time": 0.27857303619384766, "decoding_time": 0.17019867897033691}