{"MSE": 11.877315521240234, "PSNR": 37.38362067196965, "encoding_time": 0.286283016204834, "decoding_time": 0.1812429428100586}