{"MSE": 8.955936431884766, "PSNR": 38.609693585178235, "encoding_time": 0.27594590187072754, "decoding_time": 0.16084694862365723}