{"MSE": 9.079082489013672, "PSNR": 38.55038398920833, "encoding_time": 0.27422213554382324, "decoding_time": 0.16146397590637207}