{"MSE": 9.74172592163086, "PSNR": 38.24444454108627, "encoding_time": 0.27743983268737793, "decoding_time": 0.16786623001098633}