{"MSE": 9.288627624511719, "PSNR": 38.45128808244504, "encoding_time": 0.27487993240356445, "decoding_time": 0.16196417808532715}