{"MSE": 15.640811920166016, "PSNR": 36.188210671763336, "encoding_time": 0.2937431335449219, "decoding_time": 0.1933000087738037}