{"MSE": 15.958003997802734, "PSNR": 36.10101791331281, "encoding_time": 0.29312896728515625, "decoding_time": 0.1961369514465332}