{"MSE": 10.948524475097656, "PSNR": 37.737247673083914, "encoding_time": 0.27384328842163086, "decoding_time": 0.15930962562561035}