{"MSE": 16.749019622802734, "PSNR": 35.89090969487146, "encoding_time": 0.286041259765625, "decoding_time": 0.18300890922546387}