{"MSE": 15.978096008300781, "PSNR": 36.09555334472789, "encoding_time": 0.2943410873413086, "decoding_time": 0.19567489624023438}