{"MSE": 11.984115600585938, "PSNR": 37.344743712222616, "encoding_time": 0.27828311920166016, "decoding_time": 0.1640157699584961}