{"MSE": 16.232501983642578, "PSNR": 36.02694896251502, "encoding_time": 0.2850518226623535, "decoding_time": 0.18105006217956543}