{"MSE": 17.987503051757812, "PSNR": 35.58109480240888, "encoding_time": 0.2938868999481201, "decoding_time": 0.19720697402954102}