{"MSE": 15.716110229492188, "PSNR": 36.167352946672914, "encoding_time": 0.2903318405151367, "decoding_time": 0.19266200065612793}