{"MSE": 10.904117584228516, "PSNR": 37.75489834814379, "encoding_time": 0.27576708793640137, "decoding_time": 0.1592850685119629}