{"MSE": 15.992889404296875, "PSNR": 36.09153426891568, "encoding_time": 0.2951381206512451, "decoding_time": 0.19384098052978516}