{"MSE": 12.829715728759766, "PSNR": 37.04863327158509, "encoding_time": 0.2770359516143799, "decoding_time": 0.16884994506835938}