{"MSE": 16.91992950439453, "PSNR": 35.84681811616219, "encoding_time": 0.2852020263671875, "decoding_time": 0.18155384063720703}