{"MSE": 16.740520477294922, "PSNR": 35.893114044088044, "encoding_time": 0.2854728698730469, "decoding_time": 0.18238401412963867}