{"MSE": 11.468460083007812, "PSNR": 37.53575253546418, "encoding_time": 0.27535510063171387, "decoding_time": 0.16244888305664062}