{"MSE": 13.656597137451172, "PSNR": 36.7773786273266, "encoding_time": 0.27771592140197754, "decoding_time": 0.16550207138061523}