{"MSE": 13.493213653564453, "PSNR": 36.82964963768705, "encoding_time": 0.2773110866546631, "decoding_time": 0.1644878387451172}