{"MSE": 20.9119873046875, "PSNR": 34.926850542841684, "encoding_time": 0.2928199768066406, "decoding_time": 0.20675301551818848}