{"MSE": 7.566749572753906, "PSNR": 39.34170999963751, "encoding_time": 0.24974679946899414, "decoding_time": 0.1290130615234375}