{"MSE": 10.093830108642578, "PSNR": 38.0902437010963, "encoding_time": 0.26746201515197754, "decoding_time": 0.14908289909362793}