{"MSE": 22.002059936523438, "PSNR": 34.70617017446401, "encoding_time": 0.29936838150024414, "decoding_time": 0.21116065979003906}