{"MSE": 16.340545654296875, "PSNR": 35.9981380618109, "encoding_time": 0.2933380603790283, "decoding_time": 0.19970703125}