{"MSE": 17.854278564453125, "PSNR": 35.61338054466078, "encoding_time": 0.30263185501098633, "decoding_time": 0.2166900634765625}