{"MSE": 7.8168792724609375, "PSNR": 39.20046956306073, "encoding_time": 0.24573993682861328, "decoding_time": 0.1270599365234375}