{"MSE": 16.185943603515625, "PSNR": 36.03942338015666, "encoding_time": 0.2910158634185791, "decoding_time": 0.19350504875183105}