{"MSE": 15.118762969970703, "PSNR": 36.3356410259251, "encoding_time": 0.3634510040283203, "decoding_time": 0.2465369701385498}