{"MSE": 13.204532623291016, "PSNR": 36.92357326980998, "encoding_time": 0.2836930751800537, "decoding_time": 0.17187881469726562}