{"MSE": 21.263565063476562, "PSNR": 34.85444280473915, "encoding_time": 0.3021728992462158, "decoding_time": 0.21232938766479492}