{"MSE": 15.022178649902344, "PSNR": 36.36347438385122, "encoding_time": 59.64267611503601, "decoding_time": 0.2047109603881836}