{"MSE": 21.918678283691406, "PSNR": 34.722659986197165, "encoding_time": 0.2980070114135742, "decoding_time": 0.21075201034545898}