{"MSE": 21.556926727294922, "PSNR": 34.79493515323251, "encoding_time": 0.32465696334838867, "decoding_time": 0.21909093856811523}