{"MSE": 21.905311584472656, "PSNR": 34.72530925839234, "encoding_time": 0.29896020889282227, "decoding_time": 0.2101891040802002}