{"MSE": 7.585914611816406, "PSNR": 39.33072410956933, "encoding_time": 0.24793076515197754, "decoding_time": 0.12801527976989746}