{"MSE": 23.088436126708984, "PSNR": 34.496858434787555, "encoding_time": 0.3004300594329834, "decoding_time": 0.21430087089538574}