{"MSE": 17.14789581298828, "PSNR": 35.78869524703314, "encoding_time": 0.2860989570617676, "decoding_time": 0.1926569938659668}