{"MSE": 13.878822326660156, "PSNR": 36.70727744801808, "encoding_time": 0.281358003616333, "decoding_time": 0.1723651885986328}