{"MSE": 8.679595947265625, "PSNR": 38.74580852506775, "encoding_time": 0.2603609561920166, "decoding_time": 0.14226031303405762}