{"MSE": 21.722320556640625, "PSNR": 34.76174142570297, "encoding_time": 0.3160278797149658, "decoding_time": 0.2227940559387207}