{"MSE": 7.153247833251953, "PSNR": 39.58577088885244, "encoding_time": 0.2575650215148926, "decoding_time": 0.13278889656066895}