{"MSE": 22.916996002197266, "PSNR": 34.5292267188196, "encoding_time": 0.2960507869720459, "decoding_time": 0.21454119682312012}