{"MSE": 23.466083526611328, "PSNR": 34.42639748675073, "encoding_time": 0.3052029609680176, "decoding_time": 0.21745610237121582}