{"MSE": 21.699951171875, "PSNR": 34.76621604245607, "encoding_time": 0.30357909202575684, "decoding_time": 0.21761298179626465}