{"MSE": 12.876380920410156, "PSNR": 37.03286544983475, "encoding_time": 0.2802910804748535, "decoding_time": 0.1706371307373047}