{"MSE": 12.696025848388672, "PSNR": 37.094125629212805, "encoding_time": 0.2813758850097656, "decoding_time": 0.1671900749206543}