{"MSE": 6.895565032958984, "PSNR": 39.745105021555965, "encoding_time": 0.24174118041992188, "decoding_time": 0.1281137466430664}