{"MSE": 12.859512329101562, "PSNR": 37.038558617039705, "encoding_time": 0.2883760929107666, "decoding_time": 0.17612481117248535}