{"MSE": 13.702529907226562, "PSNR": 36.76279602228814, "encoding_time": 0.28232431411743164, "decoding_time": 0.17339491844177246}