{"MSE": 17.408782958984375, "PSNR": 35.723119500419294, "encoding_time": 0.28823304176330566, "decoding_time": 0.19522809982299805}