{"MSE": 6.711917877197266, "PSNR": 39.86233726768699, "encoding_time": 0.2365579605102539, "decoding_time": 0.11821699142456055}