{"MSE": 7.711711883544922, "PSNR": 39.25929565300417, "encoding_time": 0.25429797172546387, "decoding_time": 0.13185596466064453}