{"MSE": 12.023857116699219, "PSNR": 37.33036554117217, "encoding_time": 0.2630887031555176, "decoding_time": 0.15680313110351562}