{"MSE": 7.62188720703125, "PSNR": 39.3101784331793, "encoding_time": 0.2483539581298828, "decoding_time": 0.12871122360229492}