{"MSE": 7.270729064941406, "PSNR": 39.51502399389113, "encoding_time": 0.25151610374450684, "decoding_time": 0.1288771629333496}