{"MSE": 21.696895599365234, "PSNR": 34.766827616052296, "encoding_time": 0.3115570545196533, "decoding_time": 0.22023391723632812}