{"MSE": 23.47347640991211, "PSNR": 34.42502947714273, "encoding_time": 0.3027951717376709, "decoding_time": 0.2311418056488037}