{"MSE": 12.420948028564453, "PSNR": 37.18925616246235, "encoding_time": 0.2613377571105957, "decoding_time": 0.15360426902770996}