{"MSE": 21.11351776123047, "PSNR": 34.8851976294567, "encoding_time": 0.29195094108581543, "decoding_time": 0.2065598964691162}