{"MSE": 21.77481460571289, "PSNR": 34.75125894825804, "encoding_time": 0.30632781982421875, "decoding_time": 0.21958494186401367}