{"MSE": 21.665546417236328, "PSNR": 34.77310714208893, "encoding_time": 0.29567408561706543, "decoding_time": 0.2093639373779297}