{"MSE": 14.34600830078125, "PSNR": 36.563492830801565, "encoding_time": 0.27101612091064453, "decoding_time": 0.17076778411865234}