{"MSE": 22.555572509765625, "PSNR": 34.59826505950406, "encoding_time": 0.29265379905700684, "decoding_time": 0.20929837226867676}