{"MSE": 6.9237060546875, "PSNR": 39.72741739206009, "encoding_time": 0.2399747371673584, "decoding_time": 0.12082314491271973}