{"MSE": 21.912540435791016, "PSNR": 34.72387630350214, "encoding_time": 0.29620790481567383, "decoding_time": 0.21081900596618652}