{"MSE": 22.315311431884766, "PSNR": 34.64477408646986, "encoding_time": 0.3002200126647949, "decoding_time": 0.21321988105773926}