{"MSE": 8.2003173828125, "PSNR": 38.99249699345575, "encoding_time": 0.2659189701080322, "decoding_time": 0.14248299598693848}