{"MSE": 22.16646957397461, "PSNR": 34.673838317874356, "encoding_time": 0.30046916007995605, "decoding_time": 0.2103111743927002}