{"MSE": 22.582782745361328, "PSNR": 34.59302904390928, "encoding_time": 0.2919590473175049, "decoding_time": 0.20959210395812988}