{"MSE": 8.39749526977539, "PSNR": 38.88930592987852, "encoding_time": 0.27841782569885254, "decoding_time": 0.15412402153015137}