{"MSE": 14.977493286132812, "PSNR": 36.37641227283933, "encoding_time": 0.2817721366882324, "decoding_time": 0.17885589599609375}