{"MSE": 22.121070861816406, "PSNR": 34.682742139079096, "encoding_time": 0.29004788398742676, "decoding_time": 0.2042090892791748}