{"MSE": 21.059856414794922, "PSNR": 34.8962495500965, "encoding_time": 0.2895932197570801, "decoding_time": 0.20374488830566406}