{"MSE": 12.994117736816406, "PSNR": 36.99333563374836, "encoding_time": 0.28179478645324707, "decoding_time": 0.17061400413513184}