{"MSE": 10.475929260253906, "PSNR": 37.9288780372116, "encoding_time": 0.26443910598754883, "decoding_time": 0.14941120147705078}