{"MSE": 22.941272735595703, "PSNR": 34.52462852851339, "encoding_time": 0.2966179847717285, "decoding_time": 0.2115640640258789}