{"MSE": 12.020805358886719, "PSNR": 37.33146795763282, "encoding_time": 0.2604837417602539, "decoding_time": 0.1578660011291504}