{"MSE": 22.691001892089844, "PSNR": 34.572266888437085, "encoding_time": 0.3008718490600586, "decoding_time": 0.22066402435302734}