{"MSE": 14.881858825683594, "PSNR": 36.40423180510308, "encoding_time": 0.27626800537109375, "decoding_time": 0.17849516868591309}