{"MSE": 20.268505096435547, "PSNR": 35.06258642382615, "encoding_time": 0.3010671138763428, "decoding_time": 0.21025609970092773}