{"MSE": 22.977909088134766, "PSNR": 34.517698540439156, "encoding_time": 0.29821324348449707, "decoding_time": 0.21247267723083496}