{"MSE": 22.093490600585938, "PSNR": 34.68816024407402, "encoding_time": 0.3039109706878662, "decoding_time": 0.2091081142425537}