{"MSE": 14.885334014892578, "PSNR": 36.40321776557845, "encoding_time": 0.2865147590637207, "decoding_time": 0.18721795082092285}