{"MSE": 20.279144287109375, "PSNR": 35.06030735612291, "encoding_time": 0.3012669086456299, "decoding_time": 0.2101912498474121}