{"MSE": 15.3624267578125, "PSNR": 36.26620535518799, "encoding_time": 0.28409337997436523, "decoding_time": 0.18086671829223633}