{"MSE": 18.027721405029297, "PSNR": 35.57139522873083, "encoding_time": 0.2867300510406494, "decoding_time": 0.19866085052490234}