{"MSE": 21.565155029296875, "PSNR": 34.79327776284101, "encoding_time": 0.30116796493530273, "decoding_time": 0.2092750072479248}