{"MSE": 22.22466278076172, "PSNR": 34.66245180812406, "encoding_time": 0.3054938316345215, "decoding_time": 0.2145071029663086}