{"MSE": 17.296371459960938, "PSNR": 35.75125357172703, "encoding_time": 0.30085301399230957, "decoding_time": 0.20704269409179688}