{"MSE": 7.4946441650390625, "PSNR": 39.38329342873545, "encoding_time": 0.24910807609558105, "decoding_time": 0.12889480590820312}