{"MSE": 12.910930633544922, "PSNR": 37.021228130672974, "encoding_time": 0.28438591957092285, "decoding_time": 0.17052412033081055}