{"MSE": 7.18988037109375, "PSNR": 39.56358696438585, "encoding_time": 0.25441718101501465, "decoding_time": 0.1406409740447998}