{"MSE": 12.773792266845703, "PSNR": 37.06760511680685, "encoding_time": 0.26699090003967285, "decoding_time": 0.16287779808044434}