{"MSE": 20.209232330322266, "PSNR": 35.07530544187691, "encoding_time": 0.2862100601196289, "decoding_time": 0.20151185989379883}