{"MSE": 7.9957275390625, "PSNR": 39.102223741083904, "encoding_time": 0.3151860237121582, "decoding_time": 0.1342029571533203}