{"MSE": 16.850112915039062, "PSNR": 35.86477545380785, "encoding_time": 0.29610133171081543, "decoding_time": 0.20387482643127441}