{"MSE": 13.536685943603516, "PSNR": 36.81568007639421, "encoding_time": 0.27974772453308105, "decoding_time": 0.1708662509918213}