{"MSE": 14.791187286376953, "PSNR": 36.43077324719121, "encoding_time": 0.28038573265075684, "decoding_time": 0.17769503593444824}