{"MSE": 15.886138916015625, "PSNR": 36.12062004958752, "encoding_time": 0.29024481773376465, "decoding_time": 0.19605112075805664}