{"MSE": 6.703952789306641, "PSNR": 39.86749413631103, "encoding_time": 0.23897814750671387, "decoding_time": 0.11771583557128906}