{"MSE": 13.985504150390625, "PSNR": 36.67402234401602, "encoding_time": 0.27036333084106445, "decoding_time": 0.1908259391784668}