{"MSE": 8.13149642944336, "PSNR": 39.02909885231184, "encoding_time": 0.2699141502380371, "decoding_time": 0.15970587730407715}