{"MSE": 8.285064697265625, "PSNR": 38.9478445673588, "encoding_time": 0.2606072425842285, "decoding_time": 0.14015483856201172}