{"MSE": 14.567646026611328, "PSNR": 36.49690980700288, "encoding_time": 0.2652411460876465, "decoding_time": 0.16813397407531738}