{"MSE": 6.766448974609375, "PSNR": 39.827195496911145, "encoding_time": 0.2568178176879883, "decoding_time": 0.12691617012023926}