{"MSE": 14.56900405883789, "PSNR": 36.496504965745615, "encoding_time": 0.26948094367980957, "decoding_time": 0.1691441535949707}