{"MSE": 21.966461181640625, "PSNR": 34.71320263577644, "encoding_time": 0.28877997398376465, "decoding_time": 0.20726394653320312}