{"MSE": 20.48917007446289, "PSNR": 35.015559934565054, "encoding_time": 0.29116106033325195, "decoding_time": 0.20196199417114258}