{"MSE": 23.3802490234375, "PSNR": 34.44231228339402, "encoding_time": 0.3077218532562256, "decoding_time": 0.22258210182189941}