{"MSE": 15.489383697509766, "PSNR": 36.230462227791676, "encoding_time": 0.29041314125061035, "decoding_time": 0.18814682960510254}