{"MSE": 7.450435638427734, "PSNR": 39.40898693511041, "encoding_time": 0.2538108825683594, "decoding_time": 0.130357027053833}