{"MSE": 7.578472137451172, "PSNR": 39.33498702617979, "encoding_time": 0.25226593017578125, "decoding_time": 0.13123106956481934}