{"MSE": 12.121627807617188, "PSNR": 37.2951941592248, "encoding_time": 0.28707408905029297, "decoding_time": 0.1822190284729004}