{"MSE": 18.799816131591797, "PSNR": 35.38926759126867, "encoding_time": 0.2892420291900635, "decoding_time": 0.2032639980316162}