{"MSE": 7.554725646972656, "PSNR": 39.34861663492579, "encoding_time": 0.2541501522064209, "decoding_time": 0.1313929557800293}