{"MSE": 15.257518768310547, "PSNR": 36.295964480122635, "encoding_time": 0.27780985832214355, "decoding_time": 0.18932318687438965}