{"MSE": 15.59958267211914, "PSNR": 36.19967380822431, "encoding_time": 0.30526304244995117, "decoding_time": 0.1960759162902832}