{"MSE": 17.07632827758789, "PSNR": 35.806858657213276, "encoding_time": 0.2842118740081787, "decoding_time": 0.20111489295959473}