{"MSE": 15.280956268310547, "PSNR": 36.28929828025123, "encoding_time": 0.32802677154541016, "decoding_time": 0.23474621772766113}