{"MSE": 13.601844787597656, "PSNR": 36.7948254611973, "encoding_time": 0.2778449058532715, "decoding_time": 0.1736283302307129}