{"MSE": 8.21810531616211, "PSNR": 38.98308658362234, "encoding_time": 0.2839369773864746, "decoding_time": 0.17236709594726562}