{"MSE": 22.758827209472656, "PSNR": 34.559304823003075, "encoding_time": 0.29390692710876465, "decoding_time": 0.21047496795654297}