{"MSE": 16.331775665283203, "PSNR": 36.00046955083442, "encoding_time": 0.2897360324859619, "decoding_time": 0.19927215576171875}