{"MSE": 22.215904235839844, "PSNR": 34.66416366197007, "encoding_time": 0.3158261775970459, "decoding_time": 0.22277188301086426}