{"MSE": 20.385025024414062, "PSNR": 35.03769111944671, "encoding_time": 0.29186201095581055, "decoding_time": 0.2038581371307373}