{"MSE": 14.983100891113281, "PSNR": 36.37478656948129, "encoding_time": 0.2793400287628174, "decoding_time": 0.17921209335327148}