{"MSE": 22.983169555664062, "PSNR": 34.51670439839654, "encoding_time": 0.30155086517333984, "decoding_time": 0.21443414688110352}