{"MSE": 21.72305679321289, "PSNR": 34.76159423237644, "encoding_time": 0.3415048122406006, "decoding_time": 0.2767910957336426}