{"MSE": 22.586830139160156, "PSNR": 34.59225075041267, "encoding_time": 0.31226587295532227, "decoding_time": 0.22473812103271484}