{"MSE": 20.773582458496094, "PSNR": 34.955689626575925, "encoding_time": 0.2925839424133301, "decoding_time": 0.2056598663330078}