{"MSE": 20.46859359741211, "PSNR": 35.019923576712884, "encoding_time": 0.28929686546325684, "decoding_time": 0.2025449275970459}