{"MSE": 14.537956237792969, "PSNR": 36.5057700365957, "encoding_time": 0.27001500129699707, "decoding_time": 0.16885089874267578}