{"MSE": 7.131900787353516, "PSNR": 39.5987506784028, "encoding_time": 0.2404489517211914, "decoding_time": 0.12014412879943848}