{"MSE": 15.01373291015625, "PSNR": 36.36591675238507, "encoding_time": 0.27910304069519043, "decoding_time": 0.17869901657104492}