{"MSE": 14.001266479492188, "PSNR": 36.66913039462673, "encoding_time": 0.3061697483062744, "decoding_time": 0.18335628509521484}