{"MSE": 15.21004867553711, "PSNR": 36.30949756973798, "encoding_time": 0.2851979732513428, "decoding_time": 0.19179320335388184}