{"MSE": 18.210773468017578, "PSNR": 35.527519688479366, "encoding_time": 0.2885591983795166, "decoding_time": 0.19922590255737305}