{"MSE": 9.92739486694336, "PSNR": 38.16245064371287, "encoding_time": 0.26639699935913086, "decoding_time": 0.14806509017944336}