{"MSE": 15.36281967163086, "PSNR": 36.26609428021023, "encoding_time": 0.28562498092651367, "decoding_time": 0.20051002502441406}