{"MSE": 7.4653472900390625, "PSNR": 39.40030344836431, "encoding_time": 0.2547769546508789, "decoding_time": 0.13165283203125}