{"MSE": 15.668083190917969, "PSNR": 36.18064492065307, "encoding_time": 0.3320293426513672, "decoding_time": 0.2371509075164795}