{"MSE": 22.92989730834961, "PSNR": 34.52678251123447, "encoding_time": 0.3050689697265625, "decoding_time": 0.2164149284362793}