{"MSE": 20.74614715576172, "PSNR": 34.961429067767725, "encoding_time": 0.28780627250671387, "decoding_time": 0.20386266708374023}