{"MSE": 22.937763214111328, "PSNR": 34.52529295651899, "encoding_time": 0.369520902633667, "decoding_time": 0.24980807304382324}