{"MSE": 23.355220794677734, "PSNR": 34.44696383508423, "encoding_time": 0.3046231269836426, "decoding_time": 0.21668076515197754}