{"MSE": 12.701889038085938, "PSNR": 37.09212046383723, "encoding_time": 0.2788407802581787, "decoding_time": 0.19474411010742188}