{"MSE": 21.795181274414062, "PSNR": 34.747198753944396, "encoding_time": 0.2993032932281494, "decoding_time": 0.2106459140777588}