{"MSE": 14.942882537841797, "PSNR": 36.38645978279723, "encoding_time": 0.28108906745910645, "decoding_time": 0.1802518367767334}