{"MSE": 22.522441864013672, "PSNR": 34.60464886297126, "encoding_time": 0.292896032333374, "decoding_time": 0.2072460651397705}