{"MSE": 12.771785736083984, "PSNR": 37.06828736814545, "encoding_time": 0.2610039710998535, "decoding_time": 0.15839385986328125}