{"MSE": 21.82088851928711, "PSNR": 34.74207930327453, "encoding_time": 0.3022279739379883, "decoding_time": 0.21031403541564941}