{"MSE": 8.483280181884766, "PSNR": 38.84516549950527, "encoding_time": 0.27390527725219727, "decoding_time": 0.15342378616333008}