{"MSE": 14.390499114990234, "PSNR": 36.55004503753613, "encoding_time": 0.269575834274292, "decoding_time": 0.16948914527893066}