{"MSE": 22.827449798583984, "PSNR": 34.54622964501001, "encoding_time": 0.3083980083465576, "decoding_time": 0.23079895973205566}