{"MSE": 12.528667449951172, "PSNR": 37.15175479012489, "encoding_time": 0.2832150459289551, "decoding_time": 0.17351293563842773}