{"MSE": 13.325130462646484, "PSNR": 36.88408891091995, "encoding_time": 0.2802999019622803, "decoding_time": 0.17049431800842285}