{"MSE": 22.967670440673828, "PSNR": 34.51963412954854, "encoding_time": 0.31122303009033203, "decoding_time": 0.22442102432250977}