{"MSE": 16.63335418701172, "PSNR": 35.92100525477302, "encoding_time": 0.28617286682128906, "decoding_time": 0.19366121292114258}