{"MSE": 8.085975646972656, "PSNR": 39.05347931859535, "encoding_time": 0.2723808288574219, "decoding_time": 0.14259600639343262}