{"MSE": 22.746849060058594, "PSNR": 34.56159115066174, "encoding_time": 0.3050999641418457, "decoding_time": 0.22794508934020996}