{"MSE": 19.711505889892578, "PSNR": 35.183605567463346, "encoding_time": 0.29923200607299805, "decoding_time": 0.20995116233825684}