{"MSE": 18.185962677001953, "PSNR": 35.533440654170256, "encoding_time": 0.3049049377441406, "decoding_time": 0.21075010299682617}