{"MSE": 11.146759033203125, "PSNR": 37.65931748066626, "encoding_time": 0.25940418243408203, "decoding_time": 0.15275192260742188}