{"MSE": 11.331878662109375, "PSNR": 37.58778445271758, "encoding_time": 0.26163673400878906, "decoding_time": 0.15231108665466309}