{"MSE": 6.778095245361328, "PSNR": 39.819726936453606, "encoding_time": 0.3153951168060303, "decoding_time": 0.1827547550201416}