{"MSE": 20.89128875732422, "PSNR": 34.93115128980925, "encoding_time": 0.29410290718078613, "decoding_time": 0.20901727676391602}