{"MSE": 7.734169006347656, "PSNR": 39.24666702864217, "encoding_time": 0.2534520626068115, "decoding_time": 0.1327040195465088}