{"MSE": 20.156230926513672, "PSNR": 35.08671035517573, "encoding_time": 0.2871112823486328, "decoding_time": 0.20036768913269043}