{"MSE": 22.814559936523438, "PSNR": 34.54868264659636, "encoding_time": 0.32623982429504395, "decoding_time": 0.248124361038208}