{"MSE": 8.041358947753906, "PSNR": 39.077509124131225, "encoding_time": 0.2824990749359131, "decoding_time": 0.14492392539978027}