{"MSE": 12.71286392211914, "PSNR": 37.08836962519727, "encoding_time": 0.280303955078125, "decoding_time": 0.1678152084350586}