{"MSE": 7.0805206298828125, "PSNR": 39.630151683798054, "encoding_time": 0.2391347885131836, "decoding_time": 0.12090396881103516}