{"MSE": 8.44991683959961, "PSNR": 38.86227926034279, "encoding_time": 0.2508430480957031, "decoding_time": 0.13552188873291016}