{"MSE": 14.069892883300781, "PSNR": 36.64789569784868, "encoding_time": 0.2656090259552002, "decoding_time": 0.16853117942810059}