{"MSE": 6.8842620849609375, "PSNR": 39.752229652371284, "encoding_time": 0.24054980278015137, "decoding_time": 0.11950802803039551}