{"MSE": 7.487964630126953, "PSNR": 39.38716576550384, "encoding_time": 0.25222206115722656, "decoding_time": 0.13166594505310059}