{"MSE": 22.311092376708984, "PSNR": 34.64559526506852, "encoding_time": 0.29007983207702637, "decoding_time": 0.2102510929107666}