{"MSE": 7.751441955566406, "PSNR": 39.23697861575179, "encoding_time": 0.2434091567993164, "decoding_time": 0.12697982788085938}