{"MSE": 21.231792449951172, "PSNR": 34.860937007451334, "encoding_time": 0.2892429828643799, "decoding_time": 0.20412206649780273}