{"MSE": 7.876350402832031, "PSNR": 39.167553320926245, "encoding_time": 0.2439107894897461, "decoding_time": 0.12740206718444824}