{"MSE": 8.323417663574219, "PSNR": 38.92778673079307, "encoding_time": 0.2664470672607422, "decoding_time": 0.1485300064086914}