{"MSE": 12.833518981933594, "PSNR": 37.047346035663836, "encoding_time": 0.25913190841674805, "decoding_time": 0.15829110145568848}