{"MSE": 22.696910858154297, "PSNR": 34.57113608897328, "encoding_time": 0.29244184494018555, "decoding_time": 0.21156978607177734}