{"MSE": 23.60936737060547, "PSNR": 34.399960108555156, "encoding_time": 0.34226012229919434, "decoding_time": 0.24631595611572266}