{"MSE": 10.970794677734375, "PSNR": 37.728422737075135, "encoding_time": 0.2647857666015625, "decoding_time": 0.15157508850097656}