{"MSE": 19.68194580078125, "PSNR": 35.19012329335137, "encoding_time": 0.3080430030822754, "decoding_time": 0.22328495979309082}