{"MSE": 22.465545654296875, "PSNR": 34.61563389451341, "encoding_time": 0.3009350299835205, "decoding_time": 0.21132206916809082}