{"MSE": 20.29248809814453, "PSNR": 35.05745060949066, "encoding_time": 0.2873859405517578, "decoding_time": 0.20193004608154297}