{"MSE": 22.289196014404297, "PSNR": 34.64985957385653, "encoding_time": 0.3155710697174072, "decoding_time": 0.22388720512390137}