{"MSE": 17.00955581665039, "PSNR": 35.823873881663594, "encoding_time": 0.2909507751464844, "decoding_time": 0.19666504859924316}