{"MSE": 6.930828094482422, "PSNR": 39.72295233705069, "encoding_time": 0.23932385444641113, "decoding_time": 0.13341426849365234}