{"MSE": 15.012153625488281, "PSNR": 36.36637360791636, "encoding_time": 0.2807121276855469, "decoding_time": 0.1912250518798828}