{"MSE": 17.101726531982422, "PSNR": 35.80040403372732, "encoding_time": 0.28789496421813965, "decoding_time": 0.19840502738952637}