{"MSE": 13.490692138671875, "PSNR": 36.830461291874926, "encoding_time": 0.28340721130371094, "decoding_time": 0.17207980155944824}