{"MSE": 6.962608337402344, "PSNR": 39.70308395060276, "encoding_time": 0.28000926971435547, "decoding_time": 0.14368081092834473}