{"MSE": 20.38689422607422, "PSNR": 35.037292912061794, "encoding_time": 0.28765392303466797, "decoding_time": 0.20040202140808105}