{"MSE": 7.485328674316406, "PSNR": 39.388694862745986, "encoding_time": 0.2527768611907959, "decoding_time": 0.1303422451019287}