{"MSE": 21.617996215820312, "PSNR": 34.782649243839245, "encoding_time": 0.290665864944458, "decoding_time": 0.208038330078125}