{"MSE": 6.905418395996094, "PSNR": 39.73890363461229, "encoding_time": 0.26770472526550293, "decoding_time": 0.13248300552368164}