{"MSE": 22.12664794921875, "PSNR": 34.681647348946704, "encoding_time": 0.30759191513061523, "decoding_time": 0.21470093727111816}