{"MSE": 9.284126281738281, "PSNR": 38.453393218146296, "encoding_time": 0.26230788230895996, "decoding_time": 0.14675402641296387}