{"MSE": 7.820468902587891, "PSNR": 39.19847567437047, "encoding_time": 0.25621891021728516, "decoding_time": 0.12987804412841797}