{"MSE": 21.682804107666016, "PSNR": 34.76964914655773, "encoding_time": 0.29938411712646484, "decoding_time": 0.21003198623657227}