{"MSE": 13.845733642578125, "PSNR": 36.7176438825602, "encoding_time": 0.2811462879180908, "decoding_time": 0.17353081703186035}