{"MSE": 11.596141815185547, "PSNR": 37.48766842941769, "encoding_time": 0.2593240737915039, "decoding_time": 0.15398883819580078}