{"MSE": 22.752452850341797, "PSNR": 34.560521378112334, "encoding_time": 0.30405497550964355, "decoding_time": 0.2145531177520752}