{"MSE": 20.19699478149414, "PSNR": 35.07793607604914, "encoding_time": 0.28681206703186035, "decoding_time": 0.20084881782531738}