{"MSE": 8.340999603271484, "PSNR": 38.918622603295965, "encoding_time": 0.26565098762512207, "decoding_time": 0.15215015411376953}