{"MSE": 12.750152587890625, "PSNR": 37.07564978632652, "encoding_time": 0.28081202507019043, "decoding_time": 0.17038512229919434}