{"MSE": 9.94570541381836, "PSNR": 38.15444769338668, "encoding_time": 0.26463794708251953, "decoding_time": 0.1476290225982666}