{"MSE": 14.553874969482422, "PSNR": 36.50101721235967, "encoding_time": 0.2685692310333252, "decoding_time": 0.16879487037658691}