{"MSE": 8.247665405273438, "PSNR": 38.967493268745706, "encoding_time": 0.27238011360168457, "decoding_time": 0.14381194114685059}