{"MSE": 20.38021469116211, "PSNR": 35.0387160618789, "encoding_time": 0.28852224349975586, "decoding_time": 0.20281600952148438}