{"MSE": 14.827369689941406, "PSNR": 36.42016244934621, "encoding_time": 0.27910590171813965, "decoding_time": 0.17911601066589355}