{"MSE": 14.689346313476562, "PSNR": 36.460778910658526, "encoding_time": 0.29615092277526855, "decoding_time": 0.19682598114013672}