{"MSE": 14.272701263427734, "PSNR": 36.58574185035762, "encoding_time": 0.2994561195373535, "decoding_time": 0.20105290412902832}