{"MSE": 13.32931137084961, "PSNR": 36.88272647730517, "encoding_time": 0.2968587875366211, "decoding_time": 0.18235325813293457}