{"MSE": 14.646129608154297, "PSNR": 36.473574878431826, "encoding_time": 0.30263400077819824, "decoding_time": 0.20297026634216309}