{"MSE": 14.333023071289062, "PSNR": 36.56742560930229, "encoding_time": 0.2991909980773926, "decoding_time": 0.2032170295715332}