{"MSE": 11.409530639648438, "PSNR": 37.558125819013526, "encoding_time": 0.30222415924072266, "decoding_time": 0.21886491775512695}