{"MSE": 8.312492370605469, "PSNR": 38.933491011619175, "encoding_time": 0.27162718772888184, "decoding_time": 0.1508779525756836}