{"MSE": 12.883583068847656, "PSNR": 37.030436988826764, "encoding_time": 0.2893707752227783, "decoding_time": 0.18434929847717285}