{"MSE": 13.070365905761719, "PSNR": 36.96792615014311, "encoding_time": 0.29003095626831055, "decoding_time": 0.19100213050842285}