{"MSE": 9.107494354248047, "PSNR": 38.53681450173796, "encoding_time": 0.27169275283813477, "decoding_time": 0.15544700622558594}