{"MSE": 16.682926177978516, "PSNR": 35.90808132822082, "encoding_time": 0.3005402088165283, "decoding_time": 0.20761489868164062}