{"MSE": 20.907508850097656, "PSNR": 34.927780715752455, "encoding_time": 0.3152461051940918, "decoding_time": 0.22902464866638184}