{"MSE": 14.87591552734375, "PSNR": 36.40596657308472, "encoding_time": 0.29382896423339844, "decoding_time": 0.19523215293884277}