{"MSE": 20.948501586914062, "PSNR": 34.91927396849984, "encoding_time": 0.3141958713531494, "decoding_time": 0.22882604598999023}