{"MSE": 20.57477569580078, "PSNR": 34.99745251593906, "encoding_time": 0.31702303886413574, "decoding_time": 0.23095321655273438}