{"MSE": 14.015419006347656, "PSNR": 36.66474274866894, "encoding_time": 0.2906482219696045, "decoding_time": 0.18923377990722656}