{"MSE": 20.824909210205078, "PSNR": 34.94497244166895, "encoding_time": 0.31651806831359863, "decoding_time": 0.23105788230895996}