{"MSE": 20.915538787841797, "PSNR": 34.926113043073336, "encoding_time": 0.317371129989624, "decoding_time": 0.23188495635986328}