{"MSE": 20.060043334960938, "PSNR": 35.1074849399238, "encoding_time": 0.3129079341888428, "decoding_time": 0.2256162166595459}