{"MSE": 18.680145263671875, "PSNR": 35.41700111727271, "encoding_time": 0.3150970935821533, "decoding_time": 0.234483003616333}