{"MSE": 17.02303695678711, "PSNR": 35.82043318872764, "encoding_time": 0.3012409210205078, "decoding_time": 0.211104154586792}