{"MSE": 11.354694366455078, "PSNR": 37.579049120302045, "encoding_time": 0.2855851650238037, "decoding_time": 0.18393993377685547}