{"MSE": 11.865119934082031, "PSNR": 37.388082283906776, "encoding_time": 0.28156590461730957, "decoding_time": 0.17519402503967285}