{"MSE": 16.6422119140625, "PSNR": 35.91869313057983, "encoding_time": 0.30080699920654297, "decoding_time": 0.2078850269317627}