{"MSE": 20.777301788330078, "PSNR": 34.95491212955902, "encoding_time": 0.320767879486084, "decoding_time": 0.23598599433898926}