{"MSE": 20.353816986083984, "PSNR": 35.04434495682653, "encoding_time": 0.31441521644592285, "decoding_time": 0.22827792167663574}