{"MSE": 18.163375854492188, "PSNR": 35.538837909822504, "encoding_time": 0.3095359802246094, "decoding_time": 0.22191095352172852}