{"MSE": 11.158214569091797, "PSNR": 37.6548565236171, "encoding_time": 0.28278517723083496, "decoding_time": 0.1738290786743164}