{"MSE": 10.912914276123047, "PSNR": 37.751396171513825, "encoding_time": 0.2817540168762207, "decoding_time": 0.1675889492034912}