{"MSE": 14.270462036132812, "PSNR": 36.586423263310834, "encoding_time": 0.290830135345459, "decoding_time": 0.19246888160705566}