{"MSE": 20.565296173095703, "PSNR": 34.99945392443823, "encoding_time": 0.3104541301727295, "decoding_time": 0.22748088836669922}