{"MSE": 19.88967514038086, "PSNR": 35.14452671051275, "encoding_time": 0.31148529052734375, "decoding_time": 0.2265758514404297}