{"MSE": 10.231483459472656, "PSNR": 38.03141754374181, "encoding_time": 0.279130220413208, "decoding_time": 0.1635909080505371}