{"MSE": 19.724788665771484, "PSNR": 35.180680020551954, "encoding_time": 0.3124959468841553, "decoding_time": 0.22751116752624512}