{"MSE": 10.49954605102539, "PSNR": 37.919098381595454, "encoding_time": 0.28253173828125, "decoding_time": 0.1716451644897461}