{"MSE": 20.561397552490234, "PSNR": 35.00027730665921, "encoding_time": 0.3171231746673584, "decoding_time": 0.23015499114990234}