{"MSE": 20.18297576904297, "PSNR": 35.08095162059308, "encoding_time": 0.312755823135376, "decoding_time": 0.22950315475463867}