{"MSE": 11.430328369140625, "PSNR": 37.550216539321774, "encoding_time": 0.28118300437927246, "decoding_time": 0.16983485221862793}