{"MSE": 16.398075103759766, "PSNR": 35.98287489703074, "encoding_time": 0.2983238697052002, "decoding_time": 0.2052309513092041}