{"MSE": 11.616676330566406, "PSNR": 37.479984718643124, "encoding_time": 0.28247690200805664, "decoding_time": 0.16947698593139648}