{"MSE": 20.620800018310547, "PSNR": 34.98774850415185, "encoding_time": 0.31477928161621094, "decoding_time": 0.22997283935546875}