{"MSE": 20.90894317626953, "PSNR": 34.92748278519558, "encoding_time": 0.313338041305542, "decoding_time": 0.22750401496887207}