{"MSE": 20.184284210205078, "PSNR": 35.08067008115885, "encoding_time": 0.3122091293334961, "decoding_time": 0.2285289764404297}