{"MSE": 18.816333770751953, "PSNR": 35.38545352735143, "encoding_time": 0.31309008598327637, "decoding_time": 0.22405195236206055}