{"MSE": 10.791107177734375, "PSNR": 37.80014354877093, "encoding_time": 0.28244590759277344, "decoding_time": 0.16619610786437988}