{"MSE": 19.484882354736328, "PSNR": 35.23382572902048, "encoding_time": 0.3134610652923584, "decoding_time": 0.2218799591064453}