{"MSE": 11.26883316040039, "PSNR": 37.61201411834623, "encoding_time": 0.28298187255859375, "decoding_time": 0.17066502571105957}