{"MSE": 16.747608184814453, "PSNR": 35.891275689761294, "encoding_time": 0.3002181053161621, "decoding_time": 0.20775413513183594}