{"MSE": 20.073787689208984, "PSNR": 35.10451034353553, "encoding_time": 0.3120460510253906, "decoding_time": 0.2259387969970703}