{"MSE": 20.394943237304688, "PSNR": 35.03557859930642, "encoding_time": 0.3161158561706543, "decoding_time": 0.23097705841064453}