{"MSE": 10.909717559814453, "PSNR": 37.75266853524465, "encoding_time": 0.2825038433074951, "decoding_time": 0.16950297355651855}