{"MSE": 13.434005737304688, "PSNR": 36.84874831429634, "encoding_time": 0.290513277053833, "decoding_time": 0.18812179565429688}