{"MSE": 11.000411987304688, "PSNR": 37.716714102130965, "encoding_time": 0.2836170196533203, "decoding_time": 0.17095494270324707}