{"MSE": 19.997161865234375, "PSNR": 35.121119988905306, "encoding_time": 0.3125901222229004, "decoding_time": 0.22545194625854492}