{"MSE": 18.292644500732422, "PSNR": 35.50803866487456, "encoding_time": 0.3037269115447998, "decoding_time": 0.21440505981445312}