{"MSE": 19.712825775146484, "PSNR": 35.183314772992766, "encoding_time": 0.3137321472167969, "decoding_time": 0.2270050048828125}