{"MSE": 10.835929870605469, "PSNR": 37.78214175221768, "encoding_time": 0.2848341464996338, "decoding_time": 0.17357683181762695}