{"MSE": 20.692428588867188, "PSNR": 34.97268895777473, "encoding_time": 0.31232595443725586, "decoding_time": 0.2281508445739746}