{"MSE": 19.387123107910156, "PSNR": 35.25566992792652, "encoding_time": 0.3115248680114746, "decoding_time": 0.22270917892456055}