{"MSE": 20.468528747558594, "PSNR": 35.0199373363188, "encoding_time": 0.3280017375946045, "decoding_time": 0.2378532886505127}