{"MSE": 20.435489654541016, "PSNR": 35.026953125703606, "encoding_time": 0.3151090145111084, "decoding_time": 0.22873592376708984}