{"MSE": 20.530231475830078, "PSNR": 35.00686514852946, "encoding_time": 0.31287193298339844, "decoding_time": 0.22925591468811035}