{"MSE": 10.722698211669922, "PSNR": 37.82776277844059, "encoding_time": 0.28114891052246094, "decoding_time": 0.1696469783782959}