{"MSE": 11.27395248413086, "PSNR": 37.61004160783178, "encoding_time": 0.2827270030975342, "decoding_time": 0.17213106155395508}