{"MSE": 20.509159088134766, "PSNR": 35.01132506977834, "encoding_time": 0.3172798156738281, "decoding_time": 0.2307300567626953}