{"MSE": 11.131462097167969, "PSNR": 37.66528149001446, "encoding_time": 0.2841010093688965, "decoding_time": 0.1693592071533203}