{"MSE": 20.00189971923828, "PSNR": 35.12009115283862, "encoding_time": 0.3123912811279297, "decoding_time": 0.22564411163330078}