{"MSE": 19.98134994506836, "PSNR": 35.12455534941449, "encoding_time": 0.3134629726409912, "decoding_time": 0.22548699378967285}