{"MSE": 8.024238586425781, "PSNR": 39.08676527691574, "encoding_time": 0.27992892265319824, "decoding_time": 0.17194795608520508}