{"MSE": 9.526958465576172, "PSNR": 38.34126089028128, "encoding_time": 0.2980790138244629, "decoding_time": 0.19688820838928223}