{"MSE": 8.853412628173828, "PSNR": 38.65969655152423, "encoding_time": 0.2912776470184326, "decoding_time": 0.18922805786132812}