{"MSE": 8.140491485595703, "PSNR": 39.024297344752114, "encoding_time": 0.2892799377441406, "decoding_time": 0.17680788040161133}