{"MSE": 7.758014678955078, "PSNR": 39.23329763873638, "encoding_time": 0.287463903427124, "decoding_time": 0.17355704307556152}