{"MSE": 7.802276611328125, "PSNR": 39.20859017731931, "encoding_time": 0.2826969623565674, "decoding_time": 0.17220807075500488}