{"MSE": 8.664871215820312, "PSNR": 38.75318248598613, "encoding_time": 0.2894299030303955, "decoding_time": 0.18094801902770996}