{"MSE": 7.530036926269531, "PSNR": 39.36283254941343, "encoding_time": 0.28067684173583984, "decoding_time": 0.16681504249572754}