{"MSE": 8.371574401855469, "PSNR": 38.902732195127705, "encoding_time": 0.2860758304595947, "decoding_time": 0.18268537521362305}