{"MSE": 7.803184509277344, "PSNR": 39.20808484772107, "encoding_time": 0.2843310832977295, "decoding_time": 0.17084598541259766}