{"MSE": 8.691261291503906, "PSNR": 38.73997554247613, "encoding_time": 0.28723692893981934, "decoding_time": 0.17834997177124023}