{"MSE": 8.260730743408203, "PSNR": 38.960618942021604, "encoding_time": 0.28772687911987305, "decoding_time": 0.17758679389953613}