{"MSE": 8.564151763916016, "PSNR": 38.80396006116682, "encoding_time": 0.2838149070739746, "decoding_time": 0.18043923377990723}