{"MSE": 8.062187194824219, "PSNR": 39.06627483109502, "encoding_time": 0.28278493881225586, "decoding_time": 0.17312216758728027}