{"MSE": 7.154430389404297, "PSNR": 39.58505298395595, "encoding_time": 0.27679991722106934, "decoding_time": 0.16196823120117188}