{"MSE": 8.431510925292969, "PSNR": 38.871749537734715, "encoding_time": 0.29074597358703613, "decoding_time": 0.18084502220153809}