{"MSE": 8.468582153320312, "PSNR": 38.85269655913018, "encoding_time": 0.28952813148498535, "decoding_time": 0.18289995193481445}