{"MSE": 7.942653656005859, "PSNR": 39.131147355670294, "encoding_time": 0.28203701972961426, "decoding_time": 0.17103290557861328}