{"MSE": 8.355583190917969, "PSNR": 38.911035933221086, "encoding_time": 0.28359293937683105, "decoding_time": 0.17541003227233887}