{"MSE": 8.658943176269531, "PSNR": 38.75615471243422, "encoding_time": 0.29041409492492676, "decoding_time": 0.18006181716918945}