{"MSE": 8.798347473144531, "PSNR": 38.68679251296015, "encoding_time": 0.2896456718444824, "decoding_time": 0.1846630573272705}