{"MSE": 8.173492431640625, "PSNR": 39.0067269604897, "encoding_time": 0.28316378593444824, "decoding_time": 0.17104101181030273}