{"MSE": 7.338520050048828, "PSNR": 39.47471875734212, "encoding_time": 0.2785928249359131, "decoding_time": 0.1660323143005371}