{"MSE": 8.896026611328125, "PSNR": 38.63884287491475, "encoding_time": 0.285167932510376, "decoding_time": 0.18307113647460938}