{"MSE": 9.058570861816406, "PSNR": 38.56020674867104, "encoding_time": 0.2896442413330078, "decoding_time": 0.18641090393066406}