{"MSE": 8.589622497558594, "PSNR": 38.79106283279949, "encoding_time": 0.2868690490722656, "decoding_time": 0.18221306800842285}