{"MSE": 6.9514617919921875, "PSNR": 39.71004220818585, "encoding_time": 0.2757599353790283, "decoding_time": 0.16150712966918945}