{"MSE": 8.442195892333984, "PSNR": 38.86624935582966, "encoding_time": 0.28433704376220703, "decoding_time": 0.18037891387939453}