{"MSE": 8.503738403320312, "PSNR": 38.8347046915299, "encoding_time": 0.2821192741394043, "decoding_time": 0.17498087882995605}