{"MSE": 8.990730285644531, "PSNR": 38.59285391476792, "encoding_time": 0.28898191452026367, "decoding_time": 0.18427109718322754}