{"MSE": 8.343421936035156, "PSNR": 38.917361539785304, "encoding_time": 0.2822229862213135, "decoding_time": 0.1771249771118164}