{"MSE": 8.689701080322266, "PSNR": 38.74075523590634, "encoding_time": 0.28388094902038574, "decoding_time": 0.17948603630065918}