{"MSE": 8.576793670654297, "PSNR": 38.79755398356321, "encoding_time": 0.2819180488586426, "decoding_time": 0.17792296409606934}