{"MSE": 7.0070343017578125, "PSNR": 39.67546117353545, "encoding_time": 0.2743039131164551, "decoding_time": 0.1609179973602295}