{"MSE": 8.787540435791016, "PSNR": 38.692130244331445, "encoding_time": 0.2880136966705322, "decoding_time": 0.18357610702514648}