{"MSE": 8.857337951660156, "PSNR": 38.65777145371425, "encoding_time": 0.2851901054382324, "decoding_time": 0.17934894561767578}