{"MSE": 8.938556671142578, "PSNR": 38.61812962918013, "encoding_time": 0.2867410182952881, "decoding_time": 0.18142223358154297}