{"MSE": 9.037059783935547, "PSNR": 38.57053205537832, "encoding_time": 0.2903890609741211, "decoding_time": 0.18548011779785156}