{"MSE": 8.450687408447266, "PSNR": 38.86188323450397, "encoding_time": 0.2847781181335449, "decoding_time": 0.17797470092773438}