{"MSE": 6.750343322753906, "PSNR": 39.83754499238993, "encoding_time": 0.2728140354156494, "decoding_time": 0.1576850414276123}