{"MSE": 8.036304473876953, "PSNR": 39.08023978234746, "encoding_time": 0.2798120975494385, "decoding_time": 0.17232298851013184}