{"MSE": 8.76308822631836, "PSNR": 38.70423176698338, "encoding_time": 0.2865719795227051, "decoding_time": 0.18379426002502441}