{"MSE": 6.425945281982422, "PSNR": 40.05143337728083, "encoding_time": 0.27198219299316406, "decoding_time": 0.15438199043273926}