{"MSE": 8.33914566040039, "PSNR": 38.919588011149756, "encoding_time": 0.283466100692749, "decoding_time": 0.17609405517578125}