{"MSE": 6.419685363769531, "PSNR": 40.05566617554073, "encoding_time": 0.26958417892456055, "decoding_time": 0.14887189865112305}