{"MSE": 6.6737213134765625, "PSNR": 39.88712293782332, "encoding_time": 0.2737431526184082, "decoding_time": 0.15467023849487305}