{"MSE": 5.835727691650391, "PSNR": 40.46985342343678, "encoding_time": 0.26735997200012207, "decoding_time": 0.14871716499328613}