{"MSE": 5.635257720947266, "PSNR": 40.62166578156447, "encoding_time": 0.270021915435791, "decoding_time": 0.1475229263305664}