{"MSE": 6.7522125244140625, "PSNR": 39.83634257711249, "encoding_time": 0.26859402656555176, "decoding_time": 0.15178418159484863}