{"MSE": 6.737674713134766, "PSNR": 39.845703209341075, "encoding_time": 0.2822709083557129, "decoding_time": 0.17129802703857422}