{"MSE": 5.532024383544922, "PSNR": 40.70196275183409, "encoding_time": 0.26632094383239746, "decoding_time": 0.14691925048828125}