{"MSE": 6.543811798095703, "PSNR": 39.97249560458903, "encoding_time": 0.27953600883483887, "decoding_time": 0.16511011123657227}