{"MSE": 6.194831848144531, "PSNR": 40.210508384389705, "encoding_time": 0.27609992027282715, "decoding_time": 0.1628720760345459}