{"MSE": 5.292510986328125, "PSNR": 40.89418592656058, "encoding_time": 0.2666349411010742, "decoding_time": 0.14366912841796875}