{"MSE": 6.279773712158203, "PSNR": 40.15136366387345, "encoding_time": 0.26810789108276367, "decoding_time": 0.14767193794250488}