{"MSE": 6.0967254638671875, "PSNR": 40.27983721727896, "encoding_time": 0.27660703659057617, "decoding_time": 0.16215872764587402}