{"MSE": 6.365329742431641, "PSNR": 40.09259454589277, "encoding_time": 0.26985597610473633, "decoding_time": 0.14823603630065918}