{"MSE": 6.635032653808594, "PSNR": 39.91237296314933, "encoding_time": 0.2706301212310791, "decoding_time": 0.15186500549316406}