{"MSE": 6.738040924072266, "PSNR": 39.84546716489833, "encoding_time": 0.2747340202331543, "decoding_time": 0.15535593032836914}