{"MSE": 5.424640655517578, "PSNR": 40.78709386364797, "encoding_time": 0.2687559127807617, "decoding_time": 0.15039920806884766}