{"MSE": 5.871849060058594, "PSNR": 40.44305477656452, "encoding_time": 0.2760758399963379, "decoding_time": 0.16017627716064453}