{"MSE": 6.213306427001953, "PSNR": 40.19757588250385, "encoding_time": 0.2792367935180664, "decoding_time": 0.1658182144165039}