{"MSE": 5.526298522949219, "PSNR": 40.70646019670726, "encoding_time": 0.2659108638763428, "decoding_time": 0.14835405349731445}