{"MSE": 6.062526702880859, "PSNR": 40.304266963688036, "encoding_time": 0.2645909786224365, "decoding_time": 0.1459360122680664}