{"MSE": 6.612735748291016, "PSNR": 39.92699192670513, "encoding_time": 0.2707021236419678, "decoding_time": 0.15296268463134766}