{"MSE": 5.386009216308594, "PSNR": 40.81813268645641, "encoding_time": 0.2667579650878906, "decoding_time": 0.14359402656555176}