{"MSE": 6.7576751708984375, "PSNR": 39.83283048669761, "encoding_time": 0.27262020111083984, "decoding_time": 0.15477585792541504}