{"MSE": 4.844978332519531, "PSNR": 41.27788521707802, "encoding_time": 0.25876712799072266, "decoding_time": 0.13639211654663086}