{"MSE": 5.346340179443359, "PSNR": 40.850237720749945, "encoding_time": 0.26619601249694824, "decoding_time": 0.14952707290649414}