{"MSE": 5.1090087890625, "PSNR": 41.047437110652595, "encoding_time": 0.2650268077850342, "decoding_time": 0.14531803131103516}