{"MSE": 5.945301055908203, "PSNR": 40.389065097165194, "encoding_time": 0.2782590389251709, "decoding_time": 0.1619870662689209}