{"MSE": 5.9088897705078125, "PSNR": 40.415744725140215, "encoding_time": 0.2649998664855957, "decoding_time": 0.14725518226623535}