{"MSE": 5.013221740722656, "PSNR": 41.12963446471796, "encoding_time": 0.26426005363464355, "decoding_time": 0.1432640552520752}