{"MSE": 5.319541931152344, "PSNR": 40.872061243130695, "encoding_time": 0.26691293716430664, "decoding_time": 0.1447601318359375}