{"MSE": 4.657711029052734, "PSNR": 41.449078200743145, "encoding_time": 0.26706695556640625, "decoding_time": 0.14240598678588867}