{"MSE": 5.1019439697265625, "PSNR": 41.05344676051644, "encoding_time": 0.26724910736083984, "decoding_time": 0.14512085914611816}