{"MSE": 6.077831268310547, "PSNR": 40.293317217641345, "encoding_time": 0.27561426162719727, "decoding_time": 0.15959978103637695}