{"MSE": 5.894840240478516, "PSNR": 40.4260832134669, "encoding_time": 0.26703929901123047, "decoding_time": 0.14618873596191406}