{"MSE": 5.6855926513671875, "PSNR": 40.58304619759123, "encoding_time": 0.2736828327178955, "decoding_time": 0.16062617301940918}