{"MSE": 4.651752471923828, "PSNR": 41.45463763783486, "encoding_time": 0.26372313499450684, "decoding_time": 0.13748788833618164}