{"MSE": 5.482826232910156, "PSNR": 40.74075878851676, "encoding_time": 0.2725100517272949, "decoding_time": 0.15509390830993652}