{"MSE": 5.6867218017578125, "PSNR": 40.58218378073225, "encoding_time": 0.2735860347747803, "decoding_time": 0.1565570831298828}