{"MSE": 6.356224060058594, "PSNR": 40.098811629663054, "encoding_time": 0.27771997451782227, "decoding_time": 0.16576623916625977}