{"MSE": 5.691738128662109, "PSNR": 40.57835450462912, "encoding_time": 0.2705869674682617, "decoding_time": 0.1542050838470459}