{"MSE": 5.102855682373047, "PSNR": 41.05267074964704, "encoding_time": 0.2633206844329834, "decoding_time": 0.1438131332397461}