{"MSE": 3.625041961669922, "PSNR": 42.53767322756421, "encoding_time": 0.2528231143951416, "decoding_time": 0.12601709365844727}