{"MSE": 5.934589385986328, "PSNR": 40.39689685356478, "encoding_time": 0.27663493156433105, "decoding_time": 0.16272187232971191}