{"MSE": 5.157779693603516, "PSNR": 41.006175728712755, "encoding_time": 0.2724180221557617, "decoding_time": 0.15264892578125}