{"MSE": 6.0941619873046875, "PSNR": 40.28166366961305, "encoding_time": 0.27559804916381836, "decoding_time": 0.1600809097290039}