{"MSE": 6.011135101318359, "PSNR": 40.34123871944759, "encoding_time": 0.27498888969421387, "decoding_time": 0.15878725051879883}