{"MSE": 5.596019744873047, "PSNR": 40.65201122690314, "encoding_time": 0.2704591751098633, "decoding_time": 0.15534186363220215}