{"MSE": 5.906688690185547, "PSNR": 40.41736278734923, "encoding_time": 0.2734839916229248, "decoding_time": 0.16074395179748535}