{"MSE": 4.709087371826172, "PSNR": 41.40143612504193, "encoding_time": 0.2641000747680664, "decoding_time": 0.13942885398864746}