{"MSE": 14.298175811767578, "PSNR": 36.57799727977572, "encoding_time": 0.29180383682250977, "decoding_time": 0.20654582977294922}