{"MSE": 16.590469360351562, "PSNR": 35.93221688060713, "encoding_time": 0.3120248317718506, "decoding_time": 0.22718405723571777}