{"MSE": 15.397590637207031, "PSNR": 36.256275916436586, "encoding_time": 0.3107938766479492, "decoding_time": 0.22165799140930176}