{"MSE": 12.735111236572266, "PSNR": 37.08077618147111, "encoding_time": 0.29224491119384766, "decoding_time": 0.19591903686523438}