{"MSE": 12.741588592529297, "PSNR": 37.078567826363155, "encoding_time": 0.2852962017059326, "decoding_time": 0.19610190391540527}