{"MSE": 14.371070861816406, "PSNR": 36.55591230030137, "encoding_time": 0.34139299392700195, "decoding_time": 0.24991297721862793}