{"MSE": 12.489917755126953, "PSNR": 37.16520782270566, "encoding_time": 0.2798442840576172, "decoding_time": 0.18276357650756836}