{"MSE": 13.2982177734375, "PSNR": 36.89286920128324, "encoding_time": 0.2912099361419678, "decoding_time": 0.20226311683654785}