{"MSE": 16.362987518310547, "PSNR": 35.99217761760864, "encoding_time": 0.34169507026672363, "decoding_time": 0.252669095993042}