{"MSE": 15.615562438964844, "PSNR": 36.19522729667056, "encoding_time": 0.3071780204772949, "decoding_time": 0.22320008277893066}