{"MSE": 16.306747436523438, "PSNR": 36.00713016089868, "encoding_time": 0.3045768737792969, "decoding_time": 0.2245171070098877}