{"MSE": 14.74344253540039, "PSNR": 36.444814594637634, "encoding_time": 0.29445695877075195, "decoding_time": 0.2077639102935791}