{"MSE": 15.850727081298828, "PSNR": 36.13031172537884, "encoding_time": 0.3083651065826416, "decoding_time": 0.22507905960083008}