{"MSE": 12.155509948730469, "PSNR": 37.28307177756501, "encoding_time": 0.3138091564178467, "decoding_time": 0.21219372749328613}