{"MSE": 16.713096618652344, "PSNR": 35.90023437018891, "encoding_time": 0.3077840805053711, "decoding_time": 0.22971177101135254}