{"MSE": 15.504032135009766, "PSNR": 36.22635701003651, "encoding_time": 0.3074629306793213, "decoding_time": 0.21751809120178223}