{"MSE": 13.800426483154297, "PSNR": 36.7318785298707, "encoding_time": 0.2933030128479004, "decoding_time": 0.20493292808532715}