{"MSE": 16.982791900634766, "PSNR": 35.83071272877015, "encoding_time": 0.29665589332580566, "decoding_time": 0.21903109550476074}