{"MSE": 13.582897186279297, "PSNR": 36.80087947490711, "encoding_time": 0.29344892501831055, "decoding_time": 0.20374393463134766}