{"MSE": 12.31253433227539, "PSNR": 37.22732906373656, "encoding_time": 0.2766990661621094, "decoding_time": 0.18103790283203125}