{"MSE": 16.626136779785156, "PSNR": 35.92289011836548, "encoding_time": 3612.6443541049957, "decoding_time": 0.21558785438537598}