{"MSE": 14.297988891601562, "PSNR": 36.57805405549897, "encoding_time": 3612.6358699798584, "decoding_time": 0.21325206756591797}