{"MSE": 16.89318084716797, "PSNR": 35.853689295142345, "encoding_time": 0.3195171356201172, "decoding_time": 0.21871113777160645}