{"MSE": 14.798450469970703, "PSNR": 36.42864117606202, "encoding_time": 0.30123090744018555, "decoding_time": 0.21260714530944824}