{"MSE": 14.609237670898438, "PSNR": 36.48452806395627, "encoding_time": 0.3058359622955322, "decoding_time": 0.24558520317077637}