{"MSE": 14.019142150878906, "PSNR": 36.66358921455391, "encoding_time": 0.2985861301422119, "decoding_time": 0.2008378505706787}