{"MSE": 16.756572723388672, "PSNR": 35.88895165161264, "encoding_time": 0.3113749027252197, "decoding_time": 0.22305703163146973}