{"MSE": 16.153583526611328, "PSNR": 36.0481147920425, "encoding_time": 0.3346691131591797, "decoding_time": 0.24799394607543945}