{"MSE": 15.307598114013672, "PSNR": 36.281733091417706, "encoding_time": 0.3089118003845215, "decoding_time": 0.22458696365356445}