{"MSE": 14.25091552734375, "PSNR": 36.5923759507066, "encoding_time": 0.28620386123657227, "decoding_time": 0.20005106925964355}