{"MSE": 16.947269439697266, "PSNR": 35.83980626635646, "encoding_time": 0.3041563034057617, "decoding_time": 0.2213430404663086}