{"MSE": 14.950641632080078, "PSNR": 36.38420529325042, "encoding_time": 0.29297494888305664, "decoding_time": 0.2098560333251953}