{"MSE": 14.602886199951172, "PSNR": 36.48641660094867, "encoding_time": 0.2911510467529297, "decoding_time": 0.2068469524383545}