{"MSE": 13.3887939453125, "PSNR": 36.863389030856226, "encoding_time": 0.29145288467407227, "decoding_time": 0.19256114959716797}