{"MSE": 12.377361297607422, "PSNR": 37.204522926000976, "encoding_time": 0.27989816665649414, "decoding_time": 0.19196701049804688}