{"MSE": 14.443565368652344, "PSNR": 36.534059495731, "encoding_time": 0.2934391498565674, "decoding_time": 0.2075519561767578}