{"MSE": 14.724048614501953, "PSNR": 36.450531181775595, "encoding_time": 0.3002302646636963, "decoding_time": 0.23215007781982422}