{"MSE": 16.811996459960938, "PSNR": 35.87461070982262, "encoding_time": 0.3042600154876709, "decoding_time": 0.22020316123962402}