{"MSE": 12.287399291992188, "PSNR": 37.236203895077836, "encoding_time": 0.2801017761230469, "decoding_time": 0.18945717811584473}