{"MSE": 14.581897735595703, "PSNR": 36.492663127114334, "encoding_time": 0.3102238178253174, "decoding_time": 0.2241981029510498}