{"MSE": 14.492645263671875, "PSNR": 36.519326987531706, "encoding_time": 0.3088948726654053, "decoding_time": 0.2153949737548828}