{"MSE": 14.532325744628906, "PSNR": 36.507452367811894, "encoding_time": 0.30167222023010254, "decoding_time": 0.21721863746643066}