{"MSE": 12.66714096069336, "PSNR": 37.10401757437427, "encoding_time": 0.2875831127166748, "decoding_time": 0.19382381439208984}