{"MSE": 12.63323974609375, "PSNR": 37.11565622867965, "encoding_time": 0.29218387603759766, "decoding_time": 0.19483494758605957}