{"MSE": 12.38333511352539, "PSNR": 37.20242735058069, "encoding_time": 0.27820491790771484, "decoding_time": 0.18908095359802246}