{"MSE": 15.769058227539062, "PSNR": 36.15274604051136, "encoding_time": 0.3132951259613037, "decoding_time": 0.2340679168701172}