{"MSE": 14.753303527832031, "PSNR": 36.44191083382991, "encoding_time": 0.2900569438934326, "decoding_time": 0.20429491996765137}