{"MSE": 14.267536163330078, "PSNR": 36.58731378857372, "encoding_time": 0.2886068820953369, "decoding_time": 0.20601820945739746}