{"MSE": 16.457626342773438, "PSNR": 35.967131630762246, "encoding_time": 0.30507993698120117, "decoding_time": 0.22592425346374512}