{"MSE": 13.659194946289062, "PSNR": 36.77655257473162, "encoding_time": 0.29396700859069824, "decoding_time": 0.20397210121154785}