{"MSE": 14.186687469482422, "PSNR": 36.61199359467301, "encoding_time": 0.29224491119384766, "decoding_time": 0.20582199096679688}