{"MSE": 16.585708618164062, "PSNR": 35.933463295475846, "encoding_time": 0.3239450454711914, "decoding_time": 0.23322510719299316}