{"MSE": 15.70687484741211, "PSNR": 36.169905775808225, "encoding_time": 0.28763818740844727, "decoding_time": 0.20485281944274902}