{"MSE": 14.506950378417969, "PSNR": 36.51504235337487, "encoding_time": 0.3027329444885254, "decoding_time": 0.20705580711364746}