{"MSE": 14.030647277832031, "PSNR": 36.660026540087316, "encoding_time": 0.29947996139526367, "decoding_time": 0.20218491554260254}