{"MSE": 12.463813781738281, "PSNR": 37.1742940916006, "encoding_time": 60.61786413192749, "decoding_time": 0.19231605529785156}