{"MSE": 12.885459899902344, "PSNR": 37.02980437133069, "encoding_time": 0.29860401153564453, "decoding_time": 0.2131330966949463}