{"MSE": 14.475231170654297, "PSNR": 36.52454852693799, "encoding_time": 0.3024430274963379, "decoding_time": 0.26631784439086914}