{"MSE": 16.64926528930664, "PSNR": 35.91685287460414, "encoding_time": 0.30142712593078613, "decoding_time": 0.21947407722473145}