{"MSE": 16.544960021972656, "PSNR": 35.94414638768089, "encoding_time": 0.3020620346069336, "decoding_time": 0.22200870513916016}