{"MSE": 14.744991302490234, "PSNR": 36.44435840153821, "encoding_time": 0.2945709228515625, "decoding_time": 0.20833826065063477}