{"MSE": 14.87197494506836, "PSNR": 36.40711715762737, "encoding_time": 0.30263400077819824, "decoding_time": 0.21672701835632324}