{"MSE": 12.721588134765625, "PSNR": 37.085390298140055, "encoding_time": 0.2849409580230713, "decoding_time": 0.19594717025756836}