{"MSE": 16.856407165527344, "PSNR": 35.863153477834054, "encoding_time": 0.2975296974182129, "decoding_time": 0.21715831756591797}