{"MSE": 14.358695983886719, "PSNR": 36.55965360565921, "encoding_time": 0.3128058910369873, "decoding_time": 0.23107314109802246}