{"MSE": 14.269599914550781, "PSNR": 36.5866856416102, "encoding_time": 0.31946492195129395, "decoding_time": 0.2175600528717041}