{"MSE": 16.36113739013672, "PSNR": 35.9926686928993, "encoding_time": 0.30541491508483887, "decoding_time": 0.22641491889953613}