{"MSE": 13.652442932128906, "PSNR": 36.77869991028453, "encoding_time": 0.29232311248779297, "decoding_time": 0.20275592803955078}