{"MSE": 14.545600891113281, "PSNR": 36.50348693840739, "encoding_time": 0.30065202713012695, "decoding_time": 0.21619367599487305}