{"MSE": 12.11447525024414, "PSNR": 37.2977575385613, "encoding_time": 0.32353806495666504, "decoding_time": 0.22709298133850098}