{"MSE": 16.668922424316406, "PSNR": 35.91172835442996, "encoding_time": 0.30166196823120117, "decoding_time": 0.22125697135925293}