{"MSE": 14.401241302490234, "PSNR": 36.546804335234945, "encoding_time": 0.30603814125061035, "decoding_time": 0.24523687362670898}