{"MSE": 14.491416931152344, "PSNR": 36.51969509192777, "encoding_time": 0.2869679927825928, "decoding_time": 0.20267701148986816}