{"MSE": 16.639965057373047, "PSNR": 35.919279508967385, "encoding_time": 0.3020920753479004, "decoding_time": 0.2171001434326172}