{"MSE": 14.571208953857422, "PSNR": 36.495847747665856, "encoding_time": 0.32160210609436035, "decoding_time": 0.2660658359527588}