{"MSE": 13.7679443359375, "PSNR": 36.7421125940576, "encoding_time": 0.2968158721923828, "decoding_time": 0.19988608360290527}