{"MSE": 12.739177703857422, "PSNR": 37.07938965066594, "encoding_time": 0.2927541732788086, "decoding_time": 0.19588088989257812}