{"MSE": 13.973678588867188, "PSNR": 36.67769611121385, "encoding_time": 0.3094449043273926, "decoding_time": 0.21903300285339355}