{"MSE": 16.5350341796875, "PSNR": 35.94675263884029, "encoding_time": 0.29215097427368164, "decoding_time": 0.2493751049041748}