{"MSE": 15.242015838623047, "PSNR": 36.300379522832785, "encoding_time": 0.3071730136871338, "decoding_time": 0.21598410606384277}