{"MSE": 13.957557678222656, "PSNR": 36.68270929662866, "encoding_time": 0.30801820755004883, "decoding_time": 0.21817684173583984}