{"MSE": 16.00390625, "PSNR": 36.088543622266165, "encoding_time": 0.320847749710083, "decoding_time": 0.2514669895172119}