{"MSE": 13.069408416748047, "PSNR": 36.9682443106522, "encoding_time": 0.2933990955352783, "decoding_time": 0.19285106658935547}