{"MSE": 14.806621551513672, "PSNR": 36.42624384650118, "encoding_time": 0.30793213844299316, "decoding_time": 0.21751093864440918}