{"MSE": 14.100345611572266, "PSNR": 36.638506031515945, "encoding_time": 0.3002781867980957, "decoding_time": 0.20996785163879395}