{"MSE": 14.720466613769531, "PSNR": 36.45158784251385, "encoding_time": 0.29552197456359863, "decoding_time": 0.2110300064086914}