{"MSE": 15.322261810302734, "PSNR": 36.27757482044624, "encoding_time": 0.31082677841186523, "decoding_time": 0.21817326545715332}