{"MSE": 14.424057006835938, "PSNR": 36.53992930729178, "encoding_time": 0.2987959384918213, "decoding_time": 0.2105848789215088}