{"MSE": 14.025619506835938, "PSNR": 36.66158307876725, "encoding_time": 0.30779504776000977, "decoding_time": 0.2180018424987793}