{"MSE": 14.35964584350586, "PSNR": 36.55936631971923, "encoding_time": 0.28835296630859375, "decoding_time": 0.19999909400939941}