{"MSE": 12.749210357666016, "PSNR": 37.07597073974664, "encoding_time": 0.2847459316253662, "decoding_time": 0.19571304321289062}