{"MSE": 13.108856201171875, "PSNR": 36.95515561412022, "encoding_time": 0.29096412658691406, "decoding_time": 0.20123696327209473}