{"MSE": 15.190780639648438, "PSNR": 36.31500268454737, "encoding_time": 0.3108839988708496, "decoding_time": 0.224290132522583}