{"MSE": 14.154285430908203, "PSNR": 36.62192411663211, "encoding_time": 0.3046600818634033, "decoding_time": 0.2168288230895996}