{"MSE": 15.590717315673828, "PSNR": 36.202142636988064, "encoding_time": 0.31447505950927734, "decoding_time": 0.22483372688293457}