{"MSE": 14.806156158447266, "PSNR": 36.42638035354734, "encoding_time": 0.3161349296569824, "decoding_time": 0.22499799728393555}