{"MSE": 16.765823364257812, "PSNR": 35.88655474515345, "encoding_time": 0.3298609256744385, "decoding_time": 0.25006580352783203}