{"MSE": 14.284439086914062, "PSNR": 36.58217169438667, "encoding_time": 0.30092811584472656, "decoding_time": 0.21227216720581055}