{"MSE": 16.94574737548828, "PSNR": 35.84019633141978, "encoding_time": 0.302990198135376, "decoding_time": 0.223463773727417}