{"MSE": 14.308345794677734, "PSNR": 36.574909335211345, "encoding_time": 0.32014894485473633, "decoding_time": 0.229248046875}