{"MSE": 14.1256103515625, "PSNR": 36.63073138600235, "encoding_time": 0.3038759231567383, "decoding_time": 0.21202397346496582}