{"MSE": 13.901424407958984, "PSNR": 36.700210583963724, "encoding_time": 0.2974247932434082, "decoding_time": 0.20735406875610352}