{"MSE": 14.546588897705078, "PSNR": 36.50319195489863, "encoding_time": 0.3036010265350342, "decoding_time": 0.22617387771606445}