{"MSE": 14.51749038696289, "PSNR": 36.51188813738946, "encoding_time": 0.28867125511169434, "decoding_time": 0.2024219036102295}