{"MSE": 14.408016204833984, "PSNR": 36.5447617260099, "encoding_time": 0.3009021282196045, "decoding_time": 0.210432767868042}