{"MSE": 14.598575592041016, "PSNR": 36.4876987787081, "encoding_time": 0.2944331169128418, "decoding_time": 0.20959687232971191}