{"MSE": 16.91132354736328, "PSNR": 35.84902762328572, "encoding_time": 0.3117551803588867, "decoding_time": 0.2573409080505371}