{"MSE": 13.362144470214844, "PSNR": 36.872041978748705, "encoding_time": 0.307142972946167, "decoding_time": 0.21319317817687988}