{"MSE": 14.133670806884766, "PSNR": 36.62825389102052, "encoding_time": 0.2992739677429199, "decoding_time": 0.2111210823059082}