{"MSE": 14.449214935302734, "PSNR": 36.53236109521235, "encoding_time": 0.30060482025146484, "decoding_time": 0.2123558521270752}