{"MSE": 12.62051010131836, "PSNR": 37.120034520999944, "encoding_time": 0.28801798820495605, "decoding_time": 0.18751001358032227}