{"MSE": 14.443916320800781, "PSNR": 36.53395397141904, "encoding_time": 0.2969229221343994, "decoding_time": 0.2084798812866211}