{"MSE": 14.717178344726562, "PSNR": 36.45255808120538, "encoding_time": 0.31055688858032227, "decoding_time": 0.21547746658325195}