{"MSE": 12.502445220947266, "PSNR": 37.16085400491032, "encoding_time": 0.37940120697021484, "decoding_time": 0.28053975105285645}