{"MSE": 15.534576416015625, "PSNR": 36.21780945098291, "encoding_time": 0.31099891662597656, "decoding_time": 0.2239067554473877}