{"MSE": 14.305938720703125, "PSNR": 36.575640004501096, "encoding_time": 0.30640411376953125, "decoding_time": 0.21724987030029297}