{"MSE": 14.054859161376953, "PSNR": 36.65253862809423, "encoding_time": 0.2850041389465332, "decoding_time": 0.1969747543334961}