{"MSE": 14.117828369140625, "PSNR": 36.63312463007086, "encoding_time": 0.31053709983825684, "decoding_time": 0.21658706665039062}