{"MSE": 14.370342254638672, "PSNR": 36.55613249133759, "encoding_time": 0.28491806983947754, "decoding_time": 0.2022390365600586}