{"MSE": 13.083625793457031, "PSNR": 36.9635224655229, "encoding_time": 0.28977203369140625, "decoding_time": 0.19102001190185547}