{"MSE": 12.85308837890625, "PSNR": 37.04072867071227, "encoding_time": 0.28716206550598145, "decoding_time": 0.19420814514160156}