{"MSE": 14.690662384033203, "PSNR": 36.460389828281585, "encoding_time": 0.2884376049041748, "decoding_time": 0.2037513256072998}