{"MSE": 11.085464477539062, "PSNR": 37.683264662314656, "encoding_time": 0.2937290668487549, "decoding_time": 0.19512104988098145}