{"MSE": 11.867862701416016, "PSNR": 37.387078475205705, "encoding_time": 0.3013272285461426, "decoding_time": 0.20580196380615234}