{"MSE": 12.166553497314453, "PSNR": 37.27912790779353, "encoding_time": 0.3031468391418457, "decoding_time": 0.20811700820922852}