{"MSE": 11.294353485107422, "PSNR": 37.60218984919749, "encoding_time": 0.297806978225708, "decoding_time": 0.197767972946167}