{"MSE": 11.321929931640625, "PSNR": 37.59159898041999, "encoding_time": 0.3004491329193115, "decoding_time": 0.20649003982543945}