{"MSE": 11.11850357055664, "PSNR": 37.67034020994351, "encoding_time": 0.2960391044616699, "decoding_time": 0.19403505325317383}