{"MSE": 10.820083618164062, "PSNR": 37.788497438342425, "encoding_time": 0.29160308837890625, "decoding_time": 0.1922917366027832}