{"MSE": 10.930370330810547, "PSNR": 37.74445484379974, "encoding_time": 0.2935049533843994, "decoding_time": 0.19038081169128418}