{"MSE": 12.079753875732422, "PSNR": 37.310222752169196, "encoding_time": 0.301912784576416, "decoding_time": 0.20807909965515137}