{"MSE": 12.1806640625, "PSNR": 37.274093951640076, "encoding_time": 0.30320096015930176, "decoding_time": 0.20900321006774902}