{"MSE": 11.37252426147461, "PSNR": 37.57223488866616, "encoding_time": 0.3101329803466797, "decoding_time": 0.20396900177001953}