{"MSE": 11.005962371826172, "PSNR": 37.71452337195261, "encoding_time": 0.29769206047058105, "decoding_time": 0.19544196128845215}