{"MSE": 10.768436431884766, "PSNR": 37.8092771219396, "encoding_time": 0.2908201217651367, "decoding_time": 0.1893761157989502}