{"MSE": 11.054794311523438, "PSNR": 37.695296944779535, "encoding_time": 0.29414796829223633, "decoding_time": 0.19607806205749512}