{"MSE": 12.000701904296875, "PSNR": 37.33873712799606, "encoding_time": 0.3001840114593506, "decoding_time": 0.20492196083068848}