{"MSE": 11.244560241699219, "PSNR": 37.62137885385981, "encoding_time": 0.2980620861053467, "decoding_time": 0.2038440704345703}