{"MSE": 11.148857116699219, "PSNR": 37.658500112730344, "encoding_time": 0.29677891731262207, "decoding_time": 0.201934814453125}