{"MSE": 11.05367660522461, "PSNR": 37.6957360648618, "encoding_time": 0.29756784439086914, "decoding_time": 0.2004380226135254}