{"MSE": 12.00811767578125, "PSNR": 37.33605425662339, "encoding_time": 0.30188989639282227, "decoding_time": 0.20470094680786133}