{"MSE": 12.114372253417969, "PSNR": 37.297794462276514, "encoding_time": 0.303117036819458, "decoding_time": 0.20601296424865723}