{"MSE": 10.518291473388672, "PSNR": 37.91135159447479, "encoding_time": 0.30121803283691406, "decoding_time": 0.1937730312347412}