{"MSE": 10.98373031616211, "PSNR": 37.723304997528764, "encoding_time": 0.3023958206176758, "decoding_time": 0.19334912300109863}