{"MSE": 10.070392608642578, "PSNR": 38.10033958393415, "encoding_time": 0.29738593101501465, "decoding_time": 0.1826639175415039}