{"MSE": 10.036998748779297, "PSNR": 38.11476490857625, "encoding_time": 0.3050801753997803, "decoding_time": 0.20614194869995117}