{"MSE": 8.892318725585938, "PSNR": 38.640653402324894, "encoding_time": 0.2924370765686035, "decoding_time": 0.20735502243041992}