{"MSE": 9.867721557617188, "PSNR": 38.18863474579648, "encoding_time": 0.302476167678833, "decoding_time": 0.2085738182067871}