{"MSE": 10.370357513427734, "PSNR": 37.97286632113153, "encoding_time": 0.2921459674835205, "decoding_time": 0.21396088600158691}