{"MSE": 10.412731170654297, "PSNR": 37.95515704673945, "encoding_time": 0.311647891998291, "decoding_time": 0.22116923332214355}