{"MSE": 10.992027282714844, "PSNR": 37.72002563212314, "encoding_time": 0.30711889266967773, "decoding_time": 0.20068597793579102}