{"MSE": 10.755577087402344, "PSNR": 37.8144664357347, "encoding_time": 0.299846887588501, "decoding_time": 0.1910400390625}