{"MSE": 10.834178924560547, "PSNR": 37.78284357260471, "encoding_time": 0.3070261478424072, "decoding_time": 0.20686078071594238}