{"MSE": 9.314083099365234, "PSNR": 38.43940252519772, "encoding_time": 0.28632307052612305, "decoding_time": 0.17013812065124512}