{"MSE": 10.631328582763672, "PSNR": 37.86492819758696, "encoding_time": 0.29741811752319336, "decoding_time": 0.19314980506896973}