{"MSE": 10.5482177734375, "PSNR": 37.89901273418688, "encoding_time": 0.3018920421600342, "decoding_time": 0.22058987617492676}