{"MSE": 10.941608428955078, "PSNR": 37.739991923920044, "encoding_time": 0.3033158779144287, "decoding_time": 0.19927310943603516}