{"MSE": 10.335700988769531, "PSNR": 37.987404241493515, "encoding_time": 0.3025679588317871, "decoding_time": 0.19466805458068848}