{"MSE": 10.895931243896484, "PSNR": 37.75816006799436, "encoding_time": 0.3018910884857178, "decoding_time": 0.19404006004333496}