{"MSE": 10.596481323242188, "PSNR": 37.879186838663, "encoding_time": 0.3373892307281494, "decoding_time": 0.21518588066101074}