{"MSE": 11.121402740478516, "PSNR": 37.66920792684061, "encoding_time": 0.30384278297424316, "decoding_time": 0.18915724754333496}