{"MSE": 10.107414245605469, "PSNR": 38.08440295533812, "encoding_time": 0.2919318675994873, "decoding_time": 0.17351603507995605}