{"MSE": 10.423713684082031, "PSNR": 37.95057887089992, "encoding_time": 0.2962770462036133, "decoding_time": 0.1960749626159668}