{"MSE": 9.156478881835938, "PSNR": 38.513518627653404, "encoding_time": 0.30365991592407227, "decoding_time": 0.18101882934570312}