{"MSE": 10.563480377197266, "PSNR": 37.89273330967083, "encoding_time": 0.29878997802734375, "decoding_time": 0.1853959560394287}