{"MSE": 8.977188110351562, "PSNR": 38.59940035268765, "encoding_time": 0.2933320999145508, "decoding_time": 0.18379998207092285}