{"MSE": 10.234134674072266, "PSNR": 38.0302923318182, "encoding_time": 0.29848217964172363, "decoding_time": 0.19300198554992676}