{"MSE": 11.196887969970703, "PSNR": 37.63983027954247, "encoding_time": 0.2983438968658447, "decoding_time": 0.18655991554260254}