{"MSE": 11.171257019042969, "PSNR": 37.649783170523115, "encoding_time": 0.3109138011932373, "decoding_time": 0.189345121383667}