{"MSE": 11.809211730957031, "PSNR": 37.408594515965675, "encoding_time": 0.3090198040008545, "decoding_time": 0.20334887504577637}