{"MSE": 10.499996185302734, "PSNR": 37.91891219579141, "encoding_time": 0.2993738651275635, "decoding_time": 0.18653225898742676}