{"MSE": 11.028114318847656, "PSNR": 37.705791014585316, "encoding_time": 0.30509400367736816, "decoding_time": 0.20760893821716309}