{"MSE": 11.448966979980469, "PSNR": 37.54314058046443, "encoding_time": 0.3113081455230713, "decoding_time": 0.20301580429077148}