{"MSE": 10.200027465820312, "PSNR": 38.0447901967088, "encoding_time": 0.30405187606811523, "decoding_time": 0.22060394287109375}