{"MSE": 10.982898712158203, "PSNR": 37.72363382452332, "encoding_time": 0.30356502532958984, "decoding_time": 0.22841501235961914}