{"MSE": 9.261619567871094, "PSNR": 38.46393423010248, "encoding_time": 0.29604387283325195, "decoding_time": 0.17801713943481445}