{"MSE": 10.539783477783203, "PSNR": 37.90248671753228, "encoding_time": 0.2973949909210205, "decoding_time": 0.18725919723510742}