{"MSE": 8.995735168457031, "PSNR": 38.59043699405641, "encoding_time": 0.27655982971191406, "decoding_time": 0.17265701293945312}