{"MSE": 10.07558822631836, "PSNR": 38.09809950621822, "encoding_time": 0.29930901527404785, "decoding_time": 0.18361496925354004}