{"MSE": 10.340217590332031, "PSNR": 37.98550683107449, "encoding_time": 0.2991669178009033, "decoding_time": 0.19203996658325195}