{"MSE": 11.55434799194336, "PSNR": 37.503349174561066, "encoding_time": 0.3071780204772949, "decoding_time": 0.2289600372314453}