{"MSE": 11.767154693603516, "PSNR": 37.42408898045881, "encoding_time": 0.30121898651123047, "decoding_time": 0.1901860237121582}