{"MSE": 10.987079620361328, "PSNR": 37.72198089127377, "encoding_time": 0.3046088218688965, "decoding_time": 0.20466017723083496}