{"MSE": 11.036441802978516, "PSNR": 37.702512833453625, "encoding_time": 0.30370211601257324, "decoding_time": 0.20173001289367676}