{"MSE": 9.190044403076172, "PSNR": 38.49762751117885, "encoding_time": 0.2833268642425537, "decoding_time": 0.16962623596191406}