{"MSE": 9.668678283691406, "PSNR": 38.27713251141866, "encoding_time": 0.28765392303466797, "decoding_time": 0.17130494117736816}