{"MSE": 9.594924926757812, "PSNR": 38.31038779818554, "encoding_time": 0.29538393020629883, "decoding_time": 0.18077421188354492}