{"MSE": 10.651447296142578, "PSNR": 37.85671738067495, "encoding_time": 0.3007359504699707, "decoding_time": 0.23334813117980957}