{"MSE": 10.679691314697266, "PSNR": 37.845216608215374, "encoding_time": 0.2933311462402344, "decoding_time": 0.18596792221069336}