{"MSE": 10.664436340332031, "PSNR": 37.85142454739523, "encoding_time": 0.2963721752166748, "decoding_time": 0.18928980827331543}