{"MSE": 10.238677978515625, "PSNR": 38.02836476855151, "encoding_time": 0.3011338710784912, "decoding_time": 0.19049811363220215}