{"MSE": 11.030441284179688, "PSNR": 37.70487473681517, "encoding_time": 0.30632901191711426, "decoding_time": 0.23548197746276855}