{"MSE": 10.804035186767578, "PSNR": 37.79494370932457, "encoding_time": 0.3053779602050781, "decoding_time": 0.19699597358703613}