{"MSE": 10.406196594238281, "PSNR": 37.95788334523503, "encoding_time": 0.2993049621582031, "decoding_time": 0.20183181762695312}