{"MSE": 11.254749298095703, "PSNR": 37.617445354244204, "encoding_time": 0.3038370609283447, "decoding_time": 0.20854997634887695}