{"MSE": 10.50811767578125, "PSNR": 37.915554332540395, "encoding_time": 0.3043019771575928, "decoding_time": 0.19811105728149414}