{"MSE": 10.420967102050781, "PSNR": 37.95172335993231, "encoding_time": 0.3146860599517822, "decoding_time": 0.21085810661315918}