{"MSE": 7.733119964599609, "PSNR": 39.24725613387454, "encoding_time": 0.29142093658447266, "decoding_time": 0.16849517822265625}