{"MSE": 9.503486633300781, "PSNR": 38.35197392652758, "encoding_time": 0.28789710998535156, "decoding_time": 0.1738739013671875}