{"MSE": 7.7183990478515625, "PSNR": 39.25553132654833, "encoding_time": 0.28368282318115234, "decoding_time": 0.16383624076843262}