{"MSE": 11.119503021240234, "PSNR": 37.66994983689877, "encoding_time": 0.30885934829711914, "decoding_time": 0.20810580253601074}