{"MSE": 11.198280334472656, "PSNR": 37.63929025571898, "encoding_time": 0.29682111740112305, "decoding_time": 0.20000267028808594}