{"MSE": 11.691234588623047, "PSNR": 37.45219986000723, "encoding_time": 0.30558085441589355, "decoding_time": 0.2202908992767334}