{"MSE": 9.759750366210938, "PSNR": 38.23641651394208, "encoding_time": 0.2880070209503174, "decoding_time": 0.1701650619506836}