{"MSE": 8.362476348876953, "PSNR": 38.90745458381029, "encoding_time": 0.2890899181365967, "decoding_time": 0.18712902069091797}