{"MSE": 8.0115966796875, "PSNR": 39.093612829766556, "encoding_time": 0.28420209884643555, "decoding_time": 0.17883801460266113}