{"MSE": 9.080692291259766, "PSNR": 38.54961401464342, "encoding_time": 0.2942209243774414, "decoding_time": 0.19605803489685059}