{"MSE": 8.7945556640625, "PSNR": 38.68866458805022, "encoding_time": 0.2953338623046875, "decoding_time": 0.1943953037261963}