{"MSE": 8.14779281616211, "PSNR": 39.02040383733392, "encoding_time": 0.28504014015197754, "decoding_time": 0.1806931495666504}