{"MSE": 8.278400421142578, "PSNR": 38.95133931737832, "encoding_time": 0.2879970073699951, "decoding_time": 0.18378591537475586}