{"MSE": 8.250526428222656, "PSNR": 38.965987010963715, "encoding_time": 0.2888031005859375, "decoding_time": 0.18397784233093262}