{"MSE": 9.089595794677734, "PSNR": 38.545357898620146, "encoding_time": 0.29444074630737305, "decoding_time": 0.1912391185760498}