{"MSE": 9.078235626220703, "PSNR": 38.55078910172092, "encoding_time": 0.2930731773376465, "decoding_time": 0.19515490531921387}