{"MSE": 12.62094497680664, "PSNR": 37.11988487509062, "encoding_time": 0.35459113121032715, "decoding_time": 0.2652308940887451}