{"MSE": 10.007312774658203, "PSNR": 38.127628871663035, "encoding_time": 0.3159780502319336, "decoding_time": 0.21635913848876953}