{"MSE": 12.926483154296875, "PSNR": 37.01599976314866, "encoding_time": 0.3500332832336426, "decoding_time": 0.26542210578918457}