{"MSE": 13.030841827392578, "PSNR": 36.98107887658652, "encoding_time": 0.3370969295501709, "decoding_time": 0.2523808479309082}