{"MSE": 10.819660186767578, "PSNR": 37.788667397765835, "encoding_time": 0.3125779628753662, "decoding_time": 0.25792884826660156}