{"MSE": 12.591571807861328, "PSNR": 37.13000414328533, "encoding_time": 0.33401989936828613, "decoding_time": 0.2744729518890381}