{"MSE": 11.900959014892578, "PSNR": 37.37498401316198, "encoding_time": 0.3229861259460449, "decoding_time": 0.23871684074401855}