{"MSE": 12.77545166015625, "PSNR": 37.06704097850112, "encoding_time": 0.3442361354827881, "decoding_time": 0.26490283012390137}