{"MSE": 12.29543685913086, "PSNR": 37.233363969562994, "encoding_time": 0.33301520347595215, "decoding_time": 0.26664185523986816}