{"MSE": 10.045063018798828, "PSNR": 38.11127695181278, "encoding_time": 0.3084981441497803, "decoding_time": 0.22147178649902344}