{"MSE": 12.302017211914062, "PSNR": 37.23104030552635, "encoding_time": 0.33228278160095215, "decoding_time": 0.2403111457824707}