{"MSE": 12.555000305175781, "PSNR": 37.142636332625244, "encoding_time": 0.32768988609313965, "decoding_time": 0.2420039176940918}