{"MSE": 11.970939636230469, "PSNR": 37.34952120000866, "encoding_time": 0.3311889171600342, "decoding_time": 0.24405193328857422}