{"MSE": 12.018135070800781, "PSNR": 37.33243280164413, "encoding_time": 0.32636594772338867, "decoding_time": 0.24541068077087402}