{"MSE": 13.175621032714844, "PSNR": 36.933092660364856, "encoding_time": 0.3609659671783447, "decoding_time": 0.25998711585998535}