{"MSE": 12.016899108886719, "PSNR": 37.332879459165454, "encoding_time": 0.33623194694519043, "decoding_time": 0.24859905242919922}