{"MSE": 12.952476501464844, "PSNR": 37.00727547810192, "encoding_time": 0.34174513816833496, "decoding_time": 0.2978780269622803}