{"MSE": 12.09304428100586, "PSNR": 37.305447177395706, "encoding_time": 0.32363295555114746, "decoding_time": 0.24567317962646484}