{"MSE": 12.492156982421875, "PSNR": 37.164429277231974, "encoding_time": 0.33852696418762207, "decoding_time": 0.2612752914428711}