{"MSE": 9.988082885742188, "PSNR": 38.135982231967, "encoding_time": 0.3140869140625, "decoding_time": 0.2366189956665039}