{"MSE": 12.160209655761719, "PSNR": 37.281392981388024, "encoding_time": 0.32253098487854004, "decoding_time": 0.24841094017028809}