{"MSE": 12.570682525634766, "PSNR": 37.13721502508142, "encoding_time": 0.3586423397064209, "decoding_time": 0.2507357597351074}