{"MSE": 12.446907043457031, "PSNR": 37.180189147244654, "encoding_time": 0.3272871971130371, "decoding_time": 0.2583198547363281}