{"MSE": 12.680248260498047, "PSNR": 37.09952604395626, "encoding_time": 0.3488321304321289, "decoding_time": 0.2492358684539795}