{"MSE": 12.362972259521484, "PSNR": 37.209574661080296, "encoding_time": 0.3467090129852295, "decoding_time": 0.26502108573913574}