{"MSE": 11.356739044189453, "PSNR": 37.578267142129505, "encoding_time": 0.3370370864868164, "decoding_time": 0.2650413513183594}