{"MSE": 11.042816162109375, "PSNR": 37.70000518661377, "encoding_time": 0.32947397232055664, "decoding_time": 0.259537935256958}