{"MSE": 10.145591735839844, "PSNR": 38.06802978782378, "encoding_time": 0.3186190128326416, "decoding_time": 0.24387097358703613}