{"MSE": 10.67728042602539, "PSNR": 37.84619711768444, "encoding_time": 0.3247189521789551, "decoding_time": 0.25389599800109863}