{"MSE": 12.2459716796875, "PSNR": 37.250871101263265, "encoding_time": 0.3440520763397217, "decoding_time": 0.2983579635620117}