{"MSE": 12.818553924560547, "PSNR": 37.0524132616923, "encoding_time": 0.344113826751709, "decoding_time": 0.2522909641265869}