{"MSE": 12.770198822021484, "PSNR": 37.0688270192598, "encoding_time": 0.3480079174041748, "decoding_time": 0.2568840980529785}