{"MSE": 10.279788970947266, "PSNR": 38.01096161548519, "encoding_time": 0.3195469379425049, "decoding_time": 0.2284691333770752}