{"MSE": 12.422035217285156, "PSNR": 37.188876047032714, "encoding_time": 0.3381040096282959, "decoding_time": 0.2554931640625}