{"MSE": 12.54604721069336, "PSNR": 37.14573443416233, "encoding_time": 0.341508150100708, "decoding_time": 0.2576479911804199}