{"MSE": 12.550777435302734, "PSNR": 37.144097326281695, "encoding_time": 0.34983301162719727, "decoding_time": 0.2599802017211914}