{"MSE": 12.040874481201172, "PSNR": 37.324223317061694, "encoding_time": 0.33501124382019043, "decoding_time": 0.24359393119812012}