{"MSE": 11.790779113769531, "PSNR": 37.41537857415623, "encoding_time": 0.32982802391052246, "decoding_time": 0.2358541488647461}