{"MSE": 11.532684326171875, "PSNR": 37.51149956230607, "encoding_time": 0.33087682723999023, "decoding_time": 0.24405407905578613}