{"MSE": 12.598712921142578, "PSNR": 37.127541808135774, "encoding_time": 0.33667802810668945, "decoding_time": 0.25281310081481934}