{"MSE": 12.675983428955078, "PSNR": 37.10098698093263, "encoding_time": 0.339871883392334, "decoding_time": 0.273510217666626}