{"MSE": 10.056968688964844, "PSNR": 38.10613262855612, "encoding_time": 0.31739187240600586, "decoding_time": 0.2148878574371338}