{"MSE": 9.806278228759766, "PSNR": 38.215761497569666, "encoding_time": 0.3092930316925049, "decoding_time": 0.21303796768188477}