{"MSE": 11.929557800292969, "PSNR": 37.364560151398926, "encoding_time": 0.32529115676879883, "decoding_time": 0.23961186408996582}