{"MSE": 9.958911895751953, "PSNR": 38.14868470585315, "encoding_time": 0.31370115280151367, "decoding_time": 0.23502182960510254}