{"MSE": 10.069129943847656, "PSNR": 38.10088415330239, "encoding_time": 0.31373000144958496, "decoding_time": 0.2164301872253418}