{"MSE": 11.893348693847656, "PSNR": 37.37776208982509, "encoding_time": 0.3295552730560303, "decoding_time": 0.24085092544555664}