{"MSE": 9.973560333251953, "PSNR": 38.142301416668595, "encoding_time": 0.30822014808654785, "decoding_time": 0.2135770320892334}