{"MSE": 12.804389953613281, "PSNR": 37.057214688944406, "encoding_time": 0.338270902633667, "decoding_time": 0.2697629928588867}