{"MSE": 9.920528411865234, "PSNR": 38.16545555624477, "encoding_time": 0.31795787811279297, "decoding_time": 0.2200610637664795}