{"MSE": 12.993118286132812, "PSNR": 36.99366968690942, "encoding_time": 0.3409879207611084, "decoding_time": 0.2735562324523926}