{"MSE": 12.238258361816406, "PSNR": 37.25360743521677, "encoding_time": 0.3464491367340088, "decoding_time": 0.26659274101257324}