{"MSE": 12.498104095458984, "PSNR": 37.16236223326155, "encoding_time": 0.35791897773742676, "decoding_time": 0.28850889205932617}