{"MSE": 12.213134765625, "PSNR": 37.262532115274354, "encoding_time": 0.318950891494751, "decoding_time": 0.24266314506530762}