{"MSE": 12.537273406982422, "PSNR": 37.14877264010838, "encoding_time": 0.354633092880249, "decoding_time": 0.2556800842285156}