{"MSE": 11.921112060546875, "PSNR": 37.367635904274664, "encoding_time": 0.3332653045654297, "decoding_time": 0.24433684349060059}