{"MSE": 12.879165649414062, "PSNR": 37.0319263181868, "encoding_time": 0.3399312496185303, "decoding_time": 0.2528350353240967}