{"MSE": 12.268974304199219, "PSNR": 37.24272103980028, "encoding_time": 0.3413240909576416, "decoding_time": 0.25005006790161133}