{"MSE": 11.749519348144531, "PSNR": 37.4306026010851, "encoding_time": 0.334705114364624, "decoding_time": 0.23494315147399902}