{"MSE": 12.488319396972656, "PSNR": 37.16576363304827, "encoding_time": 0.3366367816925049, "decoding_time": 0.2495591640472412}