{"MSE": 12.636924743652344, "PSNR": 37.114389617124736, "encoding_time": 0.33646297454833984, "decoding_time": 0.2509288787841797}