{"MSE": 11.94863510131836, "PSNR": 37.357620624306655, "encoding_time": 0.33188390731811523, "decoding_time": 0.2470569610595703}