{"MSE": 12.43338394165039, "PSNR": 37.184910160415036, "encoding_time": 0.3278770446777344, "decoding_time": 0.26535701751708984}