{"MSE": 12.012042999267578, "PSNR": 37.33463482703003, "encoding_time": 0.3279099464416504, "decoding_time": 0.24400115013122559}