{"MSE": 12.03424072265625, "PSNR": 37.326616663701046, "encoding_time": 0.3384127616882324, "decoding_time": 0.25925612449645996}