{"MSE": 12.392051696777344, "PSNR": 37.19937144336717, "encoding_time": 0.34667325019836426, "decoding_time": 0.2747619152069092}