{"MSE": 9.793174743652344, "PSNR": 38.221568569972916, "encoding_time": 0.3225390911102295, "decoding_time": 0.24493694305419922}