{"MSE": 12.615352630615234, "PSNR": 37.12180966229146, "encoding_time": 0.3317129611968994, "decoding_time": 0.2763371467590332}