{"MSE": 11.053604125976562, "PSNR": 37.69576454175849, "encoding_time": 0.315030574798584, "decoding_time": 0.2303783893585205}