{"MSE": 10.00787353515625, "PSNR": 38.127385521252734, "encoding_time": 0.31279587745666504, "decoding_time": 0.21416807174682617}