{"MSE": 10.772289276123047, "PSNR": 37.80772353546081, "encoding_time": 0.33023691177368164, "decoding_time": 0.22852301597595215}