{"MSE": 11.962074279785156, "PSNR": 37.35273865985213, "encoding_time": 0.3279252052307129, "decoding_time": 0.25250768661499023}