{"MSE": 13.2684326171875, "PSNR": 36.9026073761993, "encoding_time": 0.35393524169921875, "decoding_time": 0.2618720531463623}