{"MSE": 12.675579071044922, "PSNR": 37.10112552103966, "encoding_time": 0.33658814430236816, "decoding_time": 0.25210094451904297}