{"MSE": 12.117279052734375, "PSNR": 37.296752513551496, "encoding_time": 0.36080503463745117, "decoding_time": 0.25252795219421387}