{"MSE": 12.17877197265625, "PSNR": 37.27476861765358, "encoding_time": 0.34142017364501953, "decoding_time": 0.2724428176879883}