{"MSE": 11.765544891357422, "PSNR": 37.4246831564317, "encoding_time": 0.3318030834197998, "decoding_time": 0.2564430236816406}