{"MSE": 9.896442413330078, "PSNR": 38.17601258990861, "encoding_time": 0.310028076171875, "decoding_time": 0.2105569839477539}