{"MSE": 12.077945709228516, "PSNR": 37.31087287759502, "encoding_time": 0.3289601802825928, "decoding_time": 0.2716858386993408}