{"MSE": 10.002220153808594, "PSNR": 38.12983951514889, "encoding_time": 0.30989789962768555, "decoding_time": 0.2132408618927002}