{"MSE": 12.81149673461914, "PSNR": 37.05480490638119, "encoding_time": 0.33968091011047363, "decoding_time": 0.2635200023651123}