{"MSE": 12.6988525390625, "PSNR": 37.09315880736154, "encoding_time": 0.3335261344909668, "decoding_time": 0.26496267318725586}