{"MSE": 11.787605285644531, "PSNR": 37.416547760327916, "encoding_time": 0.3236091136932373, "decoding_time": 0.2420649528503418}