{"MSE": 13.193641662597656, "PSNR": 36.92715676338713, "encoding_time": 0.3444490432739258, "decoding_time": 0.2708759307861328}