{"MSE": 9.84664535522461, "PSNR": 38.19792064569499, "encoding_time": 0.30875492095947266, "decoding_time": 0.21679210662841797}