{"MSE": 12.104732513427734, "PSNR": 37.30125163887005, "encoding_time": 0.338054895401001, "decoding_time": 0.24906706809997559}