{"MSE": 11.47580337524414, "PSNR": 37.53297262369065, "encoding_time": 0.32131314277648926, "decoding_time": 0.23337483406066895}