{"MSE": 9.927337646484375, "PSNR": 38.16247567606178, "encoding_time": 0.3227541446685791, "decoding_time": 0.2479259967803955}