{"MSE": 11.797317504882812, "PSNR": 37.4129709299112, "encoding_time": 0.3337869644165039, "decoding_time": 0.2423112392425537}