{"MSE": 12.793743133544922, "PSNR": 37.060827339489194, "encoding_time": 0.33624815940856934, "decoding_time": 0.2604539394378662}