{"MSE": 12.719730377197266, "PSNR": 37.08602455289514, "encoding_time": 0.32953691482543945, "decoding_time": 0.2503979206085205}