{"MSE": 11.378074645996094, "PSNR": 37.570115822326194, "encoding_time": 0.32119011878967285, "decoding_time": 0.23903226852416992}