{"MSE": 11.608036041259766, "PSNR": 37.48321613015079, "encoding_time": 0.337979793548584, "decoding_time": 0.2687952518463135}