{"MSE": 12.687213897705078, "PSNR": 37.09714099033196, "encoding_time": 0.3355371952056885, "decoding_time": 0.26085400581359863}