{"MSE": 12.19589614868164, "PSNR": 37.26866643292518, "encoding_time": 0.36030101776123047, "decoding_time": 0.2582588195800781}