{"MSE": 11.849533081054688, "PSNR": 37.39379123122342, "encoding_time": 0.32396697998046875, "decoding_time": 0.24022197723388672}