{"MSE": 12.132091522216797, "PSNR": 37.29144682981031, "encoding_time": 0.33603572845458984, "decoding_time": 0.25168418884277344}