{"MSE": 11.948677062988281, "PSNR": 37.35760537261511, "encoding_time": 0.3405592441558838, "decoding_time": 0.25084495544433594}