{"MSE": 12.130508422851562, "PSNR": 37.292013571479515, "encoding_time": 0.32337093353271484, "decoding_time": 0.24100208282470703}