{"MSE": 12.414642333984375, "PSNR": 37.19146148827064, "encoding_time": 0.3453381061553955, "decoding_time": 0.26202988624572754}