{"MSE": 10.386722564697266, "PSNR": 37.96601829346264, "encoding_time": 0.31740713119506836, "decoding_time": 0.2389509677886963}