{"MSE": 12.298789978027344, "PSNR": 37.23217975584278, "encoding_time": 0.34198784828186035, "decoding_time": 0.2868220806121826}