{"MSE": 10.021095275878906, "PSNR": 38.12165169648595, "encoding_time": 0.32523298263549805, "decoding_time": 0.24207305908203125}