{"MSE": 11.456192016601562, "PSNR": 37.54040076657305, "encoding_time": 0.3280339241027832, "decoding_time": 0.24107980728149414}