{"MSE": 11.944015502929688, "PSNR": 37.3593000245097, "encoding_time": 0.3444499969482422, "decoding_time": 0.277451753616333}