{"MSE": 11.36984634399414, "PSNR": 37.57325765345204, "encoding_time": 0.32353734970092773, "decoding_time": 0.24948573112487793}