{"MSE": 12.026317596435547, "PSNR": 37.32947692161843, "encoding_time": 0.33788394927978516, "decoding_time": 0.24006032943725586}