{"MSE": 11.80679702758789, "PSNR": 37.40948263585335, "encoding_time": 0.33417415618896484, "decoding_time": 0.2545289993286133}