{"MSE": 21.843772888183594, "PSNR": 34.73752708382604, "encoding_time": 0.3015329837799072, "decoding_time": 0.20867514610290527}