{"MSE": 20.009693145751953, "PSNR": 35.11839932208135, "encoding_time": 0.2998988628387451, "decoding_time": 0.20239710807800293}