{"MSE": 22.164897918701172, "PSNR": 34.67414625388067, "encoding_time": 0.30449891090393066, "decoding_time": 0.21430516242980957}