{"MSE": 22.13833236694336, "PSNR": 34.67935457564209, "encoding_time": 0.304656982421875, "decoding_time": 0.21193289756774902}