{"MSE": 22.538936614990234, "PSNR": 34.601469386492184, "encoding_time": 0.3104221820831299, "decoding_time": 0.2133328914642334}