{"MSE": 21.33802032470703, "PSNR": 34.83926236404458, "encoding_time": 0.30393409729003906, "decoding_time": 0.21220874786376953}