{"MSE": 17.29610824584961, "PSNR": 35.751319662644526, "encoding_time": 0.2978651523590088, "decoding_time": 0.2023169994354248}