{"MSE": 18.091995239257812, "PSNR": 35.55593896074613, "encoding_time": 0.29341793060302734, "decoding_time": 0.19468307495117188}