{"MSE": 17.770156860351562, "PSNR": 35.63389099450654, "encoding_time": 0.29027700424194336, "decoding_time": 0.19070672988891602}