{"MSE": 18.390178680419922, "PSNR": 35.48494411970049, "encoding_time": 0.29417872428894043, "decoding_time": 0.196990966796875}