{"MSE": 16.72641372680664, "PSNR": 35.89677526039195, "encoding_time": 0.28866100311279297, "decoding_time": 0.18433713912963867}