{"MSE": 20.467609405517578, "PSNR": 35.02013240365708, "encoding_time": 0.299144983291626, "decoding_time": 0.2023930549621582}