{"MSE": 20.528762817382812, "PSNR": 35.007175838194755, "encoding_time": 0.3024790287017822, "decoding_time": 0.21053409576416016}