{"MSE": 18.307220458984375, "PSNR": 35.50457949442193, "encoding_time": 0.2958340644836426, "decoding_time": 0.20174479484558105}