{"MSE": 22.940044403076172, "PSNR": 34.52486106675273, "encoding_time": 0.31176114082336426, "decoding_time": 0.22217273712158203}