{"MSE": 22.21625518798828, "PSNR": 34.6640950555447, "encoding_time": 0.3088240623474121, "decoding_time": 0.21670293807983398}