{"MSE": 21.268985748291016, "PSNR": 34.85333580623055, "encoding_time": 0.3002932071685791, "decoding_time": 0.20585179328918457}