{"MSE": 17.272872924804688, "PSNR": 35.75715782905439, "encoding_time": 0.3007779121398926, "decoding_time": 0.200577974319458}