{"MSE": 18.269195556640625, "PSNR": 35.51360936285138, "encoding_time": 0.2921416759490967, "decoding_time": 0.19720029830932617}