{"MSE": 18.519237518310547, "PSNR": 35.45457259105533, "encoding_time": 0.2946779727935791, "decoding_time": 0.19563603401184082}