{"MSE": 22.588077545166016, "PSNR": 34.59201090861866, "encoding_time": 0.3075540065765381, "decoding_time": 0.2149827480316162}