{"MSE": 17.319499969482422, "PSNR": 35.745450115023644, "encoding_time": 0.29068899154663086, "decoding_time": 0.1859898567199707}