{"MSE": 20.956199645996094, "PSNR": 34.91767833625814, "encoding_time": 0.3044757843017578, "decoding_time": 0.21227598190307617}