{"MSE": 18.785934448242188, "PSNR": 35.392475582946034, "encoding_time": 0.2968320846557617, "decoding_time": 0.19901204109191895}