{"MSE": 17.523719787597656, "PSNR": 35.694540608763276, "encoding_time": 0.29072999954223633, "decoding_time": 0.1896209716796875}