{"MSE": 17.76617431640625, "PSNR": 35.634864419060705, "encoding_time": 0.29792118072509766, "decoding_time": 0.1994328498840332}