{"MSE": 16.889057159423828, "PSNR": 35.854749553400495, "encoding_time": 0.29929590225219727, "decoding_time": 0.1951298713684082}