{"MSE": 21.541526794433594, "PSNR": 34.798038794129795, "encoding_time": 0.30196404457092285, "decoding_time": 0.20630693435668945}