{"MSE": 22.568485260009766, "PSNR": 34.595779495657425, "encoding_time": 0.30515098571777344, "decoding_time": 0.2132868766784668}