{"MSE": 18.422801971435547, "PSNR": 35.47724677016366, "encoding_time": 0.2988851070404053, "decoding_time": 0.20479297637939453}