{"MSE": 16.99148941040039, "PSNR": 35.82848911700604, "encoding_time": 0.29702091217041016, "decoding_time": 0.1953420639038086}