{"MSE": 16.56418228149414, "PSNR": 35.93910359792733, "encoding_time": 0.2990119457244873, "decoding_time": 0.198746919631958}