{"MSE": 17.81943130493164, "PSNR": 35.62186521159823, "encoding_time": 0.2959291934967041, "decoding_time": 0.19935393333435059}