{"MSE": 16.973987579345703, "PSNR": 35.83296480820583, "encoding_time": 0.29547905921936035, "decoding_time": 0.19587111473083496}