{"MSE": 17.331707000732422, "PSNR": 35.7423902236114, "encoding_time": 0.2896730899810791, "decoding_time": 0.18922686576843262}