{"MSE": 22.908092498779297, "PSNR": 34.530914328196545, "encoding_time": 0.3114969730377197, "decoding_time": 0.22089695930480957}