{"MSE": 17.650432586669922, "PSNR": 35.66325007081663, "encoding_time": 0.28914904594421387, "decoding_time": 0.18756699562072754}