{"MSE": 18.812427520751953, "PSNR": 35.386355211471674, "encoding_time": 0.3022739887237549, "decoding_time": 0.19952607154846191}