{"MSE": 18.632129669189453, "PSNR": 35.42817862884357, "encoding_time": 0.295335054397583, "decoding_time": 0.19790887832641602}