{"MSE": 22.273799896240234, "PSNR": 34.65286047148058, "encoding_time": 0.30415940284729004, "decoding_time": 0.21277594566345215}