{"MSE": 22.91370391845703, "PSNR": 34.5298506385098, "encoding_time": 0.30609989166259766, "decoding_time": 0.21563506126403809}