{"MSE": 20.550617218017578, "PSNR": 35.00255490842988, "encoding_time": 0.30066895484924316, "decoding_time": 0.2048320770263672}