{"MSE": 19.775463104248047, "PSNR": 35.16953698217059, "encoding_time": 0.3014230728149414, "decoding_time": 0.20721793174743652}