{"MSE": 17.10244369506836, "PSNR": 35.800221915600304, "encoding_time": 0.29575514793395996, "decoding_time": 0.1981806755065918}