{"MSE": 21.610092163085938, "PSNR": 34.7842374179428, "encoding_time": 0.30516481399536133, "decoding_time": 0.21363186836242676}