{"MSE": 16.655086517333984, "PSNR": 35.91533467827317, "encoding_time": 0.2962961196899414, "decoding_time": 0.19759678840637207}