{"MSE": 22.1383056640625, "PSNR": 34.6793598140316, "encoding_time": 0.3077542781829834, "decoding_time": 0.21125364303588867}