{"MSE": 21.353679656982422, "PSNR": 34.83607637618024, "encoding_time": 0.30121517181396484, "decoding_time": 0.20734477043151855}