{"MSE": 21.99334716796875, "PSNR": 34.70789031190739, "encoding_time": 0.30805206298828125, "decoding_time": 0.21518492698669434}