{"MSE": 21.71094512939453, "PSNR": 34.764016311239295, "encoding_time": 0.30483412742614746, "decoding_time": 0.21404504776000977}