{"MSE": 18.035911560058594, "PSNR": 35.56942263811593, "encoding_time": 0.2992839813232422, "decoding_time": 0.20035576820373535}