{"MSE": 22.16510772705078, "PSNR": 34.67410514465581, "encoding_time": 0.3033599853515625, "decoding_time": 0.21340012550354004}