{"MSE": 16.180644989013672, "PSNR": 36.040845315034915, "encoding_time": 0.29575490951538086, "decoding_time": 0.19516801834106445}