{"MSE": 16.946216583251953, "PSNR": 35.84007608206339, "encoding_time": 0.296245813369751, "decoding_time": 0.1921548843383789}