{"MSE": 18.249797821044922, "PSNR": 35.51822303346152, "encoding_time": 0.3009040355682373, "decoding_time": 0.20258092880249023}