{"MSE": 22.11505126953125, "PSNR": 34.6839241033214, "encoding_time": 0.30800294876098633, "decoding_time": 0.2152550220489502}