{"MSE": 20.18134307861328, "PSNR": 35.08130295487291, "encoding_time": 0.3018209934234619, "decoding_time": 0.20068001747131348}