{"MSE": 16.591503143310547, "PSNR": 35.93194627208037, "encoding_time": 0.29876089096069336, "decoding_time": 0.1983022689819336}