{"MSE": 21.864131927490234, "PSNR": 34.73348121656039, "encoding_time": 0.307492733001709, "decoding_time": 0.2130444049835205}