{"MSE": 18.09516143798828, "PSNR": 35.55517898800054, "encoding_time": 0.29952502250671387, "decoding_time": 0.2026510238647461}