{"MSE": 18.01727294921875, "PSNR": 35.573913030112855, "encoding_time": 0.28943300247192383, "decoding_time": 0.19227194786071777}