{"MSE": 11.292137145996094, "PSNR": 37.60304216739502, "encoding_time": 0.278472900390625, "decoding_time": 0.15378713607788086}