{"MSE": 8.125621795654297, "PSNR": 39.03223756498345, "encoding_time": 0.2629408836364746, "decoding_time": 0.1341381072998047}