{"MSE": 11.29384994506836, "PSNR": 37.6023834765137, "encoding_time": 0.27687883377075195, "decoding_time": 0.15337586402893066}