{"MSE": 11.951255798339844, "PSNR": 37.35666818961604, "encoding_time": 0.27537083625793457, "decoding_time": 0.15543198585510254}