{"MSE": 12.520313262939453, "PSNR": 37.154651656465354, "encoding_time": 0.29003334045410156, "decoding_time": 0.16268086433410645}