{"MSE": 11.807235717773438, "PSNR": 37.409321273557524, "encoding_time": 0.2741670608520508, "decoding_time": 0.1675858497619629}