{"MSE": 8.125484466552734, "PSNR": 39.03231096462782, "encoding_time": 0.26346492767333984, "decoding_time": 0.13423609733581543}