{"MSE": 9.161338806152344, "PSNR": 38.51121416278912, "encoding_time": 0.26532506942749023, "decoding_time": 0.13925671577453613}