{"MSE": 8.78231430053711, "PSNR": 38.694713853363446, "encoding_time": 0.2689237594604492, "decoding_time": 0.14115524291992188}