{"MSE": 9.059764862060547, "PSNR": 38.55963434762265, "encoding_time": 0.2703831195831299, "decoding_time": 0.1443309783935547}