{"MSE": 10.249523162841797, "PSNR": 38.02376699628689, "encoding_time": 0.2744131088256836, "decoding_time": 0.14729595184326172}