{"MSE": 11.08050537109375, "PSNR": 37.685207922740446, "encoding_time": 0.2736036777496338, "decoding_time": 0.15219831466674805}