{"MSE": 15.590446472167969, "PSNR": 36.202218083716645, "encoding_time": 0.2843930721282959, "decoding_time": 0.17717385292053223}