{"MSE": 15.0809326171875, "PSNR": 36.346521613783, "encoding_time": 0.28504514694213867, "decoding_time": 0.18483901023864746}