{"MSE": 16.388900756835938, "PSNR": 35.98530535500589, "encoding_time": 0.2949991226196289, "decoding_time": 0.1950981616973877}