{"MSE": 15.417167663574219, "PSNR": 36.250757654320594, "encoding_time": 0.2817978858947754, "decoding_time": 0.17440199851989746}