{"MSE": 14.210620880126953, "PSNR": 36.60467307646815, "encoding_time": 0.27747201919555664, "decoding_time": 0.1641390323638916}