{"MSE": 16.214427947998047, "PSNR": 36.031787296850226, "encoding_time": 0.2844212055206299, "decoding_time": 0.1761629581451416}