{"MSE": 17.287925720214844, "PSNR": 35.75337472990534, "encoding_time": 0.2857530117034912, "decoding_time": 0.18681907653808594}