{"MSE": 17.594181060791016, "PSNR": 35.677113039085015, "encoding_time": 0.2910196781158447, "decoding_time": 0.18846416473388672}