{"MSE": 16.171005249023438, "PSNR": 36.04343342783771, "encoding_time": 0.28011608123779297, "decoding_time": 0.17900896072387695}