{"MSE": 16.608070373535156, "PSNR": 35.92761184455493, "encoding_time": 0.29223203659057617, "decoding_time": 0.19510293006896973}