{"MSE": 16.606712341308594, "PSNR": 35.92796697913921, "encoding_time": 0.29207396507263184, "decoding_time": 0.19326376914978027}