{"MSE": 14.690719604492188, "PSNR": 36.4603729124472, "encoding_time": 0.27835702896118164, "decoding_time": 0.16891193389892578}