{"MSE": 15.199684143066406, "PSNR": 36.31245797682914, "encoding_time": 0.28051018714904785, "decoding_time": 0.17227387428283691}