{"MSE": 15.30185317993164, "PSNR": 36.283363302411075, "encoding_time": 0.2781252861022949, "decoding_time": 0.17001700401306152}