{"MSE": 16.71096420288086, "PSNR": 35.900788519733375, "encoding_time": 0.28975915908813477, "decoding_time": 0.18040180206298828}