{"MSE": 12.236560821533203, "PSNR": 37.2542098767494, "encoding_time": 0.27764296531677246, "decoding_time": 0.1644299030303955}