{"MSE": 6.416233062744141, "PSNR": 40.058002300267496, "encoding_time": 0.2693488597869873, "decoding_time": 0.149932861328125}