{"MSE": 8.168109893798828, "PSNR": 39.009587887492216, "encoding_time": 0.2785358428955078, "decoding_time": 0.17121005058288574}