{"MSE": 6.308620452880859, "PSNR": 40.13145961244123, "encoding_time": 0.2651820182800293, "decoding_time": 0.14309382438659668}