{"MSE": 6.879402160644531, "PSNR": 39.75529662401944, "encoding_time": 0.2692999839782715, "decoding_time": 0.14751505851745605}