{"MSE": 6.925926208496094, "PSNR": 39.726025007716615, "encoding_time": 0.26906919479370117, "decoding_time": 0.14822793006896973}