{"MSE": 7.9687042236328125, "PSNR": 39.11692653559291, "encoding_time": 0.2769019603729248, "decoding_time": 0.1614840030670166}