{"MSE": 7.357799530029297, "PSNR": 39.46332409961563, "encoding_time": 0.26648974418640137, "decoding_time": 0.14642000198364258}