{"MSE": 7.445514678955078, "PSNR": 39.41185636683763, "encoding_time": 0.27164697647094727, "decoding_time": 0.15772104263305664}