{"MSE": 7.878345489501953, "PSNR": 39.16645338838268, "encoding_time": 0.2779548168182373, "decoding_time": 0.16983318328857422}