{"MSE": 7.761787414550781, "PSNR": 39.231186170724996, "encoding_time": 0.27273011207580566, "decoding_time": 0.15953493118286133}