{"MSE": 7.376155853271484, "PSNR": 39.452502763715906, "encoding_time": 0.2705228328704834, "decoding_time": 0.15095114707946777}