{"MSE": 8.009418487548828, "PSNR": 39.094793749729874, "encoding_time": 0.2766458988189697, "decoding_time": 0.1627812385559082}