{"MSE": 7.381084442138672, "PSNR": 39.449601870343805, "encoding_time": 0.27418017387390137, "decoding_time": 0.15944290161132812}