{"MSE": 6.814968109130859, "PSNR": 39.796165329878846, "encoding_time": 0.2669050693511963, "decoding_time": 0.14690899848937988}