{"MSE": 7.334327697753906, "PSNR": 39.47720050532822, "encoding_time": 0.2744886875152588, "decoding_time": 0.15793108940124512}