{"MSE": 5.914577484130859, "PSNR": 40.411566352115656, "encoding_time": 0.25859713554382324, "decoding_time": 0.13693785667419434}