{"MSE": 7.388088226318359, "PSNR": 39.44548287855196, "encoding_time": 0.27103281021118164, "decoding_time": 0.15178203582763672}