{"MSE": 8.232093811035156, "PSNR": 38.975700499659666, "encoding_time": 0.27814698219299316, "decoding_time": 0.19411587715148926}