{"MSE": 6.555366516113281, "PSNR": 39.96483382389387, "encoding_time": 0.27046728134155273, "decoding_time": 0.15104985237121582}