{"MSE": 8.035480499267578, "PSNR": 39.080685093962806, "encoding_time": 0.27948594093322754, "decoding_time": 0.16994786262512207}