{"MSE": 8.161380767822266, "PSNR": 39.01316720604615, "encoding_time": 0.2773399353027344, "decoding_time": 0.16599488258361816}