{"MSE": 7.435920715332031, "PSNR": 39.417456103594105, "encoding_time": 0.27422022819519043, "decoding_time": 0.1598818302154541}