{"MSE": 8.260490417480469, "PSNR": 38.960745291306885, "encoding_time": 0.2806370258331299, "decoding_time": 0.1739959716796875}