{"MSE": 8.059616088867188, "PSNR": 39.06766005720073, "encoding_time": 0.27901482582092285, "decoding_time": 0.1716139316558838}