{"MSE": 7.040378570556641, "PSNR": 39.654843485037276, "encoding_time": 0.26931309700012207, "decoding_time": 0.1497490406036377}