{"MSE": 8.239021301269531, "PSNR": 38.97204735178339, "encoding_time": 0.28885674476623535, "decoding_time": 0.16253209114074707}