{"MSE": 7.787078857421875, "PSNR": 39.21705788178982, "encoding_time": 0.2733461856842041, "decoding_time": 0.16006708145141602}