{"MSE": 8.138439178466797, "PSNR": 39.0253923867845, "encoding_time": 0.27826976776123047, "decoding_time": 0.16451120376586914}