{"MSE": 6.3157806396484375, "PSNR": 40.12653323230929, "encoding_time": 0.27281928062438965, "decoding_time": 0.15234375}