{"MSE": 7.944549560546875, "PSNR": 39.130110822212444, "encoding_time": 0.2742767333984375, "decoding_time": 0.16077423095703125}