{"MSE": 9.64639663696289, "PSNR": 38.28715245755315, "encoding_time": 0.2963860034942627, "decoding_time": 0.1964578628540039}