{"MSE": 8.342353820800781, "PSNR": 38.917917554153135, "encoding_time": 0.285599946975708, "decoding_time": 0.17732691764831543}