{"MSE": 8.663692474365234, "PSNR": 38.75377332654219, "encoding_time": 0.2837357521057129, "decoding_time": 0.17598724365234375}