{"MSE": 8.425434112548828, "PSNR": 38.87488074134336, "encoding_time": 0.2831149101257324, "decoding_time": 0.17275595664978027}