{"MSE": 10.122787475585938, "PSNR": 38.07780241785784, "encoding_time": 0.2962958812713623, "decoding_time": 0.19558095932006836}