{"MSE": 9.153099060058594, "PSNR": 38.51512198297819, "encoding_time": 0.2932569980621338, "decoding_time": 0.19134521484375}