{"MSE": 8.487197875976562, "PSNR": 38.8431603315303, "encoding_time": 0.28170299530029297, "decoding_time": 0.17406511306762695}