{"MSE": 8.433216094970703, "PSNR": 38.87087131920988, "encoding_time": 0.282146692276001, "decoding_time": 0.171248197555542}