{"MSE": 8.695198059082031, "PSNR": 38.738008820637646, "encoding_time": 0.28708314895629883, "decoding_time": 0.18105101585388184}