{"MSE": 8.0675048828125, "PSNR": 39.06341123937566, "encoding_time": 0.2867889404296875, "decoding_time": 0.17830610275268555}