{"MSE": 8.800186157226562, "PSNR": 38.6858850164943, "encoding_time": 0.28821492195129395, "decoding_time": 0.18204092979431152}