{"MSE": 9.063644409179688, "PSNR": 38.55777502203259, "encoding_time": 0.2865769863128662, "decoding_time": 0.17948198318481445}