{"MSE": 10.198108673095703, "PSNR": 38.0456072528251, "encoding_time": 0.3016538619995117, "decoding_time": 0.2019331455230713}