{"MSE": 10.485076904296875, "PSNR": 37.92508740659844, "encoding_time": 0.3029758930206299, "decoding_time": 0.20498895645141602}