{"MSE": 8.856773376464844, "PSNR": 38.65804828599501, "encoding_time": 0.2876780033111572, "decoding_time": 0.17966318130493164}