{"MSE": 9.288825988769531, "PSNR": 38.45119533722347, "encoding_time": 0.2890191078186035, "decoding_time": 0.18607425689697266}