{"MSE": 8.65643310546875, "PSNR": 38.7574138359876, "encoding_time": 0.2877960205078125, "decoding_time": 0.18219900131225586}