{"MSE": 9.161441802978516, "PSNR": 38.511165337281454, "encoding_time": 0.28839874267578125, "decoding_time": 0.18223810195922852}