{"MSE": 8.613349914550781, "PSNR": 38.77908270220682, "encoding_time": 0.2864868640899658, "decoding_time": 0.17787718772888184}