{"MSE": 8.360366821289062, "PSNR": 38.90855027810866, "encoding_time": 0.288053035736084, "decoding_time": 0.17824912071228027}