{"MSE": 10.274829864501953, "PSNR": 38.01305721513937, "encoding_time": 0.29373693466186523, "decoding_time": 0.19521522521972656}