{"MSE": 8.338912963867188, "PSNR": 38.919709198900215, "encoding_time": 0.2813880443572998, "decoding_time": 0.17239880561828613}