{"MSE": 8.814495086669922, "PSNR": 38.67882920846683, "encoding_time": 0.285477876663208, "decoding_time": 0.180466890335083}