{"MSE": 9.351921081542969, "PSNR": 38.42179527598111, "encoding_time": 0.2905449867248535, "decoding_time": 0.18187189102172852}