{"MSE": 8.965389251708984, "PSNR": 38.605112107288384, "encoding_time": 0.28709888458251953, "decoding_time": 0.17972207069396973}