{"MSE": 8.515247344970703, "PSNR": 38.82883093302614, "encoding_time": 0.2820160388946533, "decoding_time": 0.17448878288269043}