{"MSE": 9.126609802246094, "PSNR": 38.52770877704248, "encoding_time": 0.28905701637268066, "decoding_time": 0.18406295776367188}