{"MSE": 7.426624298095703, "PSNR": 39.42288906710082, "encoding_time": 0.27497386932373047, "decoding_time": 0.16344285011291504}