{"MSE": 8.629356384277344, "PSNR": 38.771019555559946, "encoding_time": 0.2840588092803955, "decoding_time": 0.17516279220581055}