{"MSE": 10.100051879882812, "PSNR": 38.0875675628438, "encoding_time": 0.29512596130371094, "decoding_time": 0.2006819248199463}