{"MSE": 8.540409088134766, "PSNR": 38.8160168684584, "encoding_time": 0.28853821754455566, "decoding_time": 0.1839888095855713}