{"MSE": 8.881431579589844, "PSNR": 38.64597386417448, "encoding_time": 0.28670382499694824, "decoding_time": 0.1823580265045166}