{"MSE": 8.199272155761719, "PSNR": 38.993050588214984, "encoding_time": 0.2848629951477051, "decoding_time": 0.17473316192626953}