{"MSE": 8.193767547607422, "PSNR": 38.99596721756446, "encoding_time": 0.2841219902038574, "decoding_time": 0.17311382293701172}