{"MSE": 10.316505432128906, "PSNR": 37.9954774967737, "encoding_time": 0.29724907875061035, "decoding_time": 0.19826722145080566}