{"MSE": 8.8062744140625, "PSNR": 38.68288146397112, "encoding_time": 0.29309797286987305, "decoding_time": 0.18608689308166504}