{"MSE": 8.605175018310547, "PSNR": 38.783206531173434, "encoding_time": 0.2801809310913086, "decoding_time": 0.17253875732421875}