{"MSE": 10.26934814453125, "PSNR": 38.01537483601479, "encoding_time": 0.2957611083984375, "decoding_time": 0.19660019874572754}