{"MSE": 8.971839904785156, "PSNR": 38.601988455210375, "encoding_time": 0.2842402458190918, "decoding_time": 0.18181705474853516}