{"MSE": 8.865314483642578, "PSNR": 38.65386214716858, "encoding_time": 0.2907140254974365, "decoding_time": 0.1884000301361084}