{"MSE": 8.653812408447266, "PSNR": 38.75872884248239, "encoding_time": 0.2875220775604248, "decoding_time": 0.18320488929748535}