{"MSE": 8.581218719482422, "PSNR": 38.79531389387553, "encoding_time": 0.28466320037841797, "decoding_time": 0.17384696006774902}