{"MSE": 8.852840423583984, "PSNR": 38.659977249303985, "encoding_time": 0.29169726371765137, "decoding_time": 0.1868267059326172}