{"MSE": 9.350421905517578, "PSNR": 38.42249153513652, "encoding_time": 0.2901580333709717, "decoding_time": 0.18389201164245605}