{"MSE": 9.856616973876953, "PSNR": 38.193524805804365, "encoding_time": 0.30077528953552246, "decoding_time": 0.20117568969726562}