{"MSE": 8.720470428466797, "PSNR": 38.72540447153631, "encoding_time": 0.28513383865356445, "decoding_time": 0.1792130470275879}