{"MSE": 8.332649230957031, "PSNR": 38.922972606054515, "encoding_time": 0.280911922454834, "decoding_time": 0.170274019241333}