{"MSE": 8.540489196777344, "PSNR": 38.81597613202774, "encoding_time": 0.28118300437927246, "decoding_time": 0.1727738380432129}