{"MSE": 8.772647857666016, "PSNR": 38.69949664148342, "encoding_time": 0.2895660400390625, "decoding_time": 0.1896369457244873}