{"MSE": 9.507732391357422, "PSNR": 38.350034114752475, "encoding_time": 0.2977168560028076, "decoding_time": 0.19497919082641602}