{"MSE": 8.5498046875, "PSNR": 38.811241670882566, "encoding_time": 0.2801380157470703, "decoding_time": 0.17143011093139648}