{"MSE": 8.28961181640625, "PSNR": 38.945461668604494, "encoding_time": 0.27938318252563477, "decoding_time": 0.1702871322631836}