{"MSE": 8.768547058105469, "PSNR": 38.70152723821475, "encoding_time": 0.28616809844970703, "decoding_time": 0.18346595764160156}