{"MSE": 8.164764404296875, "PSNR": 39.011367032575635, "encoding_time": 0.2853410243988037, "decoding_time": 0.17923593521118164}