{"MSE": 10.301517486572266, "PSNR": 38.00179156793614, "encoding_time": 0.2995467185974121, "decoding_time": 0.20257997512817383}