{"MSE": 10.42203140258789, "PSNR": 37.95127983463948, "encoding_time": 0.30013394355773926, "decoding_time": 0.20324397087097168}