{"MSE": 9.075813293457031, "PSNR": 38.55194807817129, "encoding_time": 0.2854640483856201, "decoding_time": 0.18088912963867188}