{"MSE": 7.117912292480469, "PSNR": 39.60727728580588, "encoding_time": 0.275501012802124, "decoding_time": 0.16068506240844727}