{"MSE": 8.39501953125, "PSNR": 38.89058649994291, "encoding_time": 0.28481602668762207, "decoding_time": 0.17336606979370117}