{"MSE": 10.28768539428711, "PSNR": 38.00762686160063, "encoding_time": 0.2909059524536133, "decoding_time": 0.19563889503479004}