{"MSE": 8.685100555419922, "PSNR": 38.743055098278916, "encoding_time": 0.28924012184143066, "decoding_time": 0.18380117416381836}