{"MSE": 10.362968444824219, "PSNR": 37.97596185135494, "encoding_time": 0.2991297245025635, "decoding_time": 0.19434332847595215}