{"MSE": 9.018756866455078, "PSNR": 38.5793368177893, "encoding_time": 0.29339003562927246, "decoding_time": 0.19015192985534668}