{"MSE": 7.16534423828125, "PSNR": 39.578433012085476, "encoding_time": 0.2747650146484375, "decoding_time": 0.15912389755249023}