{"MSE": 8.872367858886719, "PSNR": 38.650408209895794, "encoding_time": 0.2921719551086426, "decoding_time": 0.18822598457336426}