{"MSE": 9.269638061523438, "PSNR": 38.46017583676149, "encoding_time": 0.2912590503692627, "decoding_time": 0.1815338134765625}