{"MSE": 8.818553924560547, "PSNR": 38.676829859484315, "encoding_time": 0.28127098083496094, "decoding_time": 0.1773240566253662}