{"MSE": 7.084888458251953, "PSNR": 39.62747343595228, "encoding_time": 0.27466511726379395, "decoding_time": 0.15788602828979492}