{"MSE": 8.559673309326172, "PSNR": 38.80623171268375, "encoding_time": 0.28009915351867676, "decoding_time": 0.17325687408447266}