{"MSE": 8.179840087890625, "PSNR": 39.003355473708574, "encoding_time": 0.28539586067199707, "decoding_time": 0.1712179183959961}