{"MSE": 8.929695129394531, "PSNR": 38.62243729065795, "encoding_time": 0.2867701053619385, "decoding_time": 0.1821742057800293}