{"MSE": 8.009815216064453, "PSNR": 39.09457863706172, "encoding_time": 0.2858269214630127, "decoding_time": 0.17577505111694336}