{"MSE": 10.288555145263672, "PSNR": 38.00725971187835, "encoding_time": 0.3001542091369629, "decoding_time": 0.20259499549865723}