{"MSE": 9.841949462890625, "PSNR": 38.19999230208873, "encoding_time": 0.29937314987182617, "decoding_time": 0.19973397254943848}