{"MSE": 7.579376220703125, "PSNR": 39.33446896008137, "encoding_time": 0.2774770259857178, "decoding_time": 0.16471290588378906}