{"MSE": 7.693775177001953, "PSNR": 39.26940869411023, "encoding_time": 0.2779808044433594, "decoding_time": 0.16691303253173828}