{"MSE": 9.006118774414062, "PSNR": 38.58542690644674, "encoding_time": 0.28661322593688965, "decoding_time": 0.17926597595214844}