{"MSE": 8.123523712158203, "PSNR": 39.0333590837606, "encoding_time": 0.2876701354980469, "decoding_time": 0.17956304550170898}