{"MSE": 9.097038269042969, "PSNR": 38.54180339181297, "encoding_time": 0.2887837886810303, "decoding_time": 0.18151116371154785}