{"MSE": 8.233043670654297, "PSNR": 38.9751994181569, "encoding_time": 0.28319811820983887, "decoding_time": 0.17279505729675293}