{"MSE": 9.366634368896484, "PSNR": 38.4149679320216, "encoding_time": 0.2875540256500244, "decoding_time": 0.1831188201904297}