{"MSE": 9.50821304321289, "PSNR": 38.34981456800492, "encoding_time": 0.2953488826751709, "decoding_time": 0.19405126571655273}