{"MSE": 8.283382415771484, "PSNR": 38.9487264913767, "encoding_time": 0.28638386726379395, "decoding_time": 0.18079733848571777}