{"MSE": 10.230667114257812, "PSNR": 38.03176407058516, "encoding_time": 0.29704809188842773, "decoding_time": 0.20284175872802734}