{"MSE": 8.715885162353516, "PSNR": 38.7276886137776, "encoding_time": 0.285506010055542, "decoding_time": 0.18028020858764648}