{"MSE": 10.29439926147461, "PSNR": 38.00479352802538, "encoding_time": 0.2982652187347412, "decoding_time": 0.20222902297973633}