{"MSE": 8.2900390625, "PSNR": 38.94523783925811, "encoding_time": 0.2843170166015625, "decoding_time": 0.17646479606628418}