{"MSE": 8.527580261230469, "PSNR": 38.822545452076525, "encoding_time": 0.28452396392822266, "decoding_time": 0.17345595359802246}