{"MSE": 8.78335952758789, "PSNR": 38.694197008583714, "encoding_time": 0.2841339111328125, "decoding_time": 0.17487120628356934}