{"MSE": 8.781097412109375, "PSNR": 38.69531565891097, "encoding_time": 0.2874009609222412, "decoding_time": 0.18122076988220215}