{"MSE": 10.224861145019531, "PSNR": 38.03422941925574, "encoding_time": 0.2932779788970947, "decoding_time": 0.19637393951416016}