{"MSE": 7.256294250488281, "PSNR": 39.52365475353318, "encoding_time": 0.2766602039337158, "decoding_time": 0.160660982131958}