{"MSE": 8.454082489013672, "PSNR": 38.860138798129654, "encoding_time": 0.2828059196472168, "decoding_time": 0.1790909767150879}