{"MSE": 10.190235137939453, "PSNR": 38.04896155474694, "encoding_time": 0.300739049911499, "decoding_time": 0.20122599601745605}