{"MSE": 10.317249298095703, "PSNR": 37.995164362408175, "encoding_time": 0.2944016456604004, "decoding_time": 0.19403314590454102}