{"MSE": 7.9919891357421875, "PSNR": 39.10425476026664, "encoding_time": 0.28451991081237793, "decoding_time": 0.17052698135375977}