{"MSE": 8.869041442871094, "PSNR": 38.652036766131054, "encoding_time": 0.292468786239624, "decoding_time": 0.19048023223876953}