{"MSE": 9.024795532226562, "PSNR": 38.576429896510625, "encoding_time": 0.28683900833129883, "decoding_time": 0.18126797676086426}