{"MSE": 8.704387664794922, "PSNR": 38.733421360353944, "encoding_time": 0.28304481506347656, "decoding_time": 0.1753981113433838}