{"MSE": 8.359142303466797, "PSNR": 38.909186422782746, "encoding_time": 0.280609130859375, "decoding_time": 0.17069697380065918}