{"MSE": 8.039073944091797, "PSNR": 39.07874337509318, "encoding_time": 0.28094482421875, "decoding_time": 0.17395305633544922}