{"MSE": 8.361042022705078, "PSNR": 38.90819954659789, "encoding_time": 0.283703088760376, "decoding_time": 0.17465996742248535}