{"MSE": 7.901191711425781, "PSNR": 39.153877613921786, "encoding_time": 0.282958984375, "decoding_time": 0.1748490333557129}