{"MSE": 9.227256774902344, "PSNR": 38.48007754598151, "encoding_time": 0.2870211601257324, "decoding_time": 0.183546781539917}