{"MSE": 10.11568832397461, "PSNR": 38.08084921103335, "encoding_time": 0.3021519184112549, "decoding_time": 0.2039182186126709}