{"MSE": 10.246246337890625, "PSNR": 38.02515567994332, "encoding_time": 0.2987987995147705, "decoding_time": 0.20211100578308105}