{"MSE": 9.926429748535156, "PSNR": 38.16287287530554, "encoding_time": 0.2962169647216797, "decoding_time": 0.19824004173278809}