{"MSE": 8.113853454589844, "PSNR": 39.0385320128044, "encoding_time": 0.2840440273284912, "decoding_time": 0.17450904846191406}