{"MSE": 10.428993225097656, "PSNR": 37.948379755371136, "encoding_time": 0.2958981990814209, "decoding_time": 0.19652724266052246}