{"MSE": 8.676219940185547, "PSNR": 38.74749808120702, "encoding_time": 0.2839229106903076, "decoding_time": 0.17544007301330566}