{"MSE": 8.378387451171875, "PSNR": 38.899199208112954, "encoding_time": 0.28509974479675293, "decoding_time": 0.1741940975189209}