{"MSE": 10.261894226074219, "PSNR": 38.018528269926136, "encoding_time": 0.3013341426849365, "decoding_time": 0.20292901992797852}