{"MSE": 8.022586822509766, "PSNR": 39.08765935027715, "encoding_time": 0.2811598777770996, "decoding_time": 0.17229795455932617}