{"MSE": 9.32211685180664, "PSNR": 38.43565818399131, "encoding_time": 0.29333019256591797, "decoding_time": 0.1933269500732422}