{"MSE": 10.235919952392578, "PSNR": 38.02953479937456, "encoding_time": 0.2955288887023926, "decoding_time": 0.1963949203491211}