{"MSE": 10.30755615234375, "PSNR": 37.99924651487493, "encoding_time": 0.30042290687561035, "decoding_time": 0.20381593704223633}