{"MSE": 8.261524200439453, "PSNR": 38.96020181492638, "encoding_time": 0.2822110652923584, "decoding_time": 0.1714937686920166}