{"MSE": 9.189498901367188, "PSNR": 38.49788530690122, "encoding_time": 0.2876138687133789, "decoding_time": 0.18189001083374023}