{"MSE": 8.977901458740234, "PSNR": 38.5990552658332, "encoding_time": 0.2933681011199951, "decoding_time": 0.19020581245422363}