{"MSE": 7.9918212890625, "PSNR": 39.104345971166744, "encoding_time": 0.28577518463134766, "decoding_time": 0.17717194557189941}