{"MSE": 8.819755554199219, "PSNR": 38.67623812349872, "encoding_time": 0.2862720489501953, "decoding_time": 0.18439698219299316}