{"MSE": 8.355426788330078, "PSNR": 38.9111172266689, "encoding_time": 0.2808859348297119, "decoding_time": 0.16853690147399902}