{"MSE": 8.804595947265625, "PSNR": 38.68370930365786, "encoding_time": 0.2884058952331543, "decoding_time": 0.18313026428222656}