{"MSE": 7.802761077880859, "PSNR": 39.208320519334784, "encoding_time": 0.28429126739501953, "decoding_time": 0.17570972442626953}