{"MSE": 7.247016906738281, "PSNR": 39.52921086372513, "encoding_time": 0.27772092819213867, "decoding_time": 0.16142511367797852}