{"MSE": 10.664146423339844, "PSNR": 37.851542613702144, "encoding_time": 0.31115007400512695, "decoding_time": 0.17862892150878906}