{"MSE": 10.499427795410156, "PSNR": 37.919147296139116, "encoding_time": 0.32158422470092773, "decoding_time": 0.19855475425720215}