{"MSE": 8.016288757324219, "PSNR": 39.091070082012955, "encoding_time": 0.2515749931335449, "decoding_time": 0.13763189315795898}