{"MSE": 8.11666488647461, "PSNR": 39.037027452887884, "encoding_time": 0.2497401237487793, "decoding_time": 0.13567304611206055}