{"MSE": 10.796806335449219, "PSNR": 37.79785049455516, "encoding_time": 0.2715771198272705, "decoding_time": 0.16078591346740723}