{"MSE": 11.129135131835938, "PSNR": 37.66618945146452, "encoding_time": 0.2862253189086914, "decoding_time": 0.1733250617980957}