{"MSE": 10.62808609008789, "PSNR": 37.866252972242606, "encoding_time": 0.28851819038391113, "decoding_time": 0.17592597007751465}