{"MSE": 8.474464416503906, "PSNR": 38.849681004006904, "encoding_time": 0.265300989151001, "decoding_time": 0.1513841152191162}