{"MSE": 8.177848815917969, "PSNR": 39.00441283387608, "encoding_time": 0.2785911560058594, "decoding_time": 0.17200183868408203}