{"MSE": 8.358009338378906, "PSNR": 38.90977508824102, "encoding_time": 0.26659083366394043, "decoding_time": 0.14800095558166504}