{"MSE": 8.140033721923828, "PSNR": 39.024541568122345, "encoding_time": 0.2486100196838379, "decoding_time": 0.13516712188720703}