{"MSE": 10.786849975585938, "PSNR": 37.80185722297305, "encoding_time": 0.2796180248260498, "decoding_time": 0.16608595848083496}