{"MSE": 8.645034790039062, "PSNR": 38.763136155319316, "encoding_time": 0.26199913024902344, "decoding_time": 0.14003491401672363}