{"MSE": 8.810600280761719, "PSNR": 38.68074862246863, "encoding_time": 0.2605478763580322, "decoding_time": 0.14859700202941895}