{"MSE": 10.620235443115234, "PSNR": 37.869462160139555, "encoding_time": 0.2778341770172119, "decoding_time": 0.19816875457763672}