{"MSE": 8.559013366699219, "PSNR": 38.80656656248482, "encoding_time": 0.26713109016418457, "decoding_time": 0.15037798881530762}