{"MSE": 8.447929382324219, "PSNR": 38.86330086004297, "encoding_time": 0.265761137008667, "decoding_time": 0.1495039463043213}