{"MSE": 8.244888305664062, "PSNR": 38.968955842788006, "encoding_time": 416.6629550457001, "decoding_time": 0.15508079528808594}