{"MSE": 9.628227233886719, "PSNR": 38.29534029445791, "encoding_time": 0.26287388801574707, "decoding_time": 0.15505504608154297}