{"MSE": 8.435123443603516, "PSNR": 38.869889182245025, "encoding_time": 0.26653099060058594, "decoding_time": 0.14936399459838867}