{"MSE": 8.4564208984375, "PSNR": 38.858937700453964, "encoding_time": 0.26651525497436523, "decoding_time": 0.15074896812438965}