{"MSE": 11.365161895751953, "PSNR": 37.57504734275382, "encoding_time": 0.28554224967956543, "decoding_time": 0.17242693901062012}