{"MSE": 10.018600463867188, "PSNR": 38.12273303335827, "encoding_time": 0.32110595703125, "decoding_time": 0.20188593864440918}