{"MSE": 8.723564147949219, "PSNR": 38.723864019059015, "encoding_time": 0.2655799388885498, "decoding_time": 0.16768908500671387}