{"MSE": 8.46823501586914, "PSNR": 38.85287458535319, "encoding_time": 0.26684117317199707, "decoding_time": 0.14961981773376465}