{"MSE": 10.539100646972656, "PSNR": 37.902768088833945, "encoding_time": 0.28618907928466797, "decoding_time": 0.17259812355041504}