{"MSE": 9.563106536865234, "PSNR": 38.324813668489874, "encoding_time": 0.2614409923553467, "decoding_time": 0.15416216850280762}