{"MSE": 8.921440124511719, "PSNR": 38.62645395769145, "encoding_time": 0.260361909866333, "decoding_time": 0.15124106407165527}