{"MSE": 8.979259490966797, "PSNR": 38.59839838482065, "encoding_time": 0.2604498863220215, "decoding_time": 0.1499788761138916}