{"MSE": 9.736797332763672, "PSNR": 38.246642304198296, "encoding_time": 0.3020138740539551, "decoding_time": 0.1712203025817871}