{"MSE": 8.510692596435547, "PSNR": 38.83115456650455, "encoding_time": 0.2668647766113281, "decoding_time": 0.15043210983276367}