{"MSE": 8.430061340332031, "PSNR": 38.8724962613987, "encoding_time": 0.2532012462615967, "decoding_time": 0.1560688018798828}