{"MSE": 8.149471282958984, "PSNR": 39.019509271391954, "encoding_time": 0.25124502182006836, "decoding_time": 0.1378800868988037}