{"MSE": 9.151329040527344, "PSNR": 38.5159618996513, "encoding_time": 0.26282691955566406, "decoding_time": 0.15031719207763672}