{"MSE": 10.645000457763672, "PSNR": 37.85934676417737, "encoding_time": 0.2867898941040039, "decoding_time": 0.17992210388183594}