{"MSE": 10.329582214355469, "PSNR": 37.989976042727086, "encoding_time": 0.2800099849700928, "decoding_time": 0.1625502109527588}