{"MSE": 10.758792877197266, "PSNR": 37.813168140896785, "encoding_time": 0.27811217308044434, "decoding_time": 0.16478204727172852}