{"MSE": 10.700088500976562, "PSNR": 37.836929910960826, "encoding_time": 0.2781178951263428, "decoding_time": 0.16431117057800293}