{"MSE": 10.724029541015625, "PSNR": 37.827223592233864, "encoding_time": 0.2901632785797119, "decoding_time": 0.1778109073638916}