{"MSE": 9.730937957763672, "PSNR": 38.24925657264685, "encoding_time": 0.2628297805786133, "decoding_time": 0.15418720245361328}