{"MSE": 10.6856689453125, "PSNR": 37.842786457703326, "encoding_time": 0.2673947811126709, "decoding_time": 0.15971803665161133}