{"MSE": 9.498405456542969, "PSNR": 38.35429656584124, "encoding_time": 0.2650887966156006, "decoding_time": 0.15612101554870605}