{"MSE": 11.349845886230469, "PSNR": 37.58090396362037, "encoding_time": 0.285444974899292, "decoding_time": 0.17063498497009277}