{"MSE": 10.450790405273438, "PSNR": 37.93931222988541, "encoding_time": 0.2760589122772217, "decoding_time": 0.16241908073425293}