{"MSE": 9.583999633789062, "PSNR": 38.315335724173515, "encoding_time": 0.26561903953552246, "decoding_time": 0.15780901908874512}