{"MSE": 9.132614135742188, "PSNR": 38.52485252312094, "encoding_time": 0.26511096954345703, "decoding_time": 0.15442371368408203}