{"MSE": 11.057064056396484, "PSNR": 37.69440535289182, "encoding_time": 0.30205488204956055, "decoding_time": 0.18810701370239258}