{"MSE": 8.428184509277344, "PSNR": 38.87346326280698, "encoding_time": 0.26482510566711426, "decoding_time": 0.14826703071594238}