{"MSE": 10.740859985351562, "PSNR": 37.82041305580689, "encoding_time": 0.28923583030700684, "decoding_time": 0.16751909255981445}