{"MSE": 10.871562957763672, "PSNR": 37.76788375646661, "encoding_time": 6789.312749862671, "decoding_time": 0.16594505310058594}