{"MSE": 8.634178161621094, "PSNR": 38.768593550222235, "encoding_time": 0.275968074798584, "decoding_time": 0.16469788551330566}