{"MSE": 7.845005035400391, "PSNR": 39.18487134188307, "encoding_time": 0.2730109691619873, "decoding_time": 0.1577000617980957}