{"MSE": 7.473827362060547, "PSNR": 39.395372990067386, "encoding_time": 0.2678649425506592, "decoding_time": 0.15336203575134277}