{"MSE": 7.425361633300781, "PSNR": 39.42362751158464, "encoding_time": 0.2682368755340576, "decoding_time": 0.15322113037109375}