{"MSE": 8.574234008789062, "PSNR": 38.79885028726307, "encoding_time": 0.2821800708770752, "decoding_time": 0.17229986190795898}