{"MSE": 7.518974304199219, "PSNR": 39.36921760224162, "encoding_time": 0.26657700538635254, "decoding_time": 0.14604496955871582}