{"MSE": 7.1175994873046875, "PSNR": 39.607468145908236, "encoding_time": 0.269758939743042, "decoding_time": 0.1534428596496582}