{"MSE": 6.866466522216797, "PSNR": 39.76347053892732, "encoding_time": 0.26694679260253906, "decoding_time": 0.14930295944213867}