{"MSE": 8.570823669433594, "PSNR": 38.80057800566546, "encoding_time": 0.27963805198669434, "decoding_time": 0.16796183586120605}