{"MSE": 7.407115936279297, "PSNR": 39.43431218579984, "encoding_time": 0.27250003814697266, "decoding_time": 0.15435481071472168}