{"MSE": 8.40475845336914, "PSNR": 38.8855512421988, "encoding_time": 0.2768540382385254, "decoding_time": 0.16359305381774902}