{"MSE": 7.877925872802734, "PSNR": 39.16668470861427, "encoding_time": 0.27001094818115234, "decoding_time": 0.154127836227417}