{"MSE": 7.924549102783203, "PSNR": 39.14105800103557, "encoding_time": 0.26978516578674316, "decoding_time": 0.1522529125213623}