{"MSE": 7.546241760253906, "PSNR": 39.35349646212538, "encoding_time": 0.2689049243927002, "decoding_time": 0.1497790813446045}