{"MSE": 7.553077697753906, "PSNR": 39.34956408603919, "encoding_time": 0.2704010009765625, "decoding_time": 0.15729999542236328}