{"MSE": 7.587741851806641, "PSNR": 39.32967813854632, "encoding_time": 0.2726879119873047, "decoding_time": 0.15854310989379883}