{"MSE": 8.563167572021484, "PSNR": 38.80445918084925, "encoding_time": 0.28122711181640625, "decoding_time": 0.17087888717651367}