{"MSE": 9.133617401123047, "PSNR": 38.5243754541444, "encoding_time": 0.2860562801361084, "decoding_time": 0.17857670783996582}