{"MSE": 6.273651123046875, "PSNR": 40.15559996896429, "encoding_time": 0.2743499279022217, "decoding_time": 0.16307711601257324}