{"MSE": 6.802585601806641, "PSNR": 39.804063453432214, "encoding_time": 0.2810370922088623, "decoding_time": 0.16856813430786133}