{"MSE": 6.549213409423828, "PSNR": 39.96891218503686, "encoding_time": 0.2810239791870117, "decoding_time": 0.1700301170349121}