{"MSE": 7.316791534423828, "PSNR": 39.48759679312599, "encoding_time": 0.2876899242401123, "decoding_time": 0.18016386032104492}