{"MSE": 6.327892303466797, "PSNR": 40.118212817196465, "encoding_time": 0.27721500396728516, "decoding_time": 0.16755390167236328}