{"MSE": 6.738948822021484, "PSNR": 39.84488202670724, "encoding_time": 0.2773571014404297, "decoding_time": 0.16759490966796875}