{"MSE": 6.301944732666016, "PSNR": 40.136057707261244, "encoding_time": 0.2778780460357666, "decoding_time": 0.168287992477417}