{"MSE": 6.967643737792969, "PSNR": 39.6999442418778, "encoding_time": 0.2808268070220947, "decoding_time": 0.17218899726867676}