{"MSE": 6.278026580810547, "PSNR": 40.15257210721646, "encoding_time": 0.27403807640075684, "decoding_time": 0.1588890552520752}