{"MSE": 6.319286346435547, "PSNR": 40.12412325830035, "encoding_time": 0.2783491611480713, "decoding_time": 0.1664109230041504}