{"MSE": 6.258708953857422, "PSNR": 40.165956046609324, "encoding_time": 0.27696990966796875, "decoding_time": 0.1662731170654297}