{"MSE": 6.32928466796875, "PSNR": 40.11725731784017, "encoding_time": 0.27640295028686523, "decoding_time": 0.16554999351501465}