{"MSE": 6.342506408691406, "PSNR": 40.10819446147511, "encoding_time": 0.27828097343444824, "decoding_time": 0.16518092155456543}