{"MSE": 6.367549896240234, "PSNR": 40.0910800407923, "encoding_time": 0.2773251533508301, "decoding_time": 0.16623306274414062}