{"MSE": 6.581905364990234, "PSNR": 39.94728727175432, "encoding_time": 0.2835230827331543, "decoding_time": 0.17376089096069336}