{"MSE": 6.477443695068359, "PSNR": 40.01676714281818, "encoding_time": 0.27912378311157227, "decoding_time": 0.16797614097595215}