{"MSE": 6.376827239990234, "PSNR": 40.08475709559698, "encoding_time": 0.2780947685241699, "decoding_time": 0.17034006118774414}