{"MSE": 6.375293731689453, "PSNR": 40.08580161861816, "encoding_time": 0.2740333080291748, "decoding_time": 0.16544890403747559}