{"MSE": 5.955596923828125, "PSNR": 40.38155063943738, "encoding_time": 0.2772808074951172, "decoding_time": 0.15845203399658203}