{"MSE": 8.269153594970703, "PSNR": 38.95619302082676, "encoding_time": 0.32228779792785645, "decoding_time": 0.15090203285217285}