{"MSE": 8.475452423095703, "PSNR": 38.84917470558025, "encoding_time": 0.2746617794036865, "decoding_time": 0.15249991416931152}