{"MSE": 8.343692779541016, "PSNR": 38.91722056174078, "encoding_time": 0.27340006828308105, "decoding_time": 0.18520879745483398}