{"MSE": 9.613349914550781, "PSNR": 38.30205610463374, "encoding_time": 0.28420376777648926, "decoding_time": 0.16939425468444824}