{"MSE": 8.596309661865234, "PSNR": 38.787683093280464, "encoding_time": 0.27344775199890137, "decoding_time": 0.15714716911315918}