{"MSE": 8.474990844726562, "PSNR": 38.84941123147585, "encoding_time": 0.2746403217315674, "decoding_time": 0.15836071968078613}