{"MSE": 8.250961303710938, "PSNR": 38.96575810551229, "encoding_time": 0.26548314094543457, "decoding_time": 0.1465151309967041}