{"MSE": 18.385143280029297, "PSNR": 35.486133420840986, "encoding_time": 0.3511829376220703, "decoding_time": 0.2774162292480469}