{"MSE": 15.312602996826172, "PSNR": 36.28031337964016, "encoding_time": 0.32332706451416016, "decoding_time": 0.24408507347106934}