{"MSE": 13.635787963867188, "PSNR": 36.78400121525959, "encoding_time": 0.31371116638183594, "decoding_time": 0.22039008140563965}