{"MSE": 15.599342346191406, "PSNR": 36.19974071580155, "encoding_time": 0.328369140625, "decoding_time": 0.24865984916687012}