{"MSE": 17.44036102294922, "PSNR": 35.7152489009637, "encoding_time": 0.341480016708374, "decoding_time": 0.26890993118286133}