{"MSE": 16.93732452392578, "PSNR": 35.84235552055216, "encoding_time": 0.3364837169647217, "decoding_time": 0.25829100608825684}