{"MSE": 16.372634887695312, "PSNR": 35.98961783771014, "encoding_time": 0.3301091194152832, "decoding_time": 0.24938201904296875}