{"MSE": 16.661800384521484, "PSNR": 35.91358433736057, "encoding_time": 0.3333098888397217, "decoding_time": 0.25347423553466797}