{"MSE": 13.463020324707031, "PSNR": 36.8393785943413, "encoding_time": 0.3137681484222412, "decoding_time": 0.22194981575012207}