{"MSE": 14.86688232421875, "PSNR": 36.40860456996134, "encoding_time": 0.3267190456390381, "decoding_time": 0.24881720542907715}