{"MSE": 16.849040985107422, "PSNR": 35.86505174160773, "encoding_time": 0.33495306968688965, "decoding_time": 0.2571909427642822}