{"MSE": 17.49771499633789, "PSNR": 35.70099022425876, "encoding_time": 0.3366258144378662, "decoding_time": 0.2590467929840088}