{"MSE": 13.578617095947266, "PSNR": 36.80224819066377, "encoding_time": 0.31317615509033203, "decoding_time": 0.21869111061096191}