{"MSE": 17.961750030517578, "PSNR": 35.58731712747616, "encoding_time": 0.34851503372192383, "decoding_time": 0.2757382392883301}