{"MSE": 16.56313705444336, "PSNR": 35.9393776535103, "encoding_time": 0.3347489833831787, "decoding_time": 0.2585752010345459}