{"MSE": 13.92276382446289, "PSNR": 36.69354904719269, "encoding_time": 0.31238889694213867, "decoding_time": 0.21847915649414062}