{"MSE": 14.330699920654297, "PSNR": 36.56812958729133, "encoding_time": 0.3118917942047119, "decoding_time": 0.21822309494018555}