{"MSE": 17.53188705444336, "PSNR": 35.69251696729361, "encoding_time": 0.33532094955444336, "decoding_time": 0.2597799301147461}