{"MSE": 15.291637420654297, "PSNR": 36.28626368936295, "encoding_time": 0.3231818675994873, "decoding_time": 0.24512624740600586}