{"MSE": 13.689167022705078, "PSNR": 36.76703338478907, "encoding_time": 0.3119621276855469, "decoding_time": 0.221207857131958}