{"MSE": 14.842769622802734, "PSNR": 36.415654141250016, "encoding_time": 0.3234069347381592, "decoding_time": 0.24355077743530273}