{"MSE": 17.517276763916016, "PSNR": 35.69613769214481, "encoding_time": 0.3404371738433838, "decoding_time": 0.2619020938873291}