{"MSE": 16.708160400390625, "PSNR": 35.90151724974482, "encoding_time": 0.33832693099975586, "decoding_time": 0.26515913009643555}