{"MSE": 13.544197082519531, "PSNR": 36.81327096272939, "encoding_time": 0.31263208389282227, "decoding_time": 0.2215569019317627}