{"MSE": 17.679588317871094, "PSNR": 35.65608212937378, "encoding_time": 0.3438539505004883, "decoding_time": 0.2697570323944092}