{"MSE": 17.74927520751953, "PSNR": 35.63899737550126, "encoding_time": 0.35498619079589844, "decoding_time": 0.2784397602081299}