{"MSE": 15.441383361816406, "PSNR": 36.243941555747384, "encoding_time": 0.32125020027160645, "decoding_time": 0.24207711219787598}