{"MSE": 15.901294708251953, "PSNR": 36.116478741727526, "encoding_time": 0.33150720596313477, "decoding_time": 0.27188801765441895}