{"MSE": 18.019859313964844, "PSNR": 35.57328964868998, "encoding_time": 0.33954286575317383, "decoding_time": 0.26354217529296875}