{"MSE": 17.548309326171875, "PSNR": 35.68845079706148, "encoding_time": 0.33905982971191406, "decoding_time": 0.2626333236694336}