{"MSE": 15.605331420898438, "PSNR": 36.19807364365184, "encoding_time": 0.32288098335266113, "decoding_time": 0.2440037727355957}