{"MSE": 17.42092514038086, "PSNR": 35.72009146321763, "encoding_time": 0.337723970413208, "decoding_time": 0.26140594482421875}