{"MSE": 17.649616241455078, "PSNR": 35.663450939786486, "encoding_time": 0.33641695976257324, "decoding_time": 0.26122403144836426}