{"MSE": 18.262229919433594, "PSNR": 35.51526554669814, "encoding_time": 0.35039496421813965, "decoding_time": 0.2775270938873291}