{"MSE": 15.908119201660156, "PSNR": 36.11461524315264, "encoding_time": 0.32568812370300293, "decoding_time": 0.24843168258666992}