{"MSE": 15.451065063476562, "PSNR": 36.24121939550537, "encoding_time": 0.32440900802612305, "decoding_time": 0.2401442527770996}