{"MSE": 16.330902099609375, "PSNR": 36.000701855579635, "encoding_time": 0.33901429176330566, "decoding_time": 0.2522299289703369}