{"MSE": 15.174312591552734, "PSNR": 36.319713345609685, "encoding_time": 0.3251383304595947, "decoding_time": 0.24640488624572754}