{"MSE": 17.533321380615234, "PSNR": 35.692161674985456, "encoding_time": 0.33609604835510254, "decoding_time": 0.2604238986968994}