{"MSE": 15.93026351928711, "PSNR": 36.10857400884375, "encoding_time": 0.3315577507019043, "decoding_time": 0.25381922721862793}