{"MSE": 16.699451446533203, "PSNR": 35.90378155448257, "encoding_time": 0.3360419273376465, "decoding_time": 0.2605459690093994}