{"MSE": 17.182964324951172, "PSNR": 35.77982272448635, "encoding_time": 0.3362431526184082, "decoding_time": 0.26241183280944824}