{"MSE": 15.77840805053711, "PSNR": 36.15017177567631, "encoding_time": 0.32733893394470215, "decoding_time": 0.2491300106048584}