{"MSE": 17.298282623291016, "PSNR": 35.750773724356904, "encoding_time": 0.3370542526245117, "decoding_time": 0.25977492332458496}