{"MSE": 17.313587188720703, "PSNR": 35.746933025323116, "encoding_time": 0.3383347988128662, "decoding_time": 0.26177310943603516}