{"MSE": 17.481952667236328, "PSNR": 35.704904208279366, "encoding_time": 0.33500003814697266, "decoding_time": 0.26146411895751953}