{"MSE": 18.34832000732422, "PSNR": 35.49484054947362, "encoding_time": 0.3516809940338135, "decoding_time": 0.2792818546295166}