{"MSE": 16.174602508544922, "PSNR": 36.04246744198993, "encoding_time": 0.3266561031341553, "decoding_time": 0.24750781059265137}