{"MSE": 17.90274429321289, "PSNR": 35.601607522317536, "encoding_time": 0.360929012298584, "decoding_time": 0.27807116508483887}