{"MSE": 16.67593002319336, "PSNR": 35.90990296829382, "encoding_time": 0.3344869613647461, "decoding_time": 0.254871129989624}