{"MSE": 16.346675872802734, "PSNR": 35.99650909490776, "encoding_time": 0.3327901363372803, "decoding_time": 0.2485370635986328}