{"MSE": 16.645416259765625, "PSNR": 35.917857006327296, "encoding_time": 0.33104801177978516, "decoding_time": 0.2524378299713135}