{"MSE": 16.01076889038086, "PSNR": 36.086681721821286, "encoding_time": 0.3285372257232666, "decoding_time": 0.2446119785308838}