{"MSE": 14.38217544555664, "PSNR": 36.552557785384735, "encoding_time": 0.29898619651794434, "decoding_time": 0.1977689266204834}