{"MSE": 14.457481384277344, "PSNR": 36.52987719097592, "encoding_time": 0.3137369155883789, "decoding_time": 0.20868706703186035}