{"MSE": 13.206241607666016, "PSNR": 36.92301122457929, "encoding_time": 0.2883567810058594, "decoding_time": 0.1777641773223877}