{"MSE": 11.205329895019531, "PSNR": 37.63655713787321, "encoding_time": 0.2836029529571533, "decoding_time": 0.16959524154663086}