{"MSE": 12.190547943115234, "PSNR": 37.27057134058131, "encoding_time": 0.28389883041381836, "decoding_time": 0.17578125}