{"MSE": 11.676589965820312, "PSNR": 37.457643310415385, "encoding_time": 0.28229308128356934, "decoding_time": 0.1871490478515625}