{"MSE": 14.179222106933594, "PSNR": 36.614279554040166, "encoding_time": 0.3057839870452881, "decoding_time": 0.1998910903930664}