{"MSE": 14.318489074707031, "PSNR": 36.57183168394493, "encoding_time": 0.30164384841918945, "decoding_time": 0.2048509120941162}