{"MSE": 17.92388916015625, "PSNR": 35.596481112596514, "encoding_time": 0.30255889892578125, "decoding_time": 0.19699501991271973}