{"MSE": 14.255950927734375, "PSNR": 36.590841691141435, "encoding_time": 0.33708691596984863, "decoding_time": 0.19504117965698242}