{"MSE": 12.333606719970703, "PSNR": 37.21990264845539, "encoding_time": 0.3063349723815918, "decoding_time": 0.18112421035766602}