{"MSE": 15.043540954589844, "PSNR": 36.35730288173533, "encoding_time": 0.3038058280944824, "decoding_time": 0.19582104682922363}