{"MSE": 14.906780242919922, "PSNR": 36.396965117634, "encoding_time": 0.30272626876831055, "decoding_time": 0.21473193168640137}