{"MSE": 14.632022857666016, "PSNR": 36.4777598995843, "encoding_time": 0.2958698272705078, "decoding_time": 0.19554829597473145}