{"MSE": 11.378070831298828, "PSNR": 37.57011727837416, "encoding_time": 0.2977888584136963, "decoding_time": 0.1880037784576416}