{"MSE": 14.968925476074219, "PSNR": 36.37889734643796, "encoding_time": 0.3032867908477783, "decoding_time": 0.20359420776367188}