{"MSE": 11.797489166259766, "PSNR": 37.412907736692624, "encoding_time": 0.29395198822021484, "decoding_time": 0.16964030265808105}