{"MSE": 13.920623779296875, "PSNR": 36.69421664541865, "encoding_time": 0.2921428680419922, "decoding_time": 0.17896389961242676}