{"MSE": 16.45559310913086, "PSNR": 35.967668206744314, "encoding_time": 0.29722023010253906, "decoding_time": 0.19537782669067383}