{"MSE": 15.458934783935547, "PSNR": 36.23900795826164, "encoding_time": 0.3143761157989502, "decoding_time": 0.20824790000915527}