{"MSE": 12.000808715820312, "PSNR": 37.33869847404968, "encoding_time": 0.2944352626800537, "decoding_time": 0.1878209114074707}