{"MSE": 17.65369415283203, "PSNR": 35.662447626274634, "encoding_time": 0.31048083305358887, "decoding_time": 0.22154808044433594}