{"MSE": 11.659629821777344, "PSNR": 37.46395598516223, "encoding_time": 0.290057897567749, "decoding_time": 0.17860817909240723}