{"MSE": 12.148143768310547, "PSNR": 37.285704378937865, "encoding_time": 0.2906920909881592, "decoding_time": 0.1743459701538086}