{"MSE": 15.286487579345703, "PSNR": 36.28772653097546, "encoding_time": 0.3441929817199707, "decoding_time": 0.26825904846191406}