{"MSE": 14.462745666503906, "PSNR": 36.528296118501345, "encoding_time": 0.3361830711364746, "decoding_time": 0.26036882400512695}