{"MSE": 10.666500091552734, "PSNR": 37.85058419444324, "encoding_time": 0.3050801753997803, "decoding_time": 0.2134079933166504}