{"MSE": 13.170570373535156, "PSNR": 36.93475777651372, "encoding_time": 0.3279299736022949, "decoding_time": 0.24397587776184082}