{"MSE": 13.09798812866211, "PSNR": 36.95875768396968, "encoding_time": 0.32402610778808594, "decoding_time": 0.23951387405395508}