{"MSE": 13.7490234375, "PSNR": 36.74808508575565, "encoding_time": 0.3334681987762451, "decoding_time": 0.25471997261047363}