{"MSE": 14.124530792236328, "PSNR": 36.63106331118183, "encoding_time": 0.3349618911743164, "decoding_time": 0.2578279972076416}