{"MSE": 13.616474151611328, "PSNR": 36.79015694901556, "encoding_time": 0.32622504234313965, "decoding_time": 0.24837303161621094}