{"MSE": 13.340553283691406, "PSNR": 36.87906519063152, "encoding_time": 0.3253519535064697, "decoding_time": 0.2433149814605713}