{"MSE": 16.60218048095703, "PSNR": 35.92915230137575, "encoding_time": 0.3468821048736572, "decoding_time": 0.27405881881713867}