{"MSE": 14.10274887084961, "PSNR": 36.6377658841921, "encoding_time": 0.33503007888793945, "decoding_time": 0.2582097053527832}