{"MSE": 15.583446502685547, "PSNR": 36.20416846455182, "encoding_time": 0.34734678268432617, "decoding_time": 0.2730412483215332}