{"MSE": 14.38943099975586, "PSNR": 36.55036739867508, "encoding_time": 0.33761000633239746, "decoding_time": 0.259929895401001}