{"MSE": 14.48122787475586, "PSNR": 36.522749732731796, "encoding_time": 0.3353400230407715, "decoding_time": 0.2596259117126465}