{"MSE": 13.802619934082031, "PSNR": 36.73118831356497, "encoding_time": 0.3270249366760254, "decoding_time": 0.24900507926940918}