{"MSE": 13.242774963378906, "PSNR": 36.91101361790881, "encoding_time": 0.32497692108154297, "decoding_time": 0.24681901931762695}