{"MSE": 16.34988021850586, "PSNR": 35.995657855616656, "encoding_time": 0.3439600467681885, "decoding_time": 0.27274179458618164}