{"MSE": 13.376327514648438, "PSNR": 36.86743467095993, "encoding_time": 0.3284270763397217, "decoding_time": 0.2466278076171875}