{"MSE": 13.139671325683594, "PSNR": 36.944958589034485, "encoding_time": 0.32209300994873047, "decoding_time": 0.2353980541229248}