{"MSE": 13.007354736328125, "PSNR": 36.988913763911974, "encoding_time": 0.3198552131652832, "decoding_time": 0.23435187339782715}