{"MSE": 13.954437255859375, "PSNR": 36.68368033594164, "encoding_time": 0.33191704750061035, "decoding_time": 0.25156474113464355}