{"MSE": 13.889095306396484, "PSNR": 36.704064028362566, "encoding_time": 0.3319051265716553, "decoding_time": 0.2530801296234131}