{"MSE": 13.317832946777344, "PSNR": 36.886467978821756, "encoding_time": 0.32790303230285645, "decoding_time": 0.24569082260131836}