{"MSE": 14.158172607421875, "PSNR": 36.620731582011196, "encoding_time": 0.3402111530303955, "decoding_time": 0.26334595680236816}