{"MSE": 14.481964111328125, "PSNR": 36.52252893974673, "encoding_time": 0.33553314208984375, "decoding_time": 0.2586390972137451}