{"MSE": 13.12277603149414, "PSNR": 36.950546441490935, "encoding_time": 0.32228899002075195, "decoding_time": 0.23955202102661133}