{"MSE": 11.312492370605469, "PSNR": 37.59522061552335, "encoding_time": 0.3097972869873047, "decoding_time": 0.2206408977508545}