{"MSE": 16.620468139648438, "PSNR": 35.92437108712069, "encoding_time": 0.34915685653686523, "decoding_time": 0.27686119079589844}