{"MSE": 13.69948959350586, "PSNR": 36.76375974065754, "encoding_time": 0.3332998752593994, "decoding_time": 0.2642648220062256}