{"MSE": 10.596450805664062, "PSNR": 37.87919934624402, "encoding_time": 0.3018069267272949, "decoding_time": 0.21098589897155762}