{"MSE": 13.99920654296875, "PSNR": 36.66976939745078, "encoding_time": 0.32610011100769043, "decoding_time": 0.2455739974975586}