{"MSE": 11.094738006591797, "PSNR": 37.67963309697351, "encoding_time": 0.30846118927001953, "decoding_time": 0.2143239974975586}