{"MSE": 13.376075744628906, "PSNR": 36.86751641489085, "encoding_time": 0.3246116638183594, "decoding_time": 0.24554800987243652}