{"MSE": 10.628658294677734, "PSNR": 37.86601915911352, "encoding_time": 0.30933594703674316, "decoding_time": 0.21633005142211914}