{"MSE": 13.091842651367188, "PSNR": 36.96079583912177, "encoding_time": 0.3255469799041748, "decoding_time": 0.2425837516784668}