{"MSE": 14.912986755371094, "PSNR": 36.39515728717812, "encoding_time": 0.3417341709136963, "decoding_time": 0.2644317150115967}