{"MSE": 15.070518493652344, "PSNR": 36.349521666117724, "encoding_time": 0.34139394760131836, "decoding_time": 0.2672429084777832}