{"MSE": 13.36468505859375, "PSNR": 36.87121631888817, "encoding_time": 0.32344913482666016, "decoding_time": 0.2419588565826416}