{"MSE": 14.266143798828125, "PSNR": 36.58773763591572, "encoding_time": 0.3374509811401367, "decoding_time": 0.2591068744659424}