{"MSE": 11.446056365966797, "PSNR": 37.54424480612325, "encoding_time": 0.31076884269714355, "decoding_time": 0.2206881046295166}