{"MSE": 11.183727264404297, "PSNR": 37.644937934005405, "encoding_time": 0.306959867477417, "decoding_time": 0.2166581153869629}