{"MSE": 14.232738494873047, "PSNR": 36.597918909461015, "encoding_time": 0.3370487689971924, "decoding_time": 0.25871801376342773}