{"MSE": 14.442813873291016, "PSNR": 36.53428546402281, "encoding_time": 0.3378870487213135, "decoding_time": 0.2614579200744629}