{"MSE": 10.542266845703125, "PSNR": 37.901463559943146, "encoding_time": 0.3077259063720703, "decoding_time": 0.21524500846862793}