{"MSE": 15.791481018066406, "PSNR": 36.14657498255978, "encoding_time": 0.3453829288482666, "decoding_time": 0.30208802223205566}