{"MSE": 12.774101257324219, "PSNR": 37.067500064811355, "encoding_time": 0.31554102897644043, "decoding_time": 0.2356431484222412}