{"MSE": 13.564079284667969, "PSNR": 36.806900412191624, "encoding_time": 0.33145904541015625, "decoding_time": 0.2512848377227783}