{"MSE": 13.363853454589844, "PSNR": 36.87148656264277, "encoding_time": 0.3336629867553711, "decoding_time": 0.25171399116516113}