{"MSE": 13.820056915283203, "PSNR": 36.72570529266595, "encoding_time": 0.3277597427368164, "decoding_time": 0.24514222145080566}