{"MSE": 12.085182189941406, "PSNR": 37.3082715887643, "encoding_time": 0.3114778995513916, "decoding_time": 0.22314095497131348}