{"MSE": 13.587154388427734, "PSNR": 36.79951850626011, "encoding_time": 0.33177661895751953, "decoding_time": 0.25342822074890137}