{"MSE": 13.297988891601562, "PSNR": 36.89294395037781, "encoding_time": 0.3223080635070801, "decoding_time": 0.24241900444030762}