{"MSE": 11.858123779296875, "PSNR": 37.390643815156494, "encoding_time": 0.3125770092010498, "decoding_time": 0.2237999439239502}