{"MSE": 13.139694213867188, "PSNR": 36.944951024002656, "encoding_time": 0.32416486740112305, "decoding_time": 0.23964595794677734}