{"MSE": 14.680595397949219, "PSNR": 36.463366913368866, "encoding_time": 0.338547945022583, "decoding_time": 0.26273107528686523}