{"MSE": 14.502914428710938, "PSNR": 36.51625076348637, "encoding_time": 0.33792996406555176, "decoding_time": 0.2612342834472656}