{"MSE": 10.973148345947266, "PSNR": 37.727491104031884, "encoding_time": 0.3084750175476074, "decoding_time": 0.21566390991210938}