{"MSE": 16.087196350097656, "PSNR": 36.06599998296358, "encoding_time": 0.3553628921508789, "decoding_time": 0.28766608238220215}