{"MSE": 11.413581848144531, "PSNR": 37.556584033234465, "encoding_time": 0.30945611000061035, "decoding_time": 0.21912693977355957}