{"MSE": 16.702152252197266, "PSNR": 35.903079225929886, "encoding_time": 0.3457448482513428, "decoding_time": 0.27715206146240234}