{"MSE": 14.219615936279297, "PSNR": 36.60192494362146, "encoding_time": 0.3367738723754883, "decoding_time": 0.2572910785675049}