{"MSE": 16.71670150756836, "PSNR": 35.89929773074869, "encoding_time": 0.3461179733276367, "decoding_time": 0.27690696716308594}