{"MSE": 14.493877410888672, "PSNR": 36.51895777129734, "encoding_time": 0.3364596366882324, "decoding_time": 0.2610280513763428}