{"MSE": 13.78445053100586, "PSNR": 36.73690901714342, "encoding_time": 0.3256340026855469, "decoding_time": 0.24291777610778809}