{"MSE": 11.223609924316406, "PSNR": 37.629477964560124, "encoding_time": 0.30888986587524414, "decoding_time": 0.21800494194030762}