{"MSE": 15.826305389404297, "PSNR": 36.137008191116095, "encoding_time": 0.34743785858154297, "decoding_time": 0.2742350101470947}