{"MSE": 13.16278076171875, "PSNR": 36.93732713087301, "encoding_time": 0.3259458541870117, "decoding_time": 0.24152398109436035}