{"MSE": 13.52267837524414, "PSNR": 36.820176420147945, "encoding_time": 0.3287489414215088, "decoding_time": 0.24779915809631348}