{"MSE": 13.091365814208984, "PSNR": 36.96095402275069, "encoding_time": 0.322094202041626, "decoding_time": 0.2414107322692871}