{"MSE": 10.805503845214844, "PSNR": 37.79435338644958, "encoding_time": 0.30821681022644043, "decoding_time": 0.21240806579589844}