{"MSE": 10.549781799316406, "PSNR": 37.89836883635414, "encoding_time": 0.30087804794311523, "decoding_time": 0.21085906028747559}