{"MSE": 10.768123626708984, "PSNR": 37.80940327909877, "encoding_time": 0.3112339973449707, "decoding_time": 0.21990394592285156}