{"MSE": 16.214035034179688, "PSNR": 36.031892537917784, "encoding_time": 0.35468292236328125, "decoding_time": 0.28841328620910645}