{"MSE": 11.00864028930664, "PSNR": 37.71346679618025, "encoding_time": 0.3093247413635254, "decoding_time": 0.21459102630615234}