{"MSE": 13.611331939697266, "PSNR": 36.791797356089205, "encoding_time": 0.33031201362609863, "decoding_time": 0.25211215019226074}