{"MSE": 11.682075500488281, "PSNR": 37.45560352138393, "encoding_time": 0.3125731945037842, "decoding_time": 0.22254109382629395}