{"MSE": 13.89328384399414, "PSNR": 36.70275452295999, "encoding_time": 0.3341829776763916, "decoding_time": 0.256619930267334}