{"MSE": 13.648723602294922, "PSNR": 36.779883218280716, "encoding_time": 0.32837390899658203, "decoding_time": 0.25168800354003906}