{"MSE": 10.926273345947266, "PSNR": 37.74608299674556, "encoding_time": 0.30625319480895996, "decoding_time": 0.21505379676818848}