{"MSE": 15.816967010498047, "PSNR": 36.1395715205312, "encoding_time": 0.3458750247955322, "decoding_time": 0.2740440368652344}