{"MSE": 13.184398651123047, "PSNR": 36.93020034736543, "encoding_time": 0.3276958465576172, "decoding_time": 0.24845218658447266}