{"MSE": 10.748851776123047, "PSNR": 37.81718286749063, "encoding_time": 0.3071482181549072, "decoding_time": 0.21334075927734375}