{"MSE": 13.703411102294922, "PSNR": 36.76251674112376, "encoding_time": 0.3366820812225342, "decoding_time": 0.26137685775756836}