{"MSE": 11.157588958740234, "PSNR": 37.65510002739526, "encoding_time": 0.30826497077941895, "decoding_time": 0.21671032905578613}