{"MSE": 13.840137481689453, "PSNR": 36.71939956640051, "encoding_time": 0.3279581069946289, "decoding_time": 0.24329113960266113}