{"MSE": 13.158550262451172, "PSNR": 36.93872317159887, "encoding_time": 0.33072805404663086, "decoding_time": 0.2515840530395508}