{"MSE": 13.680130004882812, "PSNR": 36.769901362809655, "encoding_time": 0.33373403549194336, "decoding_time": 0.25554513931274414}