{"MSE": 13.182151794433594, "PSNR": 36.93094052569572, "encoding_time": 0.3238041400909424, "decoding_time": 0.24163293838500977}