{"MSE": 15.681190490722656, "PSNR": 36.17701330330376, "encoding_time": 0.34656524658203125, "decoding_time": 0.27353477478027344}