{"MSE": 12.310592651367188, "PSNR": 37.228013998112566, "encoding_time": 0.31388211250305176, "decoding_time": 0.2266550064086914}