{"MSE": 13.347991943359375, "PSNR": 36.8766442501848, "encoding_time": 0.3233010768890381, "decoding_time": 0.23875689506530762}