{"MSE": 13.523696899414062, "PSNR": 36.81984932313595, "encoding_time": 0.3315908908843994, "decoding_time": 0.2525811195373535}