{"MSE": 15.743057250976562, "PSNR": 36.15991286066055, "encoding_time": 0.34693002700805664, "decoding_time": 0.27489805221557617}