{"MSE": 14.081012725830078, "PSNR": 36.64446469881204, "encoding_time": 0.3258931636810303, "decoding_time": 0.24605393409729004}