{"MSE": 16.979328155517578, "PSNR": 35.83159858948429, "encoding_time": 0.3490598201751709, "decoding_time": 0.27997612953186035}