{"MSE": 13.716827392578125, "PSNR": 36.75826687195967, "encoding_time": 0.3269071578979492, "decoding_time": 0.24911904335021973}