{"MSE": 13.598129272460938, "PSNR": 36.79601195330775, "encoding_time": 0.33037590980529785, "decoding_time": 0.24958515167236328}