{"MSE": 12.088325500488281, "PSNR": 37.30714215198533, "encoding_time": 0.31035590171813965, "decoding_time": 0.22391414642333984}