{"MSE": 17.108272552490234, "PSNR": 35.79874200467397, "encoding_time": 0.3485832214355469, "decoding_time": 0.2779068946838379}