{"MSE": 13.529926300048828, "PSNR": 36.81784929944292, "encoding_time": 0.33336615562438965, "decoding_time": 0.25629377365112305}