{"MSE": 13.022014617919922, "PSNR": 36.984021823375734, "encoding_time": 0.31986212730407715, "decoding_time": 0.2356128692626953}