{"MSE": 13.392681121826172, "PSNR": 36.86212832410449, "encoding_time": 0.3287339210510254, "decoding_time": 0.24761080741882324}