{"MSE": 14.938522338867188, "PSNR": 36.387727200026056, "encoding_time": 0.3392918109893799, "decoding_time": 0.26493000984191895}