{"MSE": 12.404438018798828, "PSNR": 37.19503267460262, "encoding_time": 0.31427669525146484, "decoding_time": 0.22870397567749023}