{"MSE": 15.048194885253906, "PSNR": 36.35595953854408, "encoding_time": 0.33749914169311523, "decoding_time": 0.25920891761779785}