{"MSE": 10.636116027832031, "PSNR": 37.86297294527641, "encoding_time": 0.3104701042175293, "decoding_time": 0.21651697158813477}