{"MSE": 13.526847839355469, "PSNR": 36.818837561007854, "encoding_time": 0.33748412132263184, "decoding_time": 0.25711798667907715}