{"MSE": 11.119884490966797, "PSNR": 37.669800848805295, "encoding_time": 0.3098127841949463, "decoding_time": 0.21507811546325684}