{"MSE": 10.588508605957031, "PSNR": 37.88245566937546, "encoding_time": 0.3024578094482422, "decoding_time": 0.21117901802062988}