{"MSE": 14.025627136230469, "PSNR": 36.66158071637389, "encoding_time": 0.3398878574371338, "decoding_time": 0.26468396186828613}