{"MSE": 13.312908172607422, "PSNR": 36.88807424449901, "encoding_time": 0.32858896255493164, "decoding_time": 0.24647307395935059}