{"MSE": 13.28458023071289, "PSNR": 36.89732524843877, "encoding_time": 0.32419705390930176, "decoding_time": 0.24276971817016602}