{"MSE": 14.81109619140625, "PSNR": 36.424931583722866, "encoding_time": 0.3369479179382324, "decoding_time": 0.2615790367126465}