{"MSE": 10.560810089111328, "PSNR": 37.893831279222844, "encoding_time": 0.3095729351043701, "decoding_time": 0.21718692779541016}