{"MSE": 16.8671875, "PSNR": 35.860376881815476, "encoding_time": 0.3468773365020752, "decoding_time": 0.2785646915435791}