{"MSE": 10.819580078125, "PSNR": 37.78869955299957, "encoding_time": 0.306441068649292, "decoding_time": 0.21429991722106934}