{"MSE": 16.63531494140625, "PSNR": 35.920493334797136, "encoding_time": 0.3479158878326416, "decoding_time": 0.27573609352111816}