{"MSE": 11.044605255126953, "PSNR": 37.69930162487864, "encoding_time": 0.3068990707397461, "decoding_time": 0.21440982818603516}