{"MSE": 16.179466247558594, "PSNR": 36.041161705115286, "encoding_time": 0.3553769588470459, "decoding_time": 0.2873110771179199}