{"MSE": 14.21280288696289, "PSNR": 36.604006278873364, "encoding_time": 0.32594799995422363, "decoding_time": 0.2468249797821045}