{"MSE": 11.477718353271484, "PSNR": 37.53224797289239, "encoding_time": 0.31460094451904297, "decoding_time": 0.2206711769104004}