{"MSE": 13.143077850341797, "PSNR": 36.943832805076426, "encoding_time": 0.32679104804992676, "decoding_time": 0.24390697479248047}