{"MSE": 10.460586547851562, "PSNR": 37.935243238172085, "encoding_time": 0.30371594429016113, "decoding_time": 0.21201705932617188}