{"MSE": 14.521442413330078, "PSNR": 36.5107060393654, "encoding_time": 0.33751511573791504, "decoding_time": 0.2595329284667969}