{"MSE": 14.99979019165039, "PSNR": 36.36995176428612, "encoding_time": 0.34111595153808594, "decoding_time": 0.25792789459228516}