{"MSE": 15.060195922851562, "PSNR": 36.35249739092216, "encoding_time": 0.339130163192749, "decoding_time": 0.2653529644012451}