{"MSE": 14.160018920898438, "PSNR": 36.62016527200863, "encoding_time": 0.30428600311279297, "decoding_time": 0.2093961238861084}