{"MSE": 11.549240112304688, "PSNR": 37.50526950309829, "encoding_time": 0.29152584075927734, "decoding_time": 0.18681788444519043}