{"MSE": 11.445869445800781, "PSNR": 37.54431572929269, "encoding_time": 0.2891380786895752, "decoding_time": 0.18778586387634277}