{"MSE": 14.564990997314453, "PSNR": 36.49770140343487, "encoding_time": 0.3094179630279541, "decoding_time": 0.21351075172424316}