{"MSE": 10.247600555419922, "PSNR": 38.02458172308281, "encoding_time": 0.28621816635131836, "decoding_time": 0.1769728660583496}