{"MSE": 10.950645446777344, "PSNR": 37.736406429965626, "encoding_time": 0.2873198986053467, "decoding_time": 0.18315410614013672}