{"MSE": 9.964920043945312, "PSNR": 38.146065424889706, "encoding_time": 0.28203630447387695, "decoding_time": 0.17176485061645508}