{"MSE": 11.331111907958984, "PSNR": 37.588078321345016, "encoding_time": 0.2850930690765381, "decoding_time": 0.18059492111206055}