{"MSE": 12.088706970214844, "PSNR": 37.30700510439897, "encoding_time": 0.2981910705566406, "decoding_time": 0.1990830898284912}