{"MSE": 10.254390716552734, "PSNR": 38.02170499800775, "encoding_time": 0.28247618675231934, "decoding_time": 0.17444181442260742}