{"MSE": 11.28908920288086, "PSNR": 37.604214561545525, "encoding_time": 0.2889280319213867, "decoding_time": 0.18593311309814453}