{"MSE": 12.591930389404297, "PSNR": 37.12988046709112, "encoding_time": 0.2965080738067627, "decoding_time": 0.19614696502685547}