{"MSE": 10.960441589355469, "PSNR": 37.73252308913269, "encoding_time": 0.28873777389526367, "decoding_time": 0.18435406684875488}