{"MSE": 10.961532592773438, "PSNR": 37.73209081349855, "encoding_time": 0.28917789459228516, "decoding_time": 0.18544721603393555}