{"MSE": 11.498210906982422, "PSNR": 37.52450090398744, "encoding_time": 0.296828031539917, "decoding_time": 0.19247889518737793}