{"MSE": 10.603546142578125, "PSNR": 37.876292302633026, "encoding_time": 0.28416895866394043, "decoding_time": 0.1787109375}