{"MSE": 11.40432357788086, "PSNR": 37.56010829703787, "encoding_time": 0.29013776779174805, "decoding_time": 0.18640708923339844}