{"MSE": 13.086490631103516, "PSNR": 36.962571622839434, "encoding_time": 0.3010280132293701, "decoding_time": 0.20194602012634277}