{"MSE": 12.229900360107422, "PSNR": 37.25657442117135, "encoding_time": 0.29711103439331055, "decoding_time": 0.19582915306091309}