{"MSE": 10.93695068359375, "PSNR": 37.74184107050112, "encoding_time": 0.28867006301879883, "decoding_time": 0.18126296997070312}