{"MSE": 11.372058868408203, "PSNR": 37.572412616821936, "encoding_time": 0.28760194778442383, "decoding_time": 0.1821451187133789}