{"MSE": 11.04266357421875, "PSNR": 37.700065197154366, "encoding_time": 0.2863597869873047, "decoding_time": 0.17956018447875977}