{"MSE": 11.563072204589844, "PSNR": 37.50007123302695, "encoding_time": 0.2900412082672119, "decoding_time": 0.18717384338378906}