{"MSE": 11.41131591796875, "PSNR": 37.55744632053585, "encoding_time": 0.288668155670166, "decoding_time": 0.1861577033996582}