{"MSE": 10.39422607421875, "PSNR": 37.962882023816505, "encoding_time": 0.2849099636077881, "decoding_time": 0.17863106727600098}