{"MSE": 11.133247375488281, "PSNR": 37.66458501874382, "encoding_time": 0.29132509231567383, "decoding_time": 0.18617582321166992}