{"MSE": 10.156463623046875, "PSNR": 38.0633784350521, "encoding_time": 0.2818136215209961, "decoding_time": 0.17605924606323242}