{"MSE": 11.921375274658203, "PSNR": 37.36754001458455, "encoding_time": 0.2954099178314209, "decoding_time": 0.19762492179870605}