{"MSE": 11.324348449707031, "PSNR": 37.590671367470144, "encoding_time": 0.2905552387237549, "decoding_time": 0.18453097343444824}