{"MSE": 15.008842468261719, "PSNR": 36.367331615647714, "encoding_time": 0.30976295471191406, "decoding_time": 0.21441197395324707}