{"MSE": 14.152019500732422, "PSNR": 36.622619425310646, "encoding_time": 0.30489015579223633, "decoding_time": 0.20956683158874512}