{"MSE": 11.38449478149414, "PSNR": 37.56766598510312, "encoding_time": 0.2957019805908203, "decoding_time": 0.19286894798278809}