{"MSE": 11.330516815185547, "PSNR": 37.58830641219491, "encoding_time": 0.2948451042175293, "decoding_time": 0.19156503677368164}