{"MSE": 11.5328369140625, "PSNR": 37.511442101580855, "encoding_time": 0.28703784942626953, "decoding_time": 0.18412017822265625}