{"MSE": 11.453327178955078, "PSNR": 37.541486937939005, "encoding_time": 0.2889211177825928, "decoding_time": 0.18340682983398438}