{"MSE": 11.539558410644531, "PSNR": 37.50891171068107, "encoding_time": 0.28630709648132324, "decoding_time": 0.1794600486755371}