{"MSE": 11.407855987548828, "PSNR": 37.55876330846764, "encoding_time": 0.28975605964660645, "decoding_time": 0.18667268753051758}