{"MSE": 11.214469909667969, "PSNR": 37.633016108799964, "encoding_time": 0.286635160446167, "decoding_time": 0.18117594718933105}