{"MSE": 9.924983978271484, "PSNR": 38.16350546506199, "encoding_time": 0.28053808212280273, "decoding_time": 0.1704859733581543}