{"MSE": 10.706775665283203, "PSNR": 37.8342165769294, "encoding_time": 0.2897946834564209, "decoding_time": 0.1827991008758545}