{"MSE": 10.891765594482422, "PSNR": 37.759820747036784, "encoding_time": 0.28902101516723633, "decoding_time": 0.1819751262664795}