{"MSE": 11.169227600097656, "PSNR": 37.65057220036456, "encoding_time": 0.2875821590423584, "decoding_time": 0.1812150478363037}