{"MSE": 12.047126770019531, "PSNR": 37.32196880489546, "encoding_time": 0.31795215606689453, "decoding_time": 0.21173501014709473}