{"MSE": 10.532413482666016, "PSNR": 37.90552460517879, "encoding_time": 0.28484296798706055, "decoding_time": 0.17542099952697754}