{"MSE": 11.520393371582031, "PSNR": 37.51613052250276, "encoding_time": 0.28966712951660156, "decoding_time": 0.18397307395935059}