{"MSE": 9.649761199951172, "PSNR": 38.28563794760046, "encoding_time": 0.27924203872680664, "decoding_time": 0.1728229522705078}