{"MSE": 10.437641143798828, "PSNR": 37.944779995562726, "encoding_time": 0.2841947078704834, "decoding_time": 0.17556238174438477}