{"MSE": 10.614990234375, "PSNR": 37.8716076190984, "encoding_time": 0.2842869758605957, "decoding_time": 0.17862606048583984}