{"MSE": 11.42251205444336, "PSNR": 37.5531873581883, "encoding_time": 0.2873537540435791, "decoding_time": 0.1870121955871582}