{"MSE": 11.160331726074219, "PSNR": 37.6540325724642, "encoding_time": 0.2882981300354004, "decoding_time": 0.18407201766967773}