{"MSE": 11.032283782958984, "PSNR": 37.70414936218245, "encoding_time": 0.285660982131958, "decoding_time": 0.18325090408325195}