{"MSE": 11.403861999511719, "PSNR": 37.56028407685871, "encoding_time": 0.2862100601196289, "decoding_time": 0.18480873107910156}