{"MSE": 10.20705795288086, "PSNR": 38.04179780284791, "encoding_time": 0.2844102382659912, "decoding_time": 0.17536473274230957}