{"MSE": 11.410167694091797, "PSNR": 37.557883336202885, "encoding_time": 0.28523874282836914, "decoding_time": 0.1814110279083252}