{"MSE": 12.025215148925781, "PSNR": 37.329875055804294, "encoding_time": 0.29317498207092285, "decoding_time": 0.19137787818908691}