{"MSE": 10.875751495361328, "PSNR": 37.76621085217094, "encoding_time": 0.2834169864654541, "decoding_time": 0.17536497116088867}