{"MSE": 11.5753173828125, "PSNR": 37.49547453124837, "encoding_time": 0.28823089599609375, "decoding_time": 0.17956924438476562}