{"MSE": 12.911930084228516, "PSNR": 37.020891951098, "encoding_time": 0.301469087600708, "decoding_time": 0.20275592803955078}