{"MSE": 11.452796936035156, "PSNR": 37.54168800344714, "encoding_time": 0.2914621829986572, "decoding_time": 0.18607592582702637}