{"MSE": 12.060901641845703, "PSNR": 37.317005851167465, "encoding_time": 0.3155639171600342, "decoding_time": 0.20893311500549316}