{"MSE": 11.247447967529297, "PSNR": 37.620263681405234, "encoding_time": 0.2893409729003906, "decoding_time": 0.18599867820739746}