{"MSE": 11.62551498413086, "PSNR": 37.476681606123684, "encoding_time": 0.28948497772216797, "decoding_time": 0.18774771690368652}