{"MSE": 9.907665252685547, "PSNR": 38.17109036083642, "encoding_time": 0.28153419494628906, "decoding_time": 0.1704118251800537}