{"MSE": 11.427658081054688, "PSNR": 37.551231231835146, "encoding_time": 0.29135894775390625, "decoding_time": 0.18640732765197754}