{"MSE": 11.194633483886719, "PSNR": 37.64070481669363, "encoding_time": 0.285905122756958, "decoding_time": 0.1806929111480713}