{"MSE": 11.51633071899414, "PSNR": 37.517662326775074, "encoding_time": 0.2964000701904297, "decoding_time": 0.19457793235778809}