{"MSE": 9.88238525390625, "PSNR": 38.182185804923805, "encoding_time": 0.28224611282348633, "decoding_time": 0.17323803901672363}