{"MSE": 11.228679656982422, "PSNR": 37.62751668844972, "encoding_time": 0.29013705253601074, "decoding_time": 0.18503975868225098}