{"MSE": 11.39444351196289, "PSNR": 37.56387241143996, "encoding_time": 0.28954505920410156, "decoding_time": 0.18838095664978027}