{"MSE": 10.652053833007812, "PSNR": 37.85647008271945, "encoding_time": 0.2823328971862793, "decoding_time": 0.17466115951538086}