{"MSE": 11.5826416015625, "PSNR": 37.49272742568905, "encoding_time": 0.29470109939575195, "decoding_time": 0.19296002388000488}