{"MSE": 12.155296325683594, "PSNR": 37.283148101903606, "encoding_time": 0.3198540210723877, "decoding_time": 0.22762179374694824}