{"MSE": 11.424427032470703, "PSNR": 37.55245932684106, "encoding_time": 0.2895700931549072, "decoding_time": 0.1858518123626709}