{"MSE": 10.603343963623047, "PSNR": 37.87637511081858, "encoding_time": 0.2876112461090088, "decoding_time": 0.18036198616027832}