{"MSE": 12.291671752929688, "PSNR": 37.234694068913456, "encoding_time": 0.2999389171600342, "decoding_time": 0.1991739273071289}