{"MSE": 11.824207305908203, "PSNR": 37.40308325556101, "encoding_time": 0.2871890068054199, "decoding_time": 0.1829371452331543}