{"MSE": 11.619441986083984, "PSNR": 37.478950889395534, "encoding_time": 0.2876420021057129, "decoding_time": 0.18643474578857422}