{"MSE": 11.816036224365234, "PSNR": 37.40608547147478, "encoding_time": 0.29769420623779297, "decoding_time": 0.19482779502868652}