{"MSE": 10.794414520263672, "PSNR": 37.79881269317099, "encoding_time": 0.2864189147949219, "decoding_time": 0.17719006538391113}