{"MSE": 11.681480407714844, "PSNR": 37.45582475954544, "encoding_time": 0.2908189296722412, "decoding_time": 0.1837632656097412}