{"MSE": 10.803730010986328, "PSNR": 37.79506638388772, "encoding_time": 0.2902839183807373, "decoding_time": 0.18166089057922363}