{"MSE": 13.386474609375, "PSNR": 36.8641414227882, "encoding_time": 0.3017270565032959, "decoding_time": 0.20291900634765625}