{"MSE": 11.844463348388672, "PSNR": 37.39564972475509, "encoding_time": 0.2971467971801758, "decoding_time": 0.1918802261352539}