{"MSE": 12.226310729980469, "PSNR": 37.25784931740255, "encoding_time": 0.31244802474975586, "decoding_time": 0.2151789665222168}