{"MSE": 12.635574340820312, "PSNR": 37.11485373624243, "encoding_time": 0.29819512367248535, "decoding_time": 0.1980288028717041}