{"MSE": 11.649547576904297, "PSNR": 37.46771301486065, "encoding_time": 0.2918100357055664, "decoding_time": 0.18763327598571777}