{"MSE": 11.496097564697266, "PSNR": 37.525299199701806, "encoding_time": 0.2894878387451172, "decoding_time": 0.18612194061279297}