{"MSE": 12.405555725097656, "PSNR": 37.19464136964437, "encoding_time": 0.2906219959259033, "decoding_time": 0.19442009925842285}