{"MSE": 10.913463592529297, "PSNR": 37.75117756897195, "encoding_time": 0.2854797840118408, "decoding_time": 0.17746520042419434}