{"MSE": 10.861122131347656, "PSNR": 37.77205663582252, "encoding_time": 0.2851581573486328, "decoding_time": 0.17749619483947754}