{"MSE": 11.585487365722656, "PSNR": 37.4916605292819, "encoding_time": 0.3093569278717041, "decoding_time": 0.19617486000061035}