{"MSE": 11.231369018554688, "PSNR": 37.62647664182013, "encoding_time": 0.2859339714050293, "decoding_time": 0.18308615684509277}