{"MSE": 11.741386413574219, "PSNR": 37.43360979781264, "encoding_time": 0.2977299690246582, "decoding_time": 0.19471287727355957}