{"MSE": 11.187580108642578, "PSNR": 37.643442027681324, "encoding_time": 0.28469276428222656, "decoding_time": 0.17993617057800293}