{"MSE": 11.490493774414062, "PSNR": 37.527416690903564, "encoding_time": 0.28737497329711914, "decoding_time": 0.17876291275024414}