{"MSE": 10.418025970458984, "PSNR": 37.95294925143763, "encoding_time": 0.2857358455657959, "decoding_time": 0.17697477340698242}