{"MSE": 11.43960189819336, "PSNR": 37.54669449734873, "encoding_time": 0.29081082344055176, "decoding_time": 0.18633008003234863}