{"MSE": 11.489860534667969, "PSNR": 37.527656036671544, "encoding_time": 0.2895650863647461, "decoding_time": 0.1854548454284668}