{"MSE": 11.368515014648438, "PSNR": 37.573766211637015, "encoding_time": 0.29039812088012695, "decoding_time": 0.1772148609161377}