{"MSE": 11.267906188964844, "PSNR": 37.61237138260999, "encoding_time": 0.2915987968444824, "decoding_time": 0.18590331077575684}