{"MSE": 11.025596618652344, "PSNR": 37.70678261487405, "encoding_time": 0.2880699634552002, "decoding_time": 0.18397092819213867}