{"MSE": 11.122756958007812, "PSNR": 37.668679132578234, "encoding_time": 0.2859787940979004, "decoding_time": 0.17999625205993652}