{"MSE": 9.90640640258789, "PSNR": 38.171642202639774, "encoding_time": 0.2803328037261963, "decoding_time": 0.1740248203277588}