{"MSE": 11.369304656982422, "PSNR": 37.57346456678855, "encoding_time": 0.29024696350097656, "decoding_time": 0.1901700496673584}