{"MSE": 11.340660095214844, "PSNR": 37.58442027001847, "encoding_time": 0.29752016067504883, "decoding_time": 0.1924748420715332}