{"MSE": 12.905574798583984, "PSNR": 37.023030086099524, "encoding_time": 0.3079040050506592, "decoding_time": 0.2029860019683838}