{"MSE": 10.421043395996094, "PSNR": 37.95169156449736, "encoding_time": 0.28520727157592773, "decoding_time": 0.17826461791992188}