{"MSE": 10.967979431152344, "PSNR": 37.72953733541725, "encoding_time": 0.2879621982574463, "decoding_time": 0.18168187141418457}