{"MSE": 11.749378204345703, "PSNR": 37.430654772020226, "encoding_time": 0.2969348430633545, "decoding_time": 0.1962292194366455}