{"MSE": 14.6849365234375, "PSNR": 36.46208287270269, "encoding_time": 0.3085050582885742, "decoding_time": 0.21329188346862793}