{"MSE": 9.919979095458984, "PSNR": 38.165696039089305, "encoding_time": 0.281782865524292, "decoding_time": 0.17103815078735352}