{"MSE": 11.443405151367188, "PSNR": 37.54525086550585, "encoding_time": 0.28899502754211426, "decoding_time": 0.18465065956115723}