{"MSE": 9.857402801513672, "PSNR": 38.19317857443154, "encoding_time": 0.28012704849243164, "decoding_time": 0.17300891876220703}