{"MSE": 11.62594223022461, "PSNR": 37.476522002689585, "encoding_time": 0.290020227432251, "decoding_time": 0.1886751651763916}