{"MSE": 11.455596923828125, "PSNR": 37.54062636703441, "encoding_time": 0.2888491153717041, "decoding_time": 0.18537497520446777}