{"MSE": 11.04184341430664, "PSNR": 37.70038776801769, "encoding_time": 0.28548097610473633, "decoding_time": 0.18136286735534668}