{"MSE": 13.655780792236328, "PSNR": 36.77763824164737, "encoding_time": 0.303696870803833, "decoding_time": 0.20624113082885742}