{"MSE": 11.031097412109375, "PSNR": 37.704616411461444, "encoding_time": 0.2869269847869873, "decoding_time": 0.18531107902526855}