{"MSE": 13.978717803955078, "PSNR": 36.676130232354126, "encoding_time": 0.3040351867675781, "decoding_time": 0.2072587013244629}