{"MSE": 11.390323638916016, "PSNR": 37.5654429678894, "encoding_time": 0.2929568290710449, "decoding_time": 0.19040203094482422}