{"MSE": 11.147724151611328, "PSNR": 37.65894147230952, "encoding_time": 0.2866840362548828, "decoding_time": 0.17970585823059082}