{"MSE": 12.145816802978516, "PSNR": 37.286536345552285, "encoding_time": 0.2963240146636963, "decoding_time": 0.19765305519104004}