{"MSE": 10.288230895996094, "PSNR": 38.00739658424258, "encoding_time": 0.28449106216430664, "decoding_time": 0.17522501945495605}