{"MSE": 11.214714050292969, "PSNR": 37.63292156329493, "encoding_time": 0.28787899017333984, "decoding_time": 0.18127989768981934}