{"MSE": 13.42159652709961, "PSNR": 36.85276181721267, "encoding_time": 0.30214405059814453, "decoding_time": 0.2025279998779297}