{"MSE": 11.217594146728516, "PSNR": 37.6318063771222, "encoding_time": 0.297745943069458, "decoding_time": 0.18419313430786133}