{"MSE": 11.609699249267578, "PSNR": 37.48259391437286, "encoding_time": 0.2938201427459717, "decoding_time": 0.19394373893737793}