{"MSE": 11.151756286621094, "PSNR": 37.65737091194695, "encoding_time": 0.28310513496398926, "decoding_time": 0.17685675621032715}