{"MSE": 10.997028350830078, "PSNR": 37.71805016181673, "encoding_time": 0.2872128486633301, "decoding_time": 0.18301701545715332}