{"MSE": 10.803516387939453, "PSNR": 37.79515225814375, "encoding_time": 0.28618597984313965, "decoding_time": 0.17690801620483398}