{"MSE": 11.165840148925781, "PSNR": 37.651889547040625, "encoding_time": 0.2878882884979248, "decoding_time": 0.18307256698608398}