{"MSE": 11.084796905517578, "PSNR": 37.683526204423046, "encoding_time": 0.28894734382629395, "decoding_time": 0.18393969535827637}