{"MSE": 12.263717651367188, "PSNR": 37.24458217705933, "encoding_time": 0.2964198589324951, "decoding_time": 0.1971449851989746}