{"MSE": 11.132553100585938, "PSNR": 37.66485585541051, "encoding_time": 0.2863438129425049, "decoding_time": 0.1815340518951416}