{"MSE": 11.318721771240234, "PSNR": 37.59282976333785, "encoding_time": 0.2893240451812744, "decoding_time": 0.1820371150970459}