{"MSE": 11.772796630859375, "PSNR": 37.422007190033156, "encoding_time": 0.2963559627532959, "decoding_time": 0.1953728199005127}