{"MSE": 11.350967407226562, "PSNR": 37.580474842095924, "encoding_time": 0.286113977432251, "decoding_time": 0.18569016456604004}