{"MSE": 11.29345703125, "PSNR": 37.60253457049173, "encoding_time": 0.2882089614868164, "decoding_time": 0.18622207641601562}