{"MSE": 11.198028564453125, "PSNR": 37.63938789888928, "encoding_time": 0.29050588607788086, "decoding_time": 0.18611812591552734}