{"MSE": 12.76766586303711, "PSNR": 37.06968852442242, "encoding_time": 0.3014388084411621, "decoding_time": 0.20363903045654297}