{"MSE": 12.56954574584961, "PSNR": 37.137607779819234, "encoding_time": 0.30031800270080566, "decoding_time": 0.20396900177001953}