{"MSE": 11.066596984863281, "PSNR": 37.69066266448413, "encoding_time": 0.282332181930542, "decoding_time": 0.1781768798828125}