{"MSE": 11.25582504272461, "PSNR": 37.6170302693605, "encoding_time": 0.2887146472930908, "decoding_time": 0.18373823165893555}