{"MSE": 10.257911682128906, "PSNR": 38.02021405281204, "encoding_time": 0.28311896324157715, "decoding_time": 0.17314791679382324}