{"MSE": 11.375003814697266, "PSNR": 37.57128809894655, "encoding_time": 0.2893822193145752, "decoding_time": 0.18537569046020508}