{"MSE": 10.569869995117188, "PSNR": 37.89010715164121, "encoding_time": 0.2875373363494873, "decoding_time": 0.17885160446166992}