{"MSE": 9.872501373291016, "PSNR": 38.186531580478146, "encoding_time": 0.28527092933654785, "decoding_time": 0.17522287368774414}