{"MSE": 12.037460327148438, "PSNR": 37.3254549207313, "encoding_time": 0.30592894554138184, "decoding_time": 0.2016160488128662}