{"MSE": 11.63702392578125, "PSNR": 37.472384336355766, "encoding_time": 0.2914712429046631, "decoding_time": 0.18855595588684082}