{"MSE": 13.713531494140625, "PSNR": 36.75931052619484, "encoding_time": 0.2684338092803955, "decoding_time": 0.16718220710754395}