{"MSE": 13.585819244384766, "PSNR": 36.79994528744254, "encoding_time": 0.2685508728027344, "decoding_time": 0.16600608825683594}