{"MSE": 13.320785522460938, "PSNR": 36.88550525071818, "encoding_time": 0.26753878593444824, "decoding_time": 0.17364192008972168}