{"MSE": 13.187278747558594, "PSNR": 36.92925174635278, "encoding_time": 0.2612578868865967, "decoding_time": 0.1678028106689453}