{"MSE": 12.415912628173828, "PSNR": 37.191017131100054, "encoding_time": 0.26330113410949707, "decoding_time": 0.15622615814208984}