{"MSE": 15.214893341064453, "PSNR": 36.308114486396796, "encoding_time": 0.2734229564666748, "decoding_time": 0.18164896965026855}