{"MSE": 15.102340698242188, "PSNR": 36.340360974456644, "encoding_time": 0.2738149166107178, "decoding_time": 0.18060708045959473}