{"MSE": 12.033981323242188, "PSNR": 37.326710277374644, "encoding_time": 0.2599501609802246, "decoding_time": 0.15434789657592773}