{"MSE": 13.57339859008789, "PSNR": 36.80391758298633, "encoding_time": 0.2668478488922119, "decoding_time": 0.1706550121307373}