{"MSE": 15.100502014160156, "PSNR": 36.340889752730526, "encoding_time": 0.27297091484069824, "decoding_time": 0.18128705024719238}