{"MSE": 7.7700653076171875, "PSNR": 39.22655691794335, "encoding_time": 0.2756538391113281, "decoding_time": 0.16100192070007324}