{"MSE": 6.987972259521484, "PSNR": 39.687291885926, "encoding_time": 0.2690470218658447, "decoding_time": 0.15318894386291504}