{"MSE": 8.048851013183594, "PSNR": 39.07346472332202, "encoding_time": 0.2720308303833008, "decoding_time": 0.15788793563842773}