{"MSE": 8.007892608642578, "PSNR": 39.095621205458315, "encoding_time": 0.27820396423339844, "decoding_time": 0.16426897048950195}