{"MSE": 8.79608154296875, "PSNR": 38.68791114088068, "encoding_time": 0.2758471965789795, "decoding_time": 0.1652679443359375}