{"MSE": 7.3087615966796875, "PSNR": 39.49236564934832, "encoding_time": 0.27170681953430176, "decoding_time": 0.1533193588256836}