{"MSE": 6.06329345703125, "PSNR": 40.30371772727756, "encoding_time": 0.26395678520202637, "decoding_time": 0.1436460018157959}