{"MSE": 4.801910400390625, "PSNR": 41.31666308641064, "encoding_time": 0.2547037601470947, "decoding_time": 0.13000011444091797}