{"MSE": 7.073696136474609, "PSNR": 39.63433960900445, "encoding_time": 0.2682170867919922, "decoding_time": 0.15136003494262695}