{"MSE": 4.8471221923828125, "PSNR": 41.27596392762917, "encoding_time": 0.2555551528930664, "decoding_time": 0.13103175163269043}