{"MSE": 5.769191741943359, "PSNR": 40.51965387677815, "encoding_time": 0.26863694190979004, "decoding_time": 0.14960002899169922}