{"MSE": 6.466487884521484, "PSNR": 40.02411892642775, "encoding_time": 0.2664830684661865, "decoding_time": 0.14784789085388184}