{"MSE": 8.638877868652344, "PSNR": 38.766230266183754, "encoding_time": 0.2731971740722656, "decoding_time": 0.16122102737426758}