{"MSE": 6.205596923828125, "PSNR": 40.20296797715525, "encoding_time": 0.26401615142822266, "decoding_time": 0.14722180366516113}