{"MSE": 6.9275054931640625, "PSNR": 39.72503482039784, "encoding_time": 0.26479411125183105, "decoding_time": 0.14982104301452637}