{"MSE": 4.767810821533203, "PSNR": 41.347613458459165, "encoding_time": 0.25553107261657715, "decoding_time": 0.13010668754577637}