{"MSE": 8.19638442993164, "PSNR": 38.9945804121652, "encoding_time": 0.2784888744354248, "decoding_time": 0.16561508178710938}