{"MSE": 6.161163330078125, "PSNR": 40.23417638941658, "encoding_time": 0.2653670310974121, "decoding_time": 0.14654183387756348}