{"MSE": 6.893280029296875, "PSNR": 39.74654439444933, "encoding_time": 0.2675480842590332, "decoding_time": 0.1483759880065918}