{"MSE": 7.4589080810546875, "PSNR": 39.40405105658159, "encoding_time": 0.27411937713623047, "decoding_time": 0.156052827835083}