{"MSE": 8.166740417480469, "PSNR": 39.01031609252406, "encoding_time": 0.2824971675872803, "decoding_time": 0.16505193710327148}