{"MSE": 6.387088775634766, "PSNR": 40.07777408307801, "encoding_time": 0.26407790184020996, "decoding_time": 0.14454078674316406}