{"MSE": 8.237533569335938, "PSNR": 38.97283163439118, "encoding_time": 0.2776761054992676, "decoding_time": 0.16660189628601074}