{"MSE": 7.673076629638672, "PSNR": 39.28110825424503, "encoding_time": 0.27622008323669434, "decoding_time": 0.15822172164916992}