{"MSE": 7.023845672607422, "PSNR": 39.66505400149721, "encoding_time": 0.270723819732666, "decoding_time": 0.1570141315460205}