{"MSE": 9.197235107421875, "PSNR": 38.49423072442118, "encoding_time": 0.2829139232635498, "decoding_time": 0.17674994468688965}