{"MSE": 8.499866485595703, "PSNR": 38.83668256921199, "encoding_time": 0.27425575256347656, "decoding_time": 0.16121602058410645}