{"MSE": 8.309589385986328, "PSNR": 38.9350079698828, "encoding_time": 0.27776217460632324, "decoding_time": 0.16313481330871582}