{"MSE": 6.898822784423828, "PSNR": 39.74305371847586, "encoding_time": 0.2707991600036621, "decoding_time": 0.15665578842163086}