{"MSE": 7.890094757080078, "PSNR": 39.15998141913257, "encoding_time": 0.274608850479126, "decoding_time": 0.16101622581481934}