{"MSE": 7.847087860107422, "PSNR": 39.18371845642875, "encoding_time": 0.2764317989349365, "decoding_time": 0.162855863571167}