{"MSE": 6.269527435302734, "PSNR": 40.158455536854945, "encoding_time": 0.269071102142334, "decoding_time": 0.15381288528442383}