{"MSE": 6.882312774658203, "PSNR": 39.75345955119838, "encoding_time": 0.26999878883361816, "decoding_time": 0.15628910064697266}