{"MSE": 8.81427001953125, "PSNR": 38.67894010156207, "encoding_time": 0.2855038642883301, "decoding_time": 0.1786632537841797}