{"MSE": 7.340496063232422, "PSNR": 39.47354950782245, "encoding_time": 0.2731781005859375, "decoding_time": 0.16044211387634277}