{"MSE": 7.798931121826172, "PSNR": 39.210452760879605, "encoding_time": 0.2801947593688965, "decoding_time": 0.17072319984436035}