{"MSE": 6.801311492919922, "PSNR": 39.80487695335302, "encoding_time": 0.2687239646911621, "decoding_time": 0.1548159122467041}