{"MSE": 8.897438049316406, "PSNR": 38.63815388067688, "encoding_time": 0.28273797035217285, "decoding_time": 0.17402219772338867}