{"MSE": 9.55770492553711, "PSNR": 38.32726742424204, "encoding_time": 0.2820150852203369, "decoding_time": 0.17650580406188965}