{"MSE": 6.698337554931641, "PSNR": 39.871133313472114, "encoding_time": 0.2674839496612549, "decoding_time": 0.14847803115844727}