{"MSE": 6.750160217285156, "PSNR": 39.83766279791392, "encoding_time": 0.27069902420043945, "decoding_time": 0.15390515327453613}