{"MSE": 8.07144546508789, "PSNR": 39.061290440767564, "encoding_time": 0.27255797386169434, "decoding_time": 0.15650701522827148}