{"MSE": 8.917503356933594, "PSNR": 38.628370793702786, "encoding_time": 0.2835526466369629, "decoding_time": 0.17633628845214844}