{"MSE": 6.618755340576172, "PSNR": 39.92304032990389, "encoding_time": 0.27581000328063965, "decoding_time": 0.15773892402648926}