{"MSE": 7.214328765869141, "PSNR": 39.54884431098846, "encoding_time": 0.27102208137512207, "decoding_time": 0.15805816650390625}