{"MSE": 7.622352600097656, "PSNR": 39.30991326070331, "encoding_time": 0.2724170684814453, "decoding_time": 0.1543869972229004}