{"MSE": 6.493900299072266, "PSNR": 40.005747442550366, "encoding_time": 0.26198673248291016, "decoding_time": 0.1449589729309082}