{"MSE": 6.969573974609375, "PSNR": 39.69874128843216, "encoding_time": 0.2701718807220459, "decoding_time": 0.15478897094726562}