{"MSE": 8.362098693847656, "PSNR": 38.90765071853407, "encoding_time": 0.2811856269836426, "decoding_time": 0.1727161407470703}