{"MSE": 6.773708343505859, "PSNR": 39.82253867634127, "encoding_time": 0.27240991592407227, "decoding_time": 0.15842914581298828}