{"MSE": 8.52566146850586, "PSNR": 38.82352276901008, "encoding_time": 0.27794623374938965, "decoding_time": 0.1649768352508545}