{"MSE": 7.062507629394531, "PSNR": 39.64121430886128, "encoding_time": 0.27399611473083496, "decoding_time": 0.16089105606079102}