{"MSE": 6.740016937255859, "PSNR": 39.84419372975392, "encoding_time": 0.27366018295288086, "decoding_time": 0.15665984153747559}