{"MSE": 6.674369812011719, "PSNR": 39.886700945895164, "encoding_time": 0.26210999488830566, "decoding_time": 0.1449122428894043}