{"MSE": 8.745853424072266, "PSNR": 38.71278166346383, "encoding_time": 0.2772669792175293, "decoding_time": 0.16519904136657715}