{"MSE": 6.646961212158203, "PSNR": 39.904572163791315, "encoding_time": 0.2628490924835205, "decoding_time": 0.14475297927856445}