{"MSE": 6.743568420410156, "PSNR": 39.841905926426776, "encoding_time": 0.2727189064025879, "decoding_time": 0.15537619590759277}