{"MSE": 6.687278747558594, "PSNR": 39.87830934482209, "encoding_time": 0.2682340145111084, "decoding_time": 0.15138602256774902}