{"MSE": 6.7653961181640625, "PSNR": 39.82787130976922, "encoding_time": 0.273510217666626, "decoding_time": 0.15832185745239258}