{"MSE": 7.069740295410156, "PSNR": 39.63676900443272, "encoding_time": 0.27430081367492676, "decoding_time": 0.15675806999206543}