{"MSE": 6.953765869140625, "PSNR": 39.708602968174844, "encoding_time": 0.2718989849090576, "decoding_time": 0.15509700775146484}