{"MSE": 8.093524932861328, "PSNR": 39.04942651928239, "encoding_time": 0.2730138301849365, "decoding_time": 0.15832209587097168}