{"MSE": 6.9365081787109375, "PSNR": 39.7193945818675, "encoding_time": 0.27294111251831055, "decoding_time": 0.1586778163909912}