{"MSE": 6.814666748046875, "PSNR": 39.796357381180634, "encoding_time": 0.26918601989746094, "decoding_time": 0.15359807014465332}