{"MSE": 6.690879821777344, "PSNR": 39.875971314977704, "encoding_time": 0.27574992179870605, "decoding_time": 0.15676212310791016}