{"MSE": 7.066249847412109, "PSNR": 39.638913717778465, "encoding_time": 0.26949024200439453, "decoding_time": 0.15450286865234375}