{"MSE": 2.3524017333984375, "PSNR": 44.41568870122139, "encoding_time": 0.24976491928100586, "decoding_time": 0.11696600914001465}