{"MSE": 2.5649681091308594, "PSNR": 44.03998391074886, "encoding_time": 0.2514340877532959, "decoding_time": 0.12116789817810059}