{"MSE": 2.709880828857422, "PSNR": 43.80130168335799, "encoding_time": 0.24647212028503418, "decoding_time": 0.11617588996887207}