{"MSE": 2.308422088623047, "PSNR": 44.49765139573164, "encoding_time": 0.24933910369873047, "decoding_time": 0.1176149845123291}