{"MSE": 2.8919334411621094, "PSNR": 43.5189206756653, "encoding_time": 0.2464289665222168, "decoding_time": 0.11805582046508789}