{"MSE": 2.6349449157714844, "PSNR": 43.92308820266798, "encoding_time": 0.2529561519622803, "decoding_time": 0.12303781509399414}