{"MSE": 2.721038818359375, "PSNR": 43.78345623395752, "encoding_time": 0.24663209915161133, "decoding_time": 0.11657309532165527}