{"MSE": 2.7198944091796875, "PSNR": 43.78528316539858, "encoding_time": 0.24745869636535645, "decoding_time": 0.1181643009185791}