{"MSE": 3.3538169860839844, "PSNR": 42.875410008991004, "encoding_time": 0.2696678638458252, "decoding_time": 0.14478802680969238}