{"MSE": 2.7116317749023438, "PSNR": 43.79849646537756, "encoding_time": 0.24651074409484863, "decoding_time": 0.11765813827514648}