{"MSE": 2.9251365661621094, "PSNR": 43.46934214023696, "encoding_time": 0.2574129104614258, "decoding_time": 0.1275019645690918}