{"MSE": 2.548320770263672, "PSNR": 44.06826266879892, "encoding_time": 0.24812102317810059, "decoding_time": 0.13352513313293457}