{"MSE": 2.3644332885742188, "PSNR": 44.39353295767813, "encoding_time": 0.25088000297546387, "decoding_time": 0.11695003509521484}