{"MSE": 2.9053497314453125, "PSNR": 43.49881942800832, "encoding_time": 0.25659799575805664, "decoding_time": 0.12827086448669434}