{"MSE": 2.3713111877441406, "PSNR": 44.3809181057929, "encoding_time": 0.24529695510864258, "decoding_time": 0.11290884017944336}