{"MSE": 2.737163543701172, "PSNR": 43.757796138761115, "encoding_time": 0.2458200454711914, "decoding_time": 0.11772584915161133}