{"MSE": 2.770374298095703, "PSNR": 43.70541911436738, "encoding_time": 0.2462599277496338, "decoding_time": 0.1166839599609375}