{"MSE": 2.710369110107422, "PSNR": 43.80051921813792, "encoding_time": 0.2522411346435547, "decoding_time": 0.12326192855834961}