{"MSE": 2.6538619995117188, "PSNR": 43.89202025010475, "encoding_time": 0.2556290626525879, "decoding_time": 0.12398576736450195}