{"MSE": 2.0845184326171875, "PSNR": 44.94074621084876, "encoding_time": 0.25215601921081543, "decoding_time": 0.1104879379272461}