{"MSE": 2.9097023010253906, "PSNR": 43.4923180337192, "encoding_time": 0.25528597831726074, "decoding_time": 0.12380003929138184}