{"MSE": 2.162975311279297, "PSNR": 44.78028798542253, "encoding_time": 0.2430100440979004, "decoding_time": 0.11290383338928223}