{"MSE": 2.5074386596679688, "PSNR": 44.138500433403856, "encoding_time": 0.24703001976013184, "decoding_time": 0.1168830394744873}