{"MSE": 2.4889907836914062, "PSNR": 44.17057072374775, "encoding_time": 0.24674105644226074, "decoding_time": 0.11491608619689941}