{"MSE": 2.3100547790527344, "PSNR": 44.4945808229254, "encoding_time": 0.24568510055541992, "decoding_time": 0.11567211151123047}