{"MSE": 2.7335281372070312, "PSNR": 43.76356812265043, "encoding_time": 0.2517969608306885, "decoding_time": 0.12338519096374512}