{"MSE": 2.537036895751953, "PSNR": 44.08753577719903, "encoding_time": 0.24579095840454102, "decoding_time": 0.11690211296081543}