{"MSE": 10.164779663085938, "PSNR": 38.059823917790524, "encoding_time": 0.28714799880981445, "decoding_time": 0.18383193016052246}