{"MSE": 12.440132141113281, "PSNR": 37.18255367341765, "encoding_time": 0.2886340618133545, "decoding_time": 0.184967041015625}