{"MSE": 9.809844970703125, "PSNR": 38.214182167805376, "encoding_time": 0.28128623962402344, "decoding_time": 0.1692197322845459}