{"MSE": 12.680633544921875, "PSNR": 37.099394087267584, "encoding_time": 0.29343295097351074, "decoding_time": 0.19445300102233887}