{"MSE": 12.794883728027344, "PSNR": 37.06044017225836, "encoding_time": 0.2965078353881836, "decoding_time": 0.1951439380645752}