{"MSE": 9.404510498046875, "PSNR": 38.397441652908796, "encoding_time": 0.26698780059814453, "decoding_time": 0.15659809112548828}