{"MSE": 10.16524887084961, "PSNR": 38.059623451428834, "encoding_time": 0.27042198181152344, "decoding_time": 0.16819214820861816}