{"MSE": 8.746047973632812, "PSNR": 38.712685056698575, "encoding_time": 0.26981401443481445, "decoding_time": 0.16079187393188477}