{"MSE": 12.08578109741211, "PSNR": 37.30805637002713, "encoding_time": 0.3092207908630371, "decoding_time": 0.1938621997833252}