{"MSE": 12.5196533203125, "PSNR": 37.15488057804988, "encoding_time": 0.2944769859313965, "decoding_time": 0.19348907470703125}