{"MSE": 9.295146942138672, "PSNR": 38.44824101170368, "encoding_time": 0.264636754989624, "decoding_time": 0.15503311157226562}