{"MSE": 11.180889129638672, "PSNR": 37.646040198629585, "encoding_time": 0.28099608421325684, "decoding_time": 0.1752159595489502}