{"MSE": 9.398643493652344, "PSNR": 38.40015184473902, "encoding_time": 0.2638428211212158, "decoding_time": 0.15325713157653809}