{"MSE": 8.989585876464844, "PSNR": 38.59340675331422, "encoding_time": 0.26262807846069336, "decoding_time": 0.1551828384399414}