{"MSE": 10.418025970458984, "PSNR": 37.95294925143763, "encoding_time": 0.27022814750671387, "decoding_time": 0.16798615455627441}