{"MSE": 10.323688507080078, "PSNR": 37.99245468608741, "encoding_time": 0.2815980911254883, "decoding_time": 0.17429399490356445}