{"MSE": 6.072475433349609, "PSNR": 40.29714594357771, "encoding_time": 0.2572050094604492, "decoding_time": 0.1381070613861084}