{"MSE": 5.739185333251953, "PSNR": 40.54230111393818, "encoding_time": 0.25173521041870117, "decoding_time": 0.1334078311920166}