{"MSE": 9.567363739013672, "PSNR": 38.32288075266995, "encoding_time": 0.2662379741668701, "decoding_time": 0.18343091011047363}