{"MSE": 10.121524810791016, "PSNR": 38.07834416839585, "encoding_time": 0.2707560062408447, "decoding_time": 0.1671590805053711}