{"MSE": 12.537559509277344, "PSNR": 37.148673534644054, "encoding_time": 0.2713127136230469, "decoding_time": 0.1783311367034912}