{"MSE": 12.777359008789062, "PSNR": 37.06639263417723, "encoding_time": 0.29613375663757324, "decoding_time": 0.1951770782470703}