{"MSE": 9.413692474365234, "PSNR": 38.393203541575495, "encoding_time": 0.26380300521850586, "decoding_time": 0.15261387825012207}