{"MSE": 10.56045913696289, "PSNR": 37.893975604433464, "encoding_time": 0.2671170234680176, "decoding_time": 0.16740202903747559}