{"MSE": 9.388534545898438, "PSNR": 38.40482552233107, "encoding_time": 0.26592469215393066, "decoding_time": 0.15948796272277832}