{"MSE": 12.839088439941406, "PSNR": 37.04546170433887, "encoding_time": 0.2740929126739502, "decoding_time": 0.1802520751953125}