{"MSE": 8.996845245361328, "PSNR": 38.58990110619203, "encoding_time": 0.26508378982543945, "decoding_time": 0.1547861099243164}