{"MSE": 12.126651763916016, "PSNR": 37.293394545753095, "encoding_time": 0.2874722480773926, "decoding_time": 0.18285107612609863}