{"MSE": 10.712635040283203, "PSNR": 37.83184051315401, "encoding_time": 0.27728891372680664, "decoding_time": 0.17211174964904785}