{"MSE": 11.983341217041016, "PSNR": 37.34502435151039, "encoding_time": 0.30969977378845215, "decoding_time": 0.20985007286071777}