{"MSE": 12.012523651123047, "PSNR": 37.33446105120164, "encoding_time": 0.3087639808654785, "decoding_time": 0.19845986366271973}