{"MSE": 12.587898254394531, "PSNR": 37.131271369328594, "encoding_time": 0.2981250286102295, "decoding_time": 0.1987142562866211}