{"MSE": 5.597415924072266, "PSNR": 40.65092781883604, "encoding_time": 0.2511012554168701, "decoding_time": 0.13318300247192383}