{"MSE": 12.730384826660156, "PSNR": 37.082388287328, "encoding_time": 0.2959740161895752, "decoding_time": 0.1961510181427002}