{"MSE": 12.383331298828125, "PSNR": 37.20242868842886, "encoding_time": 0.3561692237854004, "decoding_time": 0.23889780044555664}