{"MSE": 9.209709167480469, "PSNR": 38.48834444998171, "encoding_time": 0.26311397552490234, "decoding_time": 0.14958906173706055}