{"MSE": 13.624359130859375, "PSNR": 36.78764277990959, "encoding_time": 0.2901740074157715, "decoding_time": 0.19062113761901855}