{"MSE": 7.575340270996094, "PSNR": 39.33678215509153, "encoding_time": 0.2653188705444336, "decoding_time": 0.15112090110778809}