{"MSE": 10.007434844970703, "PSNR": 38.12757589626296, "encoding_time": 0.2783961296081543, "decoding_time": 0.16848301887512207}