{"MSE": 10.233856201171875, "PSNR": 38.030410505843925, "encoding_time": 0.27209901809692383, "decoding_time": 0.17682266235351562}