{"MSE": 11.098709106445312, "PSNR": 37.6780789204068, "encoding_time": 0.270557165145874, "decoding_time": 0.1754779815673828}