{"MSE": 9.855796813964844, "PSNR": 38.193886193230725, "encoding_time": 0.2625861167907715, "decoding_time": 0.1507270336151123}