{"MSE": 12.744461059570312, "PSNR": 37.077588862100214, "encoding_time": 0.2934529781341553, "decoding_time": 0.19405221939086914}