{"MSE": 8.746490478515625, "PSNR": 38.71246533166622, "encoding_time": 0.262484073638916, "decoding_time": 0.15011191368103027}