{"MSE": 9.050788879394531, "PSNR": 38.56393926299559, "encoding_time": 0.2630128860473633, "decoding_time": 0.15056395530700684}