{"MSE": 8.74233627319336, "PSNR": 38.71452853294061, "encoding_time": 0.26138997077941895, "decoding_time": 0.14713215827941895}