{"MSE": 12.057144165039062, "PSNR": 37.31835907146505, "encoding_time": 0.2864959239959717, "decoding_time": 0.1809852123260498}