{"MSE": 12.591949462890625, "PSNR": 37.1298738886688, "encoding_time": 0.29470300674438477, "decoding_time": 0.19542503356933594}