{"MSE": 11.63568115234375, "PSNR": 37.472885489180975, "encoding_time": 0.3129081726074219, "decoding_time": 0.20430469512939453}