{"MSE": 11.583793640136719, "PSNR": 37.49229548698901, "encoding_time": 0.2787141799926758, "decoding_time": 0.17768597602844238}