{"MSE": 10.768058776855469, "PSNR": 37.809429434090404, "encoding_time": 0.30426692962646484, "decoding_time": 0.2080390453338623}