{"MSE": 11.509281158447266, "PSNR": 37.52032161362253, "encoding_time": 0.30905580520629883, "decoding_time": 0.21099615097045898}