{"MSE": 11.37713623046875, "PSNR": 37.57047402483875, "encoding_time": 0.322063684463501, "decoding_time": 0.21387219429016113}