{"MSE": 11.496936798095703, "PSNR": 37.52498216939743, "encoding_time": 0.31055331230163574, "decoding_time": 0.21425390243530273}