{"MSE": 11.309547424316406, "PSNR": 37.59635134815547, "encoding_time": 0.3353710174560547, "decoding_time": 0.20797300338745117}