{"MSE": 11.551986694335938, "PSNR": 37.50423680865667, "encoding_time": 0.3177011013031006, "decoding_time": 0.21140098571777344}