{"MSE": 10.056838989257812, "PSNR": 38.10618863770961, "encoding_time": 0.3087170124053955, "decoding_time": 0.19994211196899414}