{"MSE": 11.412097930908203, "PSNR": 37.557148710452836, "encoding_time": 0.3135509490966797, "decoding_time": 0.2271101474761963}