{"MSE": 11.740242004394531, "PSNR": 37.43403311648827, "encoding_time": 0.3126249313354492, "decoding_time": 0.23870015144348145}