{"MSE": 12.383399963378906, "PSNR": 37.20240460722477, "encoding_time": 0.3179466724395752, "decoding_time": 0.24570322036743164}