{"MSE": 10.933212280273438, "PSNR": 37.7433258037897, "encoding_time": 0.3068711757659912, "decoding_time": 0.20913481712341309}