{"MSE": 10.833698272705078, "PSNR": 37.78303624902306, "encoding_time": 0.32302403450012207, "decoding_time": 0.2104048728942871}