{"MSE": 9.72528076171875, "PSNR": 38.251782129261954, "encoding_time": 0.3047809600830078, "decoding_time": 0.20521187782287598}