{"MSE": 12.283805847167969, "PSNR": 37.23747417324326, "encoding_time": 0.3188009262084961, "decoding_time": 0.25307321548461914}