{"MSE": 11.875308990478516, "PSNR": 37.38435442266674, "encoding_time": 0.306826114654541, "decoding_time": 0.2156081199645996}