{"MSE": 11.703632354736328, "PSNR": 37.44759689994083, "encoding_time": 0.3418862819671631, "decoding_time": 0.2242717742919922}