{"MSE": 11.280967712402344, "PSNR": 37.60734004648792, "encoding_time": 0.31638288497924805, "decoding_time": 0.21657896041870117}