{"MSE": 11.392986297607422, "PSNR": 37.564427858157444, "encoding_time": 0.3120739459991455, "decoding_time": 0.2112712860107422}