{"MSE": 11.283527374267578, "PSNR": 37.60635474012577, "encoding_time": 0.31404924392700195, "decoding_time": 0.24446892738342285}