{"MSE": 11.2479248046875, "PSNR": 37.62007956554398, "encoding_time": 0.3110790252685547, "decoding_time": 0.21609807014465332}