{"MSE": 11.642044067382812, "PSNR": 37.47051122027537, "encoding_time": 0.31015682220458984, "decoding_time": 0.21434426307678223}