{"MSE": 11.637313842773438, "PSNR": 37.47227614049544, "encoding_time": 0.31315135955810547, "decoding_time": 0.2156827449798584}