{"MSE": 11.408252716064453, "PSNR": 37.558612277450564, "encoding_time": 0.3103480339050293, "decoding_time": 0.22363686561584473}