{"MSE": 11.472198486328125, "PSNR": 37.53433708529948, "encoding_time": 0.31048107147216797, "decoding_time": 0.21386504173278809}