{"MSE": 11.142833709716797, "PSNR": 37.66084711502708, "encoding_time": 0.3003687858581543, "decoding_time": 0.2144010066986084}