{"MSE": 8.74441146850586, "PSNR": 38.71349775707465, "encoding_time": 0.28938984870910645, "decoding_time": 0.17997193336486816}