{"MSE": 11.535594940185547, "PSNR": 37.51040363001117, "encoding_time": 0.313385009765625, "decoding_time": 0.21408295631408691}