{"MSE": 11.352409362792969, "PSNR": 37.57992317671784, "encoding_time": 0.31942009925842285, "decoding_time": 0.2179720401763916}