{"MSE": 10.953773498535156, "PSNR": 37.73516604497286, "encoding_time": 0.3146047592163086, "decoding_time": 0.23275518417358398}