{"MSE": 11.476619720458984, "PSNR": 37.532663694022695, "encoding_time": 0.3062598705291748, "decoding_time": 0.2123887538909912}