{"MSE": 10.933940887451172, "PSNR": 37.74303639247543, "encoding_time": 0.31512975692749023, "decoding_time": 0.21540021896362305}