{"MSE": 11.78952407836914, "PSNR": 37.415840870968154, "encoding_time": 0.3176581859588623, "decoding_time": 0.21896696090698242}