{"MSE": 11.432235717773438, "PSNR": 37.549491904075204, "encoding_time": 0.3096442222595215, "decoding_time": 0.20238709449768066}