{"MSE": 12.278579711914062, "PSNR": 37.23932226876414, "encoding_time": 0.3326089382171631, "decoding_time": 0.21960902214050293}