{"MSE": 11.41372299194336, "PSNR": 37.55653032739979, "encoding_time": 0.33274006843566895, "decoding_time": 0.22579312324523926}