{"MSE": 11.304405212402344, "PSNR": 37.59832644232271, "encoding_time": 0.3128011226654053, "decoding_time": 0.23735809326171875}