{"MSE": 9.277690887451172, "PSNR": 38.45640462194827, "encoding_time": 0.30129408836364746, "decoding_time": 0.19408607482910156}