{"MSE": 11.628364562988281, "PSNR": 37.47561721910196, "encoding_time": 0.3150980472564697, "decoding_time": 0.22707414627075195}