{"MSE": 10.958663940429688, "PSNR": 37.73322751853549, "encoding_time": 0.3001060485839844, "decoding_time": 0.20091795921325684}