{"MSE": 11.225788116455078, "PSNR": 37.62863520091221, "encoding_time": 0.3166928291320801, "decoding_time": 0.21422719955444336}