{"MSE": 11.63705825805664, "PSNR": 37.472371523547395, "encoding_time": 0.31004905700683594, "decoding_time": 0.2203960418701172}