{"MSE": 12.320976257324219, "PSNR": 37.22435240184702, "encoding_time": 0.3303189277648926, "decoding_time": 0.21484994888305664}