{"MSE": 11.755924224853516, "PSNR": 37.428235827897275, "encoding_time": 0.3094048500061035, "decoding_time": 0.2137889862060547}