{"MSE": 10.917823791503906, "PSNR": 37.74944280148294, "encoding_time": 0.3298187255859375, "decoding_time": 0.23756814002990723}