{"MSE": 10.326282501220703, "PSNR": 37.99136358785116, "encoding_time": 0.3018167018890381, "decoding_time": 0.19421601295471191}