{"MSE": 11.53891372680664, "PSNR": 37.509154346009595, "encoding_time": 0.3080430030822754, "decoding_time": 0.2195298671722412}