{"MSE": 11.187431335449219, "PSNR": 37.64349978083787, "encoding_time": 0.30951809883117676, "decoding_time": 0.20996809005737305}