{"MSE": 11.010395050048828, "PSNR": 37.712774592459915, "encoding_time": 0.3154780864715576, "decoding_time": 0.21299099922180176}