{"MSE": 11.505317687988281, "PSNR": 37.52181745839308, "encoding_time": 0.31449007987976074, "decoding_time": 0.21497201919555664}