{"MSE": 11.47824478149414, "PSNR": 37.53204878728566, "encoding_time": 0.30834102630615234, "decoding_time": 0.2094898223876953}