{"MSE": 10.946456909179688, "PSNR": 37.73806789070005, "encoding_time": 0.31640172004699707, "decoding_time": 0.22997236251831055}