{"MSE": 11.418811798095703, "PSNR": 37.5545944578274, "encoding_time": 0.31510472297668457, "decoding_time": 0.21824312210083008}