{"MSE": 11.32757568359375, "PSNR": 37.58943388329877, "encoding_time": 0.3000459671020508, "decoding_time": 0.19976806640625}