{"MSE": 11.028118133544922, "PSNR": 37.70578951233241, "encoding_time": 0.3217942714691162, "decoding_time": 0.23235297203063965}