{"MSE": 11.418342590332031, "PSNR": 37.55477291643848, "encoding_time": 0.3158297538757324, "decoding_time": 0.21583104133605957}