{"MSE": 11.314250946044922, "PSNR": 37.59454553860201, "encoding_time": 0.30931901931762695, "decoding_time": 0.2134389877319336}