{"MSE": 11.192512512207031, "PSNR": 37.641527723105796, "encoding_time": 0.31012606620788574, "decoding_time": 0.2114109992980957}