{"MSE": 12.385879516601562, "PSNR": 37.201535097648076, "encoding_time": 0.3233199119567871, "decoding_time": 0.2144792079925537}