{"MSE": 11.149059295654297, "PSNR": 37.65842135630941, "encoding_time": 0.32014012336730957, "decoding_time": 0.22771716117858887}