{"MSE": 11.600227355957031, "PSNR": 37.486138597039265, "encoding_time": 0.32546472549438477, "decoding_time": 0.216874361038208}