{"MSE": 12.109909057617188, "PSNR": 37.29939479155356, "encoding_time": 0.3110189437866211, "decoding_time": 0.22988510131835938}