{"MSE": 9.203144073486328, "PSNR": 38.49144139989854, "encoding_time": 0.3084752559661865, "decoding_time": 0.1935417652130127}