{"MSE": 11.40481185913086, "PSNR": 37.559922355880126, "encoding_time": 0.3200950622558594, "decoding_time": 0.2070162296295166}