{"MSE": 11.30935287475586, "PSNR": 37.596426057181546, "encoding_time": 0.31488490104675293, "decoding_time": 0.2265918254852295}