{"MSE": 8.814865112304688, "PSNR": 38.67864689885429, "encoding_time": 0.29526805877685547, "decoding_time": 0.1813509464263916}