{"MSE": 11.252151489257812, "PSNR": 37.61844790369249, "encoding_time": 0.31574201583862305, "decoding_time": 0.21598386764526367}