{"MSE": 11.360218048095703, "PSNR": 37.57693693561929, "encoding_time": 0.31494808197021484, "decoding_time": 0.21639513969421387}