{"MSE": 11.863269805908203, "PSNR": 37.388759532103684, "encoding_time": 0.3156759738922119, "decoding_time": 0.21851611137390137}