{"MSE": 10.830657958984375, "PSNR": 37.78425520191203, "encoding_time": 0.3140561580657959, "decoding_time": 0.2058088779449463}