{"MSE": 11.245441436767578, "PSNR": 37.62103852649004, "encoding_time": 0.31298303604125977, "decoding_time": 0.21778297424316406}