{"MSE": 11.0499267578125, "PSNR": 37.69720961469703, "encoding_time": 0.31285595893859863, "decoding_time": 0.20000410079956055}