{"MSE": 11.497917175292969, "PSNR": 37.524611849666144, "encoding_time": 0.30810999870300293, "decoding_time": 0.21386504173278809}