{"MSE": 11.459190368652344, "PSNR": 37.539264265566, "encoding_time": 0.32028794288635254, "decoding_time": 0.21241974830627441}