{"MSE": 11.387699127197266, "PSNR": 37.56644376675056, "encoding_time": 0.31264305114746094, "decoding_time": 0.24088406562805176}