{"MSE": 11.548290252685547, "PSNR": 37.50562670041323, "encoding_time": 0.30245089530944824, "decoding_time": 0.2041471004486084}