{"MSE": 12.327713012695312, "PSNR": 37.2219784535008, "encoding_time": 0.3271219730377197, "decoding_time": 0.21982789039611816}