{"MSE": 11.616104125976562, "PSNR": 37.480198645079, "encoding_time": 0.30839085578918457, "decoding_time": 0.20700693130493164}