{"MSE": 12.49072265625, "PSNR": 37.1649279546874, "encoding_time": 0.3366398811340332, "decoding_time": 0.21236586570739746}