{"MSE": 11.83736801147461, "PSNR": 37.398252112817396, "encoding_time": 0.3402547836303711, "decoding_time": 0.21186423301696777}