{"MSE": 10.189434051513672, "PSNR": 38.04930298071533, "encoding_time": 0.3126950263977051, "decoding_time": 0.1965928077697754}