{"MSE": 11.873146057128906, "PSNR": 37.38514550572386, "encoding_time": 0.31528496742248535, "decoding_time": 0.21045184135437012}