{"MSE": 11.085784912109375, "PSNR": 37.68313912769703, "encoding_time": 0.3137209415435791, "decoding_time": 0.21839618682861328}