{"MSE": 10.76723861694336, "PSNR": 37.80976023140215, "encoding_time": 0.31356024742126465, "decoding_time": 0.20655584335327148}