{"MSE": 11.341533660888672, "PSNR": 37.58408574792066, "encoding_time": 0.3096277713775635, "decoding_time": 0.22844696044921875}