{"MSE": 10.734291076660156, "PSNR": 37.82306993200538, "encoding_time": 0.31081175804138184, "decoding_time": 0.20707035064697266}