{"MSE": 11.883197784423828, "PSNR": 37.38147035268903, "encoding_time": 0.31453704833984375, "decoding_time": 0.24680209159851074}