{"MSE": 11.326274871826172, "PSNR": 37.58993263769101, "encoding_time": 0.302807092666626, "decoding_time": 0.20138812065124512}