{"MSE": 11.826496124267578, "PSNR": 37.40224267067981, "encoding_time": 0.31639695167541504, "decoding_time": 0.23617792129516602}