{"MSE": 10.43832778930664, "PSNR": 37.944494302135865, "encoding_time": 0.30286216735839844, "decoding_time": 0.22652578353881836}