{"MSE": 12.369617462158203, "PSNR": 37.20724091848546, "encoding_time": 0.3260352611541748, "decoding_time": 0.2152256965637207}