{"MSE": 11.819164276123047, "PSNR": 37.40493591860729, "encoding_time": 0.3045229911804199, "decoding_time": 0.21101593971252441}