{"MSE": 10.856304168701172, "PSNR": 37.77398358112147, "encoding_time": 0.3091881275177002, "decoding_time": 0.20459794998168945}