{"MSE": 12.429946899414062, "PSNR": 37.186110875231854, "encoding_time": 0.31046509742736816, "decoding_time": 0.21524572372436523}