{"MSE": 11.565093994140625, "PSNR": 37.49931194062117, "encoding_time": 0.32105183601379395, "decoding_time": 0.21226000785827637}