{"MSE": 10.782909393310547, "PSNR": 37.803444049351086, "encoding_time": 0.30744409561157227, "decoding_time": 0.20436811447143555}