{"MSE": 9.680644989013672, "PSNR": 38.271760670060296, "encoding_time": 0.3020758628845215, "decoding_time": 0.20731806755065918}