{"MSE": 11.300952911376953, "PSNR": 37.5996529555225, "encoding_time": 0.3206751346588135, "decoding_time": 0.21164369583129883}