{"MSE": 11.016094207763672, "PSNR": 37.71052719590632, "encoding_time": 0.322235107421875, "decoding_time": 0.20840001106262207}