{"MSE": 11.646095275878906, "PSNR": 37.46900022149037, "encoding_time": 0.3112461566925049, "decoding_time": 0.2157909870147705}