{"MSE": 11.547985076904297, "PSNR": 37.505741468838806, "encoding_time": 0.30966615676879883, "decoding_time": 0.2046351432800293}