{"MSE": 12.22604751586914, "PSNR": 37.2579428154897, "encoding_time": 0.31638669967651367, "decoding_time": 0.21912598609924316}