{"MSE": 10.711483001708984, "PSNR": 37.832307579285015, "encoding_time": 0.30933403968811035, "decoding_time": 0.20958685874938965}