{"MSE": 11.521663665771484, "PSNR": 37.51565167484039, "encoding_time": 0.32364320755004883, "decoding_time": 0.23821282386779785}