{"MSE": 11.680931091308594, "PSNR": 37.45602898939056, "encoding_time": 0.311352014541626, "decoding_time": 0.22521495819091797}