{"MSE": 10.854461669921875, "PSNR": 37.774720715003, "encoding_time": 0.3089871406555176, "decoding_time": 0.21010184288024902}