{"MSE": 9.123714447021484, "PSNR": 38.529086765499635, "encoding_time": 0.3076488971710205, "decoding_time": 0.19472718238830566}