{"MSE": 11.239189147949219, "PSNR": 37.62345380709056, "encoding_time": 0.3151278495788574, "decoding_time": 0.22133898735046387}