{"MSE": 11.594314575195312, "PSNR": 37.48835281460887, "encoding_time": 0.31026697158813477, "decoding_time": 0.2481682300567627}