{"MSE": 10.65301513671875, "PSNR": 37.85607816763299, "encoding_time": 0.3095102310180664, "decoding_time": 0.21520209312438965}