{"MSE": 11.431278228759766, "PSNR": 37.54985565585573, "encoding_time": 0.31301188468933105, "decoding_time": 0.21075105667114258}