{"MSE": 11.45688247680664, "PSNR": 37.54013902687747, "encoding_time": 0.30852794647216797, "decoding_time": 0.2058730125427246}