{"MSE": 11.240898132324219, "PSNR": 37.62279348715862, "encoding_time": 0.3169670104980469, "decoding_time": 0.22487998008728027}