{"MSE": 11.570411682128906, "PSNR": 37.49731549185297, "encoding_time": 0.31210875511169434, "decoding_time": 0.21444392204284668}