{"MSE": 12.130561828613281, "PSNR": 37.29199445127799, "encoding_time": 0.3154110908508301, "decoding_time": 0.22112822532653809}