{"MSE": 8.825679779052734, "PSNR": 38.67332194918903, "encoding_time": 0.2938957214355469, "decoding_time": 0.21601009368896484}