{"MSE": 10.89059829711914, "PSNR": 37.76028621608012, "encoding_time": 0.31208324432373047, "decoding_time": 0.23201990127563477}