{"MSE": 11.571224212646484, "PSNR": 37.49701051987786, "encoding_time": 0.3109769821166992, "decoding_time": 0.22574710845947266}