{"MSE": 11.255069732666016, "PSNR": 37.61732170778973, "encoding_time": 0.3117241859436035, "decoding_time": 0.20670580863952637}