{"MSE": 11.206108093261719, "PSNR": 37.63625553544795, "encoding_time": 0.31395411491394043, "decoding_time": 0.21241021156311035}