{"MSE": 11.52841567993164, "PSNR": 37.51310733429268, "encoding_time": 0.30638694763183594, "decoding_time": 0.21523404121398926}