{"MSE": 11.426177978515625, "PSNR": 37.551793763538434, "encoding_time": 0.31450796127319336, "decoding_time": 0.22268414497375488}