{"MSE": 9.319255828857422, "PSNR": 38.436991268749054, "encoding_time": 0.2958400249481201, "decoding_time": 0.2017829418182373}