{"MSE": 10.943389892578125, "PSNR": 37.739284882675136, "encoding_time": 0.31286096572875977, "decoding_time": 0.24420595169067383}