{"MSE": 11.285724639892578, "PSNR": 37.60550911144599, "encoding_time": 0.3122842311859131, "decoding_time": 0.2163867950439453}