{"MSE": 10.230419158935547, "PSNR": 38.03186932954042, "encoding_time": 0.3055150508880615, "decoding_time": 0.21261000633239746}