{"MSE": 11.859363555908203, "PSNR": 37.39018978043184, "encoding_time": 0.3146629333496094, "decoding_time": 0.2149648666381836}