{"MSE": 11.401294708251953, "PSNR": 37.561261891171974, "encoding_time": 0.32529592514038086, "decoding_time": 0.2378098964691162}