{"MSE": 10.904788970947266, "PSNR": 37.75463095321821, "encoding_time": 0.3260061740875244, "decoding_time": 0.21569371223449707}