{"MSE": 11.38385009765625, "PSNR": 37.56791192536353, "encoding_time": 0.31222033500671387, "decoding_time": 0.21055269241333008}