{"MSE": 11.383537292480469, "PSNR": 37.56803126234273, "encoding_time": 0.31121087074279785, "decoding_time": 0.2549750804901123}