{"MSE": 11.314376831054688, "PSNR": 37.594497218248144, "encoding_time": 0.30956006050109863, "decoding_time": 0.26403212547302246}