{"MSE": 11.429893493652344, "PSNR": 37.5503817730855, "encoding_time": 0.31517887115478516, "decoding_time": 0.2157578468322754}