{"MSE": 11.551116943359375, "PSNR": 37.50456380199563, "encoding_time": 0.3157989978790283, "decoding_time": 0.2160661220550537}