{"MSE": 11.158145904541016, "PSNR": 37.65488324897453, "encoding_time": 0.33498692512512207, "decoding_time": 0.20065093040466309}