{"MSE": 11.80501937866211, "PSNR": 37.41013656531596, "encoding_time": 0.3230471611022949, "decoding_time": 0.21365690231323242}