{"MSE": 11.41579818725586, "PSNR": 37.555740783135164, "encoding_time": 0.31380701065063477, "decoding_time": 0.21572303771972656}