{"MSE": 11.280982971191406, "PSNR": 37.60733417216616, "encoding_time": 0.31847691535949707, "decoding_time": 0.21829485893249512}