{"MSE": 11.181610107421875, "PSNR": 37.64576016134966, "encoding_time": 0.31247806549072266, "decoding_time": 0.21361517906188965}