{"MSE": 11.523696899414062, "PSNR": 37.514885340852096, "encoding_time": 0.3103947639465332, "decoding_time": 0.211442232131958}