{"MSE": 11.67108154296875, "PSNR": 37.45969257489292, "encoding_time": 0.33536314964294434, "decoding_time": 0.210158109664917}