{"MSE": 11.785934448242188, "PSNR": 37.4171633958866, "encoding_time": 0.3085207939147949, "decoding_time": 0.20582294464111328}