{"MSE": 10.843914031982422, "PSNR": 37.77894294931026, "encoding_time": 0.3103649616241455, "decoding_time": 0.20284605026245117}