{"MSE": 11.750240325927734, "PSNR": 37.43033611608503, "encoding_time": 0.3064301013946533, "decoding_time": 0.20600414276123047}