{"MSE": 11.405441284179688, "PSNR": 37.55968267785128, "encoding_time": 0.3255140781402588, "decoding_time": 0.21912288665771484}