{"MSE": 11.252437591552734, "PSNR": 37.618337479416354, "encoding_time": 0.3117849826812744, "decoding_time": 0.21338224411010742}