{"MSE": 12.403228759765625, "PSNR": 37.19545607155519, "encoding_time": 0.32190704345703125, "decoding_time": 0.21884584426879883}