{"MSE": 11.031440734863281, "PSNR": 37.70448124734157, "encoding_time": 0.30923914909362793, "decoding_time": 0.20912885665893555}