{"MSE": 11.853302001953125, "PSNR": 37.392410112418865, "encoding_time": 0.31136012077331543, "decoding_time": 0.21717190742492676}