{"MSE": 11.886039733886719, "PSNR": 37.38043183138643, "encoding_time": 0.3125441074371338, "decoding_time": 0.21801018714904785}