{"MSE": 11.63821029663086, "PSNR": 37.47194160455853, "encoding_time": 0.311201810836792, "decoding_time": 0.2158052921295166}