{"MSE": 12.504287719726562, "PSNR": 37.160214027624114, "encoding_time": 0.31818580627441406, "decoding_time": 0.22140121459960938}