{"MSE": 11.410991668701172, "PSNR": 37.557569725820045, "encoding_time": 0.31464719772338867, "decoding_time": 0.22618484497070312}