{"MSE": 11.343521118164062, "PSNR": 37.583324769612844, "encoding_time": 0.3130612373352051, "decoding_time": 0.2206408977508545}