{"MSE": 11.579452514648438, "PSNR": 37.49392334765611, "encoding_time": 0.31322598457336426, "decoding_time": 0.2071990966796875}