{"MSE": 11.508983612060547, "PSNR": 37.52043389207198, "encoding_time": 0.3231198787689209, "decoding_time": 0.24263286590576172}