{"MSE": 11.347724914550781, "PSNR": 37.581715615499355, "encoding_time": 0.31322312355041504, "decoding_time": 0.21075987815856934}