{"MSE": 7.858135223388672, "PSNR": 39.1776086295534, "encoding_time": 0.2882370948791504, "decoding_time": 0.18433094024658203}