{"MSE": 8.288448333740234, "PSNR": 38.946071262366246, "encoding_time": 0.277177095413208, "decoding_time": 0.1847388744354248}