{"MSE": 8.257255554199219, "PSNR": 38.962446350631964, "encoding_time": 0.2923610210418701, "decoding_time": 0.18867826461791992}