{"MSE": 7.988468170166016, "PSNR": 39.10616851769695, "encoding_time": 0.28582286834716797, "decoding_time": 0.1832902431488037}