{"MSE": 6.656070709228516, "PSNR": 39.898624339337026, "encoding_time": 0.2791907787322998, "decoding_time": 0.17379522323608398}