{"MSE": 6.954021453857422, "PSNR": 39.70844334676333, "encoding_time": 0.2924230098724365, "decoding_time": 0.20272588729858398}