{"MSE": 6.996986389160156, "PSNR": 39.68169331763314, "encoding_time": 0.28151988983154297, "decoding_time": 0.17514896392822266}