{"MSE": 7.908599853515625, "PSNR": 39.14980758497418, "encoding_time": 0.28821706771850586, "decoding_time": 0.18574094772338867}