{"MSE": 7.774818420410156, "PSNR": 39.22390105925917, "encoding_time": 0.2706282138824463, "decoding_time": 0.17005372047424316}