{"MSE": 7.7823944091796875, "PSNR": 39.21967123941457, "encoding_time": 0.27991795539855957, "decoding_time": 0.1861410140991211}