{"MSE": 6.981075286865234, "PSNR": 39.6915803922109, "encoding_time": 0.2777438163757324, "decoding_time": 0.17358899116516113}