{"MSE": 6.537841796875, "PSNR": 39.976459535827956, "encoding_time": 0.2766079902648926, "decoding_time": 0.1865251064300537}