{"MSE": 8.131309509277344, "PSNR": 39.02919868551032, "encoding_time": 0.2746920585632324, "decoding_time": 0.1798248291015625}