{"MSE": 7.394756317138672, "PSNR": 39.44156493808255, "encoding_time": 0.2841048240661621, "decoding_time": 0.17603516578674316}