{"MSE": 6.513698577880859, "PSNR": 39.99252703199059, "encoding_time": 0.268388032913208, "decoding_time": 0.16377496719360352}