{"MSE": 7.223663330078125, "PSNR": 39.54322864052009, "encoding_time": 0.284710168838501, "decoding_time": 0.17579174041748047}