{"MSE": 6.528720855712891, "PSNR": 39.982522607142364, "encoding_time": 0.2674551010131836, "decoding_time": 0.1595149040222168}