{"MSE": 7.404808044433594, "PSNR": 39.43566556123282, "encoding_time": 0.27999186515808105, "decoding_time": 0.18193602561950684}