{"MSE": 7.369087219238281, "PSNR": 39.456666640805324, "encoding_time": 0.28688788414001465, "decoding_time": 0.17966198921203613}