{"MSE": 6.4041748046875, "PSNR": 40.066171832054245, "encoding_time": 0.28138303756713867, "decoding_time": 0.1756269931793213}