{"MSE": 6.649539947509766, "PSNR": 39.902887614549286, "encoding_time": 0.2642099857330322, "decoding_time": 0.16005492210388184}