{"MSE": 7.4417877197265625, "PSNR": 39.41403083447145, "encoding_time": 0.2801501750946045, "decoding_time": 0.1819150447845459}