{"MSE": 6.504707336425781, "PSNR": 39.998525995605625, "encoding_time": 0.2764718532562256, "decoding_time": 0.17076516151428223}