{"MSE": 6.802391052246094, "PSNR": 39.804187660628976, "encoding_time": 0.26607203483581543, "decoding_time": 0.160477876663208}