{"MSE": 7.429962158203125, "PSNR": 39.42093759021927, "encoding_time": 0.2738759517669678, "decoding_time": 0.16997623443603516}