{"MSE": 7.266204833984375, "PSNR": 39.517727244269224, "encoding_time": 0.2837941646575928, "decoding_time": 0.1787569522857666}