{"MSE": 8.308563232421875, "PSNR": 38.93554431449513, "encoding_time": 0.27844905853271484, "decoding_time": 0.1859438419342041}