{"MSE": 6.291046142578125, "PSNR": 40.143574902762005, "encoding_time": 0.2626819610595703, "decoding_time": 0.1556839942932129}