{"MSE": 6.3390045166015625, "PSNR": 40.110592996568364, "encoding_time": 0.33762502670288086, "decoding_time": 0.19341611862182617}