{"MSE": 7.507965087890625, "PSNR": 39.37558116387395, "encoding_time": 0.27212023735046387, "decoding_time": 0.17372488975524902}