{"MSE": 6.495136260986328, "PSNR": 40.004920943312705, "encoding_time": 0.2631242275238037, "decoding_time": 0.15433979034423828}