{"MSE": 6.273654937744141, "PSNR": 40.15559732823494, "encoding_time": 0.2850039005279541, "decoding_time": 0.1952981948852539}