{"MSE": 8.407890319824219, "PSNR": 38.883933231433716, "encoding_time": 0.2774379253387451, "decoding_time": 0.18409299850463867}