{"MSE": 8.11246109008789, "PSNR": 39.03927734067268, "encoding_time": 0.2745499610900879, "decoding_time": 0.17928695678710938}