{"MSE": 8.119606018066406, "PSNR": 39.03545404081272, "encoding_time": 0.2751450538635254, "decoding_time": 0.18137693405151367}