{"MSE": 6.403106689453125, "PSNR": 40.0668962270847, "encoding_time": 0.26312708854675293, "decoding_time": 0.1571331024169922}