{"MSE": 7.262928009033203, "PSNR": 39.51968621461379, "encoding_time": 0.2793900966644287, "decoding_time": 0.17787790298461914}