{"MSE": 8.426616668701172, "PSNR": 38.874271227855644, "encoding_time": 0.2765159606933594, "decoding_time": 0.18343114852905273}