{"MSE": 7.246471405029297, "PSNR": 39.52953778071999, "encoding_time": 0.2866690158843994, "decoding_time": 0.1772618293762207}