{"MSE": 7.995933532714844, "PSNR": 39.102111855387825, "encoding_time": 0.275012731552124, "decoding_time": 0.1793839931488037}