{"MSE": 8.140663146972656, "PSNR": 39.02420576452891, "encoding_time": 0.2900881767272949, "decoding_time": 0.1933300495147705}