{"MSE": 8.261932373046875, "PSNR": 38.959987250727515, "encoding_time": 0.28974103927612305, "decoding_time": 0.18802309036254883}