{"MSE": 6.740211486816406, "PSNR": 39.84406837312352, "encoding_time": 0.2886221408843994, "decoding_time": 0.17879581451416016}