{"MSE": 6.95977783203125, "PSNR": 39.704849844560364, "encoding_time": 0.2825658321380615, "decoding_time": 0.17609286308288574}