{"MSE": 8.419029235839844, "PSNR": 38.87818343219021, "encoding_time": 0.2830789089202881, "decoding_time": 0.1843397617340088}