{"MSE": 6.460197448730469, "PSNR": 40.028345689434694, "encoding_time": 0.28805088996887207, "decoding_time": 0.19125914573669434}