{"MSE": 6.489131927490234, "PSNR": 40.00893757182481, "encoding_time": 0.2712271213531494, "decoding_time": 0.16770291328430176}