{"MSE": 7.88836669921875, "PSNR": 39.16093269818936, "encoding_time": 0.31078624725341797, "decoding_time": 0.20325279235839844}