{"MSE": 6.731098175048828, "PSNR": 39.84994435952075, "encoding_time": 0.28236818313598633, "decoding_time": 0.17119407653808594}