{"MSE": 7.0709381103515625, "PSNR": 39.63603324847291, "encoding_time": 3612.624954223633, "decoding_time": 0.21845197677612305}