{"MSE": 7.993255615234375, "PSNR": 39.10356659431783, "encoding_time": 0.287905216217041, "decoding_time": 0.1886310577392578}