{"MSE": 6.345741271972656, "PSNR": 40.10597999760499, "encoding_time": 0.2618989944458008, "decoding_time": 0.15827298164367676}