{"MSE": 6.77325439453125, "PSNR": 39.822829734253844, "encoding_time": 0.28911900520324707, "decoding_time": 0.18733572959899902}