{"MSE": 6.556209564208984, "PSNR": 39.96427533857646, "encoding_time": 0.27940893173217773, "decoding_time": 0.17126822471618652}