{"MSE": 7.275428771972656, "PSNR": 39.51221767634097, "encoding_time": 0.28504514694213867, "decoding_time": 0.1812419891357422}