{"MSE": 6.796009063720703, "PSNR": 39.80826411459416, "encoding_time": 0.2798428535461426, "decoding_time": 0.17353010177612305}