{"MSE": 6.627635955810547, "PSNR": 39.917217154846284, "encoding_time": 0.28230905532836914, "decoding_time": 0.17563176155090332}