{"MSE": 8.433483123779297, "PSNR": 38.87073380666331, "encoding_time": 0.28549695014953613, "decoding_time": 0.18615198135375977}