{"MSE": 7.814735412597656, "PSNR": 39.20166082389103, "encoding_time": 0.3055450916290283, "decoding_time": 0.19399189949035645}