{"MSE": 6.66314697265625, "PSNR": 39.894009680245624, "encoding_time": 0.2901160717010498, "decoding_time": 0.17771220207214355}