{"MSE": 5.963718414306641, "PSNR": 40.37563231452453, "encoding_time": 0.2573058605194092, "decoding_time": 0.15033483505249023}