{"MSE": 7.862220764160156, "PSNR": 39.17535126610184, "encoding_time": 0.2860739231109619, "decoding_time": 0.1877291202545166}