{"MSE": 6.782840728759766, "PSNR": 39.81668741566837, "encoding_time": 0.2752997875213623, "decoding_time": 0.19737815856933594}