{"MSE": 6.782009124755859, "PSNR": 39.81721991110235, "encoding_time": 0.28314995765686035, "decoding_time": 0.17704105377197266}