{"MSE": 13.521995544433594, "PSNR": 36.820395723700315, "encoding_time": 0.3065638542175293, "decoding_time": 0.22102999687194824}