{"MSE": 13.012046813964844, "PSNR": 36.987347437765365, "encoding_time": 0.3049159049987793, "decoding_time": 0.21248698234558105}