{"MSE": 12.583282470703125, "PSNR": 37.13286415071712, "encoding_time": 0.30281901359558105, "decoding_time": 0.20931720733642578}