{"MSE": 12.59616470336914, "PSNR": 37.12842030172321, "encoding_time": 0.3073768615722656, "decoding_time": 0.21100306510925293}