{"MSE": 13.147315979003906, "PSNR": 36.94243260094145, "encoding_time": 0.30643677711486816, "decoding_time": 0.21987104415893555}