{"MSE": 12.634300231933594, "PSNR": 37.115291679420764, "encoding_time": 0.3065979480743408, "decoding_time": 0.21030116081237793}