{"MSE": 12.51504135131836, "PSNR": 37.15648071956052, "encoding_time": 0.2999889850616455, "decoding_time": 0.20629286766052246}