{"MSE": 12.647403717041016, "PSNR": 37.110789789993596, "encoding_time": 0.303908109664917, "decoding_time": 0.20954203605651855}