{"MSE": 12.204540252685547, "PSNR": 37.265589367609465, "encoding_time": 0.30481910705566406, "decoding_time": 0.21138596534729004}