{"MSE": 13.480106353759766, "PSNR": 36.833870422094996, "encoding_time": 0.3148331642150879, "decoding_time": 0.2243037223815918}