{"MSE": 11.562519073486328, "PSNR": 37.50027898709748, "encoding_time": 0.29766201972961426, "decoding_time": 0.20223498344421387}