{"MSE": 12.113166809082031, "PSNR": 37.29822662983792, "encoding_time": 0.30524587631225586, "decoding_time": 0.20940899848937988}