{"MSE": 12.315902709960938, "PSNR": 37.22614111352404, "encoding_time": 0.30553603172302246, "decoding_time": 0.2084789276123047}