{"MSE": 11.776111602783203, "PSNR": 37.42078448025027, "encoding_time": 0.299191951751709, "decoding_time": 0.20241284370422363}