{"MSE": 12.021011352539062, "PSNR": 37.33139353571405, "encoding_time": 0.29716992378234863, "decoding_time": 0.20233798027038574}