{"MSE": 11.864425659179688, "PSNR": 37.38833641414953, "encoding_time": 0.2980339527130127, "decoding_time": 0.20314598083496094}