{"MSE": 11.408546447753906, "PSNR": 37.558500459792896, "encoding_time": 0.29387497901916504, "decoding_time": 0.19765305519104004}