{"MSE": 11.068199157714844, "PSNR": 37.69003395769576, "encoding_time": 0.2989230155944824, "decoding_time": 0.20102500915527344}