{"MSE": 10.660446166992188, "PSNR": 37.85304979459925, "encoding_time": 0.29581475257873535, "decoding_time": 0.19966506958007812}