{"MSE": 12.836933135986328, "PSNR": 37.04619081777565, "encoding_time": 0.30989599227905273, "decoding_time": 0.22257304191589355}