{"MSE": 10.258583068847656, "PSNR": 38.0199298136661, "encoding_time": 0.2948601245880127, "decoding_time": 0.1965949535369873}