{"MSE": 12.09866714477539, "PSNR": 37.30342832167393, "encoding_time": 0.2984890937805176, "decoding_time": 0.20171380043029785}