{"MSE": 13.387630462646484, "PSNR": 36.86376644801563, "encoding_time": 0.3150641918182373, "decoding_time": 0.22522997856140137}