{"MSE": 12.622810363769531, "PSNR": 37.11924303139094, "encoding_time": 0.306873083114624, "decoding_time": 0.21065807342529297}