{"MSE": 12.804561614990234, "PSNR": 37.05715646587458, "encoding_time": 0.30493903160095215, "decoding_time": 0.21770191192626953}