{"MSE": 12.44173812866211, "PSNR": 37.1819930471272, "encoding_time": 0.3034789562225342, "decoding_time": 0.20906305313110352}