{"MSE": 12.910064697265625, "PSNR": 37.021519421804946, "encoding_time": 0.3049449920654297, "decoding_time": 0.21185803413391113}