{"MSE": 13.679893493652344, "PSNR": 36.7699764471913, "encoding_time": 0.31569790840148926, "decoding_time": 0.22733330726623535}