{"MSE": 13.329933166503906, "PSNR": 36.882523889102636, "encoding_time": 0.31092309951782227, "decoding_time": 0.21944594383239746}