{"MSE": 12.486072540283203, "PSNR": 37.166545071464824, "encoding_time": 0.3008871078491211, "decoding_time": 0.20634913444519043}