{"MSE": 13.255878448486328, "PSNR": 36.906718477585066, "encoding_time": 0.31118226051330566, "decoding_time": 0.22435784339904785}