{"MSE": 11.69424057006836, "PSNR": 37.45108337111596, "encoding_time": 0.3016650676727295, "decoding_time": 0.2062830924987793}