{"MSE": 13.682090759277344, "PSNR": 36.76927893905048, "encoding_time": 0.31424379348754883, "decoding_time": 0.22815918922424316}