{"MSE": 11.069976806640625, "PSNR": 37.68933649904142, "encoding_time": 0.3021509647369385, "decoding_time": 0.20966100692749023}