{"MSE": 12.885406494140625, "PSNR": 37.02982237136783, "encoding_time": 0.3052337169647217, "decoding_time": 0.21558499336242676}