{"MSE": 12.439765930175781, "PSNR": 37.18268152232517, "encoding_time": 0.30277228355407715, "decoding_time": 0.20956087112426758}