{"MSE": 13.048484802246094, "PSNR": 36.975202767973, "encoding_time": 0.30753612518310547, "decoding_time": 0.2183828353881836}