{"MSE": 13.152824401855469, "PSNR": 36.94061338807888, "encoding_time": 0.30585384368896484, "decoding_time": 0.21445512771606445}