{"MSE": 12.806907653808594, "PSNR": 37.05636082880644, "encoding_time": 0.3048560619354248, "decoding_time": 0.21096014976501465}