{"MSE": 13.378868103027344, "PSNR": 36.866609886471096, "encoding_time": 0.30736494064331055, "decoding_time": 0.21973013877868652}