{"MSE": 12.752967834472656, "PSNR": 37.07469096557009, "encoding_time": 0.30691099166870117, "decoding_time": 0.21458888053894043}