{"MSE": 13.35110855102539, "PSNR": 36.875630339234476, "encoding_time": 0.31318187713623047, "decoding_time": 0.2244579792022705}