{"MSE": 11.20755386352539, "PSNR": 37.635695261049506, "encoding_time": 0.29911327362060547, "decoding_time": 0.2059178352355957}