{"MSE": 13.28988265991211, "PSNR": 36.895592144155955, "encoding_time": 0.31011295318603516, "decoding_time": 0.22002100944519043}