{"MSE": 10.533809661865234, "PSNR": 37.90494894155015, "encoding_time": 0.2959601879119873, "decoding_time": 0.20650792121887207}