{"MSE": 11.135383605957031, "PSNR": 37.66375178107575, "encoding_time": 0.295086145401001, "decoding_time": 0.1963059902191162}