{"MSE": 12.58609390258789, "PSNR": 37.13189393251166, "encoding_time": 0.3102850914001465, "decoding_time": 0.21998810768127441}