{"MSE": 11.880191802978516, "PSNR": 37.38256908581089, "encoding_time": 0.29586219787597656, "decoding_time": 0.20183277130126953}