{"MSE": 12.369182586669922, "PSNR": 37.207393604973504, "encoding_time": 0.30515503883361816, "decoding_time": 0.21284723281860352}