{"MSE": 10.809043884277344, "PSNR": 37.79293080804215, "encoding_time": 0.29554033279418945, "decoding_time": 0.2012479305267334}