{"MSE": 12.985832214355469, "PSNR": 36.99610573670332, "encoding_time": 0.31978416442871094, "decoding_time": 0.23699378967285156}