{"MSE": 14.132072448730469, "PSNR": 36.62874505668418, "encoding_time": 0.32840609550476074, "decoding_time": 0.24576997756958008}