{"MSE": 14.69699478149414, "PSNR": 36.45851820898129, "encoding_time": 0.3431670665740967, "decoding_time": 0.2695910930633545}