{"MSE": 10.722087860107422, "PSNR": 37.82800999220602, "encoding_time": 0.3091709613800049, "decoding_time": 0.21521735191345215}