{"MSE": 12.27248764038086, "PSNR": 37.241477574736436, "encoding_time": 0.3322029113769531, "decoding_time": 0.2589898109436035}