{"MSE": 12.839271545410156, "PSNR": 37.04539976759935, "encoding_time": 0.32053589820861816, "decoding_time": 0.24380803108215332}