{"MSE": 14.062145233154297, "PSNR": 36.650287818730554, "encoding_time": 0.3427729606628418, "decoding_time": 0.2527000904083252}