{"MSE": 11.714031219482422, "PSNR": 37.443739837207126, "encoding_time": 0.3167421817779541, "decoding_time": 0.22916603088378906}