{"MSE": 12.944881439208984, "PSNR": 37.00982283735729, "encoding_time": 0.32907962799072266, "decoding_time": 0.24336528778076172}