{"MSE": 14.170536041259766, "PSNR": 36.61694081872533, "encoding_time": 0.3463139533996582, "decoding_time": 0.25883913040161133}