{"MSE": 14.173652648925781, "PSNR": 36.615985754862436, "encoding_time": 0.33002328872680664, "decoding_time": 0.2607998847961426}