{"MSE": 15.344345092773438, "PSNR": 36.271320036923946, "encoding_time": 0.33443307876586914, "decoding_time": 0.26085901260375977}