{"MSE": 11.439517974853516, "PSNR": 37.546726358227644, "encoding_time": 0.31498193740844727, "decoding_time": 0.22631120681762695}