{"MSE": 10.730430603027344, "PSNR": 37.824632106851496, "encoding_time": 0.3139529228210449, "decoding_time": 0.23483610153198242}