{"MSE": 14.654727935791016, "PSNR": 36.47102600671515, "encoding_time": 0.33446812629699707, "decoding_time": 0.25638699531555176}