{"MSE": 14.331977844238281, "PSNR": 36.5677423274786, "encoding_time": 0.3343501091003418, "decoding_time": 0.2577941417694092}