{"MSE": 14.666118621826172, "PSNR": 36.46765167553457, "encoding_time": 0.35215067863464355, "decoding_time": 0.25934529304504395}