{"MSE": 12.27059555053711, "PSNR": 37.24214719246429, "encoding_time": 0.32773470878601074, "decoding_time": 0.23300933837890625}