{"MSE": 9.022991180419922, "PSNR": 38.57729828003944, "encoding_time": 0.26787710189819336, "decoding_time": 0.15651893615722656}