{"MSE": 10.5322265625, "PSNR": 37.90560168069158, "encoding_time": 0.28191590309143066, "decoding_time": 0.17371487617492676}