{"MSE": 10.944644927978516, "PSNR": 37.73878684349158, "encoding_time": 0.2823450565338135, "decoding_time": 0.20263099670410156}