{"MSE": 11.693286895751953, "PSNR": 37.451437556049775, "encoding_time": 0.287977933883667, "decoding_time": 0.1887822151184082}