{"MSE": 10.389453887939453, "PSNR": 37.96487640999635, "encoding_time": 0.27985572814941406, "decoding_time": 0.17078518867492676}