{"MSE": 11.450664520263672, "PSNR": 37.5424966990298, "encoding_time": 0.28897809982299805, "decoding_time": 0.18580889701843262}