{"MSE": 10.242610931396484, "PSNR": 38.026696846418055, "encoding_time": 0.2802269458770752, "decoding_time": 0.16946625709533691}