{"MSE": 10.084941864013672, "PSNR": 38.09406961860111, "encoding_time": 0.2791159152984619, "decoding_time": 0.16707992553710938}