{"MSE": 8.940013885498047, "PSNR": 38.617421675316685, "encoding_time": 0.270845890045166, "decoding_time": 0.16263794898986816}