{"MSE": 11.081954956054688, "PSNR": 37.68463980282849, "encoding_time": 0.28829383850097656, "decoding_time": 0.1834869384765625}