{"MSE": 11.013843536376953, "PSNR": 37.71141458304158, "encoding_time": 0.2853717803955078, "decoding_time": 0.17985916137695312}