{"MSE": 11.139801025390625, "PSNR": 37.66202927152877, "encoding_time": 0.2826690673828125, "decoding_time": 0.1803278923034668}