{"MSE": 11.37322998046875, "PSNR": 37.571965396732175, "encoding_time": 0.29065394401550293, "decoding_time": 0.18513202667236328}