{"MSE": 10.222976684570312, "PSNR": 38.035029905628534, "encoding_time": 0.27814197540283203, "decoding_time": 0.16842389106750488}