{"MSE": 11.474693298339844, "PSNR": 37.53339274555665, "encoding_time": 0.30333399772644043, "decoding_time": 0.20471787452697754}