{"MSE": 8.690086364746094, "PSNR": 38.74056268245909, "encoding_time": 0.26854515075683594, "decoding_time": 0.17513275146484375}