{"MSE": 9.244430541992188, "PSNR": 38.47200197139895, "encoding_time": 0.2729461193084717, "decoding_time": 0.17585277557373047}