{"MSE": 8.00982666015625, "PSNR": 39.09457243204671, "encoding_time": 0.2623260021209717, "decoding_time": 0.1605818271636963}