{"MSE": 9.482288360595703, "PSNR": 38.36167202596289, "encoding_time": 0.27207303047180176, "decoding_time": 0.17641901969909668}