{"MSE": 7.969337463378906, "PSNR": 39.11658143356219, "encoding_time": 0.2743239402770996, "decoding_time": 0.16935086250305176}