{"MSE": 7.715568542480469, "PSNR": 39.25712427129213, "encoding_time": 0.2726898193359375, "decoding_time": 0.16631007194519043}