{"MSE": 9.154922485351562, "PSNR": 38.51425689382199, "encoding_time": 0.266603946685791, "decoding_time": 0.17088723182678223}