{"MSE": 8.800472259521484, "PSNR": 38.68574382558539, "encoding_time": 0.27342915534973145, "decoding_time": 0.1772150993347168}