{"MSE": 9.364795684814453, "PSNR": 38.41582054215448, "encoding_time": 0.2767040729522705, "decoding_time": 0.21982216835021973}