{"MSE": 9.393402099609375, "PSNR": 38.40257447463109, "encoding_time": 0.2732400894165039, "decoding_time": 0.1863880157470703}