{"MSE": 7.956413269042969, "PSNR": 39.123630278680544, "encoding_time": 0.2725791931152344, "decoding_time": 0.17932701110839844}