{"MSE": 8.820976257324219, "PSNR": 38.675637077422245, "encoding_time": 0.2784769535064697, "decoding_time": 0.17928695678710938}