{"MSE": 9.381927490234375, "PSNR": 38.40788288759945, "encoding_time": 0.27256083488464355, "decoding_time": 0.17670702934265137}