{"MSE": 8.61771011352539, "PSNR": 38.77688479866286, "encoding_time": 0.2785770893096924, "decoding_time": 0.18042802810668945}