{"MSE": 9.101531982421875, "PSNR": 38.53965861347443, "encoding_time": 0.2756178379058838, "decoding_time": 0.17925024032592773}