{"MSE": 9.264892578125, "PSNR": 38.46239972614829, "encoding_time": 0.27028465270996094, "decoding_time": 0.18773818016052246}