{"MSE": 8.710281372070312, "PSNR": 38.73048176426978, "encoding_time": 0.28275394439697266, "decoding_time": 0.1849992275238037}