{"MSE": 7.963104248046875, "PSNR": 39.119979595890804, "encoding_time": 0.28104090690612793, "decoding_time": 0.20087409019470215}