{"MSE": 7.872104644775391, "PSNR": 39.16989502280696, "encoding_time": 0.2841181755065918, "decoding_time": 0.19144797325134277}