{"MSE": 7.853275299072266, "PSNR": 39.1802953881705, "encoding_time": 0.3037598133087158, "decoding_time": 0.21710515022277832}