{"MSE": 7.231754302978516, "PSNR": 39.538366981950254, "encoding_time": 0.2746858596801758, "decoding_time": 0.17862915992736816}