{"MSE": 5.666648864746094, "PSNR": 40.59754058554243, "encoding_time": 0.25601983070373535, "decoding_time": 0.1452772617340088}