{"MSE": 6.355838775634766, "PSNR": 40.099074886541885, "encoding_time": 0.2726008892059326, "decoding_time": 0.18409514427185059}