{"MSE": 7.5591278076171875, "PSNR": 39.34608672534823, "encoding_time": 0.2790791988372803, "decoding_time": 0.17926502227783203}