{"MSE": 7.917491912841797, "PSNR": 39.144927324248414, "encoding_time": 0.30994296073913574, "decoding_time": 0.20255589485168457}