{"MSE": 7.599693298339844, "PSNR": 39.3228429510374, "encoding_time": 0.2925851345062256, "decoding_time": 0.22374868392944336}