{"MSE": 8.259651184082031, "PSNR": 38.96118653986646, "encoding_time": 0.28724098205566406, "decoding_time": 0.1886279582977295}