{"MSE": 6.879631042480469, "PSNR": 39.75515213404416, "encoding_time": 0.27646398544311523, "decoding_time": 0.17006802558898926}