{"MSE": 6.884052276611328, "PSNR": 39.75236201223191, "encoding_time": 0.2775309085845947, "decoding_time": 0.1709458827972412}