{"MSE": 7.492694854736328, "PSNR": 39.38442314857651, "encoding_time": 0.27324414253234863, "decoding_time": 0.18224167823791504}