{"MSE": 6.5059661865234375, "PSNR": 39.99768559076155, "encoding_time": 0.2709381580352783, "decoding_time": 0.16855502128601074}