{"MSE": 6.400287628173828, "PSNR": 40.068808693024835, "encoding_time": 0.26962780952453613, "decoding_time": 0.16834306716918945}