{"MSE": 6.390777587890625, "PSNR": 40.07526657391111, "encoding_time": 0.2838108539581299, "decoding_time": 0.15625810623168945}