{"MSE": 6.301387786865234, "PSNR": 40.13644153985122, "encoding_time": 0.2799417972564697, "decoding_time": 0.14629125595092773}