{"MSE": 6.041900634765625, "PSNR": 40.3190678228878, "encoding_time": 0.27932071685791016, "decoding_time": 0.16562509536743164}