{"MSE": 6.330696105957031, "PSNR": 40.11628894396449, "encoding_time": 0.2742180824279785, "decoding_time": 0.1495521068572998}