{"MSE": 6.796436309814453, "PSNR": 39.80799109437463, "encoding_time": 0.291456937789917, "decoding_time": 0.1934809684753418}