{"MSE": 5.869972229003906, "PSNR": 40.444443142742806, "encoding_time": 0.2937910556793213, "decoding_time": 0.1498401165008545}