{"MSE": 6.456851959228516, "PSNR": 40.030595317219735, "encoding_time": 0.28692197799682617, "decoding_time": 0.15685081481933594}