{"MSE": 6.419525146484375, "PSNR": 40.05577456457726, "encoding_time": 0.27967405319213867, "decoding_time": 0.15734505653381348}