{"MSE": 6.030433654785156, "PSNR": 40.327318170348164, "encoding_time": 0.2946188449859619, "decoding_time": 0.16179919242858887}