{"MSE": 6.274238586425781, "PSNR": 40.15519331555903, "encoding_time": 0.28902506828308105, "decoding_time": 0.15584206581115723}