{"MSE": 6.242725372314453, "PSNR": 40.1770613084, "encoding_time": 0.2754781246185303, "decoding_time": 0.1459658145904541}