{"MSE": 6.643585205078125, "PSNR": 39.90677851593254, "encoding_time": 0.28911519050598145, "decoding_time": 0.1497809886932373}