{"MSE": 6.102691650390625, "PSNR": 40.275589338765684, "encoding_time": 0.2769889831542969, "decoding_time": 0.1504061222076416}