{"MSE": 6.165748596191406, "PSNR": 40.230945481505806, "encoding_time": 0.27782297134399414, "decoding_time": 0.16098904609680176}