{"MSE": 6.296043395996094, "PSNR": 40.14012648096208, "encoding_time": 0.2929508686065674, "decoding_time": 0.1608600616455078}