{"MSE": 6.240180969238281, "PSNR": 40.17883176185177, "encoding_time": 0.28671813011169434, "decoding_time": 0.1492447853088379}