{"MSE": 6.030086517333984, "PSNR": 40.327568175948926, "encoding_time": 0.2886331081390381, "decoding_time": 0.15751290321350098}