{"MSE": 6.977741241455078, "PSNR": 39.69365500584114, "encoding_time": 0.2942237854003906, "decoding_time": 0.16125798225402832}