{"MSE": 6.2144317626953125, "PSNR": 40.196789372399124, "encoding_time": 0.28955698013305664, "decoding_time": 0.1610250473022461}