{"MSE": 6.072254180908203, "PSNR": 40.297304182941566, "encoding_time": 0.2861161231994629, "decoding_time": 0.1642289161682129}