{"MSE": 6.010749816894531, "PSNR": 40.34151708993679, "encoding_time": 0.28486132621765137, "decoding_time": 0.16133975982666016}