{"MSE": 6.166881561279297, "PSNR": 40.23014753251851, "encoding_time": 0.2757136821746826, "decoding_time": 0.14728426933288574}