{"MSE": 6.802890777587891, "PSNR": 39.80386862576998, "encoding_time": 0.2861499786376953, "decoding_time": 0.19679927825927734}