{"MSE": 6.159431457519531, "PSNR": 40.23539734134865, "encoding_time": 0.27948904037475586, "decoding_time": 0.1559908390045166}