{"MSE": 6.778831481933594, "PSNR": 39.819255231490594, "encoding_time": 0.28379321098327637, "decoding_time": 0.1629047393798828}