{"MSE": 5.9478912353515625, "PSNR": 40.38717342564483, "encoding_time": 0.2784709930419922, "decoding_time": 0.15703916549682617}