{"MSE": 6.384555816650391, "PSNR": 40.07949672751315, "encoding_time": 0.2830820083618164, "decoding_time": 0.16200804710388184}