{"MSE": 9.908687591552734, "PSNR": 38.17064224999329, "encoding_time": 0.3021869659423828, "decoding_time": 0.21056318283081055}