{"MSE": 11.893840789794922, "PSNR": 37.377582401043746, "encoding_time": 0.32262611389160156, "decoding_time": 0.23762106895446777}