{"MSE": 9.65353775024414, "PSNR": 38.283938616332755, "encoding_time": 0.3029780387878418, "decoding_time": 0.20792198181152344}