{"MSE": 11.10898208618164, "PSNR": 37.67406094420952, "encoding_time": 0.3182528018951416, "decoding_time": 0.2322711944580078}