{"MSE": 9.013717651367188, "PSNR": 38.58176410901946, "encoding_time": 0.29158711433410645, "decoding_time": 0.19832277297973633}