{"MSE": 10.061946868896484, "PSNR": 38.10398341120676, "encoding_time": 0.3020510673522949, "decoding_time": 0.2079448699951172}