{"MSE": 9.169677734375, "PSNR": 38.50726288081423, "encoding_time": 0.29758739471435547, "decoding_time": 0.20183181762695312}