{"MSE": 10.669353485107422, "PSNR": 37.84942256940824, "encoding_time": 0.3174262046813965, "decoding_time": 0.22788000106811523}