{"MSE": 9.588809967041016, "PSNR": 38.31315649090018, "encoding_time": 0.30074214935302734, "decoding_time": 0.20774292945861816}