{"MSE": 12.681365966796875, "PSNR": 37.09914324996378, "encoding_time": 0.2884490489959717, "decoding_time": 0.18610692024230957}