{"MSE": 12.65621566772461, "PSNR": 37.10776494073926, "encoding_time": 0.28287696838378906, "decoding_time": 0.18227100372314453}