{"MSE": 12.87509536743164, "PSNR": 37.03329906269562, "encoding_time": 0.2919909954071045, "decoding_time": 0.18766427040100098}