{"MSE": 13.218650817871094, "PSNR": 36.91893230397199, "encoding_time": 0.2868320941925049, "decoding_time": 0.1893608570098877}