{"MSE": 12.922740936279297, "PSNR": 37.01725722808515, "encoding_time": 0.2903869152069092, "decoding_time": 0.18645787239074707}