{"MSE": 14.320976257324219, "PSNR": 36.57107736142087, "encoding_time": 0.28892993927001953, "decoding_time": 0.19271612167358398}