{"MSE": 12.891998291015625, "PSNR": 37.027601215983964, "encoding_time": 0.2928769588470459, "decoding_time": 0.18870186805725098}