{"MSE": 12.895973205566406, "PSNR": 37.026262387554326, "encoding_time": 0.286221981048584, "decoding_time": 0.18353796005249023}