{"MSE": 13.575389862060547, "PSNR": 36.80328050230572, "encoding_time": 0.29436421394348145, "decoding_time": 0.19066190719604492}