{"MSE": 13.063121795654297, "PSNR": 36.970333848007606, "encoding_time": 0.2907531261444092, "decoding_time": 0.18942594528198242}