{"MSE": 13.726173400878906, "PSNR": 36.75530879895569, "encoding_time": 0.2882828712463379, "decoding_time": 0.18741393089294434}