{"MSE": 12.997440338134766, "PSNR": 36.992225282901494, "encoding_time": 0.2904508113861084, "decoding_time": 0.1842329502105713}