{"MSE": 14.204605102539062, "PSNR": 36.6065119631632, "encoding_time": 0.2923738956451416, "decoding_time": 0.1919269561767578}