{"MSE": 13.100273132324219, "PSNR": 36.95800010355302, "encoding_time": 0.2866482734680176, "decoding_time": 0.18722271919250488}