{"MSE": 14.256889343261719, "PSNR": 36.59055582085876, "encoding_time": 0.29374098777770996, "decoding_time": 0.19461297988891602}