{"MSE": 3.806854248046875, "PSNR": 42.32514111445377, "encoding_time": 0.2691328525543213, "decoding_time": 0.1482391357421875}