{"MSE": 2.7434768676757812, "PSNR": 43.747790581849515, "encoding_time": 0.25829410552978516, "decoding_time": 0.12723803520202637}