{"MSE": 2.6462669372558594, "PSNR": 43.90446710158545, "encoding_time": 0.24628686904907227, "decoding_time": 0.11618828773498535}