{"MSE": 2.8071823120117188, "PSNR": 43.64809742131031, "encoding_time": 0.25490689277648926, "decoding_time": 0.12501025199890137}