{"MSE": 2.8598403930664062, "PSNR": 43.567385649223496, "encoding_time": 0.2532370090484619, "decoding_time": 0.1283702850341797}