{"MSE": 2.7395172119140625, "PSNR": 43.75406327491298, "encoding_time": 0.25044894218444824, "decoding_time": 0.11928892135620117}