{"MSE": 2.822113037109375, "PSNR": 43.62505955840196, "encoding_time": 0.254802942276001, "decoding_time": 0.12505817413330078}