{"MSE": 2.8005523681640625, "PSNR": 43.658366628161815, "encoding_time": 0.2470238208770752, "decoding_time": 0.11874103546142578}