{"MSE": 2.887725830078125, "PSNR": 43.52524403319499, "encoding_time": 0.24924802780151367, "decoding_time": 0.1201019287109375}