{"MSE": 2.821178436279297, "PSNR": 43.62649805219202, "encoding_time": 0.25190114974975586, "decoding_time": 0.12360692024230957}