{"MSE": 2.9893226623535156, "PSNR": 43.37507566298132, "encoding_time": 0.25652194023132324, "decoding_time": 0.1270580291748047}