{"MSE": 2.6578369140625, "PSNR": 43.88552031926992, "encoding_time": 0.24759387969970703, "decoding_time": 0.11647486686706543}