{"MSE": 2.5441207885742188, "PSNR": 44.07542634172211, "encoding_time": 0.27400970458984375, "decoding_time": 0.12064719200134277}