{"MSE": 2.930419921875, "PSNR": 43.46150502737025, "encoding_time": 0.25532984733581543, "decoding_time": 0.12759113311767578}