{"MSE": 2.8120460510253906, "PSNR": 43.640579323073034, "encoding_time": 0.2469010353088379, "decoding_time": 0.11799287796020508}