{"MSE": 2.629131317138672, "PSNR": 43.93268082527072, "encoding_time": 0.2440478801727295, "decoding_time": 0.11796307563781738}