{"MSE": 2.8405609130859375, "PSNR": 43.59676254128967, "encoding_time": 0.2479407787322998, "decoding_time": 0.12086820602416992}