{"MSE": 2.6945953369140625, "PSNR": 43.825868069817986, "encoding_time": 0.2457749843597412, "decoding_time": 0.11582112312316895}