{"MSE": 2.5239715576171875, "PSNR": 44.10995904289278, "encoding_time": 0.24759721755981445, "decoding_time": 0.12339568138122559}