{"MSE": 2.759021759033203, "PSNR": 43.723252353105124, "encoding_time": 0.2538790702819824, "decoding_time": 0.1234889030456543}