{"MSE": 2.7440147399902344, "PSNR": 43.746939209326015, "encoding_time": 0.24643683433532715, "decoding_time": 0.11726999282836914}