{"MSE": 2.2710723876953125, "PSNR": 44.568493838143524, "encoding_time": 0.24382376670837402, "decoding_time": 0.1173403263092041}