{"MSE": 3.9998512268066406, "PSNR": 42.110365226845765, "encoding_time": 0.2705509662628174, "decoding_time": 0.15793991088867188}