{"MSE": 2.4378204345703125, "PSNR": 44.26078647750958, "encoding_time": 0.25244808197021484, "decoding_time": 0.11872577667236328}