{"MSE": 2.355266571044922, "PSNR": 44.41040292807621, "encoding_time": 0.2448897361755371, "decoding_time": 0.11290597915649414}