{"MSE": 3.7286338806152344, "PSNR": 42.41530619350168, "encoding_time": 0.2715620994567871, "decoding_time": 0.15078496932983398}