{"MSE": 12.917442321777344, "PSNR": 37.019038298326954, "encoding_time": 0.3020610809326172, "decoding_time": 0.21129179000854492}