{"MSE": 13.142425537109375, "PSNR": 36.944048358138645, "encoding_time": 0.30420613288879395, "decoding_time": 0.2130279541015625}