{"MSE": 11.90848159790039, "PSNR": 37.37223970979778, "encoding_time": 0.30007386207580566, "decoding_time": 0.20229506492614746}