{"MSE": 10.983512878417969, "PSNR": 37.72339097282534, "encoding_time": 0.2910299301147461, "decoding_time": 0.19303107261657715}