{"MSE": 14.771221160888672, "PSNR": 36.43663960240274, "encoding_time": 0.3130500316619873, "decoding_time": 0.227996826171875}