{"MSE": 11.886730194091797, "PSNR": 37.3801795569918, "encoding_time": 0.30052876472473145, "decoding_time": 0.20293235778808594}