{"MSE": 11.613468170166016, "PSNR": 37.48118426896684, "encoding_time": 0.2996339797973633, "decoding_time": 0.20120692253112793}