{"MSE": 14.957843780517578, "PSNR": 36.382113677214655, "encoding_time": 0.31111979484558105, "decoding_time": 0.22796320915222168}