{"MSE": 14.921150207519531, "PSNR": 36.39278058540575, "encoding_time": 0.3186051845550537, "decoding_time": 0.23264694213867188}