{"MSE": 14.897220611572266, "PSNR": 36.39975111626952, "encoding_time": 0.3148319721221924, "decoding_time": 0.22983503341674805}