{"MSE": 12.810630798339844, "PSNR": 37.0550984583881, "encoding_time": 0.308549165725708, "decoding_time": 0.2156980037689209}