{"MSE": 10.299938201904297, "PSNR": 38.002457418571524, "encoding_time": 0.2940070629119873, "decoding_time": 0.19194293022155762}