{"MSE": 9.902931213378906, "PSNR": 38.17316598454684, "encoding_time": 0.2899458408355713, "decoding_time": 0.18757295608520508}