{"MSE": 13.375911712646484, "PSNR": 36.86756967312816, "encoding_time": 0.3113820552825928, "decoding_time": 0.22122788429260254}