{"MSE": 11.297443389892578, "PSNR": 37.60100187055763, "encoding_time": 0.29459309577941895, "decoding_time": 0.1981039047241211}