{"MSE": 9.491657257080078, "PSNR": 38.35738313375528, "encoding_time": 0.2619669437408447, "decoding_time": 0.13751816749572754}