{"MSE": 9.721282958984375, "PSNR": 38.25356776472606, "encoding_time": 0.2652459144592285, "decoding_time": 0.14439010620117188}