{"MSE": 10.163909912109375, "PSNR": 38.06019553844869, "encoding_time": 0.2726919651031494, "decoding_time": 0.1584949493408203}