{"MSE": 8.514026641845703, "PSNR": 38.82945356042946, "encoding_time": 0.27363014221191406, "decoding_time": 0.15452790260314941}