{"MSE": 9.56768798828125, "PSNR": 38.32273356762997, "encoding_time": 0.27631425857543945, "decoding_time": 0.16155791282653809}