{"MSE": 14.327533721923828, "PSNR": 36.56908921562013, "encoding_time": 0.2794148921966553, "decoding_time": 0.17551493644714355}