{"MSE": 12.777557373046875, "PSNR": 37.06632521192369, "encoding_time": 0.2748861312866211, "decoding_time": 0.16069984436035156}