{"MSE": 11.390689849853516, "PSNR": 37.565303339870255, "encoding_time": 0.26643919944763184, "decoding_time": 0.14688587188720703}