{"MSE": 11.563629150390625, "PSNR": 37.499862056210645, "encoding_time": 0.266995906829834, "decoding_time": 0.15310406684875488}