{"MSE": 14.433345794677734, "PSNR": 36.53713344276417, "encoding_time": 0.2838761806488037, "decoding_time": 0.1768949031829834}