{"MSE": 12.460502624511719, "PSNR": 37.17544799873067, "encoding_time": 0.28185081481933594, "decoding_time": 0.17160511016845703}