{"MSE": 14.656120300292969, "PSNR": 36.470613397557216, "encoding_time": 0.2842259407043457, "decoding_time": 0.178131103515625}