{"MSE": 11.65023422241211, "PSNR": 37.4674570413432, "encoding_time": 0.2705550193786621, "decoding_time": 0.1526660919189453}