{"MSE": 10.050994873046875, "PSNR": 38.10871309410889, "encoding_time": 0.26662206649780273, "decoding_time": 0.1468360424041748}