{"MSE": 10.469356536865234, "PSNR": 37.931603707913936, "encoding_time": 0.2675628662109375, "decoding_time": 0.14934706687927246}