{"MSE": 10.147396087646484, "PSNR": 38.06725748160459, "encoding_time": 0.2772989273071289, "decoding_time": 0.1629021167755127}