{"MSE": 15.018428802490234, "PSNR": 36.36455860829648, "encoding_time": 0.28499412536621094, "decoding_time": 0.181196928024292}