{"MSE": 10.371253967285156, "PSNR": 37.97249091639101, "encoding_time": 0.2663857936859131, "decoding_time": 0.150285005569458}