{"MSE": 12.443267822265625, "PSNR": 37.18145912120156, "encoding_time": 0.27246999740600586, "decoding_time": 0.1551969051361084}