{"MSE": 12.7203369140625, "PSNR": 37.08581746569629, "encoding_time": 0.27393031120300293, "decoding_time": 0.16039776802062988}