{"MSE": 10.161735534667969, "PSNR": 38.06112472923917, "encoding_time": 0.27721714973449707, "decoding_time": 0.17016911506652832}