{"MSE": 10.068748474121094, "PSNR": 38.10104868920219, "encoding_time": 0.26940178871154785, "decoding_time": 0.15489411354064941}