{"MSE": 12.141239166259766, "PSNR": 37.288173466488786, "encoding_time": 0.2723503112792969, "decoding_time": 0.15803861618041992}