{"MSE": 13.77545166015625, "PSNR": 36.73974513758037, "encoding_time": 0.2762641906738281, "decoding_time": 0.16887497901916504}