{"MSE": 9.636428833007812, "PSNR": 38.29164242469693, "encoding_time": 0.27506089210510254, "decoding_time": 0.16015315055847168}