{"MSE": 11.52846908569336, "PSNR": 37.51308721550573, "encoding_time": 0.28952598571777344, "decoding_time": 0.18717503547668457}