{"MSE": 12.016834259033203, "PSNR": 37.33290289616803, "encoding_time": 0.28943681716918945, "decoding_time": 0.19198322296142578}