{"MSE": 12.256885528564453, "PSNR": 37.247002307826854, "encoding_time": 0.29103589057922363, "decoding_time": 0.1941061019897461}