{"MSE": 11.535320281982422, "PSNR": 37.51050703513479, "encoding_time": 0.29117512702941895, "decoding_time": 0.18985986709594727}