{"MSE": 10.368858337402344, "PSNR": 37.973494198174755, "encoding_time": 0.2853388786315918, "decoding_time": 0.17293214797973633}