{"MSE": 12.1785888671875, "PSNR": 37.27483391347541, "encoding_time": 0.289182186126709, "decoding_time": 0.1872270107269287}