{"MSE": 10.380481719970703, "PSNR": 37.96862852878522, "encoding_time": 0.27944207191467285, "decoding_time": 0.17009806632995605}