{"MSE": 12.347606658935547, "PSNR": 37.2149757457151, "encoding_time": 0.290816068649292, "decoding_time": 0.19391202926635742}