{"MSE": 12.077289581298828, "PSNR": 37.311108812154075, "encoding_time": 0.2912027835845947, "decoding_time": 0.19068026542663574}