{"MSE": 9.430709838867188, "PSNR": 38.38535978045655, "encoding_time": 0.2812378406524658, "decoding_time": 0.16652631759643555}