{"MSE": 12.247749328613281, "PSNR": 37.25024071674935, "encoding_time": 0.2931070327758789, "decoding_time": 0.1942589282989502}