{"MSE": 11.930438995361328, "PSNR": 37.36423936497208, "encoding_time": 0.29141974449157715, "decoding_time": 0.20491743087768555}