{"MSE": 11.231449127197266, "PSNR": 37.62644566552749, "encoding_time": 0.28496694564819336, "decoding_time": 0.18073105812072754}