{"MSE": 9.721134185791016, "PSNR": 38.25363422907198, "encoding_time": 0.2879619598388672, "decoding_time": 0.17618179321289062}