{"MSE": 12.997589111328125, "PSNR": 36.9921755723389, "encoding_time": 0.29375600814819336, "decoding_time": 0.19611501693725586}