{"MSE": 12.22634506225586, "PSNR": 37.25783712214828, "encoding_time": 0.29208874702453613, "decoding_time": 0.19220209121704102}