{"MSE": 10.927330017089844, "PSNR": 37.74566301433887, "encoding_time": 0.2873671054840088, "decoding_time": 0.1867079734802246}