{"MSE": 12.220279693603516, "PSNR": 37.25999214863294, "encoding_time": 0.2936711311340332, "decoding_time": 0.19358181953430176}