{"MSE": 11.896835327148438, "PSNR": 37.37648910630175, "encoding_time": 0.2855961322784424, "decoding_time": 0.1788468360900879}