{"MSE": 12.433048248291016, "PSNR": 37.185027418711265, "encoding_time": 0.2908332347869873, "decoding_time": 0.1918931007385254}