{"MSE": 12.51845932006836, "PSNR": 37.15529478476367, "encoding_time": 0.2902488708496094, "decoding_time": 0.18723511695861816}