{"MSE": 11.732963562011719, "PSNR": 37.436726389425424, "encoding_time": 0.2916421890258789, "decoding_time": 0.19192862510681152}