{"MSE": 12.720531463623047, "PSNR": 37.085751043592026, "encoding_time": 0.29633307456970215, "decoding_time": 0.19786977767944336}