{"MSE": 10.688579559326172, "PSNR": 37.84160366653982, "encoding_time": 0.2823450565338135, "decoding_time": 0.17429590225219727}