{"MSE": 11.92159652709961, "PSNR": 37.36745941329439, "encoding_time": 0.28606677055358887, "decoding_time": 0.18061399459838867}