{"MSE": 12.423484802246094, "PSNR": 37.18836927820695, "encoding_time": 0.2941319942474365, "decoding_time": 0.1963200569152832}