{"MSE": 11.005027770996094, "PSNR": 37.71489218042592, "encoding_time": 0.2887260913848877, "decoding_time": 0.18395781517028809}