{"MSE": 12.31832504272461, "PSNR": 37.2252870126636, "encoding_time": 0.28958702087402344, "decoding_time": 0.1883230209350586}