{"MSE": 10.60064697265625, "PSNR": 37.87747989180482, "encoding_time": 0.2818160057067871, "decoding_time": 0.1743791103363037}