{"MSE": 10.21200180053711, "PSNR": 38.03969478162719, "encoding_time": 0.28597474098205566, "decoding_time": 0.17779040336608887}