{"MSE": 11.458351135253906, "PSNR": 37.539582340202465, "encoding_time": 0.2887442111968994, "decoding_time": 0.1879417896270752}