{"MSE": 10.530460357666016, "PSNR": 37.90633003317388, "encoding_time": 0.28380489349365234, "decoding_time": 0.17731213569641113}