{"MSE": 9.648353576660156, "PSNR": 38.28627150485312, "encoding_time": 0.2822840213775635, "decoding_time": 0.16733884811401367}