{"MSE": 11.879772186279297, "PSNR": 37.38272248437419, "encoding_time": 0.2884349822998047, "decoding_time": 0.18738198280334473}