{"MSE": 12.519454956054688, "PSNR": 37.1549493892085, "encoding_time": 0.29079294204711914, "decoding_time": 0.19411802291870117}