{"MSE": 11.915473937988281, "PSNR": 37.36969039778418, "encoding_time": 0.29220128059387207, "decoding_time": 0.1921858787536621}