{"MSE": 12.075916290283203, "PSNR": 37.311602670165264, "encoding_time": 0.28957223892211914, "decoding_time": 0.18795275688171387}