{"MSE": 11.833560943603516, "PSNR": 37.39964909101461, "encoding_time": 0.2927689552307129, "decoding_time": 0.1899700164794922}