{"MSE": 9.36745834350586, "PSNR": 38.41458590377843, "encoding_time": 0.28241991996765137, "decoding_time": 0.16725993156433105}