{"MSE": 11.073482513427734, "PSNR": 37.68796136690553, "encoding_time": 0.288848876953125, "decoding_time": 0.18515992164611816}