{"MSE": 12.229915618896484, "PSNR": 37.256569002644994, "encoding_time": 0.2883718013763428, "decoding_time": 0.18922805786132812}