{"MSE": 11.999374389648438, "PSNR": 37.33921757004132, "encoding_time": 0.29143691062927246, "decoding_time": 0.19332408905029297}