{"MSE": 10.927791595458984, "PSNR": 37.745479569064784, "encoding_time": 0.288754940032959, "decoding_time": 0.18570399284362793}