{"MSE": 11.318099975585938, "PSNR": 37.59306835020718, "encoding_time": 0.28393077850341797, "decoding_time": 0.1761462688446045}