{"MSE": 11.988105773925781, "PSNR": 37.34329794693265, "encoding_time": 0.2877349853515625, "decoding_time": 0.19163298606872559}