{"MSE": 11.341743469238281, "PSNR": 37.584005408022705, "encoding_time": 0.2865622043609619, "decoding_time": 0.18594884872436523}