{"MSE": 12.44021224975586, "PSNR": 37.182525706970814, "encoding_time": 0.2899208068847656, "decoding_time": 0.19199013710021973}