{"MSE": 10.109817504882812, "PSNR": 38.08337044776187, "encoding_time": 0.28220295906066895, "decoding_time": 0.17685794830322266}