{"MSE": 10.172290802001953, "PSNR": 38.05661593723309, "encoding_time": 0.2820448875427246, "decoding_time": 0.1719059944152832}