{"MSE": 12.607654571533203, "PSNR": 37.12446059495599, "encoding_time": 0.2915029525756836, "decoding_time": 0.19406819343566895}