{"MSE": 11.257732391357422, "PSNR": 37.61629440077047, "encoding_time": 0.28404831886291504, "decoding_time": 0.17999982833862305}