{"MSE": 11.622367858886719, "PSNR": 37.47785743718319, "encoding_time": 0.28601813316345215, "decoding_time": 0.17922472953796387}