{"MSE": 12.978111267089844, "PSNR": 36.99868867630474, "encoding_time": 0.29220104217529297, "decoding_time": 0.1957409381866455}