{"MSE": 11.621196746826172, "PSNR": 37.47829507014926, "encoding_time": 0.2903420925140381, "decoding_time": 0.1910409927368164}