{"MSE": 12.294139862060547, "PSNR": 37.233822113822725, "encoding_time": 0.29172492027282715, "decoding_time": 0.1899709701538086}