{"MSE": 11.15298843383789, "PSNR": 37.656891090505916, "encoding_time": 0.2882969379425049, "decoding_time": 0.18644213676452637}