{"MSE": 12.161849975585938, "PSNR": 37.280807190661335, "encoding_time": 0.2913680076599121, "decoding_time": 0.18859386444091797}