{"MSE": 12.448284149169922, "PSNR": 37.1797086774157, "encoding_time": 0.29517531394958496, "decoding_time": 0.1978287696838379}