{"MSE": 11.811141967773438, "PSNR": 37.407884711861385, "encoding_time": 0.2883932590484619, "decoding_time": 0.1875929832458496}