{"MSE": 11.997783660888672, "PSNR": 37.339793342157435, "encoding_time": 0.2906031608581543, "decoding_time": 0.19275522232055664}