{"MSE": 11.85910415649414, "PSNR": 37.390284774539815, "encoding_time": 0.2912421226501465, "decoding_time": 0.19221806526184082}