{"MSE": 9.72690200805664, "PSNR": 38.251058201928636, "encoding_time": 0.28482794761657715, "decoding_time": 0.17601823806762695}