{"MSE": 11.155532836914062, "PSNR": 37.65590041953575, "encoding_time": 0.2897920608520508, "decoding_time": 0.18572998046875}