{"MSE": 12.513465881347656, "PSNR": 37.157027470438805, "encoding_time": 0.29626989364624023, "decoding_time": 0.19702792167663574}