{"MSE": 12.228382110595703, "PSNR": 37.25711359834926, "encoding_time": 0.2876579761505127, "decoding_time": 0.18389320373535156}