{"MSE": 11.983795166015625, "PSNR": 37.344859836625005, "encoding_time": 0.29155707359313965, "decoding_time": 0.19562387466430664}