{"MSE": 11.560718536376953, "PSNR": 37.50095533125468, "encoding_time": 0.28539395332336426, "decoding_time": 0.17900300025939941}