{"MSE": 11.871822357177734, "PSNR": 37.38562971406228, "encoding_time": 0.28970885276794434, "decoding_time": 0.19081401824951172}