{"MSE": 10.4296875, "PSNR": 37.94809064815184, "encoding_time": 0.28366518020629883, "decoding_time": 0.17420387268066406}