{"MSE": 11.336280822753906, "PSNR": 37.58609765136815, "encoding_time": 0.28354597091674805, "decoding_time": 0.17835688591003418}