{"MSE": 9.91305160522461, "PSNR": 38.16872993839596, "encoding_time": 0.30504679679870605, "decoding_time": 0.17770624160766602}