{"MSE": 12.157310485839844, "PSNR": 37.28242852571803, "encoding_time": 0.29320621490478516, "decoding_time": 0.19524288177490234}