{"MSE": 11.412620544433594, "PSNR": 37.55694983118032, "encoding_time": 0.2865779399871826, "decoding_time": 0.18675613403320312}