{"MSE": 11.58529281616211, "PSNR": 37.49173345889406, "encoding_time": 0.2882270812988281, "decoding_time": 0.19002199172973633}