{"MSE": 9.653312683105469, "PSNR": 38.28403987097988, "encoding_time": 0.2803609371185303, "decoding_time": 0.16865205764770508}