{"MSE": 10.18698501586914, "PSNR": 38.05034693516876, "encoding_time": 0.2838163375854492, "decoding_time": 0.17916274070739746}