{"MSE": 12.645877838134766, "PSNR": 37.111313787473634, "encoding_time": 0.2940239906311035, "decoding_time": 0.19768905639648438}