{"MSE": 11.771350860595703, "PSNR": 37.42254056253997, "encoding_time": 0.28804802894592285, "decoding_time": 0.1905050277709961}