{"MSE": 11.018692016601562, "PSNR": 37.70950316595925, "encoding_time": 0.28649401664733887, "decoding_time": 0.18521785736083984}