{"MSE": 11.576457977294922, "PSNR": 37.4950466125402, "encoding_time": 0.2869229316711426, "decoding_time": 0.189208984375}