{"MSE": 11.816848754882812, "PSNR": 37.40578683885281, "encoding_time": 0.29250407218933105, "decoding_time": 0.19342803955078125}