{"MSE": 11.871047973632812, "PSNR": 37.385913007948716, "encoding_time": 0.28705692291259766, "decoding_time": 0.18318581581115723}