{"MSE": 12.01614761352539, "PSNR": 37.333151060425564, "encoding_time": 0.29505300521850586, "decoding_time": 0.19914603233337402}