{"MSE": 11.787269592285156, "PSNR": 37.41667144265867, "encoding_time": 0.2920548915863037, "decoding_time": 0.1936190128326416}