{"MSE": 11.717315673828125, "PSNR": 37.44252230548413, "encoding_time": 0.29111790657043457, "decoding_time": 0.1919689178466797}