{"MSE": 9.756275177001953, "PSNR": 38.23796319721491, "encoding_time": 0.2808821201324463, "decoding_time": 0.1696789264678955}