{"MSE": 12.266357421875, "PSNR": 37.24364745691189, "encoding_time": 0.2929799556732178, "decoding_time": 0.19264721870422363}