{"MSE": 10.815681457519531, "PSNR": 37.79026472884135, "encoding_time": 0.28192687034606934, "decoding_time": 0.17537999153137207}