{"MSE": 12.111305236816406, "PSNR": 37.29889411234295, "encoding_time": 0.2910740375518799, "decoding_time": 0.1900620460510254}