{"MSE": 11.153759002685547, "PSNR": 37.656591043356904, "encoding_time": 0.2868778705596924, "decoding_time": 0.18498802185058594}