{"MSE": 11.041790008544922, "PSNR": 37.70040877346292, "encoding_time": 0.28655219078063965, "decoding_time": 0.18492984771728516}