{"MSE": 12.111217498779297, "PSNR": 37.298925574091, "encoding_time": 0.28777480125427246, "decoding_time": 0.18697619438171387}