{"MSE": 11.230754852294922, "PSNR": 37.62671413407081, "encoding_time": 0.2876589298248291, "decoding_time": 0.1860051155090332}