{"MSE": 11.055614471435547, "PSNR": 37.694974751799954, "encoding_time": 0.2848320007324219, "decoding_time": 0.18358802795410156}