{"MSE": 11.477588653564453, "PSNR": 37.53229704900978, "encoding_time": 0.2870512008666992, "decoding_time": 0.19102001190185547}