{"MSE": 11.297538757324219, "PSNR": 37.60096520971936, "encoding_time": 0.2891099452972412, "decoding_time": 0.18522191047668457}