{"MSE": 15.286693572998047, "PSNR": 36.28766800784955, "encoding_time": 0.3266720771789551, "decoding_time": 0.2362220287322998}