{"MSE": 12.583271026611328, "PSNR": 37.13286810048793, "encoding_time": 0.30390286445617676, "decoding_time": 0.20736932754516602}