{"MSE": 14.027034759521484, "PSNR": 36.661144876787134, "encoding_time": 0.31452107429504395, "decoding_time": 0.22951078414916992}