{"MSE": 12.199066162109375, "PSNR": 37.26753774141139, "encoding_time": 0.303800106048584, "decoding_time": 0.2145709991455078}