{"MSE": 13.84100341796875, "PSNR": 36.71912784974745, "encoding_time": 0.309856653213501, "decoding_time": 0.2175922393798828}