{"MSE": 14.130695343017578, "PSNR": 36.62916827738004, "encoding_time": 0.3280918598175049, "decoding_time": 0.254284143447876}