{"MSE": 14.624748229980469, "PSNR": 36.47991962576691, "encoding_time": 0.31352806091308594, "decoding_time": 0.22988605499267578}