{"MSE": 14.016925811767578, "PSNR": 36.66427586137568, "encoding_time": 0.3224360942840576, "decoding_time": 0.2254648208618164}