{"MSE": 13.082916259765625, "PSNR": 36.96375799268301, "encoding_time": 0.3109090328216553, "decoding_time": 0.21457600593566895}