{"MSE": 14.226036071777344, "PSNR": 36.599964553002586, "encoding_time": 0.32344698905944824, "decoding_time": 0.25757694244384766}