{"MSE": 13.993228912353516, "PSNR": 36.67162422143325, "encoding_time": 0.31244587898254395, "decoding_time": 0.2190709114074707}