{"MSE": 12.12332534790039, "PSNR": 37.29458600595324, "encoding_time": 0.30767321586608887, "decoding_time": 0.20340371131896973}