{"MSE": 15.209186553955078, "PSNR": 36.30974373940206, "encoding_time": 0.3211331367492676, "decoding_time": 0.23195600509643555}