{"MSE": 12.91845703125, "PSNR": 37.01869715848977, "encoding_time": 0.30391907691955566, "decoding_time": 0.20509791374206543}