{"MSE": 11.783935546875, "PSNR": 37.41790002433291, "encoding_time": 0.29526805877685547, "decoding_time": 0.19185900688171387}