{"MSE": 10.567737579345703, "PSNR": 37.89098340634747, "encoding_time": 0.2951087951660156, "decoding_time": 0.18601012229919434}