{"MSE": 13.567115783691406, "PSNR": 36.805928295207934, "encoding_time": 0.3136899471282959, "decoding_time": 0.21408700942993164}