{"MSE": 14.114788055419922, "PSNR": 36.63405999607265, "encoding_time": 0.31888508796691895, "decoding_time": 0.26262974739074707}