{"MSE": 14.117294311523438, "PSNR": 36.633288920680684, "encoding_time": 0.3141598701477051, "decoding_time": 0.2229292392730713}