{"MSE": 13.981609344482422, "PSNR": 36.67523197383731, "encoding_time": 0.31467103958129883, "decoding_time": 0.22916293144226074}