{"MSE": 13.989311218261719, "PSNR": 36.67284028897324, "encoding_time": 0.3098459243774414, "decoding_time": 0.2244720458984375}