{"MSE": 13.076488494873047, "PSNR": 36.965892248340715, "encoding_time": 0.30153608322143555, "decoding_time": 0.2098369598388672}