{"MSE": 11.595161437988281, "PSNR": 37.48803561223839, "encoding_time": 0.29901623725891113, "decoding_time": 0.18926692008972168}