{"MSE": 14.10641860961914, "PSNR": 36.63663593428647, "encoding_time": 0.3167397975921631, "decoding_time": 0.22089600563049316}