{"MSE": 15.03049087524414, "PSNR": 36.36107196586482, "encoding_time": 0.3181130886077881, "decoding_time": 0.27581191062927246}