{"MSE": 13.835529327392578, "PSNR": 36.720845815927355, "encoding_time": 0.3101627826690674, "decoding_time": 0.22893214225769043}