{"MSE": 12.702167510986328, "PSNR": 37.09202525129212, "encoding_time": 0.30318307876586914, "decoding_time": 0.20160579681396484}