{"MSE": 12.296592712402344, "PSNR": 37.232955722901934, "encoding_time": 0.2835571765899658, "decoding_time": 0.19582891464233398}