{"MSE": 17.74264144897461, "PSNR": 35.640620846440726, "encoding_time": 0.29416608810424805, "decoding_time": 0.20094990730285645}