{"MSE": 15.577079772949219, "PSNR": 36.20594316861572, "encoding_time": 0.2991490364074707, "decoding_time": 0.19707226753234863}