{"MSE": 14.789840698242188, "PSNR": 36.431168646429555, "encoding_time": 0.30181026458740234, "decoding_time": 0.20249700546264648}