{"MSE": 9.924968719482422, "PSNR": 38.16351214196242, "encoding_time": 0.26194095611572266, "decoding_time": 0.15830302238464355}