{"MSE": 12.387504577636719, "PSNR": 37.200965328868286, "encoding_time": 0.2833681106567383, "decoding_time": 0.17687320709228516}