{"MSE": 10.022613525390625, "PSNR": 38.120993766965135, "encoding_time": 0.26486968994140625, "decoding_time": 0.16063213348388672}