{"MSE": 9.776893615722656, "PSNR": 38.22879471299957, "encoding_time": 0.26416707038879395, "decoding_time": 0.15923500061035156}