{"MSE": 14.190174102783203, "PSNR": 36.61092636910494, "encoding_time": 0.2821381092071533, "decoding_time": 0.1836700439453125}