{"MSE": 16.50323486328125, "PSNR": 35.95511280558522, "encoding_time": 0.28920698165893555, "decoding_time": 0.19560813903808594}