{"MSE": 14.31429672241211, "PSNR": 36.57310345365241, "encoding_time": 0.30030322074890137, "decoding_time": 0.1916799545288086}