{"MSE": 14.736927032470703, "PSNR": 36.446734276823946, "encoding_time": 0.30149197578430176, "decoding_time": 0.20437097549438477}