{"MSE": 15.211723327636719, "PSNR": 36.30901943048519, "encoding_time": 0.2855839729309082, "decoding_time": 0.1875438690185547}