{"MSE": 13.674381256103516, "PSNR": 36.7717267654905, "encoding_time": 0.29343199729919434, "decoding_time": 0.18630719184875488}