{"MSE": 15.653923034667969, "PSNR": 36.18457166665838, "encoding_time": 0.2948269844055176, "decoding_time": 0.19707393646240234}