{"MSE": 8.808147430419922, "PSNR": 38.68195785639684, "encoding_time": 0.26053476333618164, "decoding_time": 0.15206503868103027}