{"MSE": 13.409492492675781, "PSNR": 36.856680193922436, "encoding_time": 0.28812599182128906, "decoding_time": 0.18134808540344238}