{"MSE": 16.748096466064453, "PSNR": 35.891149071823435, "encoding_time": 0.29288721084594727, "decoding_time": 0.19783377647399902}