{"MSE": 16.247936248779297, "PSNR": 36.022821544875114, "encoding_time": 0.289597749710083, "decoding_time": 0.19266796112060547}