{"MSE": 11.664234161376953, "PSNR": 37.46224131274917, "encoding_time": 0.2697789669036865, "decoding_time": 0.16300630569458008}