{"MSE": 15.523048400878906, "PSNR": 36.22103349249968, "encoding_time": 0.2972750663757324, "decoding_time": 0.21222400665283203}