{"MSE": 16.043880462646484, "PSNR": 36.077709433228485, "encoding_time": 0.2955338954925537, "decoding_time": 0.19621825218200684}