{"MSE": 12.948234558105469, "PSNR": 37.0086980279352, "encoding_time": 0.2775239944458008, "decoding_time": 0.17803406715393066}