{"MSE": 12.77789306640625, "PSNR": 37.06621111510983, "encoding_time": 0.28623509407043457, "decoding_time": 0.17640089988708496}