{"MSE": 15.88027572631836, "PSNR": 36.12222322135837, "encoding_time": 0.29465794563293457, "decoding_time": 0.1981520652770996}