{"MSE": 14.870147705078125, "PSNR": 36.407650784803344, "encoding_time": 0.30748414993286133, "decoding_time": 0.2057502269744873}