{"MSE": 9.946815490722656, "PSNR": 38.15396298832909, "encoding_time": 0.2894551753997803, "decoding_time": 0.1723918914794922}