{"MSE": 9.578632354736328, "PSNR": 38.31776856297957, "encoding_time": 0.2861900329589844, "decoding_time": 0.1701219081878662}