{"MSE": 9.9312744140625, "PSNR": 38.160753786885536, "encoding_time": 0.30330801010131836, "decoding_time": 0.1768510341644287}