{"MSE": 10.992084503173828, "PSNR": 37.72000302440551, "encoding_time": 0.29862189292907715, "decoding_time": 0.1871170997619629}