{"MSE": 8.962936401367188, "PSNR": 38.60630046073046, "encoding_time": 0.2833559513092041, "decoding_time": 0.1841871738433838}