{"MSE": 8.484485626220703, "PSNR": 38.844548426131986, "encoding_time": 0.2881758213043213, "decoding_time": 0.1675119400024414}