{"MSE": 10.713367462158203, "PSNR": 37.8315435965651, "encoding_time": 0.3058769702911377, "decoding_time": 0.19652009010314941}