{"MSE": 10.256603240966797, "PSNR": 38.02076804960845, "encoding_time": 0.29035496711730957, "decoding_time": 0.1939549446105957}