{"MSE": 9.619529724121094, "PSNR": 38.29926519933159, "encoding_time": 0.28603482246398926, "decoding_time": 0.17100191116333008}