{"MSE": 8.784427642822266, "PSNR": 38.69366890957113, "encoding_time": 0.2833132743835449, "decoding_time": 0.16629481315612793}