{"MSE": 10.6917724609375, "PSNR": 37.8403065320866, "encoding_time": 0.2920851707458496, "decoding_time": 0.18928194046020508}