{"MSE": 9.882728576660156, "PSNR": 38.18203492982253, "encoding_time": 0.28643202781677246, "decoding_time": 0.17561912536621094}