{"MSE": 10.40713882446289, "PSNR": 37.95749013061635, "encoding_time": 0.29676294326782227, "decoding_time": 0.18814802169799805}