{"MSE": 9.238502502441406, "PSNR": 38.47478780084225, "encoding_time": 0.2862579822540283, "decoding_time": 0.1691303253173828}