{"MSE": 9.058525085449219, "PSNR": 38.56022869526086, "encoding_time": 0.2872660160064697, "decoding_time": 0.1612558364868164}