{"MSE": 9.44118881225586, "PSNR": 38.38053677788477, "encoding_time": 0.2936360836029053, "decoding_time": 0.17459702491760254}