{"MSE": 8.97226333618164, "PSNR": 38.60178349214644, "encoding_time": 0.2907068729400635, "decoding_time": 0.17072010040283203}