{"MSE": 9.02908706665039, "PSNR": 38.57436519962998, "encoding_time": 0.28832483291625977, "decoding_time": 0.1656661033630371}