{"MSE": 8.658039093017578, "PSNR": 38.756608184478885, "encoding_time": 0.2834899425506592, "decoding_time": 0.19247198104858398}