{"MSE": 9.447624206542969, "PSNR": 38.377577506348636, "encoding_time": 0.28984498977661133, "decoding_time": 0.1805119514465332}