{"MSE": 8.614383697509766, "PSNR": 38.77856148885952, "encoding_time": 0.2841761112213135, "decoding_time": 0.16422080993652344}