{"MSE": 8.520095825195312, "PSNR": 38.82635881580139, "encoding_time": 0.282940149307251, "decoding_time": 0.16147398948669434}