{"MSE": 10.160934448242188, "PSNR": 38.06146711280857, "encoding_time": 0.2927999496459961, "decoding_time": 0.18456482887268066}