{"MSE": 10.187812805175781, "PSNR": 38.049994043982885, "encoding_time": 0.29442691802978516, "decoding_time": 0.17616629600524902}