{"MSE": 10.21938705444336, "PSNR": 38.03655512706782, "encoding_time": 0.28966379165649414, "decoding_time": 0.17410731315612793}