{"MSE": 10.830913543701172, "PSNR": 37.7841527171665, "encoding_time": 0.2962610721588135, "decoding_time": 0.19535493850708008}