{"MSE": 9.821815490722656, "PSNR": 38.20888589503772, "encoding_time": 0.28881168365478516, "decoding_time": 0.1770460605621338}