{"MSE": 11.60888671875, "PSNR": 37.48289787562251, "encoding_time": 0.31247711181640625, "decoding_time": 0.2159578800201416}