{"MSE": 8.715160369873047, "PSNR": 38.72804977785625, "encoding_time": 0.28807497024536133, "decoding_time": 0.16747283935546875}