{"MSE": 8.481613159179688, "PSNR": 38.84601900179356, "encoding_time": 0.2825601100921631, "decoding_time": 0.16147780418395996}