{"MSE": 7.5944976806640625, "PSNR": 39.32581307057549, "encoding_time": 0.30977296829223633, "decoding_time": 0.15491890907287598}