{"MSE": 8.294868469238281, "PSNR": 38.9427085700987, "encoding_time": 0.28583812713623047, "decoding_time": 0.1557018756866455}