{"MSE": 10.225303649902344, "PSNR": 38.034041472184626, "encoding_time": 0.3018801212310791, "decoding_time": 0.20686793327331543}