{"MSE": 10.543495178222656, "PSNR": 37.90095757108187, "encoding_time": 0.288179874420166, "decoding_time": 0.20493125915527344}