{"MSE": 9.790210723876953, "PSNR": 38.22288321237186, "encoding_time": 0.28707194328308105, "decoding_time": 0.17577505111694336}