{"MSE": 10.62032699584961, "PSNR": 37.86942472153833, "encoding_time": 0.31470489501953125, "decoding_time": 0.17207121849060059}