{"MSE": 9.684276580810547, "PSNR": 38.27013176566147, "encoding_time": 0.29099011421203613, "decoding_time": 0.17647504806518555}