{"MSE": 8.665660858154297, "PSNR": 38.75278672513228, "encoding_time": 0.2810990810394287, "decoding_time": 0.16222310066223145}