{"MSE": 10.9970703125, "PSNR": 37.71803359035183, "encoding_time": 0.2962939739227295, "decoding_time": 0.18688416481018066}