{"MSE": 9.481998443603516, "PSNR": 38.361804811710364, "encoding_time": 0.2911820411682129, "decoding_time": 0.18944096565246582}