{"MSE": 10.920463562011719, "PSNR": 37.74839286771106, "encoding_time": 0.2902100086212158, "decoding_time": 0.18297195434570312}