{"MSE": 11.70663070678711, "PSNR": 37.44648442396894, "encoding_time": 0.2729756832122803, "decoding_time": 0.17125606536865234}