{"MSE": 9.74740982055664, "PSNR": 38.24191134921792, "encoding_time": 0.2707810401916504, "decoding_time": 0.16447091102600098}