{"MSE": 11.454246520996094, "PSNR": 37.54113835001709, "encoding_time": 0.27498793601989746, "decoding_time": 0.1725618839263916}