{"MSE": 12.272815704345703, "PSNR": 37.24136148216455, "encoding_time": 0.2777268886566162, "decoding_time": 0.17851805686950684}