{"MSE": 12.02487564086914, "PSNR": 37.32999767195311, "encoding_time": 0.2737882137298584, "decoding_time": 0.17196893692016602}