{"MSE": 10.908123016357422, "PSNR": 37.753303338146765, "encoding_time": 0.26849794387817383, "decoding_time": 0.1681661605834961}