{"MSE": 12.266681671142578, "PSNR": 37.2435326568929, "encoding_time": 0.275921106338501, "decoding_time": 0.17772984504699707}