{"MSE": 12.073650360107422, "PSNR": 37.3124176586815, "encoding_time": 0.277116060256958, "decoding_time": 0.17903804779052734}