{"MSE": 13.425235748291016, "PSNR": 36.85158440181012, "encoding_time": 0.28423213958740234, "decoding_time": 0.18353986740112305}