{"MSE": 14.058345794677734, "PSNR": 36.65146139366786, "encoding_time": 0.29089999198913574, "decoding_time": 0.1852281093597412}