{"MSE": 15.019893646240234, "PSNR": 36.36413503367172, "encoding_time": 0.29340076446533203, "decoding_time": 0.19361615180969238}