{"MSE": 12.843059539794922, "PSNR": 37.044118649413264, "encoding_time": 0.28388500213623047, "decoding_time": 0.17473196983337402}