{"MSE": 13.014938354492188, "PSNR": 36.98638245462016, "encoding_time": 0.28272294998168945, "decoding_time": 0.17549419403076172}