{"MSE": 14.734676361083984, "PSNR": 36.447397596123324, "encoding_time": 0.2929680347442627, "decoding_time": 0.1945328712463379}