{"MSE": 13.917400360107422, "PSNR": 36.69522240154996, "encoding_time": 0.2819998264312744, "decoding_time": 0.17768597602844238}