{"MSE": 10.832778930664062, "PSNR": 37.783404804715694, "encoding_time": 0.2822432518005371, "decoding_time": 0.16708612442016602}