{"MSE": 13.485332489013672, "PSNR": 36.832187021543575, "encoding_time": 0.28617191314697266, "decoding_time": 0.17689204216003418}