{"MSE": 17.797088623046875, "PSNR": 35.627313977926846, "encoding_time": 0.3000931739807129, "decoding_time": 0.20642781257629395}