{"MSE": 15.124916076660156, "PSNR": 36.33387387298412, "encoding_time": 0.29110217094421387, "decoding_time": 0.18996000289916992}