{"MSE": 13.130935668945312, "PSNR": 36.947846872246096, "encoding_time": 0.28614306449890137, "decoding_time": 0.17871713638305664}