{"MSE": 12.91305160522461, "PSNR": 37.020514742404416, "encoding_time": 0.2855570316314697, "decoding_time": 0.17663097381591797}