{"MSE": 12.763957977294922, "PSNR": 37.07094995169297, "encoding_time": 0.28354883193969727, "decoding_time": 0.17354631423950195}