{"MSE": 15.60750961303711, "PSNR": 36.197467497721796, "encoding_time": 0.2940700054168701, "decoding_time": 0.19600415229797363}