{"MSE": 14.49468994140625, "PSNR": 36.518714311511296, "encoding_time": 0.2857480049133301, "decoding_time": 0.18177080154418945}