{"MSE": 19.46701431274414, "PSNR": 35.23781012682794, "encoding_time": 0.30463504791259766, "decoding_time": 0.2150859832763672}