{"MSE": 14.608322143554688, "PSNR": 36.48480023485356, "encoding_time": 0.29235100746154785, "decoding_time": 0.19213175773620605}