{"MSE": 13.826454162597656, "PSNR": 36.72369542657486, "encoding_time": 0.28615689277648926, "decoding_time": 0.18489789962768555}