{"MSE": 13.510822296142578, "PSNR": 36.82398578995435, "encoding_time": 0.28449106216430664, "decoding_time": 0.18178892135620117}