{"MSE": 13.5611572265625, "PSNR": 36.807836097095525, "encoding_time": 0.2833399772644043, "decoding_time": 0.17983603477478027}