{"MSE": 9.998294830322266, "PSNR": 38.131544217605835, "encoding_time": 0.2724649906158447, "decoding_time": 0.15586018562316895}