{"MSE": 13.600826263427734, "PSNR": 36.795150678839384, "encoding_time": 0.2860379219055176, "decoding_time": 0.1825859546661377}