{"MSE": 9.991371154785156, "PSNR": 38.134552686284344, "encoding_time": 0.273792028427124, "decoding_time": 0.15597200393676758}