{"MSE": 17.284313201904297, "PSNR": 35.75428233486392, "encoding_time": 0.29737329483032227, "decoding_time": 0.2032308578491211}