{"MSE": 13.876441955566406, "PSNR": 36.70802237483479, "encoding_time": 0.28841495513916016, "decoding_time": 0.1830921173095703}