{"MSE": 15.943248748779297, "PSNR": 36.105035387947964, "encoding_time": 0.2917361259460449, "decoding_time": 0.19477081298828125}