{"MSE": 13.461517333984375, "PSNR": 36.83986346103514, "encoding_time": 0.28281307220458984, "decoding_time": 0.17452406883239746}