{"MSE": 19.253910064697266, "PSNR": 35.28561421980064, "encoding_time": 0.3039090633392334, "decoding_time": 0.2142317295074463}