{"MSE": 9.997760772705078, "PSNR": 38.13177620163391, "encoding_time": 0.27562713623046875, "decoding_time": 0.15667200088500977}