{"MSE": 13.238201141357422, "PSNR": 36.91251385390996, "encoding_time": 0.28391313552856445, "decoding_time": 0.18088388442993164}