{"MSE": 13.90277099609375, "PSNR": 36.69978991665918, "encoding_time": 0.2823822498321533, "decoding_time": 0.18051981925964355}