{"MSE": 19.27556610107422, "PSNR": 35.28073219231169, "encoding_time": 0.30362987518310547, "decoding_time": 0.21207594871520996}