{"MSE": 15.91217041015625, "PSNR": 36.11350939683518, "encoding_time": 0.2913541793823242, "decoding_time": 0.19382691383361816}