{"MSE": 13.558979034423828, "PSNR": 36.808533716620204, "encoding_time": 0.28333187103271484, "decoding_time": 0.17888593673706055}