{"MSE": 11.18539810180664, "PSNR": 37.64428915095871, "encoding_time": 0.278486967086792, "decoding_time": 0.16231298446655273}