{"MSE": 17.99250030517578, "PSNR": 35.579888421421906, "encoding_time": 0.3012669086456299, "decoding_time": 0.20531129837036133}