{"MSE": 13.796039581298828, "PSNR": 36.7332592916538, "encoding_time": 0.2839789390563965, "decoding_time": 0.1802961826324463}