{"MSE": 13.880470275878906, "PSNR": 36.70676180429239, "encoding_time": 0.2847778797149658, "decoding_time": 0.181610107421875}