{"MSE": 13.452857971191406, "PSNR": 36.842658037216005, "encoding_time": 0.2822399139404297, "decoding_time": 0.17861199378967285}