{"MSE": 11.717777252197266, "PSNR": 37.44235122791313, "encoding_time": 0.2781698703765869, "decoding_time": 0.16675186157226562}