{"MSE": 13.955360412597656, "PSNR": 36.68339303763709, "encoding_time": 0.2881968021392822, "decoding_time": 0.1865708827972412}