{"MSE": 14.437992095947266, "PSNR": 36.53573561144254, "encoding_time": 0.2871260643005371, "decoding_time": 0.1849658489227295}