{"MSE": 14.414928436279297, "PSNR": 36.54267870217645, "encoding_time": 0.2886950969696045, "decoding_time": 0.1839768886566162}