{"MSE": 14.262653350830078, "PSNR": 36.588800339193774, "encoding_time": 0.2860872745513916, "decoding_time": 0.18005585670471191}