{"MSE": 13.23855209350586, "PSNR": 36.91239872152938, "encoding_time": 0.2857332229614258, "decoding_time": 0.17366981506347656}