{"MSE": 20.78542709350586, "PSNR": 34.95321408164854, "encoding_time": 0.3161191940307617, "decoding_time": 0.2206730842590332}