{"MSE": 11.048660278320312, "PSNR": 37.6977074067546, "encoding_time": 0.28565192222595215, "decoding_time": 0.1707620620727539}