{"MSE": 14.023872375488281, "PSNR": 36.662124100692076, "encoding_time": 0.2885158061981201, "decoding_time": 0.18616223335266113}