{"MSE": 12.74270248413086, "PSNR": 37.078188175248, "encoding_time": 0.28161096572875977, "decoding_time": 0.17552804946899414}