{"MSE": 19.501670837402344, "PSNR": 35.23008539024464, "encoding_time": 0.3073441982269287, "decoding_time": 0.2226250171661377}