{"MSE": 19.873233795166016, "PSNR": 35.14811819116643, "encoding_time": 0.30959010124206543, "decoding_time": 0.24686789512634277}