{"MSE": 18.971847534179688, "PSNR": 35.349707350488664, "encoding_time": 0.3090999126434326, "decoding_time": 0.2191011905670166}