{"MSE": 15.84027099609375, "PSNR": 36.13317753620661, "encoding_time": 0.29314494132995605, "decoding_time": 0.19547414779663086}