{"MSE": 13.467845916748047, "PSNR": 36.83782221810076, "encoding_time": 0.28429722785949707, "decoding_time": 0.17842483520507812}