{"MSE": 11.289634704589844, "PSNR": 37.60400471055209, "encoding_time": 0.28134918212890625, "decoding_time": 0.16909074783325195}