{"MSE": 15.673599243164062, "PSNR": 36.1791162273022, "encoding_time": 0.2927389144897461, "decoding_time": 0.19317007064819336}