{"MSE": 13.683799743652344, "PSNR": 36.768736510157396, "encoding_time": 0.28478384017944336, "decoding_time": 0.17653608322143555}