{"MSE": 12.941753387451172, "PSNR": 37.01087241033829, "encoding_time": 0.281278133392334, "decoding_time": 0.1719667911529541}