{"MSE": 14.863887786865234, "PSNR": 36.40947942859973, "encoding_time": 0.2929680347442627, "decoding_time": 0.19198083877563477}