{"MSE": 14.47011947631836, "PSNR": 36.52608243868322, "encoding_time": 0.28435707092285156, "decoding_time": 0.18263888359069824}