{"MSE": 19.111648559570312, "PSNR": 35.31782210210363, "encoding_time": 0.3041861057281494, "decoding_time": 0.21397995948791504}