{"MSE": 14.275550842285156, "PSNR": 36.5848748576093, "encoding_time": 0.28980207443237305, "decoding_time": 0.18687200546264648}