{"MSE": 13.312259674072266, "PSNR": 36.88828580322947, "encoding_time": 0.28401899337768555, "decoding_time": 0.17134380340576172}