{"MSE": 19.711875915527344, "PSNR": 35.183524042193824, "encoding_time": 0.3081190586090088, "decoding_time": 0.2228679656982422}