{"MSE": 14.598289489746094, "PSNR": 36.487783892399314, "encoding_time": 0.2902712821960449, "decoding_time": 0.1890850067138672}