{"MSE": 13.417213439941406, "PSNR": 36.854180323164144, "encoding_time": 0.28441309928894043, "decoding_time": 0.1771090030670166}