{"MSE": 13.93288803100586, "PSNR": 36.69039213867611, "encoding_time": 0.282473087310791, "decoding_time": 0.17787909507751465}