{"MSE": 13.269535064697266, "PSNR": 36.90224654459675, "encoding_time": 0.2832338809967041, "decoding_time": 0.17873382568359375}