{"MSE": 13.374031066894531, "PSNR": 36.86818033168587, "encoding_time": 0.2820611000061035, "decoding_time": 0.17563486099243164}