{"MSE": 12.671760559082031, "PSNR": 37.10243402813454, "encoding_time": 0.27967000007629395, "decoding_time": 0.17335820198059082}