{"MSE": 18.204654693603516, "PSNR": 35.528979152296316, "encoding_time": 0.30243372917175293, "decoding_time": 0.20848727226257324}