{"MSE": 12.858112335205078, "PSNR": 37.039031452017646, "encoding_time": 0.28137779235839844, "decoding_time": 0.17330193519592285}