{"MSE": 13.041091918945312, "PSNR": 36.977664048616326, "encoding_time": 0.28307199478149414, "decoding_time": 0.1761946678161621}