{"MSE": 15.309394836425781, "PSNR": 36.28122337014544, "encoding_time": 0.2911081314086914, "decoding_time": 0.18773198127746582}