{"MSE": 13.591865539550781, "PSNR": 36.79801291337113, "encoding_time": 0.2822589874267578, "decoding_time": 0.17241787910461426}