{"MSE": 15.114856719970703, "PSNR": 36.33676326193043, "encoding_time": 0.29099392890930176, "decoding_time": 0.18944621086120605}