{"MSE": 17.425498962402344, "PSNR": 35.71895138315049, "encoding_time": 0.3004138469696045, "decoding_time": 0.21018004417419434}