{"MSE": 14.67678451538086, "PSNR": 36.46449442902919, "encoding_time": 0.28769421577453613, "decoding_time": 0.1875598430633545}