{"MSE": 14.297557830810547, "PSNR": 36.5781849900985, "encoding_time": 0.28231215476989746, "decoding_time": 0.1782381534576416}