{"MSE": 15.966835021972656, "PSNR": 36.09861522920718, "encoding_time": 0.2933957576751709, "decoding_time": 0.19580507278442383}