{"MSE": 13.142940521240234, "PSNR": 36.9438781837794, "encoding_time": 0.28328609466552734, "decoding_time": 0.1805119514465332}