{"MSE": 12.837371826171875, "PSNR": 37.046042404233674, "encoding_time": 0.28551602363586426, "decoding_time": 0.17611289024353027}