{"MSE": 17.551876068115234, "PSNR": 35.68756817132471, "encoding_time": 0.30667710304260254, "decoding_time": 0.22780609130859375}