{"MSE": 11.171489715576172, "PSNR": 37.649692708216456, "encoding_time": 0.2779707908630371, "decoding_time": 0.1835489273071289}