{"MSE": 13.501251220703125, "PSNR": 36.827063425161136, "encoding_time": 0.2866170406341553, "decoding_time": 0.18065476417541504}