{"MSE": 11.8983154296875, "PSNR": 37.37594882784522, "encoding_time": 0.28142380714416504, "decoding_time": 0.16928529739379883}