{"MSE": 11.524070739746094, "PSNR": 37.51474445363397, "encoding_time": 0.28102707862854004, "decoding_time": 0.17064785957336426}