{"MSE": 13.805957794189453, "PSNR": 36.73013819483205, "encoding_time": 0.28725481033325195, "decoding_time": 0.18137812614440918}