{"MSE": 11.90389633178711, "PSNR": 37.37391224817387, "encoding_time": 0.27856898307800293, "decoding_time": 0.16997694969177246}