{"MSE": 14.264335632324219, "PSNR": 36.5882881185937, "encoding_time": 0.28684210777282715, "decoding_time": 0.17849397659301758}