{"MSE": 15.35116958618164, "PSNR": 36.26938891447247, "encoding_time": 0.29111504554748535, "decoding_time": 0.19010591506958008}