{"MSE": 11.435935974121094, "PSNR": 37.548086456408384, "encoding_time": 0.2770068645477295, "decoding_time": 0.16641521453857422}