{"MSE": 13.89065933227539, "PSNR": 36.70357500474208, "encoding_time": 0.288038969039917, "decoding_time": 0.18419313430786133}