{"MSE": 11.283294677734375, "PSNR": 37.60644430419474, "encoding_time": 0.28078198432922363, "decoding_time": 0.169691801071167}