{"MSE": 15.3909912109375, "PSNR": 36.25813770693452, "encoding_time": 0.29336118698120117, "decoding_time": 0.19751310348510742}