{"MSE": 17.50464630126953, "PSNR": 35.69927021028715, "encoding_time": 0.29636406898498535, "decoding_time": 0.20161104202270508}