{"MSE": 13.940093994140625, "PSNR": 36.688146587702676, "encoding_time": 0.28197407722473145, "decoding_time": 0.17607688903808594}