{"MSE": 13.704345703125, "PSNR": 36.76222055345227, "encoding_time": 0.30201292037963867, "decoding_time": 0.18335580825805664}