{"MSE": 15.341629028320312, "PSNR": 36.27208883885471, "encoding_time": 0.29175877571105957, "decoding_time": 0.1909482479095459}