{"MSE": 19.077762603759766, "PSNR": 35.32552920574123, "encoding_time": 0.3099021911621094, "decoding_time": 0.22029805183410645}