{"MSE": 16.147335052490234, "PSNR": 36.04979504014957, "encoding_time": 0.3001437187194824, "decoding_time": 0.2010962963104248}