{"MSE": 17.80176544189453, "PSNR": 35.62617286443685, "encoding_time": 0.2973461151123047, "decoding_time": 0.20554494857788086}