{"MSE": 14.048030853271484, "PSNR": 36.65464908476808, "encoding_time": 0.29101014137268066, "decoding_time": 0.18558001518249512}