{"MSE": 13.348339080810547, "PSNR": 36.87653130591588, "encoding_time": 0.28580713272094727, "decoding_time": 0.18048667907714844}