{"MSE": 16.335792541503906, "PSNR": 35.99940151468622, "encoding_time": 0.2925598621368408, "decoding_time": 0.19639110565185547}