{"MSE": 13.800445556640625, "PSNR": 36.73187252751696, "encoding_time": 0.28787970542907715, "decoding_time": 0.180556058883667}