{"MSE": 13.267906188964844, "PSNR": 36.902779686987095, "encoding_time": 0.28500914573669434, "decoding_time": 0.17847275733947754}