{"MSE": 13.785778045654297, "PSNR": 36.73649078899177, "encoding_time": 0.28939008712768555, "decoding_time": 0.18364310264587402}