{"MSE": 13.832599639892578, "PSNR": 36.721765536318436, "encoding_time": 0.2873852252960205, "decoding_time": 0.18368792533874512}