{"MSE": 17.739734649658203, "PSNR": 35.64133241485567, "encoding_time": 0.3011131286621094, "decoding_time": 0.20514297485351562}