{"MSE": 19.105735778808594, "PSNR": 35.31916593456232, "encoding_time": 0.3032660484313965, "decoding_time": 0.21476483345031738}