{"MSE": 12.442913055419922, "PSNR": 37.181582943562425, "encoding_time": 0.28124022483825684, "decoding_time": 0.17200469970703125}