{"MSE": 13.247081756591797, "PSNR": 36.90960144224979, "encoding_time": 0.28261876106262207, "decoding_time": 0.17540621757507324}