{"MSE": 10.627971649169922, "PSNR": 37.86629973637902, "encoding_time": 0.28119492530822754, "decoding_time": 0.16480803489685059}