{"MSE": 15.028572082519531, "PSNR": 36.36162642166706, "encoding_time": 0.29879283905029297, "decoding_time": 0.19740605354309082}