{"MSE": 13.315921783447266, "PSNR": 36.88709125383356, "encoding_time": 0.2831258773803711, "decoding_time": 0.1770780086517334}