{"MSE": 12.731815338134766, "PSNR": 37.08190029867317, "encoding_time": 0.279102087020874, "decoding_time": 0.17141389846801758}