{"MSE": 14.666767120361328, "PSNR": 36.46745964578484, "encoding_time": 0.28599977493286133, "decoding_time": 0.18145513534545898}