{"MSE": 14.795116424560547, "PSNR": 36.42961973842007, "encoding_time": 0.28574585914611816, "decoding_time": 0.18405723571777344}