{"MSE": 19.10367202758789, "PSNR": 35.319635073352735, "encoding_time": 0.3058900833129883, "decoding_time": 0.22081899642944336}