{"MSE": 11.11993408203125, "PSNR": 37.669781480728545, "encoding_time": 0.281008243560791, "decoding_time": 0.16488075256347656}