{"MSE": 14.435657501220703, "PSNR": 36.53643791380028, "encoding_time": 0.28685688972473145, "decoding_time": 0.1818859577178955}