{"MSE": 14.029693603515625, "PSNR": 36.66032174355263, "encoding_time": 0.2836790084838867, "decoding_time": 0.17768478393554688}