{"MSE": 13.210758209228516, "PSNR": 36.921526169373735, "encoding_time": 0.28423190116882324, "decoding_time": 0.1770617961883545}