{"MSE": 11.609588623046875, "PSNR": 37.48263529751731, "encoding_time": 0.27947998046875, "decoding_time": 0.16639494895935059}