{"MSE": 13.791316986083984, "PSNR": 36.734746202555975, "encoding_time": 0.28308606147766113, "decoding_time": 0.17937803268432617}