{"MSE": 13.535316467285156, "PSNR": 36.81611946465936, "encoding_time": 0.28497910499572754, "decoding_time": 0.18015003204345703}