{"MSE": 19.539417266845703, "PSNR": 35.22168753458908, "encoding_time": 0.3066542148590088, "decoding_time": 0.216156005859375}