{"MSE": 15.283382415771484, "PSNR": 36.2886088084667, "encoding_time": 0.28992581367492676, "decoding_time": 0.19210410118103027}