{"MSE": 12.37472152709961, "PSNR": 37.20544926240466, "encoding_time": 0.27948904037475586, "decoding_time": 0.1698448657989502}