{"MSE": 18.98440933227539, "PSNR": 35.346832715187226, "encoding_time": 0.3114781379699707, "decoding_time": 0.21930694580078125}