{"MSE": 14.259590148925781, "PSNR": 36.58973317723585, "encoding_time": 0.2894127368927002, "decoding_time": 0.18474221229553223}