{"MSE": 14.04931640625, "PSNR": 36.654251674606904, "encoding_time": 0.2876317501068115, "decoding_time": 0.18140816688537598}