{"MSE": 13.966312408447266, "PSNR": 36.67998608445221, "encoding_time": 0.28559374809265137, "decoding_time": 0.17644715309143066}