{"MSE": 13.929004669189453, "PSNR": 36.691602769007055, "encoding_time": 0.28573107719421387, "decoding_time": 0.18064403533935547}