{"MSE": 15.138687133789062, "PSNR": 36.329921472146566, "encoding_time": 0.2906382083892822, "decoding_time": 0.19416379928588867}