{"MSE": 14.279747009277344, "PSNR": 36.5835984764681, "encoding_time": 0.2859609127044678, "decoding_time": 0.18652105331420898}