{"MSE": 12.093399047851562, "PSNR": 37.30531977273238, "encoding_time": 0.27963685989379883, "decoding_time": 0.1683979034423828}