{"MSE": 13.786033630371094, "PSNR": 36.73641027267788, "encoding_time": 0.28774285316467285, "decoding_time": 0.18332123756408691}