{"MSE": 10.45267105102539, "PSNR": 37.93853077646307, "encoding_time": 0.2778658866882324, "decoding_time": 0.1648561954498291}