{"MSE": 13.635948181152344, "PSNR": 36.78395018698439, "encoding_time": 0.2868199348449707, "decoding_time": 0.18129587173461914}