{"MSE": 11.884017944335938, "PSNR": 37.381170619705316, "encoding_time": 0.27756690979003906, "decoding_time": 0.16782426834106445}