{"MSE": 9.951004028320312, "PSNR": 38.15213458819607, "encoding_time": 0.27380919456481934, "decoding_time": 0.15541982650756836}