{"MSE": 10.691696166992188, "PSNR": 37.84033752241846, "encoding_time": 0.2739241123199463, "decoding_time": 0.16163873672485352}