{"MSE": 13.064552307128906, "PSNR": 36.96985828846266, "encoding_time": 0.2909388542175293, "decoding_time": 0.17676520347595215}