{"MSE": 15.524856567382812, "PSNR": 36.22052764404601, "encoding_time": 0.29307007789611816, "decoding_time": 0.1938629150390625}