{"MSE": 14.878288269042969, "PSNR": 36.40527391893999, "encoding_time": 0.2893178462982178, "decoding_time": 0.1938800811767578}