{"MSE": 13.389453887939453, "PSNR": 36.863174969470954, "encoding_time": 0.282573938369751, "decoding_time": 0.17724895477294922}