{"MSE": 19.133007049560547, "PSNR": 35.312971293455384, "encoding_time": 0.3060481548309326, "decoding_time": 0.21962904930114746}