{"MSE": 13.199752807617188, "PSNR": 36.92514562638805, "encoding_time": 0.28391289710998535, "decoding_time": 0.17714929580688477}