{"MSE": 13.43792724609375, "PSNR": 36.84748075409443, "encoding_time": 0.2851908206939697, "decoding_time": 0.17864203453063965}