{"MSE": 11.719318389892578, "PSNR": 37.44178007557572, "encoding_time": 0.27943992614746094, "decoding_time": 0.16572189331054688}