{"MSE": 14.405555725097656, "PSNR": 36.54550344090559, "encoding_time": 0.2840259075164795, "decoding_time": 0.18084931373596191}