{"MSE": 11.880672454833984, "PSNR": 37.38239338138675, "encoding_time": 0.27875304222106934, "decoding_time": 0.1670210361480713}