{"MSE": 13.639060974121094, "PSNR": 36.78295889945976, "encoding_time": 0.2836611270904541, "decoding_time": 0.1785268783569336}