{"MSE": 15.36965560913086, "PSNR": 36.26416224580251, "encoding_time": 0.29561281204223633, "decoding_time": 0.1950540542602539}