{"MSE": 13.842395782470703, "PSNR": 36.718690984161604, "encoding_time": 0.2831239700317383, "decoding_time": 0.17967987060546875}