{"MSE": 13.884101867675781, "PSNR": 36.70562569437595, "encoding_time": 0.2839350700378418, "decoding_time": 0.17908501625061035}