{"MSE": 14.246139526367188, "PSNR": 36.59383167368232, "encoding_time": 0.2883269786834717, "decoding_time": 0.18337297439575195}