{"MSE": 13.77907943725586, "PSNR": 36.73860156988222, "encoding_time": 0.2879800796508789, "decoding_time": 0.18389296531677246}