{"MSE": 15.736080169677734, "PSNR": 36.1618380137656, "encoding_time": 0.29335498809814453, "decoding_time": 0.19434499740600586}