{"MSE": 14.462089538574219, "PSNR": 36.52849314831141, "encoding_time": 0.29434704780578613, "decoding_time": 0.1921389102935791}