{"MSE": 16.259464263916016, "PSNR": 36.01974129023028, "encoding_time": 0.29587507247924805, "decoding_time": 0.1976168155670166}