{"MSE": 11.563606262207031, "PSNR": 37.499870652319665, "encoding_time": 0.27856898307800293, "decoding_time": 0.16335320472717285}