{"MSE": 15.319561004638672, "PSNR": 36.27834040479592, "encoding_time": 0.2903869152069092, "decoding_time": 0.19030213356018066}