{"MSE": 19.789222717285156, "PSNR": 35.16651624580837, "encoding_time": 0.31578898429870605, "decoding_time": 0.22304415702819824}