{"MSE": 13.326961517333984, "PSNR": 36.883492172060805, "encoding_time": 0.2844579219818115, "decoding_time": 0.17562007904052734}