{"MSE": 14.902030944824219, "PSNR": 36.39834899970855, "encoding_time": 0.29085683822631836, "decoding_time": 0.1898491382598877}