{"MSE": 14.772079467773438, "PSNR": 36.43638725555184, "encoding_time": 0.28714895248413086, "decoding_time": 0.18319106101989746}