{"MSE": 16.989154815673828, "PSNR": 35.829085869440796, "encoding_time": 0.2952902317047119, "decoding_time": 0.2005918025970459}