{"MSE": 12.980270385742188, "PSNR": 36.99796621730773, "encoding_time": 0.2847909927368164, "decoding_time": 0.1792130470275879}