{"MSE": 19.0263671875, "PSNR": 35.33724486980972, "encoding_time": 0.3079040050506592, "decoding_time": 0.22336673736572266}