{"MSE": 10.89053726196289, "PSNR": 37.760310555703256, "encoding_time": 0.30394911766052246, "decoding_time": 0.17147207260131836}