{"MSE": 14.00112533569336, "PSNR": 36.66917417515333, "encoding_time": 0.28967761993408203, "decoding_time": 0.18491697311401367}