{"MSE": 13.502342224121094, "PSNR": 36.82671249648537, "encoding_time": 0.28418588638305664, "decoding_time": 0.17959022521972656}