{"MSE": 12.204608917236328, "PSNR": 37.26556493362752, "encoding_time": 0.27794718742370605, "decoding_time": 0.1681070327758789}