{"MSE": 11.957408905029297, "PSNR": 37.35443279891234, "encoding_time": 0.28130006790161133, "decoding_time": 0.16950488090515137}