{"MSE": 14.391162872314453, "PSNR": 36.5498447251682, "encoding_time": 0.2879922389984131, "decoding_time": 0.1839139461517334}