{"MSE": 13.266124725341797, "PSNR": 36.90336284740087, "encoding_time": 0.28586792945861816, "decoding_time": 0.1783900260925293}