{"MSE": 19.63454818725586, "PSNR": 35.200594487445, "encoding_time": 0.3033180236816406, "decoding_time": 0.2140347957611084}