{"MSE": 19.81960678100586, "PSNR": 35.15985326991781, "encoding_time": 0.3110330104827881, "decoding_time": 0.22427988052368164}