{"MSE": 14.659088134765625, "PSNR": 36.46973404911804, "encoding_time": 0.288067102432251, "decoding_time": 0.18385100364685059}