{"MSE": 11.421875, "PSNR": 37.553429578939365, "encoding_time": 0.2813270092010498, "decoding_time": 0.1708052158355713}