{"MSE": 11.404449462890625, "PSNR": 37.56006035832149, "encoding_time": 0.2778596878051758, "decoding_time": 0.16414308547973633}