{"MSE": 13.393802642822266, "PSNR": 36.86176465533444, "encoding_time": 0.2831270694732666, "decoding_time": 0.17720890045166016}