{"MSE": 17.732192993164062, "PSNR": 35.643179114523164, "encoding_time": 0.30480003356933594, "decoding_time": 0.21242523193359375}