{"MSE": 11.793277740478516, "PSNR": 37.41445834249057, "encoding_time": 0.27927494049072266, "decoding_time": 0.16638994216918945}