{"MSE": 14.48269271850586, "PSNR": 36.52231044582244, "encoding_time": 0.28766536712646484, "decoding_time": 0.1911308765411377}