{"MSE": 14.939590454101562, "PSNR": 36.387416687407175, "encoding_time": 0.28884196281433105, "decoding_time": 0.18521690368652344}