{"MSE": 14.699760437011719, "PSNR": 36.45770103788554, "encoding_time": 0.28438401222229004, "decoding_time": 0.18116402626037598}