{"MSE": 14.703872680664062, "PSNR": 36.45648627321278, "encoding_time": 0.2916867733001709, "decoding_time": 0.19451022148132324}