{"MSE": 12.645301818847656, "PSNR": 37.11151161296164, "encoding_time": 0.279177188873291, "decoding_time": 0.17150378227233887}