{"MSE": 11.41702651977539, "PSNR": 37.55527351021336, "encoding_time": 0.2756979465484619, "decoding_time": 0.16437101364135742}