{"MSE": 14.117549896240234, "PSNR": 36.633210295113386, "encoding_time": 0.2855370044708252, "decoding_time": 0.17701292037963867}