{"MSE": 15.31991195678711, "PSNR": 36.27824091445437, "encoding_time": 0.28963589668273926, "decoding_time": 0.1900770664215088}