{"MSE": 14.586299896240234, "PSNR": 36.49135222397591, "encoding_time": 0.28820085525512695, "decoding_time": 0.18083405494689941}