{"MSE": 14.795875549316406, "PSNR": 36.42939691135641, "encoding_time": 0.28647804260253906, "decoding_time": 0.18387818336486816}