{"MSE": 13.999031066894531, "PSNR": 36.66982383537063, "encoding_time": 0.2843320369720459, "decoding_time": 0.17979192733764648}