{"MSE": 13.361656188964844, "PSNR": 36.872200682112215, "encoding_time": 0.2817990779876709, "decoding_time": 0.17574691772460938}