{"MSE": 13.143386840820312, "PSNR": 36.943730704728296, "encoding_time": 0.2846846580505371, "decoding_time": 0.17785429954528809}