{"MSE": 13.140430450439453, "PSNR": 36.944707689174614, "encoding_time": 0.286884069442749, "decoding_time": 0.17686080932617188}