{"MSE": 14.381767272949219, "PSNR": 36.55268104186095, "encoding_time": 0.28409790992736816, "decoding_time": 0.18162798881530762}