{"MSE": 17.628494262695312, "PSNR": 35.6686514223448, "encoding_time": 0.2993428707122803, "decoding_time": 0.20473885536193848}