{"MSE": 11.482421875, "PSNR": 37.53046861654659, "encoding_time": 0.2782480716705322, "decoding_time": 0.16896820068359375}