{"MSE": 19.65902328491211, "PSNR": 35.19518423796521, "encoding_time": 0.30355310440063477, "decoding_time": 0.2513110637664795}