{"MSE": 14.174766540527344, "PSNR": 36.61564446106893, "encoding_time": 0.2829749584197998, "decoding_time": 0.17957210540771484}