{"MSE": 13.171550750732422, "PSNR": 36.934434512942694, "encoding_time": 0.28181910514831543, "decoding_time": 0.1749858856201172}