{"MSE": 15.402523040771484, "PSNR": 36.25488493736991, "encoding_time": 0.2972981929779053, "decoding_time": 0.1965487003326416}