{"MSE": 13.46844482421875, "PSNR": 36.837629094101445, "encoding_time": 0.2835519313812256, "decoding_time": 0.17389798164367676}