{"MSE": 13.22256851196289, "PSNR": 36.91764534899683, "encoding_time": 0.28238677978515625, "decoding_time": 0.17231512069702148}