{"MSE": 13.39864730834961, "PSNR": 36.86019405501088, "encoding_time": 0.28455281257629395, "decoding_time": 0.17914080619812012}