{"MSE": 13.227291107177734, "PSNR": 36.91609449232432, "encoding_time": 0.28279709815979004, "decoding_time": 0.17819595336914062}