{"MSE": 12.420166015625, "PSNR": 37.189529599397495, "encoding_time": 0.2813088893890381, "decoding_time": 0.16973280906677246}