{"MSE": 14.03884506225586, "PSNR": 36.6574897983485, "encoding_time": 0.28436875343322754, "decoding_time": 0.1804790496826172}