{"MSE": 14.916767120361328, "PSNR": 36.39405651264913, "encoding_time": 0.292604923248291, "decoding_time": 0.19260406494140625}