{"MSE": 20.11589813232422, "PSNR": 35.09540933197282, "encoding_time": 0.3052642345428467, "decoding_time": 0.21871280670166016}