{"MSE": 13.760246276855469, "PSNR": 36.7445415402349, "encoding_time": 0.28183484077453613, "decoding_time": 0.17418122291564941}