{"MSE": 13.756919860839844, "PSNR": 36.74559153507805, "encoding_time": 0.28736186027526855, "decoding_time": 0.18446826934814453}