{"MSE": 13.692207336425781, "PSNR": 36.76606893979061, "encoding_time": 0.28719186782836914, "decoding_time": 0.18390130996704102}