{"MSE": 12.9110107421875, "PSNR": 37.021201184022516, "encoding_time": 0.27713513374328613, "decoding_time": 0.16704797744750977}