{"MSE": 11.372100830078125, "PSNR": 37.572396591853824, "encoding_time": 0.28463268280029297, "decoding_time": 0.18411803245544434}