{"MSE": 11.129867553710938, "PSNR": 37.665903646405454, "encoding_time": 0.281329870223999, "decoding_time": 0.1739788055419922}