{"MSE": 12.573043823242188, "PSNR": 37.136399315818736, "encoding_time": 0.2805321216583252, "decoding_time": 0.16999077796936035}