{"MSE": 11.229167938232422, "PSNR": 37.62732783878224, "encoding_time": 0.2825636863708496, "decoding_time": 0.17230701446533203}