{"MSE": 12.188346862792969, "PSNR": 37.27135555746102, "encoding_time": 0.2818288803100586, "decoding_time": 0.1724991798400879}