{"MSE": 12.364494323730469, "PSNR": 37.209040013436, "encoding_time": 0.2810790538787842, "decoding_time": 0.17435503005981445}