{"MSE": 11.406440734863281, "PSNR": 37.55930212536838, "encoding_time": 0.2819509506225586, "decoding_time": 0.17374110221862793}