{"MSE": 13.110923767089844, "PSNR": 36.95447068657919, "encoding_time": 0.28010988235473633, "decoding_time": 0.16787409782409668}