{"MSE": 7.601772308349609, "PSNR": 39.32165503586651, "encoding_time": 0.2728850841522217, "decoding_time": 0.15726685523986816}