{"MSE": 7.876091003417969, "PSNR": 39.16769635365525, "encoding_time": 0.2805209159851074, "decoding_time": 0.16980504989624023}