{"MSE": 7.917003631591797, "PSNR": 39.14519516713859, "encoding_time": 0.2811911106109619, "decoding_time": 0.16901278495788574}