{"MSE": 7.766166687011719, "PSNR": 39.228736531960585, "encoding_time": 0.27869200706481934, "decoding_time": 0.165877103805542}