{"MSE": 7.139980316162109, "PSNR": 39.59383346373803, "encoding_time": 0.2730541229248047, "decoding_time": 0.16036081314086914}