{"MSE": 7.556663513183594, "PSNR": 39.34750276697127, "encoding_time": 0.27662086486816406, "decoding_time": 0.16358208656311035}