{"MSE": 7.306003570556641, "PSNR": 39.494004807455475, "encoding_time": 0.27008509635925293, "decoding_time": 0.1515510082244873}