{"MSE": 7.799041748046875, "PSNR": 39.21039115754486, "encoding_time": 0.27722716331481934, "decoding_time": 0.1658799648284912}