{"MSE": 7.751651763916016, "PSNR": 39.23686106681589, "encoding_time": 0.28147125244140625, "decoding_time": 0.1704409122467041}