{"MSE": 7.761302947998047, "PSNR": 39.23145725225022, "encoding_time": 0.2773911952972412, "decoding_time": 0.16695666313171387}