{"MSE": 7.719791412353516, "PSNR": 39.25474794947678, "encoding_time": 0.27521300315856934, "decoding_time": 0.16574311256408691}