{"MSE": 7.414318084716797, "PSNR": 39.43009146928076, "encoding_time": 0.2721707820892334, "decoding_time": 0.15753817558288574}