{"MSE": 7.609455108642578, "PSNR": 39.317268015720074, "encoding_time": 0.27489209175109863, "decoding_time": 0.1592717170715332}