{"MSE": 7.668693542480469, "PSNR": 39.28358978094884, "encoding_time": 0.2786881923675537, "decoding_time": 0.16793489456176758}