{"MSE": 9.203819274902344, "PSNR": 38.49112278542234, "encoding_time": 0.2944190502166748, "decoding_time": 0.19574594497680664}