{"MSE": 9.078910827636719, "PSNR": 38.550466103555955, "encoding_time": 0.2942497730255127, "decoding_time": 0.19184112548828125}