{"MSE": 8.747825622558594, "PSNR": 38.71180243557109, "encoding_time": 0.28796911239624023, "decoding_time": 0.1880168914794922}