{"MSE": 8.004478454589844, "PSNR": 39.09747320886504, "encoding_time": 0.28262925148010254, "decoding_time": 0.1700737476348877}