{"MSE": 8.079017639160156, "PSNR": 39.05721804527607, "encoding_time": 0.2911641597747803, "decoding_time": 0.18837785720825195}