{"MSE": 8.654609680175781, "PSNR": 38.75832874741799, "encoding_time": 0.28740930557250977, "decoding_time": 0.1812746524810791}