{"MSE": 9.636016845703125, "PSNR": 38.291828103064944, "encoding_time": 0.28937220573425293, "decoding_time": 0.18663787841796875}