{"MSE": 7.92218017578125, "PSNR": 39.142356454381435, "encoding_time": 0.2814791202545166, "decoding_time": 0.17075204849243164}