{"MSE": 9.00741195678711, "PSNR": 38.58480335076734, "encoding_time": 0.2838263511657715, "decoding_time": 0.18099379539489746}