{"MSE": 9.218452453613281, "PSNR": 38.484223408193415, "encoding_time": 0.28691792488098145, "decoding_time": 0.18294000625610352}