{"MSE": 9.016181945800781, "PSNR": 38.58057693714954, "encoding_time": 0.28674888610839844, "decoding_time": 0.18154406547546387}