{"MSE": 12.273815155029297, "PSNR": 37.24100782392156, "encoding_time": 0.2721400260925293, "decoding_time": 0.1566908359527588}