{"MSE": 11.623825073242188, "PSNR": 37.47731295219487, "encoding_time": 0.26686620712280273, "decoding_time": 0.15007495880126953}