{"MSE": 9.706214904785156, "PSNR": 38.26030458091292, "encoding_time": 0.2614591121673584, "decoding_time": 0.14100384712219238}