{"MSE": 14.967170715332031, "PSNR": 36.37940648624256, "encoding_time": 0.2854158878326416, "decoding_time": 0.17995429039001465}