{"MSE": 12.612995147705078, "PSNR": 37.12262132212035, "encoding_time": 0.27100205421447754, "decoding_time": 0.15871381759643555}