{"MSE": 13.465442657470703, "PSNR": 36.83859726066018, "encoding_time": 0.28137803077697754, "decoding_time": 0.1725609302520752}