{"MSE": 12.33172607421875, "PSNR": 37.22056491730121, "encoding_time": 0.28263020515441895, "decoding_time": 0.1721808910369873}