{"MSE": 11.558734893798828, "PSNR": 37.50170057813558, "encoding_time": 0.26951026916503906, "decoding_time": 0.15362977981567383}