{"MSE": 13.956291198730469, "PSNR": 36.68310338420698, "encoding_time": 0.27704596519470215, "decoding_time": 0.16825604438781738}