{"MSE": 10.132766723632812, "PSNR": 38.07352316420887, "encoding_time": 0.266071081161499, "decoding_time": 0.14638996124267578}