{"MSE": 8.823383331298828, "PSNR": 38.67445213336583, "encoding_time": 0.2592449188232422, "decoding_time": 0.13555002212524414}