{"MSE": 13.025714874267578, "PSNR": 36.982787933930815, "encoding_time": 0.2814619541168213, "decoding_time": 0.17421293258666992}