{"MSE": 13.320846557617188, "PSNR": 36.88548535161329, "encoding_time": 0.28116679191589355, "decoding_time": 0.16875410079956055}