{"MSE": 10.726768493652344, "PSNR": 37.826114531376675, "encoding_time": 0.26490283012390137, "decoding_time": 0.1481161117553711}