{"MSE": 11.95108413696289, "PSNR": 37.35673056977545, "encoding_time": 0.2708759307861328, "decoding_time": 0.15152502059936523}