{"MSE": 11.400970458984375, "PSNR": 37.56138540492524, "encoding_time": 0.2675819396972656, "decoding_time": 0.15044593811035156}