{"MSE": 14.801361083984375, "PSNR": 36.42778707359123, "encoding_time": 0.281768798828125, "decoding_time": 0.17675423622131348}