{"MSE": 13.3807373046875, "PSNR": 36.866003163049335, "encoding_time": 0.2787361145019531, "decoding_time": 0.1664440631866455}