{"MSE": 10.10886001586914, "PSNR": 38.083781782474546, "encoding_time": 0.30616021156311035, "decoding_time": 0.20000481605529785}