{"MSE": 7.850795745849609, "PSNR": 39.18166682400781, "encoding_time": 0.28298306465148926, "decoding_time": 0.15921282768249512}