{"MSE": 9.940521240234375, "PSNR": 38.15671203249024, "encoding_time": 0.31000280380249023, "decoding_time": 0.20688104629516602}