{"MSE": 9.726081848144531, "PSNR": 38.251424408909486, "encoding_time": 0.31276917457580566, "decoding_time": 0.19243693351745605}