{"MSE": 7.786224365234375, "PSNR": 39.21753446821074, "encoding_time": 0.28675293922424316, "decoding_time": 0.1631031036376953}