{"MSE": 7.102912902832031, "PSNR": 39.61643871558568, "encoding_time": 0.28275299072265625, "decoding_time": 0.16085004806518555}