{"MSE": 10.221965789794922, "PSNR": 38.03545937714564, "encoding_time": 0.3034780025482178, "decoding_time": 0.2000279426574707}