{"MSE": 7.478458404541016, "PSNR": 39.392682784315, "encoding_time": 0.2918369770050049, "decoding_time": 0.18454194068908691}