{"MSE": 7.894233703613281, "PSNR": 39.15770381614688, "encoding_time": 0.28030991554260254, "decoding_time": 0.1634843349456787}