{"MSE": 7.498569488525391, "PSNR": 39.381019404756145, "encoding_time": 0.2796821594238281, "decoding_time": 0.1648099422454834}