{"MSE": 7.934833526611328, "PSNR": 39.13542541211509, "encoding_time": 0.2872457504272461, "decoding_time": 0.16651415824890137}