{"MSE": 8.824222564697266, "PSNR": 38.67403907514547, "encoding_time": 0.302020788192749, "decoding_time": 0.19507718086242676}