{"MSE": 8.026493072509766, "PSNR": 39.08554525667861, "encoding_time": 0.29267406463623047, "decoding_time": 0.19819211959838867}