{"MSE": 8.156867980957031, "PSNR": 39.01556927567227, "encoding_time": 0.28932714462280273, "decoding_time": 0.17760276794433594}