{"MSE": 7.2272796630859375, "PSNR": 39.54105500589495, "encoding_time": 0.2836489677429199, "decoding_time": 0.18681693077087402}