{"MSE": 8.440826416015625, "PSNR": 38.86695391689533, "encoding_time": 0.2960519790649414, "decoding_time": 0.18971991539001465}