{"MSE": 7.137676239013672, "PSNR": 39.59523516155345, "encoding_time": 0.28306031227111816, "decoding_time": 0.16057777404785156}