{"MSE": 7.047966003417969, "PSNR": 39.65016560322543, "encoding_time": 0.27403926849365234, "decoding_time": 0.1562507152557373}