{"MSE": 7.177471160888672, "PSNR": 39.571089046930375, "encoding_time": 0.28122878074645996, "decoding_time": 0.16200494766235352}