{"MSE": 7.768241882324219, "PSNR": 39.22757620986087, "encoding_time": 0.29202914237976074, "decoding_time": 0.17290592193603516}