{"MSE": 7.517017364501953, "PSNR": 39.3703480738932, "encoding_time": 0.2850930690765381, "decoding_time": 0.15800881385803223}