{"MSE": 9.928199768066406, "PSNR": 38.162098537293666, "encoding_time": 0.29933691024780273, "decoding_time": 0.20852017402648926}