{"MSE": 9.708118438720703, "PSNR": 38.25945294797519, "encoding_time": 0.3018810749053955, "decoding_time": 0.1950690746307373}