{"MSE": 7.713722229003906, "PSNR": 39.25816364992649, "encoding_time": 0.29053401947021484, "decoding_time": 0.18382000923156738}