{"MSE": 7.250598907470703, "PSNR": 39.527064796118076, "encoding_time": 0.2926218509674072, "decoding_time": 0.1638500690460205}