{"MSE": 6.789543151855469, "PSNR": 39.812398079869936, "encoding_time": 0.29314517974853516, "decoding_time": 0.15335583686828613}