{"MSE": 7.9718017578125, "PSNR": 39.115238707088295, "encoding_time": 0.2781519889831543, "decoding_time": 0.1910262107849121}