{"MSE": 7.264625549316406, "PSNR": 39.51867127100584, "encoding_time": 0.27793407440185547, "decoding_time": 0.15550708770751953}