{"MSE": 10.112579345703125, "PSNR": 38.08218418656398, "encoding_time": 0.31067681312561035, "decoding_time": 0.20162010192871094}