{"MSE": 8.839412689208984, "PSNR": 38.66656950414689, "encoding_time": 0.3077890872955322, "decoding_time": 0.21611690521240234}