{"MSE": 7.191402435302734, "PSNR": 39.56266768048269, "encoding_time": 0.2903599739074707, "decoding_time": 0.15975713729858398}