{"MSE": 8.558555603027344, "PSNR": 38.80679884340872, "encoding_time": 0.30239272117614746, "decoding_time": 0.18623900413513184}