{"MSE": 8.708721160888672, "PSNR": 38.73125975498116, "encoding_time": 0.3028600215911865, "decoding_time": 0.1867208480834961}