{"MSE": 8.506698608398438, "PSNR": 38.83319314806653, "encoding_time": 0.2932779788970947, "decoding_time": 0.18454599380493164}