{"MSE": 9.953880310058594, "PSNR": 38.15087946581024, "encoding_time": 0.2995259761810303, "decoding_time": 0.19135808944702148}