{"MSE": 7.9607086181640625, "PSNR": 39.12128632921576, "encoding_time": 0.2945377826690674, "decoding_time": 0.16487908363342285}