{"MSE": 7.422069549560547, "PSNR": 39.42555341217738, "encoding_time": 0.27620410919189453, "decoding_time": 0.15873169898986816}