{"MSE": 10.896217346191406, "PSNR": 37.75804603366916, "encoding_time": 0.3067810535430908, "decoding_time": 0.21522903442382812}