{"MSE": 7.786964416503906, "PSNR": 39.21712170729526, "encoding_time": 0.2861909866333008, "decoding_time": 0.17807793617248535}