{"MSE": 7.794765472412109, "PSNR": 39.212773081255435, "encoding_time": 0.28340601921081543, "decoding_time": 0.1877729892730713}