{"MSE": 7.8387298583984375, "PSNR": 39.18834663001921, "encoding_time": 0.28713297843933105, "decoding_time": 0.18535590171813965}