{"MSE": 10.529132843017578, "PSNR": 37.906877557792924, "encoding_time": 0.3041231632232666, "decoding_time": 0.19412517547607422}