{"MSE": 9.659221649169922, "PSNR": 38.281382289751576, "encoding_time": 0.2908499240875244, "decoding_time": 0.1875460147857666}