{"MSE": 10.603065490722656, "PSNR": 37.87648916996118, "encoding_time": 0.30197572708129883, "decoding_time": 0.20308613777160645}