{"MSE": 9.826698303222656, "PSNR": 38.20672738209285, "encoding_time": 0.3032081127166748, "decoding_time": 0.1918959617614746}