{"MSE": 9.54146957397461, "PSNR": 38.33465091120254, "encoding_time": 0.3136758804321289, "decoding_time": 0.1952810287475586}