{"MSE": 10.762786865234375, "PSNR": 37.81155620812421, "encoding_time": 0.307373046875, "decoding_time": 0.18617510795593262}