{"MSE": 10.034576416015625, "PSNR": 38.115813162885196, "encoding_time": 0.3116741180419922, "decoding_time": 0.19544696807861328}