{"MSE": 9.77756118774414, "PSNR": 38.22849818430753, "encoding_time": 0.29869604110717773, "decoding_time": 0.21767091751098633}