{"MSE": 9.732616424560547, "PSNR": 38.24850753282049, "encoding_time": 0.30040693283081055, "decoding_time": 0.1803572177886963}