{"MSE": 10.160758972167969, "PSNR": 38.061542114718264, "encoding_time": 0.2934689521789551, "decoding_time": 0.19434070587158203}