{"MSE": 9.98727798461914, "PSNR": 38.13633222726238, "encoding_time": 0.30166101455688477, "decoding_time": 0.18416714668273926}