{"MSE": 9.527782440185547, "PSNR": 38.34088529070943, "encoding_time": 0.3052940368652344, "decoding_time": 0.18538498878479004}