{"MSE": 10.632083892822266, "PSNR": 37.86461966104224, "encoding_time": 0.2995729446411133, "decoding_time": 0.18805217742919922}