{"MSE": 9.836437225341797, "PSNR": 38.202425361720024, "encoding_time": 0.29849791526794434, "decoding_time": 0.18309593200683594}