{"MSE": 9.963249206542969, "PSNR": 38.146793675896184, "encoding_time": 0.3000369071960449, "decoding_time": 0.19773507118225098}