{"MSE": 10.124252319335938, "PSNR": 38.077174006430766, "encoding_time": 0.2988579273223877, "decoding_time": 0.1912858486175537}