{"MSE": 10.97021484375, "PSNR": 37.72865227865539, "encoding_time": 0.2974538803100586, "decoding_time": 0.18747401237487793}