{"MSE": 10.982784271240234, "PSNR": 37.72367907789351, "encoding_time": 0.30220794677734375, "decoding_time": 0.18147897720336914}