{"MSE": 9.985771179199219, "PSNR": 38.13698750756039, "encoding_time": 0.29405999183654785, "decoding_time": 0.18721914291381836}