{"MSE": 9.77170181274414, "PSNR": 38.231101550282034, "encoding_time": 0.30008912086486816, "decoding_time": 0.1999809741973877}