{"MSE": 10.094795227050781, "PSNR": 38.08982847163673, "encoding_time": 0.3006319999694824, "decoding_time": 0.19066882133483887}