{"MSE": 9.960350036621094, "PSNR": 38.148057597633105, "encoding_time": 0.3171999454498291, "decoding_time": 0.20287680625915527}