{"MSE": 9.444950103759766, "PSNR": 38.37880692915938, "encoding_time": 0.29694414138793945, "decoding_time": 0.1865367889404297}