{"MSE": 10.354839324951172, "PSNR": 37.97936996491985, "encoding_time": 0.29569411277770996, "decoding_time": 0.193681001663208}