{"MSE": 9.79229736328125, "PSNR": 38.221957676196006, "encoding_time": 0.29996180534362793, "decoding_time": 0.18221116065979004}