{"MSE": 10.505931854248047, "PSNR": 37.91645781402536, "encoding_time": 0.3360168933868408, "decoding_time": 0.22331905364990234}