{"MSE": 11.528236389160156, "PSNR": 37.51317487661624, "encoding_time": 0.31522083282470703, "decoding_time": 0.18950581550598145}