{"MSE": 10.430011749267578, "PSNR": 37.94795563214227, "encoding_time": 0.3014090061187744, "decoding_time": 0.19873785972595215}