{"MSE": 9.94549560546875, "PSNR": 38.15453931038699, "encoding_time": 0.30251121520996094, "decoding_time": 0.19516277313232422}