{"MSE": 10.552967071533203, "PSNR": 37.89705777857101, "encoding_time": 0.2974879741668701, "decoding_time": 0.19430804252624512}