{"MSE": 9.482173919677734, "PSNR": 38.361724440904524, "encoding_time": 0.2931990623474121, "decoding_time": 0.18543219566345215}