{"MSE": 9.701210021972656, "PSNR": 38.26254454118011, "encoding_time": 0.313525915145874, "decoding_time": 0.18277621269226074}