{"MSE": 9.911334991455078, "PSNR": 38.1694820584032, "encoding_time": 0.30052781105041504, "decoding_time": 0.18856501579284668}