{"MSE": 10.351585388183594, "PSNR": 37.98073491982039, "encoding_time": 0.30749011039733887, "decoding_time": 0.19445490837097168}