{"MSE": 9.923240661621094, "PSNR": 38.164268367353905, "encoding_time": 0.29990386962890625, "decoding_time": 0.1929001808166504}