{"MSE": 9.569778442382812, "PSNR": 38.321784776745986, "encoding_time": 0.30439209938049316, "decoding_time": 0.18308711051940918}