{"MSE": 11.899681091308594, "PSNR": 37.375450383107385, "encoding_time": 0.30131006240844727, "decoding_time": 0.1931309700012207}