{"MSE": 10.094490051269531, "PSNR": 38.089959765197634, "encoding_time": 0.2927381992340088, "decoding_time": 0.18197989463806152}