{"MSE": 10.87261962890625, "PSNR": 37.76746166063023, "encoding_time": 0.33147525787353516, "decoding_time": 0.1844649314880371}