{"MSE": 10.25259017944336, "PSNR": 38.02246762936441, "encoding_time": 0.3027939796447754, "decoding_time": 0.18532609939575195}