{"MSE": 9.943382263183594, "PSNR": 38.155462251241005, "encoding_time": 0.3084750175476074, "decoding_time": 0.1894519329071045}