{"MSE": 10.171829223632812, "PSNR": 38.05681300738256, "encoding_time": 0.310222864151001, "decoding_time": 0.2241201400756836}