{"MSE": 9.461555480957031, "PSNR": 38.37117820526991, "encoding_time": 0.28930091857910156, "decoding_time": 0.19745612144470215}