{"MSE": 9.799942016601562, "PSNR": 38.21856854761587, "encoding_time": 0.2980821132659912, "decoding_time": 0.1882319450378418}