{"MSE": 9.491321563720703, "PSNR": 38.35753673427812, "encoding_time": 0.31385207176208496, "decoding_time": 0.20417284965515137}