{"MSE": 9.566093444824219, "PSNR": 38.323457419764026, "encoding_time": 0.29709815979003906, "decoding_time": 0.19385480880737305}