{"MSE": 9.282283782958984, "PSNR": 38.45425519098068, "encoding_time": 0.30447888374328613, "decoding_time": 0.17650914192199707}