{"MSE": 11.706733703613281, "PSNR": 37.446446214207654, "encoding_time": 0.310636043548584, "decoding_time": 0.19999909400939941}