{"MSE": 9.802421569824219, "PSNR": 38.21746984716255, "encoding_time": 0.306412935256958, "decoding_time": 0.18975424766540527}