{"MSE": 10.112213134765625, "PSNR": 38.08234146223397, "encoding_time": 0.2927539348602295, "decoding_time": 0.1881699562072754}