{"MSE": 9.313644409179688, "PSNR": 38.43960708125728, "encoding_time": 0.301624059677124, "decoding_time": 0.19426417350769043}