{"MSE": 9.997844696044922, "PSNR": 38.13173974618028, "encoding_time": 0.303447961807251, "decoding_time": 0.19021391868591309}