{"MSE": 10.394554138183594, "PSNR": 37.96274495336966, "encoding_time": 0.3089480400085449, "decoding_time": 0.19686293601989746}