{"MSE": 7.735584259033203, "PSNR": 39.2458723987305, "encoding_time": 0.27455687522888184, "decoding_time": 0.15762090682983398}