{"MSE": 9.1431884765625, "PSNR": 38.519826885147154, "encoding_time": 0.2823796272277832, "decoding_time": 0.16863727569580078}