{"MSE": 9.022502899169922, "PSNR": 38.57753330585986, "encoding_time": 0.28369569778442383, "decoding_time": 0.18131709098815918}