{"MSE": 7.8535003662109375, "PSNR": 39.18017092543102, "encoding_time": 0.27233004570007324, "decoding_time": 0.15811514854431152}