{"MSE": 8.083488464355469, "PSNR": 39.054815379811984, "encoding_time": 0.2770099639892578, "decoding_time": 0.16580605506896973}