{"MSE": 10.821216583251953, "PSNR": 37.78804271475214, "encoding_time": 0.30547094345092773, "decoding_time": 0.19609522819519043}