{"MSE": 7.436767578125, "PSNR": 39.41696152207521, "encoding_time": 0.26921701431274414, "decoding_time": 0.14957308769226074}