{"MSE": 7.194614410400391, "PSNR": 39.56072837636667, "encoding_time": 0.2756519317626953, "decoding_time": 0.15826201438903809}