{"MSE": 8.47165298461914, "PSNR": 38.85112202950684, "encoding_time": 0.2767629623413086, "decoding_time": 0.17543792724609375}