{"MSE": 8.256828308105469, "PSNR": 38.96267106866357, "encoding_time": 0.2808718681335449, "decoding_time": 0.17659211158752441}