{"MSE": 10.098396301269531, "PSNR": 38.08827950729742, "encoding_time": 0.287952184677124, "decoding_time": 0.1894538402557373}