{"MSE": 10.587852478027344, "PSNR": 37.88272479279875, "encoding_time": 0.29480695724487305, "decoding_time": 0.19427895545959473}