{"MSE": 8.731689453125, "PSNR": 38.719820794552355, "encoding_time": 0.28301119804382324, "decoding_time": 0.17699289321899414}