{"MSE": 10.334819793701172, "PSNR": 37.98777452549354, "encoding_time": 0.29151487350463867, "decoding_time": 0.19326400756835938}