{"MSE": 9.212749481201172, "PSNR": 38.48691099149572, "encoding_time": 0.28545093536376953, "decoding_time": 0.1788501739501953}