{"MSE": 10.495113372802734, "PSNR": 37.920932264853, "encoding_time": 0.2904188632965088, "decoding_time": 0.1873791217803955}