{"MSE": 7.3201904296875, "PSNR": 39.485579817922044, "encoding_time": 0.26981091499328613, "decoding_time": 0.15040993690490723}