{"MSE": 9.102313995361328, "PSNR": 38.539285479242245, "encoding_time": 0.28167200088500977, "decoding_time": 0.1743769645690918}