{"MSE": 8.233905792236328, "PSNR": 38.974744671335706, "encoding_time": 0.28443098068237305, "decoding_time": 0.17242884635925293}