{"MSE": 9.334938049316406, "PSNR": 38.42968920739139, "encoding_time": 0.28648805618286133, "decoding_time": 0.17517805099487305}