{"MSE": 10.395915985107422, "PSNR": 37.96217599788038, "encoding_time": 0.28429388999938965, "decoding_time": 0.18964505195617676}