{"MSE": 8.99139404296875, "PSNR": 38.59253330065349, "encoding_time": 0.27858996391296387, "decoding_time": 0.23160123825073242}