{"MSE": 7.944282531738281, "PSNR": 39.13025679787311, "encoding_time": 0.27788710594177246, "decoding_time": 0.16507482528686523}