{"MSE": 7.616779327392578, "PSNR": 39.31308987430753, "encoding_time": 0.27303600311279297, "decoding_time": 0.15442395210266113}