{"MSE": 7.866981506347656, "PSNR": 39.17272231634409, "encoding_time": 0.270967960357666, "decoding_time": 0.15696120262145996}