{"MSE": 8.526809692382812, "PSNR": 38.822937906804725, "encoding_time": 0.28385305404663086, "decoding_time": 0.19797992706298828}