{"MSE": 7.977333068847656, "PSNR": 39.11222635816444, "encoding_time": 0.27097082138061523, "decoding_time": 0.15735507011413574}