{"MSE": 8.181648254394531, "PSNR": 39.00239556502328, "encoding_time": 0.27470993995666504, "decoding_time": 0.16189098358154297}