{"MSE": 10.520439147949219, "PSNR": 37.91046492195581, "encoding_time": 0.2901771068572998, "decoding_time": 0.1904759407043457}