{"MSE": 8.839778900146484, "PSNR": 38.66638958258364, "encoding_time": 0.2813889980316162, "decoding_time": 0.17283201217651367}