{"MSE": 10.497440338134766, "PSNR": 37.919969458496674, "encoding_time": 0.2875478267669678, "decoding_time": 0.2198951244354248}