{"MSE": 10.569496154785156, "PSNR": 37.890260757754255, "encoding_time": 0.28949403762817383, "decoding_time": 0.18583917617797852}