{"MSE": 8.020362854003906, "PSNR": 39.088863439644356, "encoding_time": 0.2842559814453125, "decoding_time": 0.178056001663208}