{"MSE": 8.18728256225586, "PSNR": 38.999405817021334, "encoding_time": 0.27312779426574707, "decoding_time": 0.16373825073242188}