{"MSE": 8.606975555419922, "PSNR": 38.782297913356544, "encoding_time": 0.2791409492492676, "decoding_time": 0.1624438762664795}