{"MSE": 6.530651092529297, "PSNR": 39.98123879164562, "encoding_time": 0.26427602767944336, "decoding_time": 0.1492290496826172}