{"MSE": 10.462287902832031, "PSNR": 37.934536940303545, "encoding_time": 0.2851741313934326, "decoding_time": 0.18140602111816406}