{"MSE": 8.963504791259766, "PSNR": 38.60602505905832, "encoding_time": 0.2808949947357178, "decoding_time": 0.1711437702178955}