{"MSE": 9.884136199951172, "PSNR": 38.181416396700726, "encoding_time": 0.296144962310791, "decoding_time": 0.18448185920715332}