{"MSE": 10.689350128173828, "PSNR": 37.8412905830902, "encoding_time": 0.2970309257507324, "decoding_time": 0.2057640552520752}