{"MSE": 10.559288024902344, "PSNR": 37.89445724609537, "encoding_time": 0.29497408866882324, "decoding_time": 0.20337796211242676}