{"MSE": 8.339988708496094, "PSNR": 38.919148982207176, "encoding_time": 0.27849388122558594, "decoding_time": 0.16250324249267578}