{"MSE": 10.382522583007812, "PSNR": 37.96777476451753, "encoding_time": 0.2871589660644531, "decoding_time": 0.18577075004577637}