{"MSE": 7.8013916015625, "PSNR": 39.20908282411596, "encoding_time": 0.2716400623321533, "decoding_time": 0.15474796295166016}