{"MSE": 9.994735717773438, "PSNR": 38.133090459385485, "encoding_time": 0.2855560779571533, "decoding_time": 0.17572569847106934}