{"MSE": 9.177215576171875, "PSNR": 38.50369427306509, "encoding_time": 0.2862827777862549, "decoding_time": 0.1775503158569336}