{"MSE": 10.32229232788086, "PSNR": 37.993042067164374, "encoding_time": 0.4480428695678711, "decoding_time": 0.19996404647827148}