{"MSE": 7.316642761230469, "PSNR": 39.487685099637815, "encoding_time": 0.2726747989654541, "decoding_time": 0.14994502067565918}