{"MSE": 9.296211242675781, "PSNR": 38.44774377008608, "encoding_time": 0.28138113021850586, "decoding_time": 0.1698009967803955}