{"MSE": 10.597972869873047, "PSNR": 37.87857557454037, "encoding_time": 0.29139184951782227, "decoding_time": 0.17966008186340332}