{"MSE": 8.596637725830078, "PSNR": 38.787517355124635, "encoding_time": 0.2753589153289795, "decoding_time": 0.16711711883544922}