{"MSE": 10.873092651367188, "PSNR": 37.76727272127337, "encoding_time": 0.2903141975402832, "decoding_time": 0.1897437572479248}