{"MSE": 10.370365142822266, "PSNR": 37.97286312606066, "encoding_time": 0.30130910873413086, "decoding_time": 0.19832777976989746}