{"MSE": 10.643630981445312, "PSNR": 37.859905518750836, "encoding_time": 0.2842528820037842, "decoding_time": 0.18045401573181152}