{"MSE": 8.109966278076172, "PSNR": 39.04061312486087, "encoding_time": 0.2726609706878662, "decoding_time": 0.1578381061553955}