{"MSE": 9.440757751464844, "PSNR": 38.38073507028255, "encoding_time": 0.28192996978759766, "decoding_time": 0.17784404754638672}