{"MSE": 7.541290283203125, "PSNR": 39.35634702672591, "encoding_time": 0.2732200622558594, "decoding_time": 0.15352392196655273}