{"MSE": 8.465808868408203, "PSNR": 38.85411901635736, "encoding_time": 0.28702425956726074, "decoding_time": 0.19235897064208984}