{"MSE": 8.467220306396484, "PSNR": 38.85339501154411, "encoding_time": 0.2745840549468994, "decoding_time": 0.16184592247009277}