{"MSE": 9.069324493408203, "PSNR": 38.55505419972144, "encoding_time": 0.2811729907989502, "decoding_time": 0.16867876052856445}