{"MSE": 9.862045288085938, "PSNR": 38.191133683186386, "encoding_time": 0.2831859588623047, "decoding_time": 0.1745610237121582}