{"MSE": 7.673301696777344, "PSNR": 39.28098086859831, "encoding_time": 0.2746622562408447, "decoding_time": 0.15790176391601562}