{"MSE": 7.212581634521484, "PSNR": 39.549896191794666, "encoding_time": 0.26995015144348145, "decoding_time": 0.14958596229553223}