{"MSE": 8.573944091796875, "PSNR": 38.79899713592442, "encoding_time": 0.29137206077575684, "decoding_time": 0.17924213409423828}