{"MSE": 9.652191162109375, "PSNR": 38.28454446322922, "encoding_time": 0.28590989112854004, "decoding_time": 0.17507386207580566}