{"MSE": 7.82366943359375, "PSNR": 39.1966986855143, "encoding_time": 0.27510786056518555, "decoding_time": 0.15697908401489258}