{"MSE": 8.153919219970703, "PSNR": 39.01713956240704, "encoding_time": 0.2756011486053467, "decoding_time": 0.16492080688476562}