{"MSE": 8.286674499511719, "PSNR": 38.94700080771917, "encoding_time": 0.28125810623168945, "decoding_time": 0.16762971878051758}