{"MSE": 6.470317840576172, "PSNR": 40.02154745884229, "encoding_time": 0.2689509391784668, "decoding_time": 0.1523430347442627}