{"MSE": 9.256553649902344, "PSNR": 38.466310382705245, "encoding_time": 0.283937931060791, "decoding_time": 0.17731380462646484}