{"MSE": 4.958187103271484, "PSNR": 41.17757449491947, "encoding_time": 0.29526400566101074, "decoding_time": 0.16726088523864746}