{"MSE": 5.049938201904297, "PSNR": 41.097942973504715, "encoding_time": 0.2938120365142822, "decoding_time": 0.16849684715270996}