{"MSE": 5.055416107177734, "PSNR": 41.09323453044986, "encoding_time": 0.2904996871948242, "decoding_time": 0.16536617279052734}