{"MSE": 5.684261322021484, "PSNR": 40.58406325373361, "encoding_time": 0.2973639965057373, "decoding_time": 0.1780250072479248}