{"MSE": 5.077842712402344, "PSNR": 41.074011165148605, "encoding_time": 0.28542184829711914, "decoding_time": 0.1660001277923584}