{"MSE": 5.807033538818359, "PSNR": 40.49126026537414, "encoding_time": 0.293809175491333, "decoding_time": 0.19087815284729004}