{"MSE": 5.473182678222656, "PSNR": 40.74840417052091, "encoding_time": 0.3069949150085449, "decoding_time": 0.19775819778442383}