{"MSE": 5.651679992675781, "PSNR": 40.60902797455998, "encoding_time": 0.2947728633880615, "decoding_time": 0.17978310585021973}