{"MSE": 5.017101287841797, "PSNR": 41.12627491989503, "encoding_time": 0.2902212142944336, "decoding_time": 0.16925907135009766}