{"MSE": 5.751056671142578, "PSNR": 40.53332713693895, "encoding_time": 0.29851794242858887, "decoding_time": 0.20746111869812012}