{"MSE": 5.494544982910156, "PSNR": 40.73148627637684, "encoding_time": 0.29225969314575195, "decoding_time": 0.17602109909057617}