{"MSE": 5.2968597412109375, "PSNR": 40.89061887729293, "encoding_time": 0.29029035568237305, "decoding_time": 0.1769428253173828}