{"MSE": 5.365642547607422, "PSNR": 40.834586237232784, "encoding_time": 0.2967212200164795, "decoding_time": 0.18261075019836426}