{"MSE": 12.86184310913086, "PSNR": 37.03777153184083, "encoding_time": 0.33049988746643066, "decoding_time": 0.2508223056793213}