{"MSE": 11.690711975097656, "PSNR": 37.45239399967791, "encoding_time": 0.33469128608703613, "decoding_time": 0.2692759037017822}