{"MSE": 13.110576629638672, "PSNR": 36.954585676093316, "encoding_time": 0.32823705673217773, "decoding_time": 0.24010801315307617}