{"MSE": 12.65194320678711, "PSNR": 37.109231271210895, "encoding_time": 0.332456111907959, "decoding_time": 0.24323225021362305}