{"MSE": 12.392383575439453, "PSNR": 37.199255134022174, "encoding_time": 0.3635540008544922, "decoding_time": 0.2433481216430664}