{"MSE": 7.8699951171875, "PSNR": 39.17105897959822, "encoding_time": 0.30235981941223145, "decoding_time": 0.21424007415771484}