{"MSE": 13.309444427490234, "PSNR": 36.88920433651019, "encoding_time": 0.33930110931396484, "decoding_time": 0.2481091022491455}