{"MSE": 13.440357208251953, "PSNR": 36.846695496269504, "encoding_time": 0.3386080265045166, "decoding_time": 0.2893350124359131}