{"MSE": 10.12020492553711, "PSNR": 38.07891054181433, "encoding_time": 0.31152892112731934, "decoding_time": 0.2180171012878418}