{"MSE": 12.116687774658203, "PSNR": 37.296964438250114, "encoding_time": 0.33530688285827637, "decoding_time": 0.25359320640563965}