{"MSE": 11.662551879882812, "PSNR": 37.46286772186519, "encoding_time": 0.32782506942749023, "decoding_time": 0.22775888442993164}