{"MSE": 13.655689239501953, "PSNR": 36.77766735823999, "encoding_time": 0.33713793754577637, "decoding_time": 0.2622852325439453}