{"MSE": 10.538997650146484, "PSNR": 37.90281053189747, "encoding_time": 0.31523990631103516, "decoding_time": 0.21666693687438965}