{"MSE": 9.075454711914062, "PSNR": 38.552119669473235, "encoding_time": 0.2879469394683838, "decoding_time": 0.1845381259918213}