{"MSE": 9.931564331054688, "PSNR": 38.160627008078606, "encoding_time": 0.2921321392059326, "decoding_time": 0.19755792617797852}