{"MSE": 9.877971649169922, "PSNR": 38.184125855119824, "encoding_time": 0.2856638431549072, "decoding_time": 0.19008421897888184}