{"MSE": 9.219730377197266, "PSNR": 38.48362140183867, "encoding_time": 0.2865910530090332, "decoding_time": 0.18658828735351562}