{"MSE": 9.275459289550781, "PSNR": 38.45744937246168, "encoding_time": 0.2738807201385498, "decoding_time": 0.17842626571655273}