{"MSE": 8.250591278076172, "PSNR": 38.96595287517481, "encoding_time": 0.26942920684814453, "decoding_time": 0.16947007179260254}