{"MSE": 11.813941955566406, "PSNR": 37.406855281229504, "encoding_time": 0.306657075881958, "decoding_time": 0.21727275848388672}