{"MSE": 10.607093811035156, "PSNR": 37.87483951021163, "encoding_time": 0.31401872634887695, "decoding_time": 0.21847128868103027}