{"MSE": 8.678169250488281, "PSNR": 38.74652244939163, "encoding_time": 0.28324079513549805, "decoding_time": 0.18030428886413574}