{"MSE": 9.126937866210938, "PSNR": 38.52755266890148, "encoding_time": 0.2864809036254883, "decoding_time": 0.1888270378112793}