{"MSE": 9.802040100097656, "PSNR": 38.217638859910835, "encoding_time": 0.2951209545135498, "decoding_time": 0.19532012939453125}