{"MSE": 8.5972900390625, "PSNR": 38.78718782479123, "encoding_time": 0.28371310234069824, "decoding_time": 0.17998576164245605}