{"MSE": 9.481620788574219, "PSNR": 38.361977788707314, "encoding_time": 0.29273104667663574, "decoding_time": 0.19408893585205078}