{"MSE": 12.386215209960938, "PSNR": 37.201417392807045, "encoding_time": 0.30552196502685547, "decoding_time": 0.21592926979064941}