{"MSE": 10.342838287353516, "PSNR": 37.9844062642453, "encoding_time": 0.28650808334350586, "decoding_time": 0.18975496292114258}