{"MSE": 10.60867691040039, "PSNR": 37.87419137790578, "encoding_time": 0.30980610847473145, "decoding_time": 0.22667288780212402}