{"MSE": 12.006828308105469, "PSNR": 37.33652060392865, "encoding_time": 0.3028600215911865, "decoding_time": 0.21395397186279297}