{"MSE": 10.972156524658203, "PSNR": 37.72788366409492, "encoding_time": 0.30385684967041016, "decoding_time": 0.21150684356689453}