{"MSE": 11.48287582397461, "PSNR": 37.53029692485998, "encoding_time": 0.30498385429382324, "decoding_time": 0.21523189544677734}