{"MSE": 9.359695434570312, "PSNR": 38.4181864388595, "encoding_time": 0.28151988983154297, "decoding_time": 0.18203210830688477}