{"MSE": 8.591178894042969, "PSNR": 38.790275984280306, "encoding_time": 0.29048585891723633, "decoding_time": 0.20301127433776855}