{"MSE": 11.943347930908203, "PSNR": 37.3595427661133, "encoding_time": 0.30636024475097656, "decoding_time": 0.21644902229309082}