{"MSE": 8.945877075195312, "PSNR": 38.61457434606852, "encoding_time": 0.2784860134124756, "decoding_time": 0.17787528038024902}