{"MSE": 8.888839721679688, "PSNR": 38.64235285539795, "encoding_time": 0.2874760627746582, "decoding_time": 0.18345904350280762}