{"MSE": 10.141372680664062, "PSNR": 38.069836181693745, "encoding_time": 0.29914307594299316, "decoding_time": 0.20548009872436523}