{"MSE": 12.117652893066406, "PSNR": 37.29661852778774, "encoding_time": 0.3126039505004883, "decoding_time": 0.21731090545654297}