{"MSE": 9.352691650390625, "PSNR": 38.42143744574591, "encoding_time": 0.28072309494018555, "decoding_time": 0.20463895797729492}