{"MSE": 9.76931381225586, "PSNR": 38.232163005285095, "encoding_time": 0.3053150177001953, "decoding_time": 0.20586895942687988}