{"MSE": 13.326370239257812, "PSNR": 36.88368486002052, "encoding_time": 0.30712890625, "decoding_time": 0.21268486976623535}