{"MSE": 10.8453369140625, "PSNR": 37.77837312803041, "encoding_time": 0.30124330520629883, "decoding_time": 0.20302581787109375}