{"MSE": 11.274425506591797, "PSNR": 37.60985939424222, "encoding_time": 0.2967548370361328, "decoding_time": 0.19692611694335938}