{"MSE": 10.649978637695312, "PSNR": 37.857316242237026, "encoding_time": 0.29822778701782227, "decoding_time": 0.20191001892089844}