{"MSE": 10.177074432373047, "PSNR": 38.054574100263764, "encoding_time": 0.28780388832092285, "decoding_time": 0.1866130828857422}