{"MSE": 10.346183776855469, "PSNR": 37.98300172454485, "encoding_time": 0.2919139862060547, "decoding_time": 0.1951141357421875}