{"MSE": 10.472511291503906, "PSNR": 37.93029523576338, "encoding_time": 0.2934079170227051, "decoding_time": 0.19417691230773926}