{"MSE": 10.5887451171875, "PSNR": 37.882358663858454, "encoding_time": 0.2944951057434082, "decoding_time": 0.19814610481262207}