{"MSE": 11.73974609375, "PSNR": 37.43421656739598, "encoding_time": 0.29732680320739746, "decoding_time": 0.2008969783782959}