{"MSE": 9.960895538330078, "PSNR": 38.14781975268385, "encoding_time": 0.2928950786590576, "decoding_time": 0.19519305229187012}