{"MSE": 12.83651351928711, "PSNR": 37.04633278330093, "encoding_time": 0.299030065536499, "decoding_time": 0.2086467742919922}