{"MSE": 12.33658218383789, "PSNR": 37.218855045982686, "encoding_time": 0.30202603340148926, "decoding_time": 0.20970582962036133}