{"MSE": 10.043991088867188, "PSNR": 38.111740421374115, "encoding_time": 0.28751206398010254, "decoding_time": 0.18507814407348633}