{"MSE": 10.986095428466797, "PSNR": 37.72236993756159, "encoding_time": 0.29819178581237793, "decoding_time": 0.1990511417388916}