{"MSE": 10.253936767578125, "PSNR": 38.021897258966064, "encoding_time": 0.291348934173584, "decoding_time": 0.19370627403259277}