{"MSE": 13.209842681884766, "PSNR": 36.9218271530457, "encoding_time": 0.30440211296081543, "decoding_time": 0.21146702766418457}