{"MSE": 10.77115249633789, "PSNR": 37.80818186258746, "encoding_time": 0.29419875144958496, "decoding_time": 0.19519901275634766}