{"MSE": 10.123291015625, "PSNR": 38.07758639117345, "encoding_time": 0.2900969982147217, "decoding_time": 0.1886909008026123}