{"MSE": 10.096748352050781, "PSNR": 38.08898828682442, "encoding_time": 0.2900402545928955, "decoding_time": 0.1883089542388916}