{"MSE": 10.94924545288086, "PSNR": 37.736961692663115, "encoding_time": 0.299727201461792, "decoding_time": 0.2034769058227539}