{"MSE": 12.50149154663086, "PSNR": 37.16118529313681, "encoding_time": 0.30315494537353516, "decoding_time": 0.20713019371032715}