{"MSE": 12.444892883300781, "PSNR": 37.18089198002173, "encoding_time": 0.29888200759887695, "decoding_time": 0.2047560214996338}