{"MSE": 10.90822982788086, "PSNR": 37.75326081256463, "encoding_time": 0.2935307025909424, "decoding_time": 0.19672703742980957}