{"MSE": 12.367259979248047, "PSNR": 37.208068704308126, "encoding_time": 0.30194997787475586, "decoding_time": 0.205963134765625}