{"MSE": 10.336223602294922, "PSNR": 37.98718465074443, "encoding_time": 0.2910780906677246, "decoding_time": 0.19498085975646973}