{"MSE": 12.421154022216797, "PSNR": 37.18918413803677, "encoding_time": 0.30344200134277344, "decoding_time": 0.20947885513305664}