{"MSE": 10.828968048095703, "PSNR": 37.78493288579735, "encoding_time": 0.29388999938964844, "decoding_time": 0.1977860927581787}