{"MSE": 10.197952270507812, "PSNR": 38.04567385860851, "encoding_time": 0.2889678478240967, "decoding_time": 0.19087791442871094}