{"MSE": 10.976432800292969, "PSNR": 37.72619137954098, "encoding_time": 0.294666051864624, "decoding_time": 0.19926810264587402}