{"MSE": 10.795211791992188, "PSNR": 37.79849193661187, "encoding_time": 0.2920389175415039, "decoding_time": 0.19509410858154297}