{"MSE": 12.105728149414062, "PSNR": 37.30089443854981, "encoding_time": 0.300156831741333, "decoding_time": 0.20081710815429688}