{"MSE": 10.842594146728516, "PSNR": 37.77947159032384, "encoding_time": 0.2939929962158203, "decoding_time": 0.1970207691192627}