{"MSE": 10.74654769897461, "PSNR": 37.8181139020559, "encoding_time": 0.29819512367248535, "decoding_time": 0.20196890830993652}