{"MSE": 10.695182800292969, "PSNR": 37.83892149007575, "encoding_time": 0.29158496856689453, "decoding_time": 0.19270086288452148}