{"MSE": 10.670398712158203, "PSNR": 37.84899713209607, "encoding_time": 0.29195070266723633, "decoding_time": 0.19208025932312012}