{"MSE": 10.860431671142578, "PSNR": 37.772332733066634, "encoding_time": 0.29834604263305664, "decoding_time": 0.20106077194213867}