{"MSE": 10.803050994873047, "PSNR": 37.79533934722376, "encoding_time": 0.29729628562927246, "decoding_time": 0.1998288631439209}