{"MSE": 10.80172348022461, "PSNR": 37.79587305544445, "encoding_time": 0.29712510108947754, "decoding_time": 0.2009410858154297}