{"MSE": 11.88870620727539, "PSNR": 37.37945765930774, "encoding_time": 0.2946808338165283, "decoding_time": 0.19697022438049316}