{"MSE": 10.854015350341797, "PSNR": 37.77489929421023, "encoding_time": 0.2975900173187256, "decoding_time": 0.20171308517456055}