{"MSE": 13.105976104736328, "PSNR": 36.956109890676146, "encoding_time": 0.3054389953613281, "decoding_time": 0.2104628086090088}