{"MSE": 12.305644989013672, "PSNR": 37.22975979088463, "encoding_time": 0.29851198196411133, "decoding_time": 0.20005202293395996}