{"MSE": 10.137073516845703, "PSNR": 38.071677647388796, "encoding_time": 0.29089999198913574, "decoding_time": 0.1951150894165039}