{"MSE": 11.412124633789062, "PSNR": 37.55713854851739, "encoding_time": 0.29582786560058594, "decoding_time": 0.2014310359954834}