{"MSE": 10.155467987060547, "PSNR": 38.06380419388537, "encoding_time": 0.2923400402069092, "decoding_time": 0.19020509719848633}