{"MSE": 9.982166290283203, "PSNR": 38.13855560479978, "encoding_time": 0.2908320426940918, "decoding_time": 0.20082402229309082}