{"MSE": 13.071434020996094, "PSNR": 36.96757125755431, "encoding_time": 0.3060119152069092, "decoding_time": 0.2110457420349121}