{"MSE": 10.641929626464844, "PSNR": 37.860599781960495, "encoding_time": 0.29398584365844727, "decoding_time": 0.19582605361938477}