{"MSE": 10.123489379882812, "PSNR": 38.077501292702586, "encoding_time": 0.2916080951690674, "decoding_time": 0.19880986213684082}