{"MSE": 10.971015930175781, "PSNR": 37.7283351520384, "encoding_time": 0.29641222953796387, "decoding_time": 0.19704794883728027}