{"MSE": 10.919540405273438, "PSNR": 37.748760012220934, "encoding_time": 0.2958660125732422, "decoding_time": 0.19676899909973145}