{"MSE": 10.070354461669922, "PSNR": 38.10035603518064, "encoding_time": 0.2904078960418701, "decoding_time": 0.18564105033874512}