{"MSE": 11.764034271240234, "PSNR": 37.42524079834915, "encoding_time": 0.2986869812011719, "decoding_time": 0.20211100578308105}