{"MSE": 12.237319946289062, "PSNR": 37.253940459981564, "encoding_time": 0.2953348159790039, "decoding_time": 0.20090007781982422}