{"MSE": 10.021495819091797, "PSNR": 38.12147811243555, "encoding_time": 0.2952547073364258, "decoding_time": 0.19660615921020508}