{"MSE": 10.6441650390625, "PSNR": 37.85968761148041, "encoding_time": 0.30577588081359863, "decoding_time": 0.1940441131591797}