{"MSE": 10.109428405761719, "PSNR": 38.08353759900181, "encoding_time": 0.28852176666259766, "decoding_time": 0.18498897552490234}