{"MSE": 11.407398223876953, "PSNR": 37.55893758155257, "encoding_time": 0.2966461181640625, "decoding_time": 0.19811415672302246}