{"MSE": 12.19625473022461, "PSNR": 37.26853874432059, "encoding_time": 0.30989789962768555, "decoding_time": 0.20545101165771484}