{"MSE": 10.701286315917969, "PSNR": 37.83644376983728, "encoding_time": 0.2937450408935547, "decoding_time": 0.19337773323059082}