{"MSE": 10.280479431152344, "PSNR": 38.01066992371222, "encoding_time": 0.2876739501953125, "decoding_time": 0.1859288215637207}