{"MSE": 12.09621810913086, "PSNR": 37.30430751796593, "encoding_time": 0.29503703117370605, "decoding_time": 0.19748187065124512}