{"MSE": 13.014141082763672, "PSNR": 36.98664850376203, "encoding_time": 0.3036952018737793, "decoding_time": 0.21128177642822266}