{"MSE": 10.544452667236328, "PSNR": 37.90056319207595, "encoding_time": 0.2913689613342285, "decoding_time": 0.19194912910461426}