{"MSE": 10.895435333251953, "PSNR": 37.75835773458466, "encoding_time": 0.29041576385498047, "decoding_time": 0.18805408477783203}