{"MSE": 10.66592788696289, "PSNR": 37.85081717804566, "encoding_time": 0.293992280960083, "decoding_time": 0.19255280494689941}