{"MSE": 10.23453140258789, "PSNR": 38.03012397985572, "encoding_time": 0.2891058921813965, "decoding_time": 0.18744397163391113}