{"MSE": 12.508491516113281, "PSNR": 37.15875422535762, "encoding_time": 0.29879093170166016, "decoding_time": 0.20308613777160645}