{"MSE": 13.29764175415039, "PSNR": 36.89305732229331, "encoding_time": 0.30866312980651855, "decoding_time": 0.21171808242797852}