{"MSE": 13.19839096069336, "PSNR": 36.9255937204737, "encoding_time": 0.3062770366668701, "decoding_time": 0.21130871772766113}