{"MSE": 12.397315979003906, "PSNR": 37.197526903573774, "encoding_time": 0.2961442470550537, "decoding_time": 0.20335102081298828}