{"MSE": 12.976547241210938, "PSNR": 36.99921208739825, "encoding_time": 0.30474305152893066, "decoding_time": 0.21143102645874023}