{"MSE": 12.046863555908203, "PSNR": 37.32206369364952, "encoding_time": 0.3019721508026123, "decoding_time": 0.20255088806152344}