{"MSE": 10.736335754394531, "PSNR": 37.82224276261998, "encoding_time": 0.2932589054107666, "decoding_time": 0.19329500198364258}