{"MSE": 12.161972045898438, "PSNR": 37.280763600091504, "encoding_time": 0.30214405059814453, "decoding_time": 0.20587491989135742}