{"MSE": 10.674911499023438, "PSNR": 37.847160776996624, "encoding_time": 0.2941558361053467, "decoding_time": 0.19444704055786133}