{"MSE": 10.971500396728516, "PSNR": 37.72814337717774, "encoding_time": 0.29858994483947754, "decoding_time": 0.20166993141174316}