{"MSE": 12.400100708007812, "PSNR": 37.19655148548056, "encoding_time": 0.2976219654083252, "decoding_time": 0.20393085479736328}