{"MSE": 11.327262878417969, "PSNR": 37.58955381314192, "encoding_time": 0.29370999336242676, "decoding_time": 0.1912548542022705}