{"MSE": 10.638141632080078, "PSNR": 37.862145928170406, "encoding_time": 0.29409098625183105, "decoding_time": 0.1947922706604004}