{"MSE": 13.342048645019531, "PSNR": 36.87857841113701, "encoding_time": 0.4642641544342041, "decoding_time": 0.21261310577392578}