{"MSE": 10.856739044189453, "PSNR": 37.773809617460046, "encoding_time": 0.2983367443084717, "decoding_time": 0.20013833045959473}