{"MSE": 10.967491149902344, "PSNR": 37.72973068239993, "encoding_time": 0.2985348701477051, "decoding_time": 0.19965124130249023}