{"MSE": 11.956592559814453, "PSNR": 37.35472930656523, "encoding_time": 0.29758501052856445, "decoding_time": 0.19694304466247559}