{"MSE": 10.716907501220703, "PSNR": 37.83010878581518, "encoding_time": 0.2918968200683594, "decoding_time": 0.19422507286071777}