{"MSE": 11.044090270996094, "PSNR": 37.69950413096695, "encoding_time": 0.2962510585784912, "decoding_time": 0.2005751132965088}