{"MSE": 10.293392181396484, "PSNR": 38.00521841023999, "encoding_time": 0.29019975662231445, "decoding_time": 0.18811535835266113}