{"MSE": 10.713966369628906, "PSNR": 37.83130082048123, "encoding_time": 0.2964510917663574, "decoding_time": 0.19664382934570312}