{"MSE": 12.292381286621094, "PSNR": 37.23444338074052, "encoding_time": 0.29654598236083984, "decoding_time": 0.1995682716369629}