{"MSE": 11.389053344726562, "PSNR": 37.56592733737663, "encoding_time": 0.291964054107666, "decoding_time": 0.1919560432434082}