{"MSE": 12.222511291503906, "PSNR": 37.25919913718245, "encoding_time": 0.2947361469268799, "decoding_time": 0.19660282135009766}