{"MSE": 11.819488525390625, "PSNR": 37.40481677504284, "encoding_time": 0.29526591300964355, "decoding_time": 0.2012770175933838}