{"MSE": 10.789989471435547, "PSNR": 37.800593399569806, "encoding_time": 0.29545021057128906, "decoding_time": 0.1954197883605957}