{"MSE": 10.824840545654297, "PSNR": 37.78658853131421, "encoding_time": 0.2925598621368408, "decoding_time": 0.19496393203735352}