{"MSE": 10.0426025390625, "PSNR": 38.112340861180044, "encoding_time": 0.2907998561859131, "decoding_time": 0.190932035446167}