{"MSE": 12.44870376586914, "PSNR": 37.17956228443224, "encoding_time": 0.30445003509521484, "decoding_time": 0.21397137641906738}