{"MSE": 12.968273162841797, "PSNR": 37.001982109810754, "encoding_time": 0.30213093757629395, "decoding_time": 0.20743393898010254}