{"MSE": 12.517417907714844, "PSNR": 37.15565608996952, "encoding_time": 0.30139899253845215, "decoding_time": 0.20496296882629395}