{"MSE": 12.635116577148438, "PSNR": 37.115011076013936, "encoding_time": 0.30080199241638184, "decoding_time": 0.2081129550933838}