{"MSE": 9.953529357910156, "PSNR": 38.151032591288676, "encoding_time": 0.29212188720703125, "decoding_time": 0.19182109832763672}