{"MSE": 10.853202819824219, "PSNR": 37.77522441880018, "encoding_time": 0.2963221073150635, "decoding_time": 0.20037198066711426}