{"MSE": 11.80086898803711, "PSNR": 37.41166371967402, "encoding_time": 0.2981071472167969, "decoding_time": 0.1968247890472412}