{"MSE": 12.863567352294922, "PSNR": 37.037189360921644, "encoding_time": 0.3012881278991699, "decoding_time": 0.2083139419555664}