{"MSE": 10.427421569824219, "PSNR": 37.94903428897214, "encoding_time": 0.293903112411499, "decoding_time": 0.1949629783630371}