{"MSE": 10.936382293701172, "PSNR": 37.742066777844606, "encoding_time": 0.29850006103515625, "decoding_time": 0.2019660472869873}