{"MSE": 11.072174072265625, "PSNR": 37.68847455898459, "encoding_time": 0.29942893981933594, "decoding_time": 0.20127391815185547}