{"MSE": 10.839431762695312, "PSNR": 37.780738451594786, "encoding_time": 0.2992713451385498, "decoding_time": 0.20203590393066406}