{"MSE": 10.884746551513672, "PSNR": 37.762620398068776, "encoding_time": 0.2995131015777588, "decoding_time": 0.20096898078918457}