{"MSE": 10.779693603515625, "PSNR": 37.804739440054576, "encoding_time": 0.30005717277526855, "decoding_time": 0.2027599811553955}