{"MSE": 12.14444351196289, "PSNR": 37.28702741703776, "encoding_time": 0.30112576484680176, "decoding_time": 0.20171403884887695}