{"MSE": 10.39249038696289, "PSNR": 37.963607294111775, "encoding_time": 0.2929372787475586, "decoding_time": 0.1971738338470459}