{"MSE": 12.3072509765625, "PSNR": 37.22919303796581, "encoding_time": 0.29754185676574707, "decoding_time": 0.1985640525817871}