{"MSE": 10.75750732421875, "PSNR": 37.813687104250334, "encoding_time": 0.2932298183441162, "decoding_time": 0.19706106185913086}