{"MSE": 12.605148315429688, "PSNR": 37.12532400804375, "encoding_time": 0.30480194091796875, "decoding_time": 0.21302294731140137}