{"MSE": 13.06650161743164, "PSNR": 36.96921034313905, "encoding_time": 0.30476808547973633, "decoding_time": 0.21045780181884766}