{"MSE": 11.000064849853516, "PSNR": 37.71685115359638, "encoding_time": 0.29187607765197754, "decoding_time": 0.18757414817810059}