{"MSE": 12.660144805908203, "PSNR": 37.10641687726288, "encoding_time": 0.3017549514770508, "decoding_time": 0.2064220905303955}