{"MSE": 10.939273834228516, "PSNR": 37.740918670473384, "encoding_time": 0.29744601249694824, "decoding_time": 0.19826602935791016}