{"MSE": 10.796833038330078, "PSNR": 37.79783975350905, "encoding_time": 0.29398417472839355, "decoding_time": 0.19495797157287598}