{"MSE": 10.470085144042969, "PSNR": 37.931301474376184, "encoding_time": 0.295457124710083, "decoding_time": 0.1984548568725586}