{"MSE": 10.872379302978516, "PSNR": 37.767557657162214, "encoding_time": 0.292860746383667, "decoding_time": 0.19344210624694824}