{"MSE": 10.752941131591797, "PSNR": 37.815530926609554, "encoding_time": 0.2954370975494385, "decoding_time": 0.19644474983215332}