{"MSE": 10.809761047363281, "PSNR": 37.79264267003272, "encoding_time": 0.2932760715484619, "decoding_time": 0.18866395950317383}