{"MSE": 11.053287506103516, "PSNR": 37.69588894302306, "encoding_time": 0.29758477210998535, "decoding_time": 0.20120501518249512}