{"MSE": 10.726852416992188, "PSNR": 37.82608055348217, "encoding_time": 0.2910919189453125, "decoding_time": 0.194105863571167}