{"MSE": 12.53646469116211, "PSNR": 37.149052790452885, "encoding_time": 0.2987802028656006, "decoding_time": 0.20534491539001465}