{"MSE": 10.93349838256836, "PSNR": 37.74321215830377, "encoding_time": 0.2957289218902588, "decoding_time": 0.1989750862121582}