{"MSE": 12.884254455566406, "PSNR": 37.030210676046764, "encoding_time": 0.30348896980285645, "decoding_time": 0.20706415176391602}