{"MSE": 13.460708618164062, "PSNR": 36.840124376175595, "encoding_time": 0.30794811248779297, "decoding_time": 0.2163069248199463}