{"MSE": 10.251274108886719, "PSNR": 38.02302514591181, "encoding_time": 0.28945088386535645, "decoding_time": 0.18641114234924316}