{"MSE": 11.515472412109375, "PSNR": 37.51798601653735, "encoding_time": 0.29636597633361816, "decoding_time": 0.20061206817626953}