{"MSE": 12.122272491455078, "PSNR": 37.29496318761546, "encoding_time": 0.29526400566101074, "decoding_time": 0.19823408126831055}