{"MSE": 12.471275329589844, "PSNR": 37.17169493573583, "encoding_time": 0.30186963081359863, "decoding_time": 0.20474815368652344}