{"MSE": 11.384078979492188, "PSNR": 37.56782460770015, "encoding_time": 0.2954699993133545, "decoding_time": 0.19843196868896484}