{"MSE": 10.682437896728516, "PSNR": 37.8440998417966, "encoding_time": 0.2974998950958252, "decoding_time": 0.1991291046142578}