{"MSE": 10.644542694091797, "PSNR": 37.85953352650977, "encoding_time": 0.2971930503845215, "decoding_time": 0.1972050666809082}