{"MSE": 11.704269409179688, "PSNR": 37.44736051033848, "encoding_time": 0.294313907623291, "decoding_time": 0.20090913772583008}