{"MSE": 13.04132080078125, "PSNR": 36.97758782704938, "encoding_time": 0.3025541305541992, "decoding_time": 0.21011781692504883}