{"MSE": 10.42531967163086, "PSNR": 37.94990980244006, "encoding_time": 0.29686522483825684, "decoding_time": 0.19940400123596191}