{"MSE": 12.035465240478516, "PSNR": 37.32617477933862, "encoding_time": 0.29822301864624023, "decoding_time": 0.20224690437316895}