{"MSE": 10.67880630493164, "PSNR": 37.845576516355635, "encoding_time": 0.2956068515777588, "decoding_time": 0.1954209804534912}