{"MSE": 11.530105590820312, "PSNR": 37.51247076357198, "encoding_time": 0.29606080055236816, "decoding_time": 0.19346213340759277}