{"MSE": 11.908828735351562, "PSNR": 37.37211311290048, "encoding_time": 0.315629243850708, "decoding_time": 0.22832083702087402}