{"MSE": 12.58139419555664, "PSNR": 37.13351591150773, "encoding_time": 0.3121819496154785, "decoding_time": 0.2174842357635498}