{"MSE": 10.6956787109375, "PSNR": 37.83872012253722, "encoding_time": 0.30716800689697266, "decoding_time": 0.20435309410095215}