{"MSE": 11.431724548339844, "PSNR": 37.549686094461975, "encoding_time": 0.3121650218963623, "decoding_time": 0.21107196807861328}