{"MSE": 11.482635498046875, "PSNR": 37.53038781961327, "encoding_time": 0.334763765335083, "decoding_time": 0.2280900478363037}