{"MSE": 10.881324768066406, "PSNR": 37.76398588259728, "encoding_time": 0.3179340362548828, "decoding_time": 0.21372389793395996}