{"MSE": 11.288700103759766, "PSNR": 37.60436425166702, "encoding_time": 0.3138139247894287, "decoding_time": 0.2137742042541504}