{"MSE": 11.464309692382812, "PSNR": 37.537324514587084, "encoding_time": 0.31673216819763184, "decoding_time": 0.24746489524841309}