{"MSE": 10.819683074951172, "PSNR": 37.78865821059992, "encoding_time": 0.3183319568634033, "decoding_time": 0.2379591464996338}