{"MSE": 10.764236450195312, "PSNR": 37.81097131838696, "encoding_time": 0.3100268840789795, "decoding_time": 0.20465493202209473}