{"MSE": 8.886249542236328, "PSNR": 38.64361856003735, "encoding_time": 0.29943180084228516, "decoding_time": 0.18715405464172363}