{"MSE": 11.639877319335938, "PSNR": 37.47131957857839, "encoding_time": 0.31638121604919434, "decoding_time": 0.21936702728271484}