{"MSE": 11.360698699951172, "PSNR": 37.57675318911743, "encoding_time": 0.31667518615722656, "decoding_time": 0.21432089805603027}