{"MSE": 12.415412902832031, "PSNR": 37.19119193285051, "encoding_time": 0.3161630630493164, "decoding_time": 0.23231196403503418}