{"MSE": 11.294628143310547, "PSNR": 37.60208423793621, "encoding_time": 0.3183109760284424, "decoding_time": 0.22857904434204102}