{"MSE": 12.106456756591797, "PSNR": 37.300633057697084, "encoding_time": 0.312852144241333, "decoding_time": 0.26447486877441406}