{"MSE": 10.486228942871094, "PSNR": 37.92461025558088, "encoding_time": 0.31650590896606445, "decoding_time": 0.20270729064941406}