{"MSE": 11.414329528808594, "PSNR": 37.55629954502056, "encoding_time": 0.32015204429626465, "decoding_time": 0.25472521781921387}