{"MSE": 9.710681915283203, "PSNR": 38.258306323351874, "encoding_time": 0.3054380416870117, "decoding_time": 0.18999195098876953}