{"MSE": 11.726268768310547, "PSNR": 37.43920516792925, "encoding_time": 0.3220081329345703, "decoding_time": 0.2087109088897705}