{"MSE": 11.911102294921875, "PSNR": 37.37128406400239, "encoding_time": 0.316206693649292, "decoding_time": 0.2173480987548828}