{"MSE": 11.546142578125, "PSNR": 37.50643444764833, "encoding_time": 0.3119051456451416, "decoding_time": 0.21177101135253906}