{"MSE": 11.669609069824219, "PSNR": 37.46024053379686, "encoding_time": 0.3185570240020752, "decoding_time": 0.2388319969177246}