{"MSE": 11.586250305175781, "PSNR": 37.49137454262061, "encoding_time": 0.3137693405151367, "decoding_time": 0.25379467010498047}