{"MSE": 11.012191772460938, "PSNR": 37.71206595033979, "encoding_time": 0.3155398368835449, "decoding_time": 0.21428203582763672}