{"MSE": 11.667484283447266, "PSNR": 37.46103136321792, "encoding_time": 0.31403589248657227, "decoding_time": 0.23299789428710938}