{"MSE": 11.386398315429688, "PSNR": 37.5669398877272, "encoding_time": 0.31383776664733887, "decoding_time": 0.21672701835632324}