{"MSE": 11.252742767333984, "PSNR": 37.61821969661639, "encoding_time": 0.3169689178466797, "decoding_time": 0.21806907653808594}