{"MSE": 12.005470275878906, "PSNR": 37.33701184045131, "encoding_time": 0.3155791759490967, "decoding_time": 0.2111358642578125}