{"MSE": 11.69266128540039, "PSNR": 37.45166991705687, "encoding_time": 0.30766987800598145, "decoding_time": 0.21053624153137207}