{"MSE": 11.42974853515625, "PSNR": 37.55043685240378, "encoding_time": 0.3210902214050293, "decoding_time": 0.2195758819580078}