{"MSE": 10.892196655273438, "PSNR": 37.75964887075388, "encoding_time": 0.3089578151702881, "decoding_time": 0.20489001274108887}