{"MSE": 11.788352966308594, "PSNR": 37.41627229870445, "encoding_time": 0.3233048915863037, "decoding_time": 0.22320795059204102}