{"MSE": 11.321041107177734, "PSNR": 37.59193993528774, "encoding_time": 0.31353092193603516, "decoding_time": 0.2148747444152832}