{"MSE": 11.453411102294922, "PSNR": 37.541455115474406, "encoding_time": 0.31597280502319336, "decoding_time": 0.22413015365600586}