{"MSE": 11.799468994140625, "PSNR": 37.412178974688686, "encoding_time": 0.30959320068359375, "decoding_time": 0.20856070518493652}