{"MSE": 8.915332794189453, "PSNR": 38.629428015805956, "encoding_time": 0.2964186668395996, "decoding_time": 0.18072128295898438}