{"MSE": 11.939186096191406, "PSNR": 37.3610563926559, "encoding_time": 0.3262460231781006, "decoding_time": 0.2190382480621338}