{"MSE": 11.564579010009766, "PSNR": 37.49950533269057, "encoding_time": 0.31878209114074707, "decoding_time": 0.2193310260772705}