{"MSE": 10.133853912353516, "PSNR": 38.07305721572035, "encoding_time": 0.3107268810272217, "decoding_time": 0.19770002365112305}