{"MSE": 11.347259521484375, "PSNR": 37.58189373207067, "encoding_time": 0.3143150806427002, "decoding_time": 0.2334139347076416}