{"MSE": 11.43349838256836, "PSNR": 37.549012262047455, "encoding_time": 0.31924009323120117, "decoding_time": 0.24500489234924316}