{"MSE": 9.721275329589844, "PSNR": 38.25357117312931, "encoding_time": 0.30181407928466797, "decoding_time": 0.18677401542663574}