{"MSE": 11.342880249023438, "PSNR": 37.58357013768772, "encoding_time": 0.3123466968536377, "decoding_time": 0.212111234664917}