{"MSE": 10.768360137939453, "PSNR": 37.80930789164051, "encoding_time": 0.37993788719177246, "decoding_time": 0.1953749656677246}