{"MSE": 11.59408187866211, "PSNR": 37.48843997787653, "encoding_time": 0.31249094009399414, "decoding_time": 0.20714497566223145}