{"MSE": 11.312568664550781, "PSNR": 37.595191325843736, "encoding_time": 0.3067781925201416, "decoding_time": 0.22586297988891602}