{"MSE": 10.711963653564453, "PSNR": 37.832112704527525, "encoding_time": 0.30769801139831543, "decoding_time": 0.2043168544769287}