{"MSE": 11.84256362915039, "PSNR": 37.39634634032014, "encoding_time": 0.3144190311431885, "decoding_time": 0.21692585945129395}