{"MSE": 11.752750396728516, "PSNR": 37.42940848103214, "encoding_time": 0.3064229488372803, "decoding_time": 0.21559882164001465}