{"MSE": 9.423107147216797, "PSNR": 38.38886231494363, "encoding_time": 0.30288100242614746, "decoding_time": 0.18254590034484863}