{"MSE": 11.352546691894531, "PSNR": 37.57987064081257, "encoding_time": 0.31116700172424316, "decoding_time": 0.21018218994140625}