{"MSE": 11.720329284667969, "PSNR": 37.44140547436234, "encoding_time": 0.31214189529418945, "decoding_time": 0.21529912948608398}