{"MSE": 11.471416473388672, "PSNR": 37.53463313620961, "encoding_time": 0.31281304359436035, "decoding_time": 0.21826410293579102}