{"MSE": 12.350288391113281, "PSNR": 37.21403261959934, "encoding_time": 0.3255641460418701, "decoding_time": 0.2195119857788086}