{"MSE": 11.395832061767578, "PSNR": 37.56334320369359, "encoding_time": 0.30939698219299316, "decoding_time": 0.20442914962768555}