{"MSE": 10.829730987548828, "PSNR": 37.784626920610705, "encoding_time": 0.30925631523132324, "decoding_time": 0.20802569389343262}