{"MSE": 11.385429382324219, "PSNR": 37.567309469217875, "encoding_time": 0.3135669231414795, "decoding_time": 0.21974396705627441}