{"MSE": 9.717643737792969, "PSNR": 38.25519387683088, "encoding_time": 0.2967410087585449, "decoding_time": 0.21024084091186523}