{"MSE": 11.354511260986328, "PSNR": 37.579119155067666, "encoding_time": 0.3124110698699951, "decoding_time": 0.21201491355895996}