{"MSE": 11.514457702636719, "PSNR": 37.51836872089016, "encoding_time": 0.30682802200317383, "decoding_time": 0.20880889892578125}