{"MSE": 11.309074401855469, "PSNR": 37.59653299586701, "encoding_time": 0.31345391273498535, "decoding_time": 0.2225480079650879}