{"MSE": 11.357715606689453, "PSNR": 37.57789370969473, "encoding_time": 0.3116750717163086, "decoding_time": 0.22945284843444824}