{"MSE": 11.224723815917969, "PSNR": 37.62904696867243, "encoding_time": 0.31738877296447754, "decoding_time": 0.22275137901306152}