{"MSE": 11.82973861694336, "PSNR": 37.401052120534416, "encoding_time": 0.3098440170288086, "decoding_time": 0.24031591415405273}