{"MSE": 11.250396728515625, "PSNR": 37.61912523401221, "encoding_time": 0.32079601287841797, "decoding_time": 0.23297572135925293}