{"MSE": 12.344139099121094, "PSNR": 37.21619553966385, "encoding_time": 0.3115849494934082, "decoding_time": 0.23136687278747559}