{"MSE": 10.886837005615234, "PSNR": 37.76178640022807, "encoding_time": 0.3155839443206787, "decoding_time": 0.21301817893981934}