{"MSE": 11.659847259521484, "PSNR": 37.463874995342344, "encoding_time": 0.31354188919067383, "decoding_time": 0.23827385902404785}