{"MSE": 11.54940414428711, "PSNR": 37.505207821396084, "encoding_time": 0.3170738220214844, "decoding_time": 0.24080801010131836}