{"MSE": 11.338924407958984, "PSNR": 37.585085008297874, "encoding_time": 0.3096182346343994, "decoding_time": 0.2134389877319336}