{"MSE": 11.323802947998047, "PSNR": 37.59088057516923, "encoding_time": 0.315263032913208, "decoding_time": 0.21881389617919922}