{"MSE": 11.273780822753906, "PSNR": 37.61010773562188, "encoding_time": 0.3110969066619873, "decoding_time": 0.22172808647155762}