{"MSE": 11.920818328857422, "PSNR": 37.3677429141097, "encoding_time": 0.30583882331848145, "decoding_time": 0.20766687393188477}