{"MSE": 11.702407836914062, "PSNR": 37.448051313698414, "encoding_time": 0.3111286163330078, "decoding_time": 0.2104942798614502}