{"MSE": 10.980682373046875, "PSNR": 37.72451031533382, "encoding_time": 0.3123130798339844, "decoding_time": 0.22345805168151855}