{"MSE": 11.56290054321289, "PSNR": 37.5001357073646, "encoding_time": 0.3179640769958496, "decoding_time": 0.2139759063720703}