{"MSE": 11.331405639648438, "PSNR": 37.58796574245644, "encoding_time": 0.3091878890991211, "decoding_time": 0.21615099906921387}