{"MSE": 12.198871612548828, "PSNR": 37.26760700283945, "encoding_time": 0.3225429058074951, "decoding_time": 0.22979521751403809}