{"MSE": 11.253971099853516, "PSNR": 37.61774565314754, "encoding_time": 0.31311631202697754, "decoding_time": 0.20949578285217285}