{"MSE": 11.190582275390625, "PSNR": 37.642276762689605, "encoding_time": 0.3028829097747803, "decoding_time": 0.2130889892578125}