{"MSE": 9.899574279785156, "PSNR": 38.17463842221424, "encoding_time": 0.3082890510559082, "decoding_time": 0.20567083358764648}