{"MSE": 11.525444030761719, "PSNR": 37.51422694797992, "encoding_time": 0.3085150718688965, "decoding_time": 0.22037005424499512}