{"MSE": 11.44287109375, "PSNR": 37.54545355315474, "encoding_time": 0.30689096450805664, "decoding_time": 0.22109079360961914}