{"MSE": 12.25637435913086, "PSNR": 37.24718343270814, "encoding_time": 0.32390403747558594, "decoding_time": 0.22034811973571777}