{"MSE": 9.077064514160156, "PSNR": 38.55134938714981, "encoding_time": 0.2980680465698242, "decoding_time": 0.18215489387512207}