{"MSE": 11.385189056396484, "PSNR": 37.567401141935996, "encoding_time": 0.3136410713195801, "decoding_time": 0.22008991241455078}