{"MSE": 11.376541137695312, "PSNR": 37.57070119296072, "encoding_time": 0.3113417625427246, "decoding_time": 0.21451902389526367}