{"MSE": 11.50461196899414, "PSNR": 37.52208385630876, "encoding_time": 0.31711506843566895, "decoding_time": 0.2382650375366211}