{"MSE": 11.60062026977539, "PSNR": 37.485991498703946, "encoding_time": 0.3152451515197754, "decoding_time": 0.2139136791229248}