{"MSE": 12.280139923095703, "PSNR": 37.23877045570729, "encoding_time": 0.32404589653015137, "decoding_time": 0.23653101921081543}