{"MSE": 12.421390533447266, "PSNR": 37.18910144479891, "encoding_time": 0.324444055557251, "decoding_time": 0.2261970043182373}