{"MSE": 12.125713348388672, "PSNR": 37.29373063560131, "encoding_time": 0.3254680633544922, "decoding_time": 0.22558188438415527}