{"MSE": 11.313556671142578, "PSNR": 37.59481204233425, "encoding_time": 0.31241703033447266, "decoding_time": 0.24817109107971191}