{"MSE": 11.81478500366211, "PSNR": 37.40654537783375, "encoding_time": 0.3092679977416992, "decoding_time": 0.2233750820159912}