{"MSE": 11.850639343261719, "PSNR": 37.39338579655923, "encoding_time": 0.31160998344421387, "decoding_time": 0.22766399383544922}