{"MSE": 11.286537170410156, "PSNR": 37.605196446704376, "encoding_time": 0.30764198303222656, "decoding_time": 0.212327241897583}