{"MSE": 8.867061614990234, "PSNR": 38.6530063458911, "encoding_time": 0.29137301445007324, "decoding_time": 0.18207287788391113}