{"MSE": 11.744522094726562, "PSNR": 37.4324501160153, "encoding_time": 0.30737805366516113, "decoding_time": 0.23722314834594727}