{"MSE": 11.463691711425781, "PSNR": 37.53755862633097, "encoding_time": 0.31386804580688477, "decoding_time": 0.21864891052246094}