{"MSE": 11.830894470214844, "PSNR": 37.40062780331836, "encoding_time": 0.30904698371887207, "decoding_time": 0.23576712608337402}