{"MSE": 11.166526794433594, "PSNR": 37.65162248501722, "encoding_time": 0.34442806243896484, "decoding_time": 0.2206859588623047}