{"MSE": 11.630123138427734, "PSNR": 37.47496047854288, "encoding_time": 0.30847811698913574, "decoding_time": 0.2251598834991455}