{"MSE": 11.446781158447266, "PSNR": 37.5439698088674, "encoding_time": 0.30929994583129883, "decoding_time": 0.21407413482666016}