{"MSE": 10.881065368652344, "PSNR": 37.76408941509847, "encoding_time": 0.3042120933532715, "decoding_time": 0.20905494689941406}