{"MSE": 11.772079467773438, "PSNR": 37.42227175712593, "encoding_time": 0.3055918216705322, "decoding_time": 0.21795296669006348}