{"MSE": 12.354934692382812, "PSNR": 37.212399067844245, "encoding_time": 0.3197052478790283, "decoding_time": 0.22552013397216797}