{"MSE": 12.073951721191406, "PSNR": 37.312309259134906, "encoding_time": 0.32057690620422363, "decoding_time": 0.22463607788085938}