{"MSE": 10.826007843017578, "PSNR": 37.78612023483455, "encoding_time": 0.3248438835144043, "decoding_time": 0.21016621589660645}