{"MSE": 11.008819580078125, "PSNR": 37.7133960659569, "encoding_time": 0.3186759948730469, "decoding_time": 0.2101900577545166}