{"MSE": 11.319232940673828, "PSNR": 37.592633634255364, "encoding_time": 0.31664204597473145, "decoding_time": 0.2386329174041748}