{"MSE": 10.867279052734375, "PSNR": 37.76959541740826, "encoding_time": 0.3088099956512451, "decoding_time": 0.24059486389160156}