{"MSE": 11.717025756835938, "PSNR": 37.442629762610935, "encoding_time": 0.3339838981628418, "decoding_time": 0.2562229633331299}