{"MSE": 10.25296401977539, "PSNR": 38.02230927539674, "encoding_time": 0.3289031982421875, "decoding_time": 0.20455694198608398}