{"MSE": 12.825630187988281, "PSNR": 37.050016474784464, "encoding_time": 0.2888519763946533, "decoding_time": 0.18623900413513184}