{"MSE": 9.773303985595703, "PSNR": 38.23038953736454, "encoding_time": 0.27510595321655273, "decoding_time": 0.1558549404144287}