{"MSE": 10.247150421142578, "PSNR": 38.02477249469358, "encoding_time": 0.2681877613067627, "decoding_time": 0.15227603912353516}