{"MSE": 10.758594512939453, "PSNR": 37.81324821428211, "encoding_time": 0.29509615898132324, "decoding_time": 0.17537522315979004}