{"MSE": 12.484722137451172, "PSNR": 37.16701479820475, "encoding_time": 0.2828826904296875, "decoding_time": 0.17686009407043457}