{"MSE": 10.634113311767578, "PSNR": 37.86379077241338, "encoding_time": 0.2900819778442383, "decoding_time": 0.17701315879821777}