{"MSE": 10.726036071777344, "PSNR": 37.82641107701283, "encoding_time": 0.28495001792907715, "decoding_time": 0.17327499389648438}