{"MSE": 12.17800521850586, "PSNR": 37.27504205045956, "encoding_time": 0.29151320457458496, "decoding_time": 0.18566489219665527}