{"MSE": 11.372478485107422, "PSNR": 37.57225236980159, "encoding_time": 0.28444910049438477, "decoding_time": 0.1783449649810791}