{"MSE": 12.14224624633789, "PSNR": 37.287813246929204, "encoding_time": 0.2901458740234375, "decoding_time": 0.1803421974182129}