{"MSE": 10.849895477294922, "PSNR": 37.77654806448587, "encoding_time": 0.28505706787109375, "decoding_time": 0.17380404472351074}