{"MSE": 13.23824691772461, "PSNR": 36.91249883646983, "encoding_time": 0.2936272621154785, "decoding_time": 0.19010186195373535}