{"MSE": 9.508113861083984, "PSNR": 38.34985987039324, "encoding_time": 0.2704777717590332, "decoding_time": 0.15250611305236816}