{"MSE": 11.718910217285156, "PSNR": 37.44193133880816, "encoding_time": 0.2787928581237793, "decoding_time": 0.1684560775756836}