{"MSE": 12.973087310791016, "PSNR": 37.00037019904337, "encoding_time": 0.29375791549682617, "decoding_time": 0.19023990631103516}