{"MSE": 10.223800659179688, "PSNR": 38.03467987723994, "encoding_time": 0.27345705032348633, "decoding_time": 0.1603260040283203}