{"MSE": 12.543815612792969, "PSNR": 37.14650699371225, "encoding_time": 0.28864002227783203, "decoding_time": 0.18540692329406738}