{"MSE": 9.284423828125, "PSNR": 38.45325403360781, "encoding_time": 0.26892805099487305, "decoding_time": 0.15009403228759766}