{"MSE": 11.68374252319336, "PSNR": 37.45498383089202, "encoding_time": 0.27895307540893555, "decoding_time": 0.16747379302978516}