{"MSE": 10.838001251220703, "PSNR": 37.781311640533005, "encoding_time": 0.2968862056732178, "decoding_time": 0.18137788772583008}