{"MSE": 12.536808013916016, "PSNR": 37.14893385649536, "encoding_time": 0.2878379821777344, "decoding_time": 0.18456697463989258}