{"MSE": 10.20535659790039, "PSNR": 38.0425217633374, "encoding_time": 0.27904796600341797, "decoding_time": 0.19345784187316895}