{"MSE": 12.627761840820312, "PSNR": 37.11753978350367, "encoding_time": 0.2888178825378418, "decoding_time": 0.18620800971984863}