{"MSE": 11.099853515625, "PSNR": 37.67763113412381, "encoding_time": 0.2854490280151367, "decoding_time": 0.17676711082458496}