{"MSE": 12.367549896240234, "PSNR": 37.20796689689537, "encoding_time": 0.2873039245605469, "decoding_time": 0.1839749813079834}