{"MSE": 11.741020202636719, "PSNR": 37.43374525529959, "encoding_time": 0.2760469913482666, "decoding_time": 0.16591405868530273}