{"MSE": 13.089828491210938, "PSNR": 36.961464046004735, "encoding_time": 0.29363083839416504, "decoding_time": 0.18941307067871094}