{"MSE": 13.045822143554688, "PSNR": 36.97608907469368, "encoding_time": 0.29055213928222656, "decoding_time": 0.18594884872436523}