{"MSE": 9.656532287597656, "PSNR": 38.282591639282586, "encoding_time": 0.2719089984893799, "decoding_time": 0.15362286567687988}