{"MSE": 8.79473876953125, "PSNR": 38.688574167487886, "encoding_time": 0.26618409156799316, "decoding_time": 0.14716267585754395}