{"MSE": 9.91818618774414, "PSNR": 38.16648104104702, "encoding_time": 0.28354692459106445, "decoding_time": 0.17308402061462402}