{"MSE": 11.396865844726562, "PSNR": 37.56294924749172, "encoding_time": 0.28639888763427734, "decoding_time": 0.18020987510681152}