{"MSE": 9.176979064941406, "PSNR": 38.503806199002796, "encoding_time": 0.26774024963378906, "decoding_time": 0.1491689682006836}