{"MSE": 12.519248962402344, "PSNR": 37.15502084810415, "encoding_time": 0.29227280616760254, "decoding_time": 0.18931818008422852}