{"MSE": 9.199043273925781, "PSNR": 38.49337699007202, "encoding_time": 0.2654151916503906, "decoding_time": 0.14987492561340332}