{"MSE": 12.333553314208984, "PSNR": 37.21992145388543, "encoding_time": 0.2919769287109375, "decoding_time": 0.1870129108428955}