{"MSE": 11.596843719482422, "PSNR": 37.48740556273104, "encoding_time": 0.2778182029724121, "decoding_time": 0.16356992721557617}