{"MSE": 11.500221252441406, "PSNR": 37.52374165054291, "encoding_time": 0.28858017921447754, "decoding_time": 0.1819629669189453}