{"MSE": 10.033767700195312, "PSNR": 38.1161631875971, "encoding_time": 0.26854610443115234, "decoding_time": 0.15343999862670898}