{"MSE": 9.60430908203125, "PSNR": 38.30614232966813, "encoding_time": 0.27102184295654297, "decoding_time": 0.15288114547729492}