{"MSE": 13.025009155273438, "PSNR": 36.98302323630833, "encoding_time": 0.2915198802947998, "decoding_time": 0.18986296653747559}