{"MSE": 12.451316833496094, "PSNR": 37.17865076642697, "encoding_time": 0.28995609283447266, "decoding_time": 0.18236279487609863}