{"MSE": 9.706214904785156, "PSNR": 38.26030458091292, "encoding_time": 0.27840113639831543, "decoding_time": 0.16744494438171387}