{"MSE": 10.585224151611328, "PSNR": 37.883803018400954, "encoding_time": 0.28740406036376953, "decoding_time": 0.17606592178344727}