{"MSE": 12.13936996459961, "PSNR": 37.2888421350249, "encoding_time": 0.28988218307495117, "decoding_time": 0.18640780448913574}