{"MSE": 10.068912506103516, "PSNR": 38.10097793800134, "encoding_time": 0.2815361022949219, "decoding_time": 0.16745901107788086}