{"MSE": 10.531261444091797, "PSNR": 37.90599966377893, "encoding_time": 0.2900509834289551, "decoding_time": 0.1772139072418213}