{"MSE": 9.71303939819336, "PSNR": 38.2572521053598, "encoding_time": 0.2720940113067627, "decoding_time": 0.15456199645996094}