{"MSE": 10.127586364746094, "PSNR": 38.0757440547511, "encoding_time": 0.2944619655609131, "decoding_time": 0.1584618091583252}