{"MSE": 9.785820007324219, "PSNR": 38.22483137441616, "encoding_time": 0.27915096282958984, "decoding_time": 0.16910886764526367}