{"MSE": 12.158706665039062, "PSNR": 37.28192979854667, "encoding_time": 0.28977203369140625, "decoding_time": 0.1874680519104004}