{"MSE": 12.254352569580078, "PSNR": 37.247899896197794, "encoding_time": 0.283475399017334, "decoding_time": 0.17640399932861328}