{"MSE": 9.80178451538086, "PSNR": 38.21775210213203, "encoding_time": 0.2688870429992676, "decoding_time": 0.15365099906921387}