{"MSE": 9.575515747070312, "PSNR": 38.31918186052364, "encoding_time": 0.2741360664367676, "decoding_time": 0.15496182441711426}