{"MSE": 12.161636352539062, "PSNR": 37.280883475211354, "encoding_time": 0.30853819847106934, "decoding_time": 0.2159888744354248}