{"MSE": 10.661911010742188, "PSNR": 37.85245307487153, "encoding_time": 0.2863638401031494, "decoding_time": 0.17022299766540527}