{"MSE": 9.911006927490234, "PSNR": 38.169625811719776, "encoding_time": 0.27619481086730957, "decoding_time": 0.15630197525024414}