{"MSE": 11.220733642578125, "PSNR": 37.630591076458856, "encoding_time": 0.2793121337890625, "decoding_time": 0.1716480255126953}