{"MSE": 11.33066177368164, "PSNR": 37.58825085049965, "encoding_time": 0.28813600540161133, "decoding_time": 0.1797480583190918}