{"MSE": 9.997417449951172, "PSNR": 38.13192534076724, "encoding_time": 0.27071285247802734, "decoding_time": 0.15737605094909668}