{"MSE": 10.133060455322266, "PSNR": 38.073397271442914, "encoding_time": 0.27398014068603516, "decoding_time": 0.1608130931854248}