{"MSE": 13.143169403076172, "PSNR": 36.943802552871176, "encoding_time": 0.2914397716522217, "decoding_time": 0.19002413749694824}