{"MSE": 15.512596130371094, "PSNR": 36.223958750631155, "encoding_time": 0.2958099842071533, "decoding_time": 0.2030470371246338}