{"MSE": 15.267158508300781, "PSNR": 36.293221462736426, "encoding_time": 0.29517698287963867, "decoding_time": 0.2038121223449707}