{"MSE": 14.115867614746094, "PSNR": 36.633727841790474, "encoding_time": 0.2864990234375, "decoding_time": 0.18572688102722168}