{"MSE": 17.249980926513672, "PSNR": 35.76291741662352, "encoding_time": 0.3029649257659912, "decoding_time": 0.21350312232971191}