{"MSE": 15.927051544189453, "PSNR": 36.10944975311967, "encoding_time": 0.29693603515625, "decoding_time": 0.20508289337158203}