{"MSE": 15.199745178222656, "PSNR": 36.312440537533625, "encoding_time": 0.2945363521575928, "decoding_time": 0.19541406631469727}