{"MSE": 14.540267944335938, "PSNR": 36.50507951203601, "encoding_time": 0.2901318073272705, "decoding_time": 0.18968796730041504}