{"MSE": 14.946495056152344, "PSNR": 36.38540998055846, "encoding_time": 0.29447102546691895, "decoding_time": 0.19784808158874512}