{"MSE": 15.83475112915039, "PSNR": 36.134691188048194, "encoding_time": 0.2930428981781006, "decoding_time": 0.2021191120147705}