{"MSE": 15.497791290283203, "PSNR": 36.22810552942298, "encoding_time": 0.29843616485595703, "decoding_time": 0.20453786849975586}