{"MSE": 14.947505950927734, "PSNR": 36.385116258735934, "encoding_time": 0.29190778732299805, "decoding_time": 0.19453024864196777}