{"MSE": 13.895782470703125, "PSNR": 36.70197353968932, "encoding_time": 0.29193615913391113, "decoding_time": 0.18968486785888672}