{"MSE": 16.073986053466797, "PSNR": 36.069567736898584, "encoding_time": 0.3016960620880127, "decoding_time": 0.2085738182067871}