{"MSE": 13.819900512695312, "PSNR": 36.725754442366025, "encoding_time": 0.2939620018005371, "decoding_time": 0.19059395790100098}