{"MSE": 16.742565155029297, "PSNR": 35.89258363164747, "encoding_time": 0.30408692359924316, "decoding_time": 0.21196913719177246}