{"MSE": 13.853649139404297, "PSNR": 36.71516176466338, "encoding_time": 0.2936851978302002, "decoding_time": 0.19272112846374512}