{"MSE": 15.574172973632812, "PSNR": 36.20675367014967, "encoding_time": 0.2975900173187256, "decoding_time": 0.20277810096740723}