{"MSE": 16.032875061035156, "PSNR": 36.08068952600935, "encoding_time": 0.30631303787231445, "decoding_time": 0.2115192413330078}