{"MSE": 16.238040924072266, "PSNR": 36.02546729262464, "encoding_time": 0.2925591468811035, "decoding_time": 0.20296978950500488}