{"MSE": 14.313068389892578, "PSNR": 36.573476144630725, "encoding_time": 0.2920997142791748, "decoding_time": 0.19386911392211914}