{"MSE": 15.143547058105469, "PSNR": 36.328527494200394, "encoding_time": 0.2929229736328125, "decoding_time": 0.20116591453552246}