{"MSE": 15.769378662109375, "PSNR": 36.15265779075681, "encoding_time": 0.29400205612182617, "decoding_time": 0.20250415802001953}