{"MSE": 15.869747161865234, "PSNR": 36.12510353273834, "encoding_time": 0.2958252429962158, "decoding_time": 0.20426177978515625}