{"MSE": 15.091999053955078, "PSNR": 36.34333591562786, "encoding_time": 0.293720006942749, "decoding_time": 0.19898295402526855}