{"MSE": 14.941947937011719, "PSNR": 36.38673142026478, "encoding_time": 0.29119372367858887, "decoding_time": 0.19659423828125}