{"MSE": 16.274898529052734, "PSNR": 36.01562071364077, "encoding_time": 0.3014802932739258, "decoding_time": 0.20870089530944824}