{"MSE": 15.378673553466797, "PSNR": 36.2616148270112, "encoding_time": 0.3044590950012207, "decoding_time": 0.20279192924499512}