{"MSE": 15.750202178955078, "PSNR": 36.15794227844451, "encoding_time": 0.2995748519897461, "decoding_time": 0.20676112174987793}