{"MSE": 15.257991790771484, "PSNR": 36.295829839711345, "encoding_time": 0.300872802734375, "decoding_time": 0.19884920120239258}