{"MSE": 16.24640655517578, "PSNR": 36.02323043912204, "encoding_time": 0.3046000003814697, "decoding_time": 0.21361422538757324}