{"MSE": 14.578197479248047, "PSNR": 36.493765318935175, "encoding_time": 0.2871990203857422, "decoding_time": 0.1891162395477295}