{"MSE": 15.718585968017578, "PSNR": 36.16666886207055, "encoding_time": 0.29575300216674805, "decoding_time": 0.20250177383422852}