{"MSE": 15.770282745361328, "PSNR": 36.15240881004485, "encoding_time": 0.30289697647094727, "decoding_time": 0.21048712730407715}