{"MSE": 14.852787017822266, "PSNR": 36.412724073565, "encoding_time": 0.2994577884674072, "decoding_time": 0.20359325408935547}