{"MSE": 15.04123306274414, "PSNR": 36.35796920197746, "encoding_time": 0.2950270175933838, "decoding_time": 0.19913911819458008}