{"MSE": 13.967979431152344, "PSNR": 36.679467740355975, "encoding_time": 0.2932400703430176, "decoding_time": 0.1921858787536621}