{"MSE": 15.432903289794922, "PSNR": 36.246327261768215, "encoding_time": 0.2988240718841553, "decoding_time": 0.20424580574035645}