{"MSE": 17.160812377929688, "PSNR": 35.78542517745605, "encoding_time": 0.30243682861328125, "decoding_time": 0.21397614479064941}