{"MSE": 15.699737548828125, "PSNR": 36.1718796846176, "encoding_time": 0.3005030155181885, "decoding_time": 0.2084188461303711}