{"MSE": 15.132755279541016, "PSNR": 36.33162351961769, "encoding_time": 0.29271602630615234, "decoding_time": 0.19475889205932617}