{"MSE": 14.670089721679688, "PSNR": 36.466475908888924, "encoding_time": 0.29153919219970703, "decoding_time": 0.19794297218322754}