{"MSE": 15.728530883789062, "PSNR": 36.16392201427088, "encoding_time": 0.2984762191772461, "decoding_time": 0.2042708396911621}