{"MSE": 14.67727279663086, "PSNR": 36.46434994620676, "encoding_time": 0.28943371772766113, "decoding_time": 0.19288134574890137}