{"MSE": 17.318389892578125, "PSNR": 35.74572848086874, "encoding_time": 0.30185699462890625, "decoding_time": 0.2132720947265625}