{"MSE": 14.94228744506836, "PSNR": 36.38663274183203, "encoding_time": 0.29622721672058105, "decoding_time": 0.21312880516052246}