{"MSE": 15.988239288330078, "PSNR": 36.0927972135342, "encoding_time": 0.29839301109313965, "decoding_time": 0.20745301246643066}