{"MSE": 15.717018127441406, "PSNR": 36.167102068004326, "encoding_time": 0.29885387420654297, "decoding_time": 0.20599603652954102}