{"MSE": 14.740608215332031, "PSNR": 36.4456495745933, "encoding_time": 0.28884100914001465, "decoding_time": 0.19296503067016602}