{"MSE": 13.712913513183594, "PSNR": 36.759506239288186, "encoding_time": 0.2926509380340576, "decoding_time": 0.18810319900512695}