{"MSE": 15.670269012451172, "PSNR": 36.180039087758175, "encoding_time": 0.29894399642944336, "decoding_time": 0.20434093475341797}