{"MSE": 14.028888702392578, "PSNR": 36.66057091089294, "encoding_time": 0.28946423530578613, "decoding_time": 0.18712663650512695}