{"MSE": 14.294273376464844, "PSNR": 36.57918277187353, "encoding_time": 0.2881331443786621, "decoding_time": 0.18633389472961426}