{"MSE": 15.590198516845703, "PSNR": 36.20228715581458, "encoding_time": 0.3016059398651123, "decoding_time": 0.20925307273864746}