{"MSE": 17.438915252685547, "PSNR": 35.715608937131314, "encoding_time": 0.3008909225463867, "decoding_time": 0.2146930694580078}