{"MSE": 15.723590850830078, "PSNR": 36.165286265045594, "encoding_time": 0.3027987480163574, "decoding_time": 0.21127820014953613}