{"MSE": 15.716007232666016, "PSNR": 36.16738140861368, "encoding_time": 0.3004469871520996, "decoding_time": 0.20661401748657227}