{"MSE": 15.39471435546875, "PSNR": 36.257087257641004, "encoding_time": 0.30134010314941406, "decoding_time": 0.20673489570617676}