{"MSE": 15.555973052978516, "PSNR": 36.21183178703678, "encoding_time": 0.29718971252441406, "decoding_time": 0.20195889472961426}