{"MSE": 15.085212707519531, "PSNR": 36.34528922588211, "encoding_time": 0.2946486473083496, "decoding_time": 0.19430136680603027}