{"MSE": 15.43789291381836, "PSNR": 36.24492336781956, "encoding_time": 0.2964608669281006, "decoding_time": 0.20281410217285156}