{"MSE": 14.89224624633789, "PSNR": 36.401201521140905, "encoding_time": 0.2920079231262207, "decoding_time": 0.19581985473632812}