{"MSE": 15.863712310791016, "PSNR": 36.12675535551203, "encoding_time": 0.299832820892334, "decoding_time": 0.20634102821350098}