{"MSE": 14.949230194091797, "PSNR": 36.38461531489457, "encoding_time": 0.29053688049316406, "decoding_time": 0.19424009323120117}