{"MSE": 15.223480224609375, "PSNR": 36.30566413455313, "encoding_time": 0.29430198669433594, "decoding_time": 0.19513702392578125}