{"MSE": 15.06595230102539, "PSNR": 36.35083772750387, "encoding_time": 0.28948402404785156, "decoding_time": 0.19326496124267578}