{"MSE": 15.928848266601562, "PSNR": 36.10895985540242, "encoding_time": 0.29657697677612305, "decoding_time": 0.20369791984558105}