{"MSE": 14.58353042602539, "PSNR": 36.49217688810485, "encoding_time": 0.29147982597351074, "decoding_time": 0.19377708435058594}