{"MSE": 14.423149108886719, "PSNR": 36.540202675234596, "encoding_time": 0.2919270992279053, "decoding_time": 0.19410300254821777}