{"MSE": 13.552669525146484, "PSNR": 36.810555124581526, "encoding_time": 0.2902538776397705, "decoding_time": 0.19101619720458984}