{"MSE": 16.19009780883789, "PSNR": 36.03830888414087, "encoding_time": 0.29766416549682617, "decoding_time": 0.20657896995544434}