{"MSE": 15.244712829589844, "PSNR": 36.299611130585504, "encoding_time": 0.29366397857666016, "decoding_time": 0.19560694694519043}