{"MSE": 16.292755126953125, "PSNR": 36.010858305643715, "encoding_time": 0.2997288703918457, "decoding_time": 0.20541024208068848}