{"MSE": 13.731342315673828, "PSNR": 36.75367366836153, "encoding_time": 0.2915220260620117, "decoding_time": 0.18867993354797363}