{"MSE": 15.789119720458984, "PSNR": 36.14722443095465, "encoding_time": 0.29629993438720703, "decoding_time": 0.20327305793762207}