{"MSE": 16.51552963256836, "PSNR": 35.951878553313236, "encoding_time": 0.30198192596435547, "decoding_time": 0.20940613746643066}