{"MSE": 15.535045623779297, "PSNR": 36.21767827826225, "encoding_time": 0.2976367473602295, "decoding_time": 0.20224213600158691}