{"MSE": 15.015644073486328, "PSNR": 36.365363955242564, "encoding_time": 0.29531002044677734, "decoding_time": 0.19468903541564941}