{"MSE": 15.79928970336914, "PSNR": 36.14442798270537, "encoding_time": 0.29627108573913574, "decoding_time": 0.20365381240844727}