{"MSE": 15.861068725585938, "PSNR": 36.12747913952702, "encoding_time": 0.2991149425506592, "decoding_time": 0.20725297927856445}