{"MSE": 16.951793670654297, "PSNR": 35.8386470316338, "encoding_time": 0.3080098628997803, "decoding_time": 0.21612119674682617}