{"MSE": 15.366142272949219, "PSNR": 36.2651551092572, "encoding_time": 0.2938807010650635, "decoding_time": 0.1997523307800293}