{"MSE": 13.659427642822266, "PSNR": 36.77647858943459, "encoding_time": 0.29287219047546387, "decoding_time": 0.1921710968017578}