{"MSE": 15.666656494140625, "PSNR": 36.18104039643771, "encoding_time": 0.29326891899108887, "decoding_time": 0.2018270492553711}