{"MSE": 15.493415832519531, "PSNR": 36.229331836722125, "encoding_time": 0.30083775520324707, "decoding_time": 0.2029283046722412}