{"MSE": 15.793582916259766, "PSNR": 36.14599696075165, "encoding_time": 0.29546308517456055, "decoding_time": 0.1985759735107422}