{"MSE": 15.557048797607422, "PSNR": 36.21153146908072, "encoding_time": 0.29148125648498535, "decoding_time": 0.19655585289001465}