{"MSE": 16.36388397216797, "PSNR": 35.99193969388057, "encoding_time": 0.2985038757324219, "decoding_time": 0.20723199844360352}