{"MSE": 16.165294647216797, "PSNR": 36.044967358984266, "encoding_time": 0.29851794242858887, "decoding_time": 0.20496010780334473}