{"MSE": 16.175521850585938, "PSNR": 36.04222060202662, "encoding_time": 0.3061342239379883, "decoding_time": 0.21375584602355957}