{"MSE": 15.396980285644531, "PSNR": 36.25644807166247, "encoding_time": 0.2947089672088623, "decoding_time": 0.1950840950012207}