{"MSE": 16.94696807861328, "PSNR": 35.83988349450225, "encoding_time": 0.3018798828125, "decoding_time": 0.21133112907409668}