{"MSE": 15.987499237060547, "PSNR": 36.092998241061665, "encoding_time": 0.30208778381347656, "decoding_time": 0.20890331268310547}