{"MSE": 15.316219329833984, "PSNR": 36.279287840061414, "encoding_time": 0.29370808601379395, "decoding_time": 0.1980149745941162}