{"MSE": 15.241924285888672, "PSNR": 36.30040560925546, "encoding_time": 0.297910213470459, "decoding_time": 0.20401978492736816}