{"MSE": 15.86660385131836, "PSNR": 36.12596382220849, "encoding_time": 0.2996542453765869, "decoding_time": 0.20992159843444824}