{"MSE": 15.501689910888672, "PSNR": 36.22701315667396, "encoding_time": 0.29469895362854004, "decoding_time": 0.19669604301452637}