{"MSE": 16.457523345947266, "PSNR": 35.96715881031554, "encoding_time": 0.2971959114074707, "decoding_time": 0.2098989486694336}