{"MSE": 15.321357727050781, "PSNR": 36.277831081536505, "encoding_time": 0.2951509952545166, "decoding_time": 0.2013399600982666}