{"MSE": 14.741073608398438, "PSNR": 36.445512460542695, "encoding_time": 0.28908395767211914, "decoding_time": 0.19230890274047852}