{"MSE": 16.417312622070312, "PSNR": 35.977782926718106, "encoding_time": 0.30768370628356934, "decoding_time": 0.2133791446685791}