{"MSE": 15.117446899414062, "PSNR": 36.33601909062526, "encoding_time": 0.293489933013916, "decoding_time": 0.19547605514526367}