{"MSE": 14.531490325927734, "PSNR": 36.507702037525746, "encoding_time": 0.29117727279663086, "decoding_time": 0.1922929286956787}