{"MSE": 15.093212127685547, "PSNR": 36.34298684983905, "encoding_time": 0.29286980628967285, "decoding_time": 0.19872522354125977}