{"MSE": 15.530731201171875, "PSNR": 36.218884576726055, "encoding_time": 0.2947373390197754, "decoding_time": 0.20292282104492188}