{"MSE": 15.046527862548828, "PSNR": 36.35644067191011, "encoding_time": 0.293651819229126, "decoding_time": 0.19829511642456055}