{"MSE": 15.562206268310547, "PSNR": 36.21009193520838, "encoding_time": 0.29770493507385254, "decoding_time": 0.2035520076751709}