{"MSE": 13.673141479492188, "PSNR": 36.77212053288704, "encoding_time": 0.2924659252166748, "decoding_time": 0.19115519523620605}