{"MSE": 16.42609405517578, "PSNR": 35.975460556161806, "encoding_time": 0.300922155380249, "decoding_time": 0.20960474014282227}