{"MSE": 15.458724975585938, "PSNR": 36.239066901020706, "encoding_time": 0.29190683364868164, "decoding_time": 0.20263218879699707}