{"MSE": 15.349143981933594, "PSNR": 36.26996200878096, "encoding_time": 0.2966752052307129, "decoding_time": 0.20191574096679688}