{"MSE": 15.391918182373047, "PSNR": 36.257876147135654, "encoding_time": 0.2935159206390381, "decoding_time": 0.1970219612121582}