{"MSE": 15.218429565429688, "PSNR": 36.30710522247894, "encoding_time": 0.29319000244140625, "decoding_time": 0.1963789463043213}