{"MSE": 15.747066497802734, "PSNR": 36.15880699407426, "encoding_time": 0.29769420623779297, "decoding_time": 0.20292305946350098}