{"MSE": 13.686767578125, "PSNR": 36.767794685222185, "encoding_time": 0.29064106941223145, "decoding_time": 0.18915891647338867}