{"MSE": 16.179309844970703, "PSNR": 36.04120368740825, "encoding_time": 0.30140018463134766, "decoding_time": 0.20848989486694336}