{"MSE": 16.20208740234375, "PSNR": 36.035093902191555, "encoding_time": 0.2990260124206543, "decoding_time": 0.2085108757019043}