{"MSE": 16.223033905029297, "PSNR": 36.029482850371146, "encoding_time": 0.29816293716430664, "decoding_time": 0.2069261074066162}