{"MSE": 14.47869873046875, "PSNR": 36.52350829363948, "encoding_time": 0.2918088436126709, "decoding_time": 0.19504404067993164}