{"MSE": 13.851890563964844, "PSNR": 36.71571309094582, "encoding_time": 0.2926027774810791, "decoding_time": 0.19190096855163574}