{"MSE": 16.136341094970703, "PSNR": 36.05275295315041, "encoding_time": 0.2992830276489258, "decoding_time": 0.20554804801940918}