{"MSE": 15.97018814086914, "PSNR": 36.09770328382527, "encoding_time": 0.2983841896057129, "decoding_time": 0.20426082611083984}