{"MSE": 16.72003173828125, "PSNR": 35.8984326337811, "encoding_time": 0.30176806449890137, "decoding_time": 0.21163201332092285}