{"MSE": 15.413642883300781, "PSNR": 36.25175068214062, "encoding_time": 0.297382116317749, "decoding_time": 0.2041618824005127}