{"MSE": 15.922901153564453, "PSNR": 36.11058161775601, "encoding_time": 0.29761505126953125, "decoding_time": 0.20482492446899414}