{"MSE": 14.293521881103516, "PSNR": 36.579411100281334, "encoding_time": 0.28870391845703125, "decoding_time": 0.18823814392089844}