{"MSE": 16.309993743896484, "PSNR": 36.00626566412046, "encoding_time": 0.3006720542907715, "decoding_time": 0.20819497108459473}