{"MSE": 15.04599380493164, "PSNR": 36.35659482202006, "encoding_time": 0.29375696182250977, "decoding_time": 0.19751191139221191}