{"MSE": 17.250595092773438, "PSNR": 35.762762793687685, "encoding_time": 0.30275392532348633, "decoding_time": 0.21375703811645508}