{"MSE": 15.763072967529297, "PSNR": 36.15439474951243, "encoding_time": 0.2980480194091797, "decoding_time": 0.20644187927246094}