{"MSE": 15.00421142578125, "PSNR": 36.368671856609396, "encoding_time": 0.2935919761657715, "decoding_time": 0.19527697563171387}