{"MSE": 15.835708618164062, "PSNR": 36.13442858864259, "encoding_time": 0.30425405502319336, "decoding_time": 0.21092581748962402}