{"MSE": 16.168437957763672, "PSNR": 36.044122963784744, "encoding_time": 0.29527807235717773, "decoding_time": 0.2055680751800537}