{"MSE": 16.12603759765625, "PSNR": 36.05552692851208, "encoding_time": 0.3002908229827881, "decoding_time": 0.20789599418640137}