{"MSE": 15.141651153564453, "PSNR": 36.32907124555754, "encoding_time": 0.297713041305542, "decoding_time": 0.20148301124572754}