{"MSE": 15.797370910644531, "PSNR": 36.14495545686058, "encoding_time": 0.2969231605529785, "decoding_time": 0.2026360034942627}