{"MSE": 17.049896240234375, "PSNR": 35.8135862049721, "encoding_time": 0.3075439929962158, "decoding_time": 0.21866178512573242}