{"MSE": 14.433757781982422, "PSNR": 36.537009478950075, "encoding_time": 0.28867506980895996, "decoding_time": 0.18921971321105957}