{"MSE": 15.971214294433594, "PSNR": 36.09742423982795, "encoding_time": 0.300933837890625, "decoding_time": 0.2093520164489746}