{"MSE": 15.475357055664062, "PSNR": 36.234396827870164, "encoding_time": 0.29768800735473633, "decoding_time": 0.20600080490112305}