{"MSE": 15.723686218261719, "PSNR": 36.16525992410089, "encoding_time": 0.2972290515899658, "decoding_time": 0.20440196990966797}