{"MSE": 16.63568878173828, "PSNR": 35.92039573822646, "encoding_time": 0.3029141426086426, "decoding_time": 0.2115950584411621}