{"MSE": 15.279762268066406, "PSNR": 36.28963763596178, "encoding_time": 0.2933619022369385, "decoding_time": 0.20069289207458496}