{"MSE": 14.880859375, "PSNR": 36.40452348270729, "encoding_time": 0.29413795471191406, "decoding_time": 0.19527411460876465}