{"MSE": 15.445980072021484, "PSNR": 36.24264890679988, "encoding_time": 0.29880309104919434, "decoding_time": 0.20705485343933105}