{"MSE": 14.004291534423828, "PSNR": 36.66819217752802, "encoding_time": 0.2918698787689209, "decoding_time": 0.19247174263000488}