{"MSE": 16.776458740234375, "PSNR": 35.88380067777067, "encoding_time": 0.3011188507080078, "decoding_time": 0.2130439281463623}