{"MSE": 16.71047592163086, "PSNR": 35.9009154190242, "encoding_time": 0.30121517181396484, "decoding_time": 0.2119297981262207}