{"MSE": 16.02022933959961, "PSNR": 36.0841163187814, "encoding_time": 0.29546594619750977, "decoding_time": 0.20508694648742676}