{"MSE": 15.780033111572266, "PSNR": 36.14972450704392, "encoding_time": 0.29813289642333984, "decoding_time": 0.2089061737060547}