{"MSE": 15.732830047607422, "PSNR": 36.16273509604518, "encoding_time": 0.304948091506958, "decoding_time": 0.21201300621032715}