{"MSE": 16.618282318115234, "PSNR": 35.92494228201737, "encoding_time": 0.3063480854034424, "decoding_time": 0.21758794784545898}