{"MSE": 15.346302032470703, "PSNR": 36.27076619515605, "encoding_time": 0.29588890075683594, "decoding_time": 0.20168018341064453}