{"MSE": 17.408687591552734, "PSNR": 35.7231432916647, "encoding_time": 0.30391597747802734, "decoding_time": 0.21631789207458496}