{"MSE": 15.30462646484375, "PSNR": 36.28257626492663, "encoding_time": 0.3024451732635498, "decoding_time": 0.2076559066772461}