{"MSE": 10.707515716552734, "PSNR": 37.83391640338914, "encoding_time": 0.287078857421875, "decoding_time": 0.16956424713134766}