{"MSE": 10.185428619384766, "PSNR": 38.05101051329773, "encoding_time": 0.290020227432251, "decoding_time": 0.16386890411376953}