{"MSE": 9.486839294433594, "PSNR": 38.35958817105173, "encoding_time": 0.272641658782959, "decoding_time": 0.15183305740356445}