{"MSE": 9.851455688476562, "PSNR": 38.19579952627913, "encoding_time": 0.269777774810791, "decoding_time": 0.171065092086792}