{"MSE": 10.8250732421875, "PSNR": 37.78649517406455, "encoding_time": 0.28283071517944336, "decoding_time": 0.16596412658691406}