{"MSE": 9.022003173828125, "PSNR": 38.57777385326813, "encoding_time": 0.27201318740844727, "decoding_time": 0.17768096923828125}