{"MSE": 10.929176330566406, "PSNR": 37.74492927973015, "encoding_time": 0.17731690406799316, "decoding_time": 0.2539658546447754}