{"MSE": 9.601490020751953, "PSNR": 38.30741725997432, "encoding_time": 0.31531786918640137, "decoding_time": 0.15584802627563477}