{"MSE": 10.053443908691406, "PSNR": 38.10765501665325, "encoding_time": 0.2855551242828369, "decoding_time": 0.16130614280700684}