{"MSE": 11.088764190673828, "PSNR": 37.681972128320965, "encoding_time": 0.17055368423461914, "decoding_time": 0.24466204643249512}