{"MSE": 10.039566040039062, "PSNR": 38.11365420020022, "encoding_time": 0.2767460346221924, "decoding_time": 0.15567994117736816}