{"MSE": 11.140132904052734, "PSNR": 37.66189988777738, "encoding_time": 0.1701047420501709, "decoding_time": 0.25402116775512695}