{"MSE": 10.056953430175781, "PSNR": 38.1061392178308, "encoding_time": 0.2761189937591553, "decoding_time": 0.16348910331726074}