{"MSE": 9.096794128417969, "PSNR": 38.54191994661455, "encoding_time": 0.2750389575958252, "decoding_time": 0.154371976852417}