{"MSE": 10.713470458984375, "PSNR": 37.83150184429775, "encoding_time": 0.15962600708007812, "decoding_time": 0.2209031581878662}