{"MSE": 10.689613342285156, "PSNR": 37.8411836439149, "encoding_time": 0.27638888359069824, "decoding_time": 0.16388607025146484}