{"MSE": 10.363319396972656, "PSNR": 37.97581477573517, "encoding_time": 0.28281688690185547, "decoding_time": 0.16217708587646484}