{"MSE": 11.225456237792969, "PSNR": 37.62876359742276, "encoding_time": 0.1636948585510254, "decoding_time": 0.22549915313720703}