{"MSE": 10.7445068359375, "PSNR": 37.81893874343962, "encoding_time": 0.28592514991760254, "decoding_time": 0.16707301139831543}