{"MSE": 10.860836029052734, "PSNR": 37.77217103862823, "encoding_time": 0.2942788600921631, "decoding_time": 0.1837780475616455}