{"MSE": 10.79156494140625, "PSNR": 37.79995932298495, "encoding_time": 0.17517900466918945, "decoding_time": 0.259052038192749}