{"MSE": 10.275203704833984, "PSNR": 38.01289920391979, "encoding_time": 0.27133607864379883, "decoding_time": 0.1802511215209961}