{"MSE": 11.023479461669922, "PSNR": 37.70761663585004, "encoding_time": 0.27718305587768555, "decoding_time": 0.16451191902160645}