{"MSE": 10.734046936035156, "PSNR": 37.82316870902872, "encoding_time": 0.16533493995666504, "decoding_time": 0.22655606269836426}