{"MSE": 10.663196563720703, "PSNR": 37.851929458694215, "encoding_time": 0.17443203926086426, "decoding_time": 0.23549485206604004}