{"MSE": 10.303333282470703, "PSNR": 38.001026126681715, "encoding_time": 0.2836291790008545, "decoding_time": 0.16544270515441895}