{"MSE": 9.715423583984375, "PSNR": 38.25618620659157, "encoding_time": 0.28374195098876953, "decoding_time": 0.15607500076293945}