{"MSE": 10.063804626464844, "PSNR": 38.10318163854935, "encoding_time": 0.30321264266967773, "decoding_time": 0.19235706329345703}