{"MSE": 10.631019592285156, "PSNR": 37.865054423400494, "encoding_time": 0.2789881229400635, "decoding_time": 0.16927313804626465}