{"MSE": 9.531166076660156, "PSNR": 38.33934323851926, "encoding_time": 0.27214884757995605, "decoding_time": 0.15201807022094727}