{"MSE": 10.232471466064453, "PSNR": 38.030998186083146, "encoding_time": 0.1633141040802002, "decoding_time": 0.22133994102478027}