{"MSE": 9.802101135253906, "PSNR": 38.2176118174291, "encoding_time": 0.32199788093566895, "decoding_time": 0.15881013870239258}