{"MSE": 9.6715087890625, "PSNR": 38.27586130047554, "encoding_time": 0.2710390090942383, "decoding_time": 0.15317606925964355}