{"MSE": 9.90768814086914, "PSNR": 38.17108032799812, "encoding_time": 0.2725062370300293, "decoding_time": 0.15462779998779297}