{"MSE": 10.753116607666016, "PSNR": 37.81546005514472, "encoding_time": 0.2733609676361084, "decoding_time": 0.1631479263305664}