{"MSE": 10.683052062988281, "PSNR": 37.843850159698825, "encoding_time": 0.27628231048583984, "decoding_time": 0.17781877517700195}