{"MSE": 10.107830047607422, "PSNR": 38.08422429757626, "encoding_time": 0.15322494506835938, "decoding_time": 0.2163252830505371}