{"MSE": 10.867660522460938, "PSNR": 37.7694429714383, "encoding_time": 0.29032397270202637, "decoding_time": 0.16221380233764648}