{"MSE": 9.211414337158203, "PSNR": 38.48754043193832, "encoding_time": 0.27341699600219727, "decoding_time": 0.15407609939575195}