{"MSE": 10.845088958740234, "PSNR": 37.77847242126592, "encoding_time": 0.15416193008422852, "decoding_time": 0.21120309829711914}