{"MSE": 9.392314910888672, "PSNR": 38.40307715447286, "encoding_time": 0.2714560031890869, "decoding_time": 0.15374422073364258}