{"MSE": 9.035835266113281, "PSNR": 38.571120562457615, "encoding_time": 0.2867121696472168, "decoding_time": 0.1770308017730713}