{"MSE": 9.555553436279297, "PSNR": 38.328245153835596, "encoding_time": 0.2807929515838623, "decoding_time": 0.16348505020141602}