{"MSE": 9.856918334960938, "PSNR": 38.19339202449062, "encoding_time": 0.2717900276184082, "decoding_time": 0.18271803855895996}