{"MSE": 10.7445068359375, "PSNR": 37.81893874343962, "encoding_time": 0.17238402366638184, "decoding_time": 0.2515890598297119}