{"MSE": 9.986480712890625, "PSNR": 38.13667893287517, "encoding_time": 0.2738361358642578, "decoding_time": 0.15839695930480957}