{"MSE": 10.745555877685547, "PSNR": 37.81851473998378, "encoding_time": 0.16942691802978516, "decoding_time": 0.23583006858825684}