{"MSE": 10.65494155883789, "PSNR": 37.8552928886779, "encoding_time": 0.2796459197998047, "decoding_time": 0.16723990440368652}