{"MSE": 9.873401641845703, "PSNR": 38.18613556752751, "encoding_time": 0.2825779914855957, "decoding_time": 0.16047906875610352}