{"MSE": 9.733501434326172, "PSNR": 38.24811263655951, "encoding_time": 0.2717289924621582, "decoding_time": 0.18017101287841797}