{"MSE": 10.722923278808594, "PSNR": 37.82767162191576, "encoding_time": 0.2774038314819336, "decoding_time": 0.16544628143310547}