{"MSE": 10.865409851074219, "PSNR": 37.770342480021796, "encoding_time": 0.16419100761413574, "decoding_time": 0.24544596672058105}