{"MSE": 10.71478271484375, "PSNR": 37.83096992461707, "encoding_time": 0.2909069061279297, "decoding_time": 0.17039704322814941}