{"MSE": 10.966373443603516, "PSNR": 37.73017329813353, "encoding_time": 0.27650976181030273, "decoding_time": 0.1662909984588623}