{"MSE": 11.146156311035156, "PSNR": 37.65955231662889, "encoding_time": 0.2756621837615967, "decoding_time": 0.17753076553344727}