{"MSE": 10.686626434326172, "PSNR": 37.84239732570977, "encoding_time": 0.16577696800231934, "decoding_time": 0.2492389678955078}