{"MSE": 10.146678924560547, "PSNR": 38.0675644283078, "encoding_time": 0.2724900245666504, "decoding_time": 0.15735816955566406}