{"MSE": 10.878856658935547, "PSNR": 37.764971063887664, "encoding_time": 0.1729118824005127, "decoding_time": 0.24060416221618652}