{"MSE": 10.151561737060547, "PSNR": 38.06547500725779, "encoding_time": 0.28004002571105957, "decoding_time": 0.157728910446167}