{"MSE": 9.464134216308594, "PSNR": 38.36999470225542, "encoding_time": 0.27088069915771484, "decoding_time": 0.15268230438232422}