{"MSE": 10.408451080322266, "PSNR": 37.956942554994484, "encoding_time": 0.27547788619995117, "decoding_time": 0.1598362922668457}