{"MSE": 10.886215209960938, "PSNR": 37.76203445219518, "encoding_time": 0.17205476760864258, "decoding_time": 0.2445371150970459}