{"MSE": 10.640457153320312, "PSNR": 37.861200736138294, "encoding_time": 0.2733597755432129, "decoding_time": 0.15944409370422363}