{"MSE": 10.92563247680664, "PSNR": 37.746337735104525, "encoding_time": 0.16660785675048828, "decoding_time": 0.23771095275878906}