{"MSE": 10.329696655273438, "PSNR": 37.98992792772801, "encoding_time": 0.28465795516967773, "decoding_time": 0.17103791236877441}