{"MSE": 10.985076904296875, "PSNR": 37.72277259193097, "encoding_time": 0.17348909378051758, "decoding_time": 0.25295591354370117}