{"MSE": 10.167221069335938, "PSNR": 38.058780941959945, "encoding_time": 0.275723934173584, "decoding_time": 0.17600631713867188}