{"MSE": 10.85714340209961, "PSNR": 37.77364786802666, "encoding_time": 0.16162490844726562, "decoding_time": 0.23428916931152344}