{"MSE": 10.224861145019531, "PSNR": 38.03422941925574, "encoding_time": 0.3636040687561035, "decoding_time": 0.33387112617492676}