{"MSE": 10.869300842285156, "PSNR": 37.768787514737056, "encoding_time": 0.2768089771270752, "decoding_time": 0.1925649642944336}