{"MSE": 10.24221420288086, "PSNR": 38.026865065579344, "encoding_time": 0.16146397590637207, "decoding_time": 0.2149040699005127}