{"MSE": 11.055191040039062, "PSNR": 37.69514109030706, "encoding_time": 0.18082499504089355, "decoding_time": 0.23103618621826172}