{"MSE": 10.923202514648438, "PSNR": 37.747303753806484, "encoding_time": 0.17400598526000977, "decoding_time": 0.2508730888366699}