{"MSE": 9.839187622070312, "PSNR": 38.20121118718754, "encoding_time": 0.27228379249572754, "decoding_time": 0.15398716926574707}