{"MSE": 10.275203704833984, "PSNR": 38.01289920391979, "encoding_time": 0.1745588779449463, "decoding_time": 0.24514198303222656}