{"MSE": 11.023479461669922, "PSNR": 37.70761663585004, "encoding_time": 0.1646561622619629, "decoding_time": 0.2424938678741455}