{"MSE": 9.758647918701172, "PSNR": 38.236907114516576, "encoding_time": 0.2718029022216797, "decoding_time": 0.15236926078796387}