{"MSE": 10.726844787597656, "PSNR": 37.82608364237069, "encoding_time": 0.2825918197631836, "decoding_time": 0.16869711875915527}