{"MSE": 10.797584533691406, "PSNR": 37.79753748067614, "encoding_time": 0.16243290901184082, "decoding_time": 0.2298581600189209}