{"MSE": 11.146156311035156, "PSNR": 37.65955231662889, "encoding_time": 0.16555190086364746, "decoding_time": 0.23044395446777344}