{"MSE": 9.484264373779297, "PSNR": 38.360767094384734, "encoding_time": 0.2700836658477783, "decoding_time": 0.1522691249847412}