{"MSE": 9.531970977783203, "PSNR": 38.338976494981274, "encoding_time": 0.2788088321685791, "decoding_time": 0.1578981876373291}