{"MSE": 10.392871856689453, "PSNR": 37.963447883661935, "encoding_time": 0.28794097900390625, "decoding_time": 0.1642470359802246}