{"MSE": 9.480255126953125, "PSNR": 38.36260335899357, "encoding_time": 0.2880561351776123, "decoding_time": 0.15452218055725098}