{"MSE": 9.897274017333984, "PSNR": 38.17564766497751, "encoding_time": 0.2900669574737549, "decoding_time": 0.16144609451293945}