{"MSE": 10.074604034423828, "PSNR": 38.09852374942517, "encoding_time": 0.2722909450531006, "decoding_time": 0.15715909004211426}