{"MSE": 10.883174896240234, "PSNR": 37.76324752382861, "encoding_time": 0.2752261161804199, "decoding_time": 0.16004204750061035}