{"MSE": 10.559226989746094, "PSNR": 37.89448234940547, "encoding_time": 0.15430927276611328, "decoding_time": 0.23718762397766113}