{"MSE": 10.536727905273438, "PSNR": 37.90374595656404, "encoding_time": 0.2914140224456787, "decoding_time": 0.17599892616271973}