{"MSE": 9.887065887451172, "PSNR": 38.18012932561761, "encoding_time": 0.27335405349731445, "decoding_time": 0.15681719779968262}