{"MSE": 11.225456237792969, "PSNR": 37.62876359742276, "encoding_time": 0.27701401710510254, "decoding_time": 0.1696629524230957}