{"MSE": 10.61160659790039, "PSNR": 37.87299219776991, "encoding_time": 0.1695241928100586, "decoding_time": 0.24558496475219727}