{"MSE": 10.982036590576172, "PSNR": 37.72397474485005, "encoding_time": 0.27905702590942383, "decoding_time": 0.16811108589172363}