{"MSE": 10.61160659790039, "PSNR": 37.87299219776991, "encoding_time": 0.17417216300964355, "decoding_time": 0.26769590377807617}