{"MSE": 11.140132904052734, "PSNR": 37.66189988777738, "encoding_time": 0.16646814346313477, "decoding_time": 0.23490214347839355}