{"MSE": 10.89178466796875, "PSNR": 37.7598131417477, "encoding_time": 0.278792142868042, "decoding_time": 0.16864395141601562}