{"MSE": 10.04776382446289, "PSNR": 38.11010942569732, "encoding_time": 0.2794349193572998, "decoding_time": 0.2080528736114502}