{"MSE": 10.667835235595703, "PSNR": 37.85004061463887, "encoding_time": 0.27852487564086914, "decoding_time": 0.16597700119018555}