{"MSE": 10.340240478515625, "PSNR": 37.98549721792975, "encoding_time": 0.1716761589050293, "decoding_time": 0.22498393058776855}