{"MSE": 10.666927337646484, "PSNR": 37.850410241503354, "encoding_time": 0.28104209899902344, "decoding_time": 0.18570685386657715}