{"MSE": 10.474414825439453, "PSNR": 37.92950591299403, "encoding_time": 0.2820749282836914, "decoding_time": 0.16889214515686035}