{"MSE": 10.454559326171875, "PSNR": 37.93774629428741, "encoding_time": 0.2785460948944092, "decoding_time": 0.17268991470336914}