{"MSE": 9.854568481445312, "PSNR": 38.19442749018578, "encoding_time": 0.27727723121643066, "decoding_time": 0.16082191467285156}