{"MSE": 10.408451080322266, "PSNR": 37.956942554994484, "encoding_time": 0.16538286209106445, "decoding_time": 0.22581195831298828}