{"MSE": 10.491806030273438, "PSNR": 37.922301079965436, "encoding_time": 0.17293906211853027, "decoding_time": 0.2382500171661377}