{"MSE": 10.845088958740234, "PSNR": 37.77847242126592, "encoding_time": 0.16958379745483398, "decoding_time": 0.2469632625579834}