{"MSE": 10.883613586425781, "PSNR": 37.76307246747886, "encoding_time": 0.2775239944458008, "decoding_time": 0.16535019874572754}