{"MSE": 10.852302551269531, "PSNR": 37.77558467916645, "encoding_time": 0.1704568862915039, "decoding_time": 0.2409839630126953}