{"MSE": 10.337478637695312, "PSNR": 37.98665735771939, "encoding_time": 0.2743821144104004, "decoding_time": 0.17070293426513672}