{"MSE": 10.844257354736328, "PSNR": 37.778805452077435, "encoding_time": 0.17222094535827637, "decoding_time": 0.24820399284362793}