{"MSE": 10.924057006835938, "PSNR": 37.746964030426824, "encoding_time": 0.2843282222747803, "decoding_time": 0.1704399585723877}