{"MSE": 10.55605697631836, "PSNR": 37.89578635209072, "encoding_time": 0.27689290046691895, "decoding_time": 0.16111993789672852}