{"MSE": 11.076766967773438, "PSNR": 37.68667341716026, "encoding_time": 0.17155003547668457, "decoding_time": 0.23395824432373047}