{"MSE": 10.654705047607422, "PSNR": 37.85538929151762, "encoding_time": 0.28256797790527344, "decoding_time": 0.16796207427978516}