{"MSE": 10.7623291015625, "PSNR": 37.81174092651277, "encoding_time": 0.28380799293518066, "decoding_time": 0.1696159839630127}