{"MSE": 9.899085998535156, "PSNR": 38.174852636559606, "encoding_time": 0.28477907180786133, "decoding_time": 0.1579132080078125}