{"MSE": 10.760055541992188, "PSNR": 37.81265847760731, "encoding_time": 0.1606149673461914, "decoding_time": 0.2233719825744629}