{"MSE": 10.640457153320312, "PSNR": 37.861200736138294, "encoding_time": 0.1701512336730957, "decoding_time": 0.2230236530303955}