{"MSE": 10.734046936035156, "PSNR": 37.82316870902872, "encoding_time": 0.15991687774658203, "decoding_time": 0.2333228588104248}