{"MSE": 10.958145141601562, "PSNR": 37.73343312462301, "encoding_time": 0.28885412216186523, "decoding_time": 0.17562198638916016}