{"MSE": 9.52286148071289, "PSNR": 38.34312893727702, "encoding_time": 0.27132606506347656, "decoding_time": 0.15064096450805664}