{"MSE": 10.88946533203125, "PSNR": 37.76073804257124, "encoding_time": 0.1771988868713379, "decoding_time": 0.2508671283721924}