{"MSE": 10.997272491455078, "PSNR": 37.717953746907234, "encoding_time": 0.1657850742340088, "decoding_time": 0.24486207962036133}