{"MSE": 10.60028076171875, "PSNR": 37.87762992617254, "encoding_time": 0.28037571907043457, "decoding_time": 0.1672351360321045}