{"MSE": 10.844257354736328, "PSNR": 37.778805452077435, "encoding_time": 0.16764378547668457, "decoding_time": 0.2417449951171875}