{"MSE": 10.956710815429688, "PSNR": 37.73400161564463, "encoding_time": 0.28084397315979004, "decoding_time": 0.1815509796142578}