{"MSE": 10.72406005859375, "PSNR": 37.82721123344944, "encoding_time": 0.16235685348510742, "decoding_time": 0.2335500717163086}