{"MSE": 10.915924072265625, "PSNR": 37.750198546753595, "encoding_time": 0.2763969898223877, "decoding_time": 0.1630558967590332}