{"MSE": 10.568046569824219, "PSNR": 37.89085642467616, "encoding_time": 0.27660298347473145, "decoding_time": 0.16115403175354004}