{"MSE": 10.97625732421875, "PSNR": 37.72626080911002, "encoding_time": 0.18643879890441895, "decoding_time": 0.2676851749420166}