{"MSE": 10.640457153320312, "PSNR": 37.861200736138294, "encoding_time": 0.1591942310333252, "decoding_time": 0.21307706832885742}