{"MSE": 9.856300354003906, "PSNR": 38.193664314595935, "encoding_time": 0.27458882331848145, "decoding_time": 0.1599712371826172}