{"MSE": 9.839599609375, "PSNR": 38.201029342838126, "encoding_time": 0.27856016159057617, "decoding_time": 0.18032383918762207}