{"MSE": 10.696781158447266, "PSNR": 37.83827250045596, "encoding_time": 0.17021512985229492, "decoding_time": 0.24520087242126465}