{"MSE": 10.745555877685547, "PSNR": 37.81851473998378, "encoding_time": 0.1988511085510254, "decoding_time": 0.24185681343078613}