{"MSE": 10.327850341796875, "PSNR": 37.990704248127514, "encoding_time": 0.2750229835510254, "decoding_time": 0.1756880283355713}