{"MSE": 10.82666015625, "PSNR": 37.78585856173504, "encoding_time": 0.28000521659851074, "decoding_time": 0.16647768020629883}