{"MSE": 9.860111236572266, "PSNR": 38.191985464178735, "encoding_time": 0.2720530033111572, "decoding_time": 0.1529231071472168}