{"MSE": 10.933273315429688, "PSNR": 37.74330155916983, "encoding_time": 0.2765538692474365, "decoding_time": 0.1601700782775879}