{"MSE": 10.90139389038086, "PSNR": 37.75598328964215, "encoding_time": 0.15261507034301758, "decoding_time": 0.2598249912261963}