{"MSE": 10.96063232421875, "PSNR": 37.73244751336577, "encoding_time": 0.1649460792541504, "decoding_time": 0.22806596755981445}