{"MSE": 10.933273315429688, "PSNR": 37.74330155916983, "encoding_time": 0.16992592811584473, "decoding_time": 0.24427390098571777}