{"MSE": 11.015754699707031, "PSNR": 37.71066104438739, "encoding_time": 0.17322397232055664, "decoding_time": 0.24377894401550293}