{"MSE": 10.325756072998047, "PSNR": 37.99158499444155, "encoding_time": 0.2752039432525635, "decoding_time": 0.16040802001953125}