{"MSE": 10.700874328613281, "PSNR": 37.8366109714727, "encoding_time": 0.28038716316223145, "decoding_time": 0.1699390411376953}