{"MSE": 9.562137603759766, "PSNR": 38.32525371756668, "encoding_time": 0.28678202629089355, "decoding_time": 0.17229199409484863}