{"MSE": 10.8189697265625, "PSNR": 37.78894455307404, "encoding_time": 0.17071318626403809, "decoding_time": 0.23477888107299805}