{"MSE": 10.45205307006836, "PSNR": 37.93878754686395, "encoding_time": 0.16055798530578613, "decoding_time": 0.22640419006347656}