{"MSE": 10.01998519897461, "PSNR": 38.122132808544876, "encoding_time": 0.2711679935455322, "decoding_time": 0.15310382843017578}