{"MSE": 9.850410461425781, "PSNR": 38.196260331704835, "encoding_time": 0.2781708240509033, "decoding_time": 0.16173815727233887}