{"MSE": 10.107830047607422, "PSNR": 38.08422429757626, "encoding_time": 0.16080999374389648, "decoding_time": 0.2138822078704834}