{"MSE": 9.85794448852539, "PSNR": 38.19293992615748, "encoding_time": 0.2750699520111084, "decoding_time": 0.15689921379089355}