{"MSE": 10.380134582519531, "PSNR": 37.9687737652053, "encoding_time": 0.2764732837677002, "decoding_time": 0.18172883987426758}