{"MSE": 10.03964614868164, "PSNR": 38.11361954670774, "encoding_time": 0.2843000888824463, "decoding_time": 0.15590882301330566}