{"MSE": 9.90207290649414, "PSNR": 38.173542412586755, "encoding_time": 0.2734217643737793, "decoding_time": 0.15591025352478027}