{"MSE": 10.084365844726562, "PSNR": 38.094317680658115, "encoding_time": 0.27663111686706543, "decoding_time": 0.16346502304077148}