{"MSE": 8.996681213378906, "PSNR": 38.58998028820783, "encoding_time": 0.27544093132019043, "decoding_time": 0.15197277069091797}