{"MSE": 11.087512969970703, "PSNR": 37.682462199980556, "encoding_time": 0.27341508865356445, "decoding_time": 0.15978693962097168}