{"MSE": 9.710247039794922, "PSNR": 38.25850081870825, "encoding_time": 0.2902650833129883, "decoding_time": 0.1714630126953125}