{"MSE": 10.573284149169922, "PSNR": 37.88870457162099, "encoding_time": 0.2765991687774658, "decoding_time": 0.16086697578430176}