{"MSE": 10.928070068359375, "PSNR": 37.745368899217155, "encoding_time": 0.16196703910827637, "decoding_time": 0.24338603019714355}