{"MSE": 10.958328247070312, "PSNR": 37.733360556657104, "encoding_time": 0.15714192390441895, "decoding_time": 0.21077680587768555}