{"MSE": 10.856605529785156, "PSNR": 37.77386302661481, "encoding_time": 0.17914700508117676, "decoding_time": 0.27179598808288574}