{"MSE": 10.572891235351562, "PSNR": 37.88886596279466, "encoding_time": 0.2868227958679199, "decoding_time": 0.16101312637329102}