{"MSE": 10.923202514648438, "PSNR": 37.747303753806484, "encoding_time": 0.16487812995910645, "decoding_time": 0.24331998825073242}