{"MSE": 10.494518280029297, "PSNR": 37.921178525018085, "encoding_time": 0.1735978126525879, "decoding_time": 0.23638415336608887}