{"MSE": 10.714012145996094, "PSNR": 37.831282264905724, "encoding_time": 0.28098607063293457, "decoding_time": 0.16687583923339844}