{"MSE": 10.069347381591797, "PSNR": 38.10079037062863, "encoding_time": 0.2873828411102295, "decoding_time": 0.18101906776428223}