{"MSE": 10.686626434326172, "PSNR": 37.84239732570977, "encoding_time": 0.28959226608276367, "decoding_time": 0.17639994621276855}