{"MSE": 10.845088958740234, "PSNR": 37.77847242126592, "encoding_time": 0.27774500846862793, "decoding_time": 0.1603100299835205}