{"MSE": 9.664466857910156, "PSNR": 38.27902459777426, "encoding_time": 0.2803351879119873, "decoding_time": 0.16116976737976074}