{"MSE": 9.85183334350586, "PSNR": 38.19563304291177, "encoding_time": 0.2778759002685547, "decoding_time": 0.16280817985534668}