{"MSE": 10.76650619506836, "PSNR": 37.810055662393495, "encoding_time": 0.16614413261413574, "decoding_time": 0.2602579593658447}