{"MSE": 9.867652893066406, "PSNR": 38.18866496628769, "encoding_time": 0.27576279640197754, "decoding_time": 0.15376806259155273}