{"MSE": 10.853523254394531, "PSNR": 37.775096197745356, "encoding_time": 0.16796493530273438, "decoding_time": 0.2364799976348877}