{"MSE": 10.584121704101562, "PSNR": 37.88425535818865, "encoding_time": 0.27822375297546387, "decoding_time": 0.1674041748046875}