{"MSE": 10.261024475097656, "PSNR": 38.01889637356234, "encoding_time": 0.16535091400146484, "decoding_time": 0.24693703651428223}