{"MSE": 10.358333587646484, "PSNR": 37.97790467611287, "encoding_time": 0.27414679527282715, "decoding_time": 0.16093683242797852}