{"MSE": 10.555438995361328, "PSNR": 37.89604060761102, "encoding_time": 0.2737300395965576, "decoding_time": 0.15979504585266113}