{"MSE": 10.895500183105469, "PSNR": 37.75833188536537, "encoding_time": 0.18296074867248535, "decoding_time": 0.2666492462158203}