{"MSE": 10.739253997802734, "PSNR": 37.82106246719485, "encoding_time": 0.16762280464172363, "decoding_time": 0.24706315994262695}