{"MSE": 11.038570404052734, "PSNR": 37.701675289451465, "encoding_time": 0.1578071117401123, "decoding_time": 0.23778891563415527}