{"MSE": 10.78261947631836, "PSNR": 37.80356081843261, "encoding_time": 0.15622806549072266, "decoding_time": 0.22270607948303223}