{"MSE": 10.97625732421875, "PSNR": 37.72626080911002, "encoding_time": 0.17162513732910156, "decoding_time": 0.2398691177368164}