{"MSE": 9.52065658569336, "PSNR": 38.344134606230725, "encoding_time": 0.2702639102935791, "decoding_time": 0.15149521827697754}