{"MSE": 10.718860626220703, "PSNR": 37.82931736895783, "encoding_time": 0.27835512161254883, "decoding_time": 0.164625883102417}