{"MSE": 10.815910339355469, "PSNR": 37.790172824260964, "encoding_time": 0.17471003532409668, "decoding_time": 0.2464451789855957}