{"MSE": 11.263504028320312, "PSNR": 37.61406842161666, "encoding_time": 0.15432000160217285, "decoding_time": 0.2212839126586914}