{"MSE": 10.732978820800781, "PSNR": 37.82360088492301, "encoding_time": 0.2770500183105469, "decoding_time": 0.16364192962646484}