{"MSE": 10.694328308105469, "PSNR": 37.83926848374024, "encoding_time": 0.18048787117004395, "decoding_time": 0.25832104682922363}