{"MSE": 11.087512969970703, "PSNR": 37.682462199980556, "encoding_time": 0.1683037281036377, "decoding_time": 0.2441411018371582}