{"MSE": 10.734046936035156, "PSNR": 37.82316870902872, "encoding_time": 0.2732529640197754, "decoding_time": 0.15933012962341309}