{"MSE": 11.031551361083984, "PSNR": 37.704437695354606, "encoding_time": 0.284517765045166, "decoding_time": 0.17167115211486816}