{"MSE": 10.8189697265625, "PSNR": 37.78894455307404, "encoding_time": 0.16137385368347168, "decoding_time": 0.24340415000915527}