{"MSE": 10.329696655273438, "PSNR": 37.98992792772801, "encoding_time": 0.17138004302978516, "decoding_time": 0.2466597557067871}