{"MSE": 11.156486511230469, "PSNR": 37.655529161796196, "encoding_time": 0.28423500061035156, "decoding_time": 0.17389893531799316}