{"MSE": 6.762054443359375, "PSNR": 39.83001697786966, "encoding_time": 0.2782101631164551, "decoding_time": 0.16613197326660156}