{"MSE": 6.833274841308594, "PSNR": 39.78451472025326, "encoding_time": 0.27721691131591797, "decoding_time": 0.1925640106201172}