{"MSE": 8.66281509399414, "PSNR": 38.75421316296337, "encoding_time": 0.29143404960632324, "decoding_time": 0.18879199028015137}