{"MSE": 8.49285888671875, "PSNR": 38.8402645275259, "encoding_time": 0.28890395164489746, "decoding_time": 0.1850299835205078}