{"MSE": 6.699737548828125, "PSNR": 39.87022570604128, "encoding_time": 0.27764201164245605, "decoding_time": 0.16521072387695312}