{"MSE": 7.573932647705078, "PSNR": 39.337589220926205, "encoding_time": 0.28196287155151367, "decoding_time": 0.17612385749816895}