{"MSE": 8.335948944091797, "PSNR": 38.921253148653285, "encoding_time": 0.28970789909362793, "decoding_time": 0.1873469352722168}