{"MSE": 11.22536849975586, "PSNR": 37.62879754196227, "encoding_time": 0.3166990280151367, "decoding_time": 0.21939492225646973}