{"MSE": 10.42605972290039, "PSNR": 37.94960152529758, "encoding_time": 0.31101012229919434, "decoding_time": 0.21207594871520996}