{"MSE": 9.185649871826172, "PSNR": 38.49970473414551, "encoding_time": 0.30162715911865234, "decoding_time": 0.19201397895812988}