{"MSE": 11.183944702148438, "PSNR": 37.64485349784899, "encoding_time": 0.31086301803588867, "decoding_time": 0.21700596809387207}