{"MSE": 11.395221710205078, "PSNR": 37.56357581454023, "encoding_time": 0.3124380111694336, "decoding_time": 0.21451520919799805}