{"MSE": 9.692878723144531, "PSNR": 38.26627581969313, "encoding_time": 0.30071091651916504, "decoding_time": 0.19780516624450684}