{"MSE": 9.572784423828125, "PSNR": 38.32042082023269, "encoding_time": 0.3043529987335205, "decoding_time": 0.19641900062561035}