{"MSE": 10.695770263671875, "PSNR": 37.83868294801258, "encoding_time": 0.3267190456390381, "decoding_time": 0.2379469871520996}