{"MSE": 9.772075653076172, "PSNR": 38.23093540349325, "encoding_time": 0.30005383491516113, "decoding_time": 0.19609403610229492}