{"MSE": 9.919734954833984, "PSNR": 38.16580292462806, "encoding_time": 0.3042299747467041, "decoding_time": 0.21277999877929688}