{"MSE": 11.129962921142578, "PSNR": 37.66586643358898, "encoding_time": 0.31456875801086426, "decoding_time": 0.24552440643310547}