{"MSE": 9.60061264038086, "PSNR": 38.30781413469235, "encoding_time": 0.29954099655151367, "decoding_time": 0.1960141658782959}