{"MSE": 9.531475067138672, "PSNR": 38.33920244705309, "encoding_time": 0.3019287586212158, "decoding_time": 0.1980600357055664}