{"MSE": 9.583755493164062, "PSNR": 38.315446356770344, "encoding_time": 0.30193519592285156, "decoding_time": 0.1971421241760254}