{"MSE": 10.126628875732422, "PSNR": 38.076154667742514, "encoding_time": 0.30435919761657715, "decoding_time": 0.20145487785339355}