{"MSE": 10.94729995727539, "PSNR": 37.73773342901916, "encoding_time": 0.317767858505249, "decoding_time": 0.21940231323242188}