{"MSE": 9.03335952758789, "PSNR": 38.57231065376962, "encoding_time": 0.30265307426452637, "decoding_time": 0.18955111503601074}