{"MSE": 9.513427734375, "PSNR": 38.34743337315454, "encoding_time": 0.30432701110839844, "decoding_time": 0.19610285758972168}