{"MSE": 9.250194549560547, "PSNR": 38.4692949397622, "encoding_time": 0.30027008056640625, "decoding_time": 0.19261503219604492}