{"MSE": 10.659950256347656, "PSNR": 37.85325182766862, "encoding_time": 0.3124380111694336, "decoding_time": 0.21106600761413574}