{"MSE": 11.30289077758789, "PSNR": 37.598908299334184, "encoding_time": 0.31433987617492676, "decoding_time": 0.21550202369689941}