{"MSE": 9.841842651367188, "PSNR": 38.200039434932805, "encoding_time": 0.31305694580078125, "decoding_time": 0.20926189422607422}