{"MSE": 10.639514923095703, "PSNR": 37.86158532817255, "encoding_time": 0.30867695808410645, "decoding_time": 0.2605319023132324}