{"MSE": 9.822620391845703, "PSNR": 38.208530003813856, "encoding_time": 0.31127023696899414, "decoding_time": 0.23771286010742188}