{"MSE": 9.691978454589844, "PSNR": 38.26667920844367, "encoding_time": 0.3019239902496338, "decoding_time": 0.20165491104125977}