{"MSE": 10.521697998046875, "PSNR": 37.90994528685618, "encoding_time": 0.310654878616333, "decoding_time": 0.21242618560791016}