{"MSE": 10.957569122314453, "PSNR": 37.73366141925663, "encoding_time": 0.3724479675292969, "decoding_time": 0.22304701805114746}