{"MSE": 9.454822540283203, "PSNR": 38.37426978982359, "encoding_time": 0.29644322395324707, "decoding_time": 0.19840574264526367}