{"MSE": 10.614505767822266, "PSNR": 37.871805834967994, "encoding_time": 0.31314802169799805, "decoding_time": 0.21437788009643555}