{"MSE": 10.52285385131836, "PSNR": 37.90946822210157, "encoding_time": 0.30917882919311523, "decoding_time": 0.2128441333770752}