{"MSE": 11.322956085205078, "PSNR": 37.59120537911804, "encoding_time": 0.3123350143432617, "decoding_time": 0.21982789039611816}