{"MSE": 9.326396942138672, "PSNR": 38.433664652853736, "encoding_time": 0.3093388080596924, "decoding_time": 0.19926929473876953}