{"MSE": 11.373481750488281, "PSNR": 37.571869257710865, "encoding_time": 0.3152811527252197, "decoding_time": 0.22219610214233398}