{"MSE": 11.199031829833984, "PSNR": 37.638998818705176, "encoding_time": 0.31661081314086914, "decoding_time": 0.21905303001403809}