{"MSE": 9.30343246459961, "PSNR": 38.44437151517512, "encoding_time": 0.30074191093444824, "decoding_time": 0.20278310775756836}