{"MSE": 9.265289306640625, "PSNR": 38.46221376250665, "encoding_time": 0.2972249984741211, "decoding_time": 0.19000506401062012}