{"MSE": 9.616531372070312, "PSNR": 38.30061908124587, "encoding_time": 0.3049159049987793, "decoding_time": 0.22977304458618164}