{"MSE": 11.245201110839844, "PSNR": 37.62113134040058, "encoding_time": 0.318375825881958, "decoding_time": 0.21078109741210938}