{"MSE": 11.200820922851562, "PSNR": 37.638305070192295, "encoding_time": 0.3099501132965088, "decoding_time": 0.21589994430541992}