{"MSE": 11.467021942138672, "PSNR": 37.53629717336959, "encoding_time": 0.3079850673675537, "decoding_time": 0.21423602104187012}