{"MSE": 11.14456558227539, "PSNR": 37.66017216620312, "encoding_time": 0.3121168613433838, "decoding_time": 0.21436214447021484}