{"MSE": 10.951622009277344, "PSNR": 37.7360191497846, "encoding_time": 0.31523776054382324, "decoding_time": 0.22050690650939941}