{"MSE": 9.364551544189453, "PSNR": 38.41593376438796, "encoding_time": 0.3043041229248047, "decoding_time": 0.19742774963378906}