{"MSE": 9.424808502197266, "PSNR": 38.38807826105085, "encoding_time": 0.30393385887145996, "decoding_time": 0.21848607063293457}