{"MSE": 10.627685546875, "PSNR": 37.866416648923106, "encoding_time": 0.30602598190307617, "decoding_time": 0.24404287338256836}