{"MSE": 9.879756927490234, "PSNR": 38.18334101133348, "encoding_time": 0.31635093688964844, "decoding_time": 0.22145509719848633}