{"MSE": 9.63515853881836, "PSNR": 38.292214958497105, "encoding_time": 0.3083159923553467, "decoding_time": 0.19669508934020996}