{"MSE": 9.904979705810547, "PSNR": 38.17226770812983, "encoding_time": 0.3036160469055176, "decoding_time": 0.19875192642211914}