{"MSE": 11.097667694091797, "PSNR": 37.67848644605201, "encoding_time": 0.31559014320373535, "decoding_time": 0.21693682670593262}