{"MSE": 9.473617553710938, "PSNR": 38.365645124229324, "encoding_time": 0.30597925186157227, "decoding_time": 0.20634794235229492}