{"MSE": 11.203968048095703, "PSNR": 37.637084992522155, "encoding_time": 0.3206009864807129, "decoding_time": 0.26257896423339844}