{"MSE": 9.737770080566406, "PSNR": 38.24620844706104, "encoding_time": 0.3086698055267334, "decoding_time": 0.21859502792358398}