{"MSE": 11.318244934082031, "PSNR": 37.59301272755678, "encoding_time": 0.3262178897857666, "decoding_time": 0.27015113830566406}