{"MSE": 10.709869384765625, "PSNR": 37.83296186564667, "encoding_time": 0.3152768611907959, "decoding_time": 0.2102189064025879}