{"MSE": 9.950382232666016, "PSNR": 38.152405968710056, "encoding_time": 0.30448412895202637, "decoding_time": 0.21346092224121094}