{"MSE": 10.741455078125, "PSNR": 37.82017244346411, "encoding_time": 0.3203091621398926, "decoding_time": 0.22072291374206543}