{"MSE": 10.473075866699219, "PSNR": 37.930061113043266, "encoding_time": 0.3106660842895508, "decoding_time": 0.20954680442810059}