{"MSE": 11.007217407226562, "PSNR": 37.71402816412254, "encoding_time": 0.31464600563049316, "decoding_time": 0.21663498878479004}