{"MSE": 11.140617370605469, "PSNR": 37.661711024163765, "encoding_time": 0.319652795791626, "decoding_time": 0.2287132740020752}