{"MSE": 9.321102142333984, "PSNR": 38.4361309378921, "encoding_time": 0.2998390197753906, "decoding_time": 0.21573281288146973}