{"MSE": 11.268905639648438, "PSNR": 37.611986185342154, "encoding_time": 0.3154120445251465, "decoding_time": 0.2176809310913086}