{"MSE": 11.335094451904297, "PSNR": 37.58655217546094, "encoding_time": 0.3408658504486084, "decoding_time": 0.21427202224731445}