{"MSE": 10.632518768310547, "PSNR": 37.86444202873196, "encoding_time": 0.31571269035339355, "decoding_time": 0.2152402400970459}