{"MSE": 9.504886627197266, "PSNR": 38.351334198322846, "encoding_time": 0.3038311004638672, "decoding_time": 0.21722173690795898}