{"MSE": 9.106643676757812, "PSNR": 38.537220169620255, "encoding_time": 0.2954370975494385, "decoding_time": 0.18944001197814941}