{"MSE": 10.06850814819336, "PSNR": 38.101152350019774, "encoding_time": 0.306182861328125, "decoding_time": 0.2186601161956787}