{"MSE": 9.451812744140625, "PSNR": 38.37565251905887, "encoding_time": 0.30695676803588867, "decoding_time": 0.2064979076385498}