{"MSE": 9.663070678710938, "PSNR": 38.27965204751728, "encoding_time": 0.29970312118530273, "decoding_time": 0.19765186309814453}