{"MSE": 9.300041198730469, "PSNR": 38.44595488406268, "encoding_time": 0.31151509284973145, "decoding_time": 0.19434595108032227}