{"MSE": 9.08416748046875, "PSNR": 38.54795228365908, "encoding_time": 0.29531097412109375, "decoding_time": 0.18673205375671387}