{"MSE": 9.366382598876953, "PSNR": 38.415084669576885, "encoding_time": 0.3137679100036621, "decoding_time": 0.21951818466186523}