{"MSE": 10.793476104736328, "PSNR": 37.799190264738854, "encoding_time": 0.315540075302124, "decoding_time": 0.21831297874450684}