{"MSE": 10.049884796142578, "PSNR": 38.10919277488153, "encoding_time": 0.30991125106811523, "decoding_time": 0.25370168685913086}