{"MSE": 9.345203399658203, "PSNR": 38.424916025700895, "encoding_time": 0.3075070381164551, "decoding_time": 0.1952347755432129}