{"MSE": 11.352039337158203, "PSNR": 37.58006473495911, "encoding_time": 0.31987690925598145, "decoding_time": 0.22022390365600586}