{"MSE": 9.272472381591797, "PSNR": 38.45884812427806, "encoding_time": 0.30437779426574707, "decoding_time": 0.1889631748199463}