{"MSE": 9.145149230957031, "PSNR": 38.518895641607365, "encoding_time": 0.2968440055847168, "decoding_time": 0.20305466651916504}