{"MSE": 9.666767120361328, "PSNR": 38.27799104627382, "encoding_time": 0.2993478775024414, "decoding_time": 0.19667935371398926}