{"MSE": 10.280899047851562, "PSNR": 38.01049266203962, "encoding_time": 0.31311488151550293, "decoding_time": 0.2048649787902832}