{"MSE": 10.007190704345703, "PSNR": 38.12768184770931, "encoding_time": 0.3117039203643799, "decoding_time": 0.22789716720581055}