{"MSE": 9.538787841796875, "PSNR": 38.33587171390873, "encoding_time": 0.2988550662994385, "decoding_time": 0.19393181800842285}