{"MSE": 9.42612075805664, "PSNR": 38.38747361660958, "encoding_time": 0.3079698085784912, "decoding_time": 0.20611810684204102}