{"MSE": 10.506793975830078, "PSNR": 37.91610144460519, "encoding_time": 0.31854987144470215, "decoding_time": 0.22457218170166016}