{"MSE": 9.818634033203125, "PSNR": 38.210292878574975, "encoding_time": 0.30788207054138184, "decoding_time": 0.2206740379333496}