{"MSE": 9.223491668701172, "PSNR": 38.48185001052368, "encoding_time": 0.3012731075286865, "decoding_time": 0.19043803215026855}