{"MSE": 10.290496826171875, "PSNR": 38.006440178201366, "encoding_time": 0.30542588233947754, "decoding_time": 0.20863604545593262}