{"MSE": 10.01633071899414, "PSNR": 38.12371705238875, "encoding_time": 0.30601024627685547, "decoding_time": 0.20248198509216309}