{"MSE": 9.699668884277344, "PSNR": 38.26323451775444, "encoding_time": 0.30878591537475586, "decoding_time": 0.20584917068481445}