{"MSE": 9.791213989257812, "PSNR": 38.222438185898504, "encoding_time": 0.3028678894042969, "decoding_time": 0.231903076171875}