{"MSE": 9.623481750488281, "PSNR": 38.29748133793339, "encoding_time": 0.306689977645874, "decoding_time": 0.19605088233947754}