{"MSE": 9.808757781982422, "PSNR": 38.21466350693908, "encoding_time": 0.3043022155761719, "decoding_time": 0.20569491386413574}