{"MSE": 10.06640625, "PSNR": 38.10205907628855, "encoding_time": 0.3057212829589844, "decoding_time": 0.20434188842773438}