{"MSE": 11.308464050292969, "PSNR": 37.596767391237876, "encoding_time": 0.31540894508361816, "decoding_time": 0.2205049991607666}