{"MSE": 9.120635986328125, "PSNR": 38.53055237920779, "encoding_time": 0.3114800453186035, "decoding_time": 0.19675683975219727}