{"MSE": 10.494503021240234, "PSNR": 37.9211848395649, "encoding_time": 0.31383395195007324, "decoding_time": 0.214799165725708}