{"MSE": 9.996719360351562, "PSNR": 38.13222860613347, "encoding_time": 0.3205833435058594, "decoding_time": 0.26121973991394043}