{"MSE": 9.510616302490234, "PSNR": 38.34871700071588, "encoding_time": 0.30889296531677246, "decoding_time": 0.19599294662475586}