{"MSE": 11.117218017578125, "PSNR": 37.6708423825968, "encoding_time": 0.3172459602355957, "decoding_time": 0.2231581211090088}