{"MSE": 9.538654327392578, "PSNR": 38.335932502528635, "encoding_time": 0.30720019340515137, "decoding_time": 0.19636178016662598}