{"MSE": 11.329414367675781, "PSNR": 37.588728996770826, "encoding_time": 0.32179808616638184, "decoding_time": 0.23053193092346191}