{"MSE": 10.05368423461914, "PSNR": 38.1075512005105, "encoding_time": 0.30841970443725586, "decoding_time": 0.2033522129058838}