{"MSE": 9.948318481445312, "PSNR": 38.15330680719521, "encoding_time": 0.30693507194519043, "decoding_time": 0.21875}