{"MSE": 9.572681427001953, "PSNR": 38.32046754769663, "encoding_time": 0.30292606353759766, "decoding_time": 0.20471811294555664}