{"MSE": 9.5128173828125, "PSNR": 38.34771201175514, "encoding_time": 0.29919910430908203, "decoding_time": 0.22391700744628906}