{"MSE": 9.639442443847656, "PSNR": 38.29028446318099, "encoding_time": 0.3000929355621338, "decoding_time": 0.19599318504333496}