{"MSE": 9.569347381591797, "PSNR": 38.32198040461809, "encoding_time": 0.30252718925476074, "decoding_time": 0.20352506637573242}