{"MSE": 11.242538452148438, "PSNR": 37.6221597923524, "encoding_time": 0.31975483894348145, "decoding_time": 0.2296772003173828}