{"MSE": 9.729629516601562, "PSNR": 38.249840572859796, "encoding_time": 0.3038959503173828, "decoding_time": 0.1962141990661621}