{"MSE": 11.393444061279297, "PSNR": 37.564253364624584, "encoding_time": 0.31589794158935547, "decoding_time": 0.21927404403686523}