{"MSE": 9.115169525146484, "PSNR": 38.53315610734729, "encoding_time": 0.30878496170043945, "decoding_time": 0.18637514114379883}