{"MSE": 10.700904846191406, "PSNR": 37.836598585945616, "encoding_time": 0.42485499382019043, "decoding_time": 0.2161698341369629}