{"MSE": 11.513153076171875, "PSNR": 37.51886081890299, "encoding_time": 0.32007598876953125, "decoding_time": 0.22844529151916504}