{"MSE": 10.034160614013672, "PSNR": 38.11599312489753, "encoding_time": 0.30658507347106934, "decoding_time": 0.20217394828796387}