{"MSE": 10.824146270751953, "PSNR": 37.7868670845432, "encoding_time": 0.3169081211090088, "decoding_time": 0.21453189849853516}