{"MSE": 9.190723419189453, "PSNR": 38.497306639979, "encoding_time": 0.30631208419799805, "decoding_time": 0.19066786766052246}