{"MSE": 11.099048614501953, "PSNR": 37.677946072325994, "encoding_time": 0.33913278579711914, "decoding_time": 0.23659014701843262}