{"MSE": 10.667644500732422, "PSNR": 37.85011826473126, "encoding_time": 0.31604886054992676, "decoding_time": 0.2485511302947998}