{"MSE": 10.025127410888672, "PSNR": 38.1199046002514, "encoding_time": 0.30994367599487305, "decoding_time": 0.22399115562438965}