{"MSE": 9.267894744873047, "PSNR": 38.46099267987823, "encoding_time": 0.29797911643981934, "decoding_time": 0.1949620246887207}