{"MSE": 10.019367218017578, "PSNR": 38.122400667220205, "encoding_time": 0.2971620559692383, "decoding_time": 0.20560312271118164}