{"MSE": 9.647720336914062, "PSNR": 38.28655654991336, "encoding_time": 0.3042638301849365, "decoding_time": 0.2129971981048584}