{"MSE": 9.298717498779297, "PSNR": 38.44657307110926, "encoding_time": 0.3034079074859619, "decoding_time": 0.2004530429840088}