{"MSE": 11.334770202636719, "PSNR": 37.58667641058084, "encoding_time": 0.3107740879058838, "decoding_time": 0.2189948558807373}