{"MSE": 11.170516967773438, "PSNR": 37.65007088284443, "encoding_time": 0.31638288497924805, "decoding_time": 0.22390413284301758}