{"MSE": 10.899715423583984, "PSNR": 37.75665201604399, "encoding_time": 0.3112030029296875, "decoding_time": 0.2273719310760498}