{"MSE": 11.372051239013672, "PSNR": 37.572415530458855, "encoding_time": 0.3110320568084717, "decoding_time": 0.21990084648132324}