{"MSE": 10.406063079833984, "PSNR": 37.95793906678564, "encoding_time": 0.2844059467315674, "decoding_time": 0.17592597007751465}