{"MSE": 9.849353790283203, "PSNR": 38.19672623215012, "encoding_time": 0.26977086067199707, "decoding_time": 0.1578998565673828}