{"MSE": 7.5955352783203125, "PSNR": 39.325219756606444, "encoding_time": 0.26416015625, "decoding_time": 0.14720582962036133}