{"MSE": 9.701229095458984, "PSNR": 38.262536002552764, "encoding_time": 0.27358102798461914, "decoding_time": 0.1580209732055664}