{"MSE": 7.805850982666016, "PSNR": 39.2066010472765, "encoding_time": 0.2688310146331787, "decoding_time": 0.14609718322753906}