{"MSE": 9.799488067626953, "PSNR": 38.2187697244194, "encoding_time": 0.2795400619506836, "decoding_time": 0.1657419204711914}