{"MSE": 10.784393310546875, "PSNR": 37.802846425181585, "encoding_time": 0.27901411056518555, "decoding_time": 0.1720137596130371}