{"MSE": 7.525753021240234, "PSNR": 39.365303992455495, "encoding_time": 0.2592508792877197, "decoding_time": 0.13912296295166016}