{"MSE": 8.334293365478516, "PSNR": 38.92211577397703, "encoding_time": 0.2729179859161377, "decoding_time": 0.15469121932983398}