{"MSE": 9.991142272949219, "PSNR": 38.13465217538887, "encoding_time": 0.2737269401550293, "decoding_time": 0.1599128246307373}