{"MSE": 9.864639282226562, "PSNR": 38.189991517259976, "encoding_time": 0.27150678634643555, "decoding_time": 0.1576988697052002}