{"MSE": 12.610931396484375, "PSNR": 37.123331977352876, "encoding_time": 0.28287291526794434, "decoding_time": 0.17365503311157227}