{"MSE": 8.25457763671875, "PSNR": 38.963855043151455, "encoding_time": 0.27410292625427246, "decoding_time": 0.15517282485961914}