{"MSE": 11.686847686767578, "PSNR": 37.453829768969314, "encoding_time": 0.2802293300628662, "decoding_time": 0.17367076873779297}