{"MSE": 7.349128723144531, "PSNR": 39.46844506567353, "encoding_time": 0.27061891555786133, "decoding_time": 0.151353120803833}