{"MSE": 7.835102081298828, "PSNR": 39.19035701728141, "encoding_time": 0.2735278606414795, "decoding_time": 0.15594696998596191}