{"MSE": 10.37204360961914, "PSNR": 37.97216026760459, "encoding_time": 0.2898991107940674, "decoding_time": 0.1949160099029541}