{"MSE": 12.100269317626953, "PSNR": 37.302853242822344, "encoding_time": 0.28147101402282715, "decoding_time": 0.17647194862365723}