{"MSE": 8.274383544921875, "PSNR": 38.953447128626216, "encoding_time": 0.27517175674438477, "decoding_time": 0.15593314170837402}