{"MSE": 11.728389739990234, "PSNR": 37.43841971518096, "encoding_time": 0.2840430736541748, "decoding_time": 0.17746496200561523}