{"MSE": 9.617328643798828, "PSNR": 38.300259038371294, "encoding_time": 0.2731499671936035, "decoding_time": 0.15678787231445312}