{"MSE": 7.6776275634765625, "PSNR": 39.278533199073166, "encoding_time": 0.270341157913208, "decoding_time": 0.15277385711669922}