{"MSE": 7.294635772705078, "PSNR": 39.500767487855754, "encoding_time": 0.2690412998199463, "decoding_time": 0.15746378898620605}