{"MSE": 10.720264434814453, "PSNR": 37.82874862715979, "encoding_time": 0.2897779941558838, "decoding_time": 0.17888712882995605}