{"MSE": 12.614082336425781, "PSNR": 37.12224699412871, "encoding_time": 0.29160118103027344, "decoding_time": 0.18802571296691895}