{"MSE": 18.22350311279297, "PSNR": 35.5244849556803, "encoding_time": 0.317655086517334, "decoding_time": 0.2299189567565918}