{"MSE": 17.215431213378906, "PSNR": 35.7716245545106, "encoding_time": 0.31904101371765137, "decoding_time": 0.2295680046081543}