{"MSE": 17.81528091430664, "PSNR": 35.62287686099404, "encoding_time": 0.3137092590332031, "decoding_time": 0.22687268257141113}