{"MSE": 17.796077728271484, "PSNR": 35.62756066911386, "encoding_time": 0.3214700222015381, "decoding_time": 0.23372530937194824}