{"MSE": 17.88201904296875, "PSNR": 35.6066380783332, "encoding_time": 0.32761478424072266, "decoding_time": 0.23659324645996094}