{"MSE": 14.804279327392578, "PSNR": 36.42693090091905, "encoding_time": 0.3033740520477295, "decoding_time": 0.21886491775512695}