{"MSE": 17.985862731933594, "PSNR": 35.581490863123896, "encoding_time": 0.3193168640136719, "decoding_time": 0.23384809494018555}