{"MSE": 16.870418548583984, "PSNR": 35.85954503466363, "encoding_time": 0.3126058578491211, "decoding_time": 0.2260119915008545}