{"MSE": 18.762401580810547, "PSNR": 35.39791933725737, "encoding_time": 0.3183150291442871, "decoding_time": 0.25348472595214844}