{"MSE": 13.7625732421875, "PSNR": 36.74380717637004, "encoding_time": 0.29703807830810547, "decoding_time": 0.20322585105895996}