{"MSE": 18.18895721435547, "PSNR": 35.5327255949727, "encoding_time": 0.31394219398498535, "decoding_time": 0.22876691818237305}