{"MSE": 18.595211029052734, "PSNR": 35.43679249523654, "encoding_time": 0.34439706802368164, "decoding_time": 0.2573130130767822}