{"MSE": 17.11066436767578, "PSNR": 35.798134883452796, "encoding_time": 0.3142409324645996, "decoding_time": 0.22846412658691406}