{"MSE": 17.54989242553711, "PSNR": 35.688059021252585, "encoding_time": 0.31353211402893066, "decoding_time": 0.2321469783782959}