{"MSE": 18.51103973388672, "PSNR": 35.45649547841208, "encoding_time": 0.3167598247528076, "decoding_time": 0.23635029792785645}