{"MSE": 17.576709747314453, "PSNR": 35.681427797957625, "encoding_time": 0.30886292457580566, "decoding_time": 0.22312307357788086}