{"MSE": 16.294483184814453, "PSNR": 36.0103977044801, "encoding_time": 0.3070211410522461, "decoding_time": 0.2164609432220459}