{"MSE": 17.85240936279297, "PSNR": 35.61383524041356, "encoding_time": 0.3169059753417969, "decoding_time": 0.23320508003234863}