{"MSE": 16.15206527709961, "PSNR": 36.048522997672166, "encoding_time": 0.305858850479126, "decoding_time": 0.2153620719909668}