{"MSE": 15.935554504394531, "PSNR": 36.10713180789012, "encoding_time": 0.3093838691711426, "decoding_time": 0.217681884765625}