{"MSE": 17.632217407226562, "PSNR": 35.66773428763328, "encoding_time": 0.3209691047668457, "decoding_time": 0.2370917797088623}