{"MSE": 17.200740814208984, "PSNR": 35.775332090420655, "encoding_time": 0.31258535385131836, "decoding_time": 0.22345876693725586}