{"MSE": 18.60846710205078, "PSNR": 35.43369761866111, "encoding_time": 0.3178420066833496, "decoding_time": 0.23073697090148926}