{"MSE": 17.996681213378906, "PSNR": 35.57887937076083, "encoding_time": 0.3170187473297119, "decoding_time": 0.2301020622253418}