{"MSE": 17.629730224609375, "PSNR": 35.66834694221448, "encoding_time": 0.3070850372314453, "decoding_time": 0.22392487525939941}