{"MSE": 16.859195709228516, "PSNR": 35.86243508691622, "encoding_time": 0.305678129196167, "decoding_time": 0.21965789794921875}