{"MSE": 17.92983627319336, "PSNR": 35.59504037059955, "encoding_time": 0.31569600105285645, "decoding_time": 0.22606587409973145}