{"MSE": 16.247909545898438, "PSNR": 36.02282868234978, "encoding_time": 0.3075587749481201, "decoding_time": 0.2156531810760498}