{"MSE": 16.930282592773438, "PSNR": 35.84416153647465, "encoding_time": 0.31165504455566406, "decoding_time": 0.21942901611328125}