{"MSE": 17.04776382446289, "PSNR": 35.8141294072928, "encoding_time": 0.3067049980163574, "decoding_time": 0.22121000289916992}