{"MSE": 17.91791534423828, "PSNR": 35.59792880494849, "encoding_time": 0.3184850215911865, "decoding_time": 0.23588800430297852}