{"MSE": 14.730587005615234, "PSNR": 36.448603072893654, "encoding_time": 0.3013181686401367, "decoding_time": 0.20453190803527832}