{"MSE": 17.497039794921875, "PSNR": 35.701157812945084, "encoding_time": 0.31598496437072754, "decoding_time": 0.22432518005371094}