{"MSE": 17.331279754638672, "PSNR": 35.7424972834111, "encoding_time": 0.31047487258911133, "decoding_time": 0.22285699844360352}