{"MSE": 12.737495422363281, "PSNR": 37.07996319931364, "encoding_time": 0.29692840576171875, "decoding_time": 0.1996159553527832}