{"MSE": 17.69867706298828, "PSNR": 35.651395558460194, "encoding_time": 0.31205296516418457, "decoding_time": 0.22923874855041504}