{"MSE": 14.154624938964844, "PSNR": 36.621819946974114, "encoding_time": 0.2981579303741455, "decoding_time": 0.20127105712890625}