{"MSE": 17.2327880859375, "PSNR": 35.76724813403575, "encoding_time": 0.31894516944885254, "decoding_time": 0.23486781120300293}