{"MSE": 17.8350830078125, "PSNR": 35.61805225901077, "encoding_time": 0.31798505783081055, "decoding_time": 0.23275518417358398}