{"MSE": 13.139076232910156, "PSNR": 36.945155284487484, "encoding_time": 0.29383301734924316, "decoding_time": 0.19635510444641113}