{"MSE": 18.173786163330078, "PSNR": 35.53634947123466, "encoding_time": 0.3105940818786621, "decoding_time": 0.22919774055480957}