{"MSE": 18.120548248291016, "PSNR": 35.54909027482661, "encoding_time": 0.3153860569000244, "decoding_time": 0.23185086250305176}