{"MSE": 17.89392852783203, "PSNR": 35.603746625219756, "encoding_time": 0.31229305267333984, "decoding_time": 0.22780084609985352}