{"MSE": 14.556175231933594, "PSNR": 36.500330857451566, "encoding_time": 0.30393171310424805, "decoding_time": 0.20722508430480957}