{"MSE": 18.043834686279297, "PSNR": 35.567515213363606, "encoding_time": 0.3173046112060547, "decoding_time": 0.22976422309875488}