{"MSE": 17.641368865966797, "PSNR": 35.665480800794356, "encoding_time": 0.314194917678833, "decoding_time": 0.23239803314208984}