{"MSE": 17.265026092529297, "PSNR": 35.759131218353225, "encoding_time": 0.3101518154144287, "decoding_time": 0.2219240665435791}