{"MSE": 18.475975036621094, "PSNR": 35.46472994079774, "encoding_time": 0.3231039047241211, "decoding_time": 0.23930907249450684}