{"MSE": 16.799598693847656, "PSNR": 35.87781453375925, "encoding_time": 0.31395602226257324, "decoding_time": 0.22086715698242188}