{"MSE": 17.308223724365234, "PSNR": 35.748278606579944, "encoding_time": 0.3133409023284912, "decoding_time": 0.22645807266235352}