{"MSE": 16.83175277709961, "PSNR": 35.86951017216148, "encoding_time": 0.31261587142944336, "decoding_time": 0.22931313514709473}