{"MSE": 17.776103973388672, "PSNR": 35.63243779051895, "encoding_time": 0.3180961608886719, "decoding_time": 0.24423718452453613}