{"MSE": 14.958389282226562, "PSNR": 36.38195529605643, "encoding_time": 0.3037996292114258, "decoding_time": 0.20722508430480957}