{"MSE": 17.808719635009766, "PSNR": 35.62447664057026, "encoding_time": 0.3153359889984131, "decoding_time": 0.23278188705444336}