{"MSE": 16.863483428955078, "PSNR": 35.86133070667431, "encoding_time": 0.312777042388916, "decoding_time": 0.22976899147033691}