{"MSE": 16.493343353271484, "PSNR": 35.95771660790401, "encoding_time": 0.3081247806549072, "decoding_time": 0.21690821647644043}