{"MSE": 17.036697387695312, "PSNR": 35.81694951500198, "encoding_time": 0.31224584579467773, "decoding_time": 0.23293709754943848}