{"MSE": 17.2274169921875, "PSNR": 35.76860194861174, "encoding_time": 0.32276010513305664, "decoding_time": 0.26442503929138184}