{"MSE": 16.700016021728516, "PSNR": 35.90363473064941, "encoding_time": 0.3126099109649658, "decoding_time": 0.22745299339294434}