{"MSE": 17.204235076904297, "PSNR": 35.77444992790036, "encoding_time": 0.3079049587249756, "decoding_time": 0.2215559482574463}