{"MSE": 17.191207885742188, "PSNR": 35.77773968783344, "encoding_time": 0.310060977935791, "decoding_time": 0.22137689590454102}