{"MSE": 17.451366424560547, "PSNR": 35.71250923417212, "encoding_time": 0.31314516067504883, "decoding_time": 0.22359919548034668}