{"MSE": 16.1436767578125, "PSNR": 36.0507790769508, "encoding_time": 0.3074920177459717, "decoding_time": 0.21502995491027832}