{"MSE": 17.535213470458984, "PSNR": 35.69169303597177, "encoding_time": 0.31302475929260254, "decoding_time": 0.22828221321105957}