{"MSE": 17.766788482666016, "PSNR": 35.6347142885922, "encoding_time": 0.31636881828308105, "decoding_time": 0.22870182991027832}