{"MSE": 17.450469970703125, "PSNR": 35.71273233129472, "encoding_time": 0.30876898765563965, "decoding_time": 0.22408676147460938}