{"MSE": 17.62512969970703, "PSNR": 35.66948039308882, "encoding_time": 0.3115723133087158, "decoding_time": 0.2246997356414795}