{"MSE": 17.896461486816406, "PSNR": 35.60313190707269, "encoding_time": 0.3174128532409668, "decoding_time": 0.2261500358581543}