{"MSE": 17.326213836669922, "PSNR": 35.7437669079611, "encoding_time": 0.31189894676208496, "decoding_time": 0.22507596015930176}