{"MSE": 17.25271224975586, "PSNR": 35.762229818928596, "encoding_time": 0.31038904190063477, "decoding_time": 0.22129201889038086}