{"MSE": 16.386444091796875, "PSNR": 35.98595640296726, "encoding_time": 0.30764007568359375, "decoding_time": 0.219865083694458}