{"MSE": 18.00670623779297, "PSNR": 35.57646081339459, "encoding_time": 0.3166227340698242, "decoding_time": 0.23156404495239258}