{"MSE": 14.946308135986328, "PSNR": 36.38546429356225, "encoding_time": 0.3046278953552246, "decoding_time": 0.21578216552734375}