{"MSE": 16.375263214111328, "PSNR": 35.98892071348067, "encoding_time": 0.32747793197631836, "decoding_time": 0.2472531795501709}