{"MSE": 13.109451293945312, "PSNR": 36.95495846523271, "encoding_time": 0.2995178699493408, "decoding_time": 0.19991302490234375}