{"MSE": 17.684490203857422, "PSNR": 35.654878160749455, "encoding_time": 0.31407904624938965, "decoding_time": 0.2258899211883545}