{"MSE": 16.483646392822266, "PSNR": 35.96027071400534, "encoding_time": 0.307239294052124, "decoding_time": 0.21747398376464844}