{"MSE": 17.18804931640625, "PSNR": 35.778537697650286, "encoding_time": 0.30862998962402344, "decoding_time": 0.22060394287109375}