{"MSE": 18.423995971679688, "PSNR": 35.47696530868177, "encoding_time": 0.3218650817871094, "decoding_time": 0.2385249137878418}