{"MSE": 17.76974105834961, "PSNR": 35.63399261579731, "encoding_time": 0.31868696212768555, "decoding_time": 0.23315691947937012}