{"MSE": 15.672962188720703, "PSNR": 36.17929275015947, "encoding_time": 0.318436861038208, "decoding_time": 0.2509481906890869}