{"MSE": 18.339984893798828, "PSNR": 35.49681387251602, "encoding_time": 0.31931495666503906, "decoding_time": 0.2341599464416504}