{"MSE": 14.637638092041016, "PSNR": 36.4760935561731, "encoding_time": 0.3009209632873535, "decoding_time": 0.20395302772521973}