{"MSE": 18.67517852783203, "PSNR": 35.41815598665254, "encoding_time": 0.31585001945495605, "decoding_time": 0.22904229164123535}