{"MSE": 17.764827728271484, "PSNR": 35.635193605271596, "encoding_time": 0.31441807746887207, "decoding_time": 0.23906278610229492}