{"MSE": 12.734413146972656, "PSNR": 37.081014251453496, "encoding_time": 0.292111873626709, "decoding_time": 0.19252300262451172}