{"MSE": 17.090648651123047, "PSNR": 35.80321814808526, "encoding_time": 0.3145439624786377, "decoding_time": 0.23377609252929688}