{"MSE": 17.323715209960938, "PSNR": 35.744393252559085, "encoding_time": 0.31209707260131836, "decoding_time": 0.2258288860321045}