{"MSE": 16.977855682373047, "PSNR": 35.83197523259161, "encoding_time": 0.3085622787475586, "decoding_time": 0.21936893463134766}