{"MSE": 16.29180908203125, "PSNR": 36.01111048768101, "encoding_time": 0.30867886543273926, "decoding_time": 0.21666312217712402}