{"MSE": 14.812370300292969, "PSNR": 36.42455800255583, "encoding_time": 0.30550098419189453, "decoding_time": 0.20770502090454102}