{"MSE": 14.169940948486328, "PSNR": 36.61712320486362, "encoding_time": 0.2998831272125244, "decoding_time": 0.20465087890625}