{"MSE": 17.544574737548828, "PSNR": 35.68937515040579, "encoding_time": 0.3197441101074219, "decoding_time": 0.22227787971496582}