{"MSE": 16.905391693115234, "PSNR": 35.850551231699775, "encoding_time": 0.3116569519042969, "decoding_time": 0.22304892539978027}