{"MSE": 18.01181411743164, "PSNR": 35.57522904488533, "encoding_time": 0.3109140396118164, "decoding_time": 0.22687172889709473}