{"MSE": 17.900524139404297, "PSNR": 35.602146132668764, "encoding_time": 0.31568169593811035, "decoding_time": 0.2250511646270752}