{"MSE": 17.622615814208984, "PSNR": 35.67009987475261, "encoding_time": 0.31379079818725586, "decoding_time": 0.22595524787902832}