{"MSE": 17.073570251464844, "PSNR": 35.80756015009049, "encoding_time": 0.31246113777160645, "decoding_time": 0.22372102737426758}