{"MSE": 16.447647094726562, "PSNR": 35.96976581795501, "encoding_time": 0.30666065216064453, "decoding_time": 0.2172391414642334}