{"MSE": 15.608695983886719, "PSNR": 36.19713739077647, "encoding_time": 0.30401611328125, "decoding_time": 0.2125709056854248}