{"MSE": 16.525894165039062, "PSNR": 35.94915393742819, "encoding_time": 0.3065009117126465, "decoding_time": 0.21676993370056152}