{"MSE": 17.589447021484375, "PSNR": 35.678281745823035, "encoding_time": 0.3186969757080078, "decoding_time": 0.2558929920196533}