{"MSE": 14.287410736083984, "PSNR": 36.58126830811712, "encoding_time": 0.32384204864501953, "decoding_time": 0.21711993217468262}