{"MSE": 16.680057525634766, "PSNR": 35.90882816783057, "encoding_time": 0.3061099052429199, "decoding_time": 0.21744489669799805}