{"MSE": 16.500961303710938, "PSNR": 35.95571115033644, "encoding_time": 0.30532097816467285, "decoding_time": 0.2207319736480713}