{"MSE": 17.68661880493164, "PSNR": 35.65435545183377, "encoding_time": 0.31406116485595703, "decoding_time": 0.22989296913146973}