{"MSE": 17.662517547607422, "PSNR": 35.66027754542064, "encoding_time": 0.3133120536804199, "decoding_time": 0.2285599708557129}