{"MSE": 15.674755096435547, "PSNR": 36.17879596762128, "encoding_time": 0.3094770908355713, "decoding_time": 0.21708273887634277}