{"MSE": 16.8597412109375, "PSNR": 35.86229456743148, "encoding_time": 0.3093290328979492, "decoding_time": 0.21860289573669434}