{"MSE": 16.429561614990234, "PSNR": 35.97454385426196, "encoding_time": 0.30872583389282227, "decoding_time": 0.22036409378051758}