{"MSE": 16.126873016357422, "PSNR": 36.05530194557245, "encoding_time": 0.3055450916290283, "decoding_time": 0.21318697929382324}