{"MSE": 14.252693176269531, "PSNR": 36.59183424868685, "encoding_time": 0.29904890060424805, "decoding_time": 0.2042980194091797}