{"MSE": 17.76166534423828, "PSNR": 35.63596677809003, "encoding_time": 0.31159114837646484, "decoding_time": 0.22406578063964844}