{"MSE": 15.992382049560547, "PSNR": 36.091672045681264, "encoding_time": 0.30661797523498535, "decoding_time": 0.2141098976135254}