{"MSE": 17.71383285522461, "PSNR": 35.64767818437167, "encoding_time": 0.3156731128692627, "decoding_time": 0.22827601432800293}