{"MSE": 17.095748901367188, "PSNR": 35.80192230487721, "encoding_time": 0.3320012092590332, "decoding_time": 0.22975993156433105}