{"MSE": 13.417835235595703, "PSNR": 36.85397906217532, "encoding_time": 0.30476903915405273, "decoding_time": 0.22305798530578613}