{"MSE": 13.0947265625, "PSNR": 36.959839267311146, "encoding_time": 0.29384708404541016, "decoding_time": 0.19594597816467285}