{"MSE": 17.441787719726562, "PSNR": 35.71489364387064, "encoding_time": 0.3105652332305908, "decoding_time": 0.22638487815856934}