{"MSE": 14.295257568359375, "PSNR": 36.57888376094543, "encoding_time": 0.29695582389831543, "decoding_time": 0.1999659538269043}