{"MSE": 16.557811737060547, "PSNR": 35.9407742052747, "encoding_time": 0.30690574645996094, "decoding_time": 0.2211771011352539}