{"MSE": 17.216487884521484, "PSNR": 35.77135799577175, "encoding_time": 0.31235313415527344, "decoding_time": 0.2265489101409912}