{"MSE": 17.326374053955078, "PSNR": 35.74372674848841, "encoding_time": 0.3130331039428711, "decoding_time": 0.22510504722595215}