{"MSE": 17.326656341552734, "PSNR": 35.7436559922258, "encoding_time": 0.32685112953186035, "decoding_time": 0.2527170181274414}