{"MSE": 16.75023651123047, "PSNR": 35.89059417268352, "encoding_time": 0.31025099754333496, "decoding_time": 0.2195427417755127}