{"MSE": 18.038047790527344, "PSNR": 35.56890827644206, "encoding_time": 0.3126957416534424, "decoding_time": 0.2317349910736084}