{"MSE": 17.17547607421875, "PSNR": 35.78171577084463, "encoding_time": 0.345181941986084, "decoding_time": 0.21952295303344727}