{"MSE": 13.160259246826172, "PSNR": 36.938159162436904, "encoding_time": 0.29564523696899414, "decoding_time": 0.19489693641662598}