{"MSE": 14.829681396484375, "PSNR": 36.41948540199279, "encoding_time": 0.30309581756591797, "decoding_time": 0.2089219093322754}