{"MSE": 17.511756896972656, "PSNR": 35.69750641261675, "encoding_time": 0.31609487533569336, "decoding_time": 0.235306978225708}