{"MSE": 17.621826171875, "PSNR": 35.670294479796155, "encoding_time": 0.31199002265930176, "decoding_time": 0.22225308418273926}