{"MSE": 14.072769165039062, "PSNR": 36.64700796854323, "encoding_time": 0.30885910987854004, "decoding_time": 0.20183682441711426}