{"MSE": 14.33837890625, "PSNR": 36.56580307992727, "encoding_time": 0.3003098964691162, "decoding_time": 0.20407509803771973}