{"MSE": 17.055870056152344, "PSNR": 35.81206482275593, "encoding_time": 0.31398606300354004, "decoding_time": 0.2287909984588623}