{"MSE": 15.063819885253906, "PSNR": 36.35145246590846, "encoding_time": 0.3043041229248047, "decoding_time": 0.21112275123596191}