{"MSE": 14.822761535644531, "PSNR": 36.42151239008258, "encoding_time": 0.30196523666381836, "decoding_time": 0.2073221206665039}