{"MSE": 18.47403335571289, "PSNR": 35.46518637441793, "encoding_time": 0.3389139175415039, "decoding_time": 0.2607131004333496}