{"MSE": 16.37906265258789, "PSNR": 35.987913167070566, "encoding_time": 0.310122013092041, "decoding_time": 0.2216198444366455}