{"MSE": 17.01156234741211, "PSNR": 35.82336159677372, "encoding_time": 0.3082239627838135, "decoding_time": 0.22114300727844238}