{"MSE": 16.469573974609375, "PSNR": 35.96397995630716, "encoding_time": 0.3088498115539551, "decoding_time": 0.22178006172180176}