{"MSE": 17.060348510742188, "PSNR": 35.81092462128654, "encoding_time": 0.30843019485473633, "decoding_time": 0.22713398933410645}