{"MSE": 13.387454986572266, "PSNR": 36.86382337279437, "encoding_time": 0.2981541156768799, "decoding_time": 0.23004794120788574}