{"MSE": 16.60584259033203, "PSNR": 35.928194440140395, "encoding_time": 0.31424880027770996, "decoding_time": 0.2315840721130371}