{"MSE": 17.118518829345703, "PSNR": 35.79614175998164, "encoding_time": 0.308398962020874, "decoding_time": 0.22378897666931152}