{"MSE": 17.578182220458984, "PSNR": 35.681063986877, "encoding_time": 0.3138401508331299, "decoding_time": 0.22998881340026855}