{"MSE": 14.547443389892578, "PSNR": 36.50293685018279, "encoding_time": 0.3040146827697754, "decoding_time": 0.20702004432678223}