{"MSE": 18.20594024658203, "PSNR": 35.528672478611966, "encoding_time": 0.31328368186950684, "decoding_time": 0.2290639877319336}