{"MSE": 17.41826629638672, "PSNR": 35.72075434959904, "encoding_time": 0.310075044631958, "decoding_time": 0.22254705429077148}