{"MSE": 15.149131774902344, "PSNR": 36.326926175460166, "encoding_time": 0.30782008171081543, "decoding_time": 0.2155001163482666}