{"MSE": 15.856868743896484, "PSNR": 36.128629295576246, "encoding_time": 0.30374598503112793, "decoding_time": 0.21286988258361816}