{"MSE": 17.290721893310547, "PSNR": 35.752672352783975, "encoding_time": 0.3162572383880615, "decoding_time": 0.23089289665222168}