{"MSE": 18.044883728027344, "PSNR": 35.567262728341916, "encoding_time": 0.31668615341186523, "decoding_time": 0.27063488960266113}