{"MSE": 17.677452087402344, "PSNR": 35.656606920530024, "encoding_time": 0.31421399116516113, "decoding_time": 0.22581720352172852}