{"MSE": 17.458324432373047, "PSNR": 35.71077801034066, "encoding_time": 0.3116631507873535, "decoding_time": 0.22260618209838867}