{"MSE": 18.180442810058594, "PSNR": 35.534759040048996, "encoding_time": 0.31392502784729004, "decoding_time": 0.2280740737915039}