{"MSE": 17.128631591796875, "PSNR": 35.79357692348985, "encoding_time": 0.31707286834716797, "decoding_time": 0.22896790504455566}