{"MSE": 17.11322784423828, "PSNR": 35.79748428315242, "encoding_time": 0.3104982376098633, "decoding_time": 0.22130393981933594}