{"MSE": 18.03112030029297, "PSNR": 35.57057649945826, "encoding_time": 0.3205299377441406, "decoding_time": 0.23647212982177734}