{"MSE": 17.226505279541016, "PSNR": 35.768831792847415, "encoding_time": 0.309830904006958, "decoding_time": 0.22343707084655762}