{"MSE": 18.089065551757812, "PSNR": 35.55664228292073, "encoding_time": 0.3136730194091797, "decoding_time": 0.22773313522338867}