{"MSE": 8.256797790527344, "PSNR": 38.96268712039649, "encoding_time": 0.2840108871459961, "decoding_time": 0.17490315437316895}