{"MSE": 9.509963989257812, "PSNR": 38.34901488441141, "encoding_time": 0.2915067672729492, "decoding_time": 0.18939924240112305}