{"MSE": 10.442020416259766, "PSNR": 37.9429582285892, "encoding_time": 0.2924959659576416, "decoding_time": 0.19292211532592773}