{"MSE": 8.456428527832031, "PSNR": 38.858933782244954, "encoding_time": 0.28624916076660156, "decoding_time": 0.18234801292419434}