{"MSE": 8.415508270263672, "PSNR": 38.88000009741483, "encoding_time": 0.29422831535339355, "decoding_time": 0.18952083587646484}