{"MSE": 9.892921447753906, "PSNR": 38.1775580018254, "encoding_time": 0.2906980514526367, "decoding_time": 0.18724989891052246}