{"MSE": 8.16293716430664, "PSNR": 39.0123390741638, "encoding_time": 0.285754919052124, "decoding_time": 0.17856597900390625}