{"MSE": 8.001605987548828, "PSNR": 39.099031986845084, "encoding_time": 0.28291773796081543, "decoding_time": 0.17358613014221191}