{"MSE": 8.667945861816406, "PSNR": 38.75164170724493, "encoding_time": 0.2921938896179199, "decoding_time": 0.1898791790008545}