{"MSE": 9.33896255493164, "PSNR": 38.42781726789125, "encoding_time": 0.3017568588256836, "decoding_time": 0.19608807563781738}