{"MSE": 9.770526885986328, "PSNR": 38.23162376728813, "encoding_time": 0.29259800910949707, "decoding_time": 0.19116902351379395}