{"MSE": 9.984672546386719, "PSNR": 38.13746534388204, "encoding_time": 0.29253697395324707, "decoding_time": 0.18893909454345703}