{"MSE": 8.147087097167969, "PSNR": 39.02078001668198, "encoding_time": 0.2847878932952881, "decoding_time": 0.17564892768859863}