{"MSE": 8.369087219238281, "PSNR": 38.90402266944531, "encoding_time": 0.2602519989013672, "decoding_time": 0.13733482360839844}