{"MSE": 8.482215881347656, "PSNR": 38.845710393505705, "encoding_time": 0.26071810722351074, "decoding_time": 0.1381220817565918}