{"MSE": 6.883670806884766, "PSNR": 39.752602676859304, "encoding_time": 0.26672792434692383, "decoding_time": 0.12957096099853516}