{"MSE": 8.03696060180664, "PSNR": 39.079885215010826, "encoding_time": 0.2562830448150635, "decoding_time": 0.13199400901794434}