{"MSE": 8.26007080078125, "PSNR": 38.96096590998275, "encoding_time": 0.2585470676422119, "decoding_time": 0.13372111320495605}