{"MSE": 8.711666107177734, "PSNR": 38.72979139045477, "encoding_time": 0.2672240734100342, "decoding_time": 0.1425797939300537}