{"MSE": 8.441719055175781, "PSNR": 38.866494663564595, "encoding_time": 0.26050567626953125, "decoding_time": 0.13725614547729492}