{"MSE": 8.57534408569336, "PSNR": 38.79828805736792, "encoding_time": 0.2612600326538086, "decoding_time": 0.13816499710083008}