{"MSE": 6.569969177246094, "PSNR": 39.955170287789564, "encoding_time": 0.25055408477783203, "decoding_time": 0.12200784683227539}