{"MSE": 7.849544525146484, "PSNR": 39.18235903607301, "encoding_time": 0.25606393814086914, "decoding_time": 0.1304149627685547}