{"MSE": 8.962806701660156, "PSNR": 38.60636330651236, "encoding_time": 0.26299595832824707, "decoding_time": 0.14065194129943848}