{"MSE": 7.710395812988281, "PSNR": 39.26003687747644, "encoding_time": 0.2589290142059326, "decoding_time": 0.13268399238586426}