{"MSE": 8.71124267578125, "PSNR": 38.730002484849265, "encoding_time": 0.26186513900756836, "decoding_time": 0.1384890079498291}