{"MSE": 9.049720764160156, "PSNR": 38.56445181934013, "encoding_time": 0.26238322257995605, "decoding_time": 0.1417388916015625}