{"MSE": 8.917640686035156, "PSNR": 38.628303913086775, "encoding_time": 0.2621450424194336, "decoding_time": 0.14037513732910156}