{"MSE": 12.063461303710938, "PSNR": 37.31608425416589, "encoding_time": 0.2976951599121094, "decoding_time": 0.19136595726013184}