{"MSE": 18.050151824951172, "PSNR": 35.565995016366934, "encoding_time": 0.3244009017944336, "decoding_time": 0.24531316757202148}