{"MSE": 17.83594512939453, "PSNR": 35.61784233254359, "encoding_time": 0.33254575729370117, "decoding_time": 0.23623394966125488}