{"MSE": 11.964027404785156, "PSNR": 37.352029617131315, "encoding_time": 0.3007678985595703, "decoding_time": 0.18216514587402344}