{"MSE": 13.345081329345703, "PSNR": 36.87759136001901, "encoding_time": 0.3173539638519287, "decoding_time": 0.1923680305480957}