{"MSE": 18.460514068603516, "PSNR": 35.468365702425196, "encoding_time": 0.3357560634613037, "decoding_time": 0.24908781051635742}