{"MSE": 13.967941284179688, "PSNR": 36.67947960108532, "encoding_time": 0.33772897720336914, "decoding_time": 0.20179319381713867}