{"MSE": 12.20022201538086, "PSNR": 37.267126269818924, "encoding_time": 0.29634881019592285, "decoding_time": 0.19138622283935547}