{"MSE": 17.098556518554688, "PSNR": 35.801209126095195, "encoding_time": 0.318619966506958, "decoding_time": 0.22138023376464844}