{"MSE": 12.991092681884766, "PSNR": 36.99434679713632, "encoding_time": 0.30269908905029297, "decoding_time": 0.19108986854553223}