{"MSE": 14.5899658203125, "PSNR": 36.4902608638824, "encoding_time": 0.31658220291137695, "decoding_time": 0.20111799240112305}