{"MSE": 12.132999420166016, "PSNR": 37.291121840243534, "encoding_time": 0.3016378879547119, "decoding_time": 0.19508099555969238}