{"MSE": 12.630462646484375, "PSNR": 37.11661102067503, "encoding_time": 0.2958517074584961, "decoding_time": 0.18882107734680176}