{"MSE": 17.465476989746094, "PSNR": 35.70899909961757, "encoding_time": 0.3261079788208008, "decoding_time": 0.2331380844116211}