{"MSE": 17.967113494873047, "PSNR": 35.58602049698902, "encoding_time": 0.31479787826538086, "decoding_time": 0.2270982265472412}