{"MSE": 17.313045501708984, "PSNR": 35.74706890436295, "encoding_time": 0.32320594787597656, "decoding_time": 0.23368382453918457}