{"MSE": 17.25101089477539, "PSNR": 35.76265811420402, "encoding_time": 0.34762072563171387, "decoding_time": 0.22440814971923828}