{"MSE": 12.82686996459961, "PSNR": 37.04959668869086, "encoding_time": 0.3153212070465088, "decoding_time": 0.19397687911987305}