{"MSE": 13.0531005859375, "PSNR": 36.97366676211134, "encoding_time": 0.31058192253112793, "decoding_time": 0.20118308067321777}