{"MSE": 17.91632843017578, "PSNR": 35.59831345825687, "encoding_time": 0.32256484031677246, "decoding_time": 0.2480471134185791}