{"MSE": 17.87401580810547, "PSNR": 35.60858223171095, "encoding_time": 0.31499290466308594, "decoding_time": 0.24925708770751953}