{"MSE": 16.080780029296875, "PSNR": 36.06773249651805, "encoding_time": 0.31833600997924805, "decoding_time": 0.2264409065246582}