{"MSE": 15.572261810302734, "PSNR": 36.207286641383824, "encoding_time": 0.32397890090942383, "decoding_time": 0.2414860725402832}