{"MSE": 13.19991683959961, "PSNR": 36.92509165739088, "encoding_time": 0.30255818367004395, "decoding_time": 0.19664907455444336}