{"MSE": 11.345539093017578, "PSNR": 37.58255224282006, "encoding_time": 0.3002021312713623, "decoding_time": 0.19245386123657227}