{"MSE": 11.974384307861328, "PSNR": 37.348271685159695, "encoding_time": 0.2987949848175049, "decoding_time": 0.19304680824279785}