{"MSE": 18.206649780273438, "PSNR": 35.52850322585257, "encoding_time": 0.33666300773620605, "decoding_time": 0.2606840133666992}