{"MSE": 12.298095703125, "PSNR": 37.23242492489629, "encoding_time": 0.2990081310272217, "decoding_time": 0.2036740779876709}