{"MSE": 11.360343933105469, "PSNR": 37.576888810784055, "encoding_time": 0.3069169521331787, "decoding_time": 0.1882941722869873}