{"MSE": 17.373516082763672, "PSNR": 35.731926402439704, "encoding_time": 0.3409121036529541, "decoding_time": 0.22798490524291992}