{"MSE": 11.189956665039062, "PSNR": 37.6425195621363, "encoding_time": 0.30560827255249023, "decoding_time": 0.1994938850402832}