{"MSE": 18.40766143798828, "PSNR": 35.48081742873861, "encoding_time": 0.32876014709472656, "decoding_time": 0.2435297966003418}