{"MSE": 13.782207489013672, "PSNR": 36.737615770034054, "encoding_time": 0.2973439693450928, "decoding_time": 0.1940751075744629}