{"MSE": 17.179222106933594, "PSNR": 35.78076866233856, "encoding_time": 0.32259583473205566, "decoding_time": 0.2252180576324463}