{"MSE": 11.68707275390625, "PSNR": 37.45374613266479, "encoding_time": 0.29707789421081543, "decoding_time": 0.18230319023132324}