{"MSE": 16.9339599609375, "PSNR": 35.84321832287386, "encoding_time": 0.3176889419555664, "decoding_time": 0.22066617012023926}