{"MSE": 16.976043701171875, "PSNR": 35.832438763115064, "encoding_time": 0.32552218437194824, "decoding_time": 0.24167776107788086}