{"MSE": 12.267642974853516, "PSNR": 37.2431923264348, "encoding_time": 0.3288750648498535, "decoding_time": 0.19315576553344727}