{"MSE": 17.783061981201172, "PSNR": 35.63073818685533, "encoding_time": 0.3214719295501709, "decoding_time": 0.23533987998962402}