{"MSE": 18.519378662109375, "PSNR": 35.45453949156118, "encoding_time": 0.326552152633667, "decoding_time": 0.23425579071044922}