{"MSE": 18.148773193359375, "PSNR": 35.542330876038626, "encoding_time": 0.33327388763427734, "decoding_time": 0.23631691932678223}