{"MSE": 15.376663208007812, "PSNR": 36.262182586647576, "encoding_time": 0.31313300132751465, "decoding_time": 0.2041020393371582}