{"MSE": 17.78551483154297, "PSNR": 35.63013919782315, "encoding_time": 0.31743526458740234, "decoding_time": 0.22853875160217285}