{"MSE": 8.18942642211914, "PSNR": 38.998268755216294, "encoding_time": 0.28871607780456543, "decoding_time": 0.18726277351379395}