{"MSE": 8.972930908203125, "PSNR": 38.601460371826434, "encoding_time": 0.2907271385192871, "decoding_time": 0.19046306610107422}