{"MSE": 8.819160461425781, "PSNR": 38.67653116362386, "encoding_time": 0.29027414321899414, "decoding_time": 0.1886751651763916}