{"MSE": 8.596755981445312, "PSNR": 38.787457613851885, "encoding_time": 0.29995298385620117, "decoding_time": 0.18349099159240723}