{"MSE": 7.7486724853515625, "PSNR": 39.23853055996418, "encoding_time": 0.28164100646972656, "decoding_time": 0.1763169765472412}