{"MSE": 8.506969451904297, "PSNR": 38.833054875896586, "encoding_time": 0.2886998653411865, "decoding_time": 0.18316912651062012}