{"MSE": 7.9705352783203125, "PSNR": 39.115928725188915, "encoding_time": 0.28846168518066406, "decoding_time": 0.2149362564086914}