{"MSE": 10.95853042602539, "PSNR": 37.73328043093666, "encoding_time": 0.31792306900024414, "decoding_time": 0.2126457691192627}