{"MSE": 8.881900787353516, "PSNR": 38.64574443161254, "encoding_time": 0.2971932888031006, "decoding_time": 0.19349408149719238}