{"MSE": 7.834625244140625, "PSNR": 39.19062133298051, "encoding_time": 0.28333520889282227, "decoding_time": 0.17092585563659668}