{"MSE": 7.661918640136719, "PSNR": 39.28742824853228, "encoding_time": 0.2810018062591553, "decoding_time": 0.1690511703491211}