{"MSE": 8.85610580444336, "PSNR": 38.65837564423234, "encoding_time": 0.3115561008453369, "decoding_time": 0.18476176261901855}