{"MSE": 7.943122863769531, "PSNR": 39.13089080624391, "encoding_time": 0.30078816413879395, "decoding_time": 0.17858004570007324}