{"MSE": 7.241657257080078, "PSNR": 39.53242394775387, "encoding_time": 0.2873039245605469, "decoding_time": 0.16562891006469727}