{"MSE": 8.035907745361328, "PSNR": 39.08045418594397, "encoding_time": 0.29429101943969727, "decoding_time": 0.16672992706298828}