{"MSE": 6.794467926025391, "PSNR": 39.80924908017012, "encoding_time": 0.2765238285064697, "decoding_time": 0.1523141860961914}