{"MSE": 10.032554626464844, "PSNR": 38.1166882775656, "encoding_time": 0.3054318428039551, "decoding_time": 0.19126391410827637}