{"MSE": 11.057563781738281, "PSNR": 37.69420907741296, "encoding_time": 0.3149111270904541, "decoding_time": 0.22384166717529297}