{"MSE": 7.347393035888672, "PSNR": 39.46947088581436, "encoding_time": 0.279404878616333, "decoding_time": 0.16509604454040527}