{"MSE": 7.364593505859375, "PSNR": 39.45931580230222, "encoding_time": 0.27910709381103516, "decoding_time": 0.17309904098510742}