{"MSE": 7.9837646484375, "PSNR": 39.1087263486708, "encoding_time": 0.28134918212890625, "decoding_time": 0.1700286865234375}