{"MSE": 7.634185791015625, "PSNR": 39.303176358245146, "encoding_time": 0.2936840057373047, "decoding_time": 0.17286396026611328}