{"MSE": 9.99017333984375, "PSNR": 38.1350733711795, "encoding_time": 0.30398106575012207, "decoding_time": 0.19524312019348145}