{"MSE": 7.667022705078125, "PSNR": 39.28453611492523, "encoding_time": 0.28278088569641113, "decoding_time": 0.16551804542541504}