{"MSE": 7.646923065185547, "PSNR": 39.29593640043889, "encoding_time": 0.28923869132995605, "decoding_time": 0.17664623260498047}