{"MSE": 7.238231658935547, "PSNR": 39.53447882318527, "encoding_time": 0.2902357578277588, "decoding_time": 0.1713101863861084}