{"MSE": 8.620567321777344, "PSNR": 38.77544513069895, "encoding_time": 0.2942030429840088, "decoding_time": 0.21551895141601562}