{"MSE": 7.8302764892578125, "PSNR": 39.193032634793205, "encoding_time": 0.2827126979827881, "decoding_time": 0.16554903984069824}