{"MSE": 7.6703643798828125, "PSNR": 39.28264365313508, "encoding_time": 0.2781968116760254, "decoding_time": 0.1564321517944336}