{"MSE": 7.26239013671875, "PSNR": 39.520007852977784, "encoding_time": 0.28008294105529785, "decoding_time": 0.16476202011108398}