{"MSE": 9.05544662475586, "PSNR": 38.56170485799992, "encoding_time": 0.30440211296081543, "decoding_time": 0.18551993370056152}