{"MSE": 8.203983306884766, "PSNR": 38.99055592854567, "encoding_time": 0.29860615730285645, "decoding_time": 0.18490886688232422}