{"MSE": 10.095573425292969, "PSNR": 38.089493691020884, "encoding_time": 0.3067660331726074, "decoding_time": 0.21359586715698242}