{"MSE": 7.050319671630859, "PSNR": 39.64871551893839, "encoding_time": 0.2828361988067627, "decoding_time": 0.16711091995239258}