{"MSE": 8.574993133544922, "PSNR": 38.79846579915754, "encoding_time": 0.29523801803588867, "decoding_time": 0.19538092613220215}