{"MSE": 7.352485656738281, "PSNR": 39.46646174911584, "encoding_time": 0.2797400951385498, "decoding_time": 0.15924406051635742}