{"MSE": 7.767169952392578, "PSNR": 39.228175528707375, "encoding_time": 0.27948904037475586, "decoding_time": 0.15538787841796875}