{"MSE": 8.072280883789062, "PSNR": 39.06084095627497, "encoding_time": 0.2905750274658203, "decoding_time": 0.18172907829284668}