{"MSE": 7.01141357421875, "PSNR": 39.67274775769479, "encoding_time": 0.27868223190307617, "decoding_time": 0.16466188430786133}