{"MSE": 8.224918365478516, "PSNR": 38.979487647137596, "encoding_time": 0.2867300510406494, "decoding_time": 0.17677903175354004}