{"MSE": 9.109455108642578, "PSNR": 38.535879608858174, "encoding_time": 0.2756199836730957, "decoding_time": 0.16008996963500977}