{"MSE": 9.418560028076172, "PSNR": 38.39095850820647, "encoding_time": 0.28103113174438477, "decoding_time": 0.16989493370056152}