{"MSE": 10.995952606201172, "PSNR": 37.71847501550759, "encoding_time": 0.28066110610961914, "decoding_time": 0.17219781875610352}