{"MSE": 9.679744720458984, "PSNR": 38.27216456860953, "encoding_time": 0.28304290771484375, "decoding_time": 0.17400121688842773}