{"MSE": 7.72955322265625, "PSNR": 39.249259689602695, "encoding_time": 0.2632429599761963, "decoding_time": 0.14420199394226074}