{"MSE": 7.615528106689453, "PSNR": 39.313803355506074, "encoding_time": 0.26899099349975586, "decoding_time": 0.1510310173034668}