{"MSE": 7.959522247314453, "PSNR": 39.121933599118805, "encoding_time": 0.267488956451416, "decoding_time": 0.14865684509277344}