{"MSE": 7.972015380859375, "PSNR": 39.115122329297876, "encoding_time": 0.2623589038848877, "decoding_time": 0.1427600383758545}