{"MSE": 9.98468017578125, "PSNR": 38.13746202539296, "encoding_time": 0.2824828624725342, "decoding_time": 0.17432403564453125}