{"MSE": 9.535152435302734, "PSNR": 38.3375272050931, "encoding_time": 0.2731802463531494, "decoding_time": 0.16301274299621582}