{"MSE": 7.489036560058594, "PSNR": 39.38654410132797, "encoding_time": 0.2671523094177246, "decoding_time": 0.15063190460205078}