{"MSE": 7.517681121826172, "PSNR": 39.36996460608547, "encoding_time": 0.2597811222076416, "decoding_time": 0.1416480541229248}