{"MSE": 11.032299041748047, "PSNR": 37.70414335544491, "encoding_time": 0.2793898582458496, "decoding_time": 0.1709730625152588}