{"MSE": 8.132377624511719, "PSNR": 39.02862824099897, "encoding_time": 0.270371675491333, "decoding_time": 0.15151619911193848}