{"MSE": 8.52679443359375, "PSNR": 38.822945678543576, "encoding_time": 0.27349090576171875, "decoding_time": 0.16136407852172852}