{"MSE": 10.649009704589844, "PSNR": 37.857711380536145, "encoding_time": 0.2753489017486572, "decoding_time": 0.1643679141998291}