{"MSE": 9.228229522705078, "PSNR": 38.47961973197803, "encoding_time": 0.27320432662963867, "decoding_time": 0.15952277183532715}