{"MSE": 10.345386505126953, "PSNR": 37.98333640258787, "encoding_time": 0.2767341136932373, "decoding_time": 0.1644117832183838}