{"MSE": 7.6020050048828125, "PSNR": 39.32152209677084, "encoding_time": 0.26886606216430664, "decoding_time": 0.15111207962036133}