{"MSE": 7.77313232421875, "PSNR": 39.22484299982328, "encoding_time": 0.2697441577911377, "decoding_time": 0.1519489288330078}