{"MSE": 7.823871612548828, "PSNR": 39.19658645675669, "encoding_time": 0.2752220630645752, "decoding_time": 0.1458442211151123}