{"MSE": 9.068870544433594, "PSNR": 38.55527158357289, "encoding_time": 0.2719688415527344, "decoding_time": 0.1585559844970703}