{"MSE": 7.914508819580078, "PSNR": 39.14656393478146, "encoding_time": 0.26382899284362793, "decoding_time": 0.14597201347351074}