{"MSE": 9.000480651855469, "PSNR": 38.58814658220289, "encoding_time": 0.27399301528930664, "decoding_time": 0.1603381633758545}