{"MSE": 10.994861602783203, "PSNR": 37.71890593794643, "encoding_time": 0.2797126770019531, "decoding_time": 0.17244625091552734}