{"MSE": 8.517871856689453, "PSNR": 38.827492586299776, "encoding_time": 0.2771899700164795, "decoding_time": 0.16515088081359863}