{"MSE": 6.199367523193359, "PSNR": 40.207329770468256, "encoding_time": 0.28223419189453125, "decoding_time": 0.171159029006958}