{"MSE": 7.165519714355469, "PSNR": 39.578326656612425, "encoding_time": 0.28235602378845215, "decoding_time": 0.17223763465881348}