{"MSE": 5.56219482421875, "PSNR": 40.67834164257548, "encoding_time": 0.278181791305542, "decoding_time": 0.16657304763793945}