{"MSE": 6.781467437744141, "PSNR": 39.817566801044826, "encoding_time": 0.27664780616760254, "decoding_time": 0.16470122337341309}