{"MSE": 7.23956298828125, "PSNR": 39.533680097959284, "encoding_time": 0.2824821472167969, "decoding_time": 0.17284679412841797}