{"MSE": 7.203010559082031, "PSNR": 39.55566309447086, "encoding_time": 0.28114986419677734, "decoding_time": 0.1731109619140625}