{"MSE": 6.754871368408203, "PSNR": 39.83463277609404, "encoding_time": 0.2768111228942871, "decoding_time": 0.16097068786621094}