{"MSE": 5.045322418212891, "PSNR": 41.1019143608754, "encoding_time": 0.2701430320739746, "decoding_time": 0.14932513236999512}