{"MSE": 6.988319396972656, "PSNR": 39.68707614932971, "encoding_time": 0.28003501892089844, "decoding_time": 0.16630291938781738}