{"MSE": 6.654560089111328, "PSNR": 39.899610098755794, "encoding_time": 0.292618989944458, "decoding_time": 0.18260598182678223}