{"MSE": 6.720794677734375, "PSNR": 39.85659733089367, "encoding_time": 0.28324103355407715, "decoding_time": 0.17548179626464844}