{"MSE": 5.792236328125, "PSNR": 40.50234087736355, "encoding_time": 0.283109188079834, "decoding_time": 0.17109298706054688}