{"MSE": 7.351161956787109, "PSNR": 39.4672436987397, "encoding_time": 0.285933256149292, "decoding_time": 0.17828869819641113}