{"MSE": 5.597522735595703, "PSNR": 40.65084494628686, "encoding_time": 0.2786707878112793, "decoding_time": 0.16273927688598633}