{"MSE": 5.473442077636719, "PSNR": 40.74819834317837, "encoding_time": 0.2818491458892822, "decoding_time": 0.16909575462341309}