{"MSE": 5.822666168212891, "PSNR": 40.47958469516378, "encoding_time": 0.2798330783843994, "decoding_time": 0.16912293434143066}