{"MSE": 6.600688934326172, "PSNR": 39.93491094301576, "encoding_time": 0.2927820682525635, "decoding_time": 0.18267488479614258}