{"MSE": 5.387786865234375, "PSNR": 40.816699536765455, "encoding_time": 0.27605724334716797, "decoding_time": 0.16484284400939941}