{"MSE": 6.939212799072266, "PSNR": 39.717701550254475, "encoding_time": 0.2797229290008545, "decoding_time": 0.16481614112854004}