{"MSE": 7.293842315673828, "PSNR": 39.501239907265855, "encoding_time": 0.2873082160949707, "decoding_time": 0.17313480377197266}