{"MSE": 5.459812164306641, "PSNR": 40.759026590804545, "encoding_time": 0.2782278060913086, "decoding_time": 0.16143107414245605}