{"MSE": 5.484531402587891, "PSNR": 40.739408334173376, "encoding_time": 0.28233909606933594, "decoding_time": 0.17173981666564941}