{"MSE": 13.011882781982422, "PSNR": 36.9874021859805, "encoding_time": 0.31884312629699707, "decoding_time": 0.2205209732055664}