{"MSE": 12.74319839477539, "PSNR": 37.07801916316757, "encoding_time": 0.30622386932373047, "decoding_time": 0.2135021686553955}