{"MSE": 10.69647216796875, "PSNR": 37.838397953894706, "encoding_time": 0.2948799133300781, "decoding_time": 0.18606901168823242}