{"MSE": 12.971946716308594, "PSNR": 37.00075204775445, "encoding_time": 0.304149866104126, "decoding_time": 0.20796489715576172}