{"MSE": 11.695110321044922, "PSNR": 37.45076037963861, "encoding_time": 0.2933840751647949, "decoding_time": 0.19129204750061035}