{"MSE": 13.568065643310547, "PSNR": 36.805624248011895, "encoding_time": 0.31879615783691406, "decoding_time": 0.22958779335021973}