{"MSE": 12.343307495117188, "PSNR": 37.216488126447814, "encoding_time": 0.30674099922180176, "decoding_time": 0.2013392448425293}