{"MSE": 12.972343444824219, "PSNR": 37.000619227003455, "encoding_time": 0.31572723388671875, "decoding_time": 0.22960782051086426}