{"MSE": 12.303211212158203, "PSNR": 37.230618811599214, "encoding_time": 0.2985830307006836, "decoding_time": 0.20012617111206055}