{"MSE": 11.91427993774414, "PSNR": 37.37012560808519, "encoding_time": 0.30339717864990234, "decoding_time": 0.20165467262268066}