{"MSE": 12.191341400146484, "PSNR": 37.27028867666994, "encoding_time": 0.30337095260620117, "decoding_time": 0.19781994819641113}