{"MSE": 12.236930847167969, "PSNR": 37.254078550910386, "encoding_time": 0.3013589382171631, "decoding_time": 0.2028181552886963}