{"MSE": 12.077701568603516, "PSNR": 37.310960665701074, "encoding_time": 0.2990410327911377, "decoding_time": 0.19461894035339355}