{"MSE": 11.291152954101562, "PSNR": 37.603420703124144, "encoding_time": 0.29848194122314453, "decoding_time": 0.18607687950134277}