{"MSE": 11.204532623291016, "PSNR": 37.63686615423789, "encoding_time": 0.29857397079467773, "decoding_time": 0.19038987159729004}