{"MSE": 12.444694519042969, "PSNR": 37.18096120455421, "encoding_time": 0.3056001663208008, "decoding_time": 0.19870781898498535}