{"MSE": 13.423477172851562, "PSNR": 36.852153322646444, "encoding_time": 0.3177039623260498, "decoding_time": 0.22437024116516113}