{"MSE": 11.327407836914062, "PSNR": 37.58949823548577, "encoding_time": 0.2976720333099365, "decoding_time": 0.18715596199035645}