{"MSE": 11.746089935302734, "PSNR": 37.43187039122067, "encoding_time": 0.302166223526001, "decoding_time": 0.19703984260559082}