{"MSE": 13.451118469238281, "PSNR": 36.843219631597584, "encoding_time": 0.3220679759979248, "decoding_time": 0.22324514389038086}