{"MSE": 12.060611724853516, "PSNR": 37.31711024706336, "encoding_time": 0.31114697456359863, "decoding_time": 0.1986861228942871}