{"MSE": 12.040946960449219, "PSNR": 37.324197175071106, "encoding_time": 0.29801011085510254, "decoding_time": 0.19824600219726562}