{"MSE": 12.85830307006836, "PSNR": 37.03896703005422, "encoding_time": 0.31357598304748535, "decoding_time": 0.22049593925476074}