{"MSE": 9.11444091796875, "PSNR": 38.5335032678946, "encoding_time": 0.28961992263793945, "decoding_time": 0.16878414154052734}