{"MSE": 11.301376342773438, "PSNR": 37.59949023431185, "encoding_time": 0.29597902297973633, "decoding_time": 0.19068598747253418}