{"MSE": 12.174461364746094, "PSNR": 37.27630605066927, "encoding_time": 0.30807018280029297, "decoding_time": 0.2040541172027588}