{"MSE": 12.132606506347656, "PSNR": 37.291262484003845, "encoding_time": 0.31440186500549316, "decoding_time": 0.21687698364257812}