{"MSE": 12.330123901367188, "PSNR": 37.221129201675794, "encoding_time": 0.30848097801208496, "decoding_time": 0.2056729793548584}