{"MSE": 12.40704345703125, "PSNR": 37.19412057473261, "encoding_time": 0.3086552619934082, "decoding_time": 0.20782995223999023}