{"MSE": 12.27927017211914, "PSNR": 37.239078059227445, "encoding_time": 0.3035862445831299, "decoding_time": 0.1979670524597168}