{"MSE": 13.244770050048828, "PSNR": 36.91035938201578, "encoding_time": 0.32104015350341797, "decoding_time": 0.23231172561645508}