{"MSE": 8.990310668945312, "PSNR": 38.59305661406378, "encoding_time": 0.2832300662994385, "decoding_time": 0.16503095626831055}