{"MSE": 13.332443237304688, "PSNR": 36.88170617511895, "encoding_time": 0.3291659355163574, "decoding_time": 0.2198810577392578}