{"MSE": 13.36285400390625, "PSNR": 36.871811373259796, "encoding_time": 0.304750919342041, "decoding_time": 0.21038293838500977}