{"MSE": 13.64019775390625, "PSNR": 36.78259694153924, "encoding_time": 0.3173401355743408, "decoding_time": 0.23511886596679688}