{"MSE": 12.420536041259766, "PSNR": 37.18940021489702, "encoding_time": 0.30918097496032715, "decoding_time": 0.21163320541381836}