{"MSE": 12.253829956054688, "PSNR": 37.24808511447748, "encoding_time": 0.30948925018310547, "decoding_time": 0.20085883140563965}