{"MSE": 12.430973052978516, "PSNR": 37.185752358466, "encoding_time": 0.3098287582397461, "decoding_time": 0.21057510375976562}