{"MSE": 12.227291107177734, "PSNR": 37.25750108861399, "encoding_time": 0.2975881099700928, "decoding_time": 0.19892501831054688}