{"MSE": 11.994918823242188, "PSNR": 37.34083047683467, "encoding_time": 0.299893856048584, "decoding_time": 0.20139503479003906}