{"MSE": 11.568740844726562, "PSNR": 37.49794268462886, "encoding_time": 0.29912519454956055, "decoding_time": 0.18794703483581543}