{"MSE": 12.567882537841797, "PSNR": 37.13818247827521, "encoding_time": 0.3223278522491455, "decoding_time": 0.2315990924835205}