{"MSE": 11.993824005126953, "PSNR": 37.34122689066082, "encoding_time": 0.29842424392700195, "decoding_time": 0.19553089141845703}