{"MSE": 12.183963775634766, "PSNR": 37.27291761746861, "encoding_time": 0.3057999610900879, "decoding_time": 0.2088768482208252}