{"MSE": 13.46554946899414, "PSNR": 36.83856281138701, "encoding_time": 0.308319091796875, "decoding_time": 0.2123868465423584}