{"MSE": 12.948287963867188, "PSNR": 37.008680115238555, "encoding_time": 0.3199732303619385, "decoding_time": 0.21508002281188965}