{"MSE": 12.2037353515625, "PSNR": 37.265875798426634, "encoding_time": 0.3238818645477295, "decoding_time": 0.23804187774658203}