{"MSE": 12.513912200927734, "PSNR": 37.15687257276621, "encoding_time": 0.2998340129852295, "decoding_time": 0.2042407989501953}