{"MSE": 12.06429672241211, "PSNR": 37.315783507008405, "encoding_time": 0.3125491142272949, "decoding_time": 0.20145177841186523}