{"MSE": 13.49422836303711, "PSNR": 36.829323054141526, "encoding_time": 0.31865715980529785, "decoding_time": 0.22106599807739258}