{"MSE": 12.539619445800781, "PSNR": 37.147960042054784, "encoding_time": 0.3043389320373535, "decoding_time": 0.2003922462463379}