{"MSE": 9.106037139892578, "PSNR": 38.537509435782, "encoding_time": 0.2842090129852295, "decoding_time": 0.16750788688659668}