{"MSE": 9.196521759033203, "PSNR": 38.49456758140072, "encoding_time": 0.280623197555542, "decoding_time": 0.16425776481628418}