{"MSE": 13.206363677978516, "PSNR": 36.92297108127457, "encoding_time": 0.32171177864074707, "decoding_time": 0.23189616203308105}