{"MSE": 13.286247253417969, "PSNR": 36.896780305859615, "encoding_time": 0.3168628215789795, "decoding_time": 0.22432422637939453}