{"MSE": 11.774478912353516, "PSNR": 37.421386646420956, "encoding_time": 0.3024449348449707, "decoding_time": 0.1976170539855957}