{"MSE": 12.202461242675781, "PSNR": 37.26632923938554, "encoding_time": 0.3036463260650635, "decoding_time": 0.2051236629486084}