{"MSE": 10.553897857666016, "PSNR": 37.896674741788495, "encoding_time": 0.30398011207580566, "decoding_time": 0.1899399757385254}