{"MSE": 13.02957534790039, "PSNR": 36.98150099189775, "encoding_time": 0.30983424186706543, "decoding_time": 0.23876285552978516}