{"MSE": 11.886844635009766, "PSNR": 37.380137744971904, "encoding_time": 0.29918599128723145, "decoding_time": 0.18958401679992676}