{"MSE": 12.132972717285156, "PSNR": 37.291131398413086, "encoding_time": 0.30590009689331055, "decoding_time": 0.20341897010803223}