{"MSE": 12.885299682617188, "PSNR": 37.02985837166594, "encoding_time": 0.3038198947906494, "decoding_time": 0.20592689514160156}