{"MSE": 13.044456481933594, "PSNR": 36.976543726263515, "encoding_time": 0.3360319137573242, "decoding_time": 0.21952414512634277}