{"MSE": 13.222892761230469, "PSNR": 36.91753885082217, "encoding_time": 0.32032108306884766, "decoding_time": 0.23128604888916016}