{"MSE": 9.481239318847656, "PSNR": 38.362152519941255, "encoding_time": 0.28319215774536133, "decoding_time": 0.17012500762939453}