{"MSE": 11.77145767211914, "PSNR": 37.42250115546993, "encoding_time": 0.2992887496948242, "decoding_time": 0.19937920570373535}