{"MSE": 12.043601989746094, "PSNR": 37.32323966112307, "encoding_time": 0.30019497871398926, "decoding_time": 0.19897198677062988}