{"MSE": 12.165626525878906, "PSNR": 37.279458809980795, "encoding_time": 0.3068547248840332, "decoding_time": 0.20333313941955566}