{"MSE": 13.38711166381836, "PSNR": 36.863934749519515, "encoding_time": 0.3073770999908447, "decoding_time": 0.2131788730621338}