{"MSE": 13.520233154296875, "PSNR": 36.82096179857598, "encoding_time": 0.3417949676513672, "decoding_time": 0.2274019718170166}