{"MSE": 12.46169662475586, "PSNR": 37.17503186553743, "encoding_time": 0.31203579902648926, "decoding_time": 0.20292925834655762}