{"MSE": 12.77780532836914, "PSNR": 37.066240935578655, "encoding_time": 0.30761003494262695, "decoding_time": 0.20991015434265137}