{"MSE": 11.734298706054688, "PSNR": 37.43623221529944, "encoding_time": 0.30083298683166504, "decoding_time": 0.19332218170166016}