{"MSE": 12.003616333007812, "PSNR": 37.33768255081476, "encoding_time": 0.30331921577453613, "decoding_time": 0.20114588737487793}