{"MSE": 12.58493423461914, "PSNR": 37.13229410480282, "encoding_time": 0.30284714698791504, "decoding_time": 0.2059471607208252}