{"MSE": 13.372806549072266, "PSNR": 36.86857798717039, "encoding_time": 0.31685686111450195, "decoding_time": 0.2451310157775879}