{"MSE": 12.284046173095703, "PSNR": 37.23738920673972, "encoding_time": 0.3068678379058838, "decoding_time": 0.2060260772705078}