{"MSE": 12.174816131591797, "PSNR": 37.27617949801613, "encoding_time": 0.31296634674072266, "decoding_time": 0.20409870147705078}