{"MSE": 13.159210205078125, "PSNR": 36.93850536473671, "encoding_time": 0.3165287971496582, "decoding_time": 0.24870920181274414}