{"MSE": 11.656135559082031, "PSNR": 37.46525771297898, "encoding_time": 0.29405689239501953, "decoding_time": 0.18746709823608398}