{"MSE": 11.897663116455078, "PSNR": 37.37618693197432, "encoding_time": 0.30304694175720215, "decoding_time": 0.19597697257995605}