{"MSE": 13.247501373291016, "PSNR": 36.90946387660771, "encoding_time": 0.3210489749908447, "decoding_time": 0.22022604942321777}