{"MSE": 11.522880554199219, "PSNR": 37.51519300842052, "encoding_time": 0.2966940402984619, "decoding_time": 0.18780064582824707}