{"MSE": 12.193023681640625, "PSNR": 37.26968943566561, "encoding_time": 0.3031191825866699, "decoding_time": 0.1967310905456543}