{"MSE": 11.733604431152344, "PSNR": 37.436489178827316, "encoding_time": 0.2948880195617676, "decoding_time": 0.18771624565124512}