{"MSE": 12.405330657958984, "PSNR": 37.19472016200582, "encoding_time": 0.316953182220459, "decoding_time": 0.21574807167053223}