{"MSE": 10.2259521484375, "PSNR": 38.03376604720514, "encoding_time": 0.3008439540863037, "decoding_time": 0.20188593864440918}