{"MSE": 13.154296875, "PSNR": 36.94012721784736, "encoding_time": 0.31914329528808594, "decoding_time": 0.23546981811523438}