{"MSE": 13.16140365600586, "PSNR": 36.93778151867334, "encoding_time": 0.30848097801208496, "decoding_time": 0.208967924118042}