{"MSE": 12.53988265991211, "PSNR": 37.14786888200254, "encoding_time": 0.2981398105621338, "decoding_time": 0.20298290252685547}