{"MSE": 11.815925598144531, "PSNR": 37.40612613196465, "encoding_time": 0.2980470657348633, "decoding_time": 0.19648289680480957}