{"MSE": 12.294029235839844, "PSNR": 37.23386119307016, "encoding_time": 0.30544471740722656, "decoding_time": 0.20574522018432617}