{"MSE": 9.219093322753906, "PSNR": 38.48392149606815, "encoding_time": 0.28865885734558105, "decoding_time": 0.17247509956359863}