{"MSE": 12.046092987060547, "PSNR": 37.32234149583455, "encoding_time": 0.31331396102905273, "decoding_time": 0.2303922176361084}