{"MSE": 11.82345962524414, "PSNR": 37.40335788188054, "encoding_time": 0.2972710132598877, "decoding_time": 0.19247984886169434}