{"MSE": 11.687850952148438, "PSNR": 37.45345696192201, "encoding_time": 0.29699182510375977, "decoding_time": 0.2059919834136963}