{"MSE": 12.207489013671875, "PSNR": 37.2645401876195, "encoding_time": 0.3088803291320801, "decoding_time": 0.19765591621398926}