{"MSE": 13.235660552978516, "PSNR": 36.913347403265064, "encoding_time": 0.30960583686828613, "decoding_time": 0.23275113105773926}