{"MSE": 12.62514877319336, "PSNR": 37.118438563745386, "encoding_time": 0.3107903003692627, "decoding_time": 0.21654891967773438}