{"MSE": 12.444522857666016, "PSNR": 37.181021111290235, "encoding_time": 0.30266785621643066, "decoding_time": 0.20269513130187988}