{"MSE": 13.461082458496094, "PSNR": 36.84000376251147, "encoding_time": 0.32480525970458984, "decoding_time": 0.25326991081237793}