{"MSE": 11.662857055664062, "PSNR": 37.46275408084978, "encoding_time": 0.29939794540405273, "decoding_time": 0.18965506553649902}