{"MSE": 12.55670166015625, "PSNR": 37.14204785074382, "encoding_time": 0.3031771183013916, "decoding_time": 0.20591402053833008}