{"MSE": 11.684993743896484, "PSNR": 37.45451876659302, "encoding_time": 0.29476499557495117, "decoding_time": 0.19050192832946777}