{"MSE": 12.273929595947266, "PSNR": 37.24096733054044, "encoding_time": 0.2994821071624756, "decoding_time": 0.20744585990905762}