{"MSE": 11.690101623535156, "PSNR": 37.45262074312681, "encoding_time": 0.29695892333984375, "decoding_time": 0.19043421745300293}