{"MSE": 12.143836975097656, "PSNR": 37.28724432462316, "encoding_time": 0.30718493461608887, "decoding_time": 0.20772004127502441}