{"MSE": 9.306102752685547, "PSNR": 38.44312517411907, "encoding_time": 0.2886028289794922, "decoding_time": 0.17417407035827637}