{"MSE": 12.411903381347656, "PSNR": 37.19241974644702, "encoding_time": 0.3093400001525879, "decoding_time": 0.20673513412475586}