{"MSE": 11.384475708007812, "PSNR": 37.567673261242255, "encoding_time": 0.2984750270843506, "decoding_time": 0.1941230297088623}