{"MSE": 11.984458923339844, "PSNR": 37.344619296665584, "encoding_time": 0.3043639659881592, "decoding_time": 0.20720601081848145}