{"MSE": 11.893951416015625, "PSNR": 37.377542006914865, "encoding_time": 0.3033020496368408, "decoding_time": 0.21192193031311035}