{"MSE": 12.162097930908203, "PSNR": 37.2807186477746, "encoding_time": 0.31095170974731445, "decoding_time": 0.2137773036956787}