{"MSE": 11.49472427368164, "PSNR": 37.525818026488466, "encoding_time": 0.3003530502319336, "decoding_time": 0.1929621696472168}