{"MSE": 12.155685424804688, "PSNR": 37.28300908357604, "encoding_time": 0.30547285079956055, "decoding_time": 0.20047593116760254}