{"MSE": 12.529029846191406, "PSNR": 37.15162917069104, "encoding_time": 0.3060481548309326, "decoding_time": 0.21093010902404785}