{"MSE": 11.846389770507812, "PSNR": 37.394943431491775, "encoding_time": 0.304718017578125, "decoding_time": 0.20003414154052734}