{"MSE": 9.334354400634766, "PSNR": 38.42996074998206, "encoding_time": 0.28656792640686035, "decoding_time": 0.16893696784973145}