{"MSE": 12.26784896850586, "PSNR": 37.243119401949144, "encoding_time": 0.30887603759765625, "decoding_time": 0.19823884963989258}