{"MSE": 12.774406433105469, "PSNR": 37.06739631224825, "encoding_time": 0.3094899654388428, "decoding_time": 0.2104640007019043}