{"MSE": 10.947235107421875, "PSNR": 37.737759155926305, "encoding_time": 0.2903459072113037, "decoding_time": 0.18374109268188477}