{"MSE": 13.186161041259766, "PSNR": 36.9296198543297, "encoding_time": 0.3115100860595703, "decoding_time": 0.24241900444030762}