{"MSE": 12.56479263305664, "PSNR": 37.13925035393543, "encoding_time": 0.3010988235473633, "decoding_time": 0.19865989685058594}