{"MSE": 12.346256256103516, "PSNR": 37.21545074025193, "encoding_time": 0.3081381320953369, "decoding_time": 0.204664945602417}