{"MSE": 11.690719604492188, "PSNR": 37.45239116545971, "encoding_time": 0.2932929992675781, "decoding_time": 0.188338041305542}