{"MSE": 13.147178649902344, "PSNR": 36.94247796501621, "encoding_time": 0.31529808044433594, "decoding_time": 0.2190568447113037}