{"MSE": 11.721126556396484, "PSNR": 37.44111005694906, "encoding_time": 0.29977893829345703, "decoding_time": 0.19388699531555176}