{"MSE": 15.374034881591797, "PSNR": 36.26292498778498, "encoding_time": 0.3068220615386963, "decoding_time": 0.24931788444519043}