{"MSE": 12.709129333496094, "PSNR": 37.08964561581415, "encoding_time": 0.29825615882873535, "decoding_time": 0.20131397247314453}