{"MSE": 14.658790588378906, "PSNR": 36.4698222019855, "encoding_time": 0.29576897621154785, "decoding_time": 0.19829511642456055}