{"MSE": 9.324604034423828, "PSNR": 38.43449962136882, "encoding_time": 0.2846848964691162, "decoding_time": 0.17359709739685059}