{"MSE": 14.016658782958984, "PSNR": 36.6643585972368, "encoding_time": 0.3076322078704834, "decoding_time": 0.2174079418182373}