{"MSE": 28.9801025390625, "PSNR": 33.50980443084368, "encoding_time": 0.3357729911804199, "decoding_time": 0.2572321891784668}