{"MSE": 24.527645111083984, "PSNR": 34.23424507091014, "encoding_time": 0.3279092311859131, "decoding_time": 0.2443089485168457}