{"MSE": 12.732807159423828, "PSNR": 37.08156199205729, "encoding_time": 0.2977559566497803, "decoding_time": 0.20144987106323242}