{"MSE": 14.967945098876953, "PSNR": 36.379181793274874, "encoding_time": 0.30387306213378906, "decoding_time": 0.21058201789855957}