{"MSE": 14.004138946533203, "PSNR": 36.66823949762255, "encoding_time": 0.3004298210144043, "decoding_time": 0.2060680389404297}