{"MSE": 13.396018981933594, "PSNR": 36.861046066116685, "encoding_time": 0.30177903175354004, "decoding_time": 0.2069990634918213}