{"MSE": 13.038646697998047, "PSNR": 36.97847843252035, "encoding_time": 0.2993581295013428, "decoding_time": 0.203643798828125}