{"MSE": 22.841449737548828, "PSNR": 34.543566959247215, "encoding_time": 0.32135915756225586, "decoding_time": 0.2371690273284912}