{"MSE": 14.795146942138672, "PSNR": 36.4296107803276, "encoding_time": 0.3142530918121338, "decoding_time": 0.22345709800720215}