{"MSE": 12.835269927978516, "PSNR": 37.04675354475258, "encoding_time": 0.29787302017211914, "decoding_time": 0.20238399505615234}