{"MSE": 19.67790985107422, "PSNR": 35.19101394229513, "encoding_time": 0.3157198429107666, "decoding_time": 0.22515201568603516}