{"MSE": 13.391651153564453, "PSNR": 36.86246233245551, "encoding_time": 0.3019678592681885, "decoding_time": 0.20431208610534668}