{"MSE": 13.483314514160156, "PSNR": 36.832836958001295, "encoding_time": 0.3005189895629883, "decoding_time": 0.20386481285095215}