{"MSE": 14.66727066040039, "PSNR": 36.46731054618796, "encoding_time": 0.3033921718597412, "decoding_time": 0.2090001106262207}