{"MSE": 11.24771499633789, "PSNR": 37.62016057556131, "encoding_time": 0.2913351058959961, "decoding_time": 0.1871659755706787}