{"MSE": 33.492279052734375, "PSNR": 32.881356598389445, "encoding_time": 0.3444998264312744, "decoding_time": 0.266387939453125}