{"MSE": 17.798500061035156, "PSNR": 35.6269695646145, "encoding_time": 0.3070049285888672, "decoding_time": 0.21760940551757812}