{"MSE": 14.700740814208984, "PSNR": 36.457411401730376, "encoding_time": 0.3135192394256592, "decoding_time": 0.22167277336120605}