{"MSE": 13.8365478515625, "PSNR": 36.72052611500717, "encoding_time": 0.3008151054382324, "decoding_time": 0.20588397979736328}