{"MSE": 13.110794067382812, "PSNR": 36.9545136493381, "encoding_time": 0.2918059825897217, "decoding_time": 0.1884901523590088}