{"MSE": 13.412818908691406, "PSNR": 36.85560299807164, "encoding_time": 0.29953932762145996, "decoding_time": 0.20396780967712402}