{"MSE": 15.361331939697266, "PSNR": 36.26651487035572, "encoding_time": 0.3185460567474365, "decoding_time": 0.22811388969421387}