{"MSE": 12.6102294921875, "PSNR": 37.12357370545126, "encoding_time": 0.2935299873352051, "decoding_time": 0.19652700424194336}