{"MSE": 23.698471069335938, "PSNR": 34.38360032898721, "encoding_time": 0.32402777671813965, "decoding_time": 0.24049830436706543}