{"MSE": 22.8350830078125, "PSNR": 34.54477766218107, "encoding_time": 0.3183281421661377, "decoding_time": 0.2533729076385498}