{"MSE": 24.618465423583984, "PSNR": 34.21819382899774, "encoding_time": 0.31154417991638184, "decoding_time": 0.23124289512634277}