{"MSE": 25.614288330078125, "PSNR": 34.0459806696879, "encoding_time": 0.32147884368896484, "decoding_time": 0.23903226852416992}