{"MSE": 25.371421813964844, "PSNR": 34.08735555110233, "encoding_time": 0.32702088356018066, "decoding_time": 0.24341797828674316}