{"MSE": 11.568885803222656, "PSNR": 37.49788826705534, "encoding_time": 0.2807459831237793, "decoding_time": 0.16950297355651855}