{"MSE": 22.302379608154297, "PSNR": 34.64729157211891, "encoding_time": 0.31805968284606934, "decoding_time": 0.23486733436584473}