{"MSE": 16.122608184814453, "PSNR": 36.056450610758475, "encoding_time": 0.2907981872558594, "decoding_time": 0.1924760341644287}