{"MSE": 20.544795989990234, "PSNR": 35.00378527796736, "encoding_time": 0.30772876739501953, "decoding_time": 0.2504551410675049}