{"MSE": 21.767391204833984, "PSNR": 34.752739783695695, "encoding_time": 0.3141500949859619, "decoding_time": 0.22373390197753906}