{"MSE": 10.954376220703125, "PSNR": 37.73492708466348, "encoding_time": 0.28200602531433105, "decoding_time": 0.16927480697631836}