{"MSE": 16.454700469970703, "PSNR": 35.96790379763063, "encoding_time": 0.2978708744049072, "decoding_time": 0.21380615234375}