{"MSE": 8.497482299804688, "PSNR": 38.83790092244194, "encoding_time": 0.2741239070892334, "decoding_time": 0.15727591514587402}