{"MSE": 16.57754135131836, "PSNR": 35.93560240970518, "encoding_time": 0.293043851852417, "decoding_time": 0.19721198081970215}