{"MSE": 19.610225677490234, "PSNR": 35.2059776924374, "encoding_time": 0.3029301166534424, "decoding_time": 0.21169400215148926}