{"MSE": 14.661872863769531, "PSNR": 36.46890911541706, "encoding_time": 0.29636311531066895, "decoding_time": 0.1950700283050537}