{"MSE": 22.370128631591797, "PSNR": 34.6341187950575, "encoding_time": 0.31416797637939453, "decoding_time": 0.23274993896484375}