{"MSE": 19.68518829345703, "PSNR": 35.18940787592905, "encoding_time": 0.3036210536956787, "decoding_time": 0.22202181816101074}