{"MSE": 17.85379409790039, "PSNR": 35.61349838980606, "encoding_time": 0.30455660820007324, "decoding_time": 0.21192216873168945}