{"MSE": 7.45751953125, "PSNR": 39.40485961414703, "encoding_time": 0.2650439739227295, "decoding_time": 0.14170503616333008}