{"MSE": 6.8514404296875, "PSNR": 39.77298474791392, "encoding_time": 0.2611865997314453, "decoding_time": 0.13742804527282715}