{"MSE": 7.001689910888672, "PSNR": 39.67877487939613, "encoding_time": 0.2603929042816162, "decoding_time": 0.1370410919189453}