{"MSE": 7.2993316650390625, "PSNR": 39.49797263415015, "encoding_time": 0.2616097927093506, "decoding_time": 0.14103412628173828}