{"MSE": 7.039264678955078, "PSNR": 39.6555306572453, "encoding_time": 0.26114487648010254, "decoding_time": 0.1379549503326416}