{"MSE": 8.322052001953125, "PSNR": 38.928499356293514, "encoding_time": 0.2626349925994873, "decoding_time": 0.13965630531311035}