{"MSE": 7.02984619140625, "PSNR": 39.66134537833048, "encoding_time": 0.2597489356994629, "decoding_time": 0.13634085655212402}