{"MSE": 7.071453094482422, "PSNR": 39.63571695858507, "encoding_time": 0.26170992851257324, "decoding_time": 0.1370699405670166}