{"MSE": 6.5237579345703125, "PSNR": 39.985825227900975, "encoding_time": 0.25940895080566406, "decoding_time": 0.13358783721923828}