{"MSE": 8.936664581298828, "PSNR": 38.619049029471604, "encoding_time": 0.26537394523620605, "decoding_time": 0.14719200134277344}