{"MSE": 7.070789337158203, "PSNR": 39.636124625395816, "encoding_time": 0.2605440616607666, "decoding_time": 0.13571786880493164}