{"MSE": 6.925422668457031, "PSNR": 39.72634076708766, "encoding_time": 0.25975608825683594, "decoding_time": 0.13628602027893066}