{"MSE": 7.336524963378906, "PSNR": 39.4758996125098, "encoding_time": 0.2587447166442871, "decoding_time": 0.1312110424041748}