{"MSE": 7.043811798095703, "PSNR": 39.65272617226907, "encoding_time": 0.2634592056274414, "decoding_time": 0.13773584365844727}