{"MSE": 6.3833160400390625, "PSNR": 40.08034013845717, "encoding_time": 0.2591989040374756, "decoding_time": 0.13219618797302246}