{"MSE": 7.219367980957031, "PSNR": 39.54581181912847, "encoding_time": 0.2584228515625, "decoding_time": 0.13380813598632812}