{"MSE": 16.400814056396484, "PSNR": 35.98214956025895, "encoding_time": 0.3081998825073242, "decoding_time": 0.20823192596435547}