{"MSE": 12.199115753173828, "PSNR": 37.26752008671423, "encoding_time": 0.2919342517852783, "decoding_time": 0.1806797981262207}