{"MSE": 12.978843688964844, "PSNR": 36.998443588404896, "encoding_time": 0.2896561622619629, "decoding_time": 0.17961692810058594}