{"MSE": 15.068328857421875, "PSNR": 36.350152710114116, "encoding_time": 0.3303258419036865, "decoding_time": 0.23706817626953125}