{"MSE": 13.216365814208984, "PSNR": 36.91968309940207, "encoding_time": 0.2945070266723633, "decoding_time": 0.1926560401916504}