{"MSE": 13.287841796875, "PSNR": 36.89625912041159, "encoding_time": 0.2919919490814209, "decoding_time": 0.18073415756225586}