{"MSE": 13.547603607177734, "PSNR": 36.812178798434914, "encoding_time": 0.29268503189086914, "decoding_time": 0.184067964553833}