{"MSE": 13.216140747070312, "PSNR": 36.91975705789417, "encoding_time": 0.30486512184143066, "decoding_time": 0.20350909233093262}