{"MSE": 15.40744400024414, "PSNR": 36.25349762945103, "encoding_time": 0.30219101905822754, "decoding_time": 0.1933577060699463}