{"MSE": 14.467098236083984, "PSNR": 36.526989304008076, "encoding_time": 0.30703186988830566, "decoding_time": 0.20854496955871582}