{"MSE": 12.318317413330078, "PSNR": 37.225289702481376, "encoding_time": 0.3020601272583008, "decoding_time": 0.19806194305419922}