{"MSE": 13.739288330078125, "PSNR": 36.751161232189496, "encoding_time": 0.30849385261535645, "decoding_time": 0.2002270221710205}