{"MSE": 11.83315658569336, "PSNR": 37.39979749385831, "encoding_time": 0.2928590774536133, "decoding_time": 0.18184494972229004}