{"MSE": 13.10318374633789, "PSNR": 36.957035296797834, "encoding_time": 0.31120777130126953, "decoding_time": 0.2161860466003418}