{"MSE": 16.150413513183594, "PSNR": 36.04896714436407, "encoding_time": 0.32080578804016113, "decoding_time": 0.2273111343383789}