{"MSE": 15.635883331298828, "PSNR": 36.189579396271526, "encoding_time": 0.29950499534606934, "decoding_time": 0.19771313667297363}