{"MSE": 15.857719421386719, "PSNR": 36.1283963147549, "encoding_time": 0.30333399772644043, "decoding_time": 0.20369291305541992}