{"MSE": 13.702991485595703, "PSNR": 36.76264972991455, "encoding_time": 0.29699015617370605, "decoding_time": 0.189680814743042}