{"MSE": 12.194904327392578, "PSNR": 37.26901963372606, "encoding_time": 0.28951501846313477, "decoding_time": 0.18100976943969727}