{"MSE": 13.667823791503906, "PSNR": 36.77380989722075, "encoding_time": 0.29737210273742676, "decoding_time": 0.20331192016601562}