{"MSE": 13.31011962890625, "PSNR": 36.888984020167975, "encoding_time": 0.2916231155395508, "decoding_time": 0.18276286125183105}