{"MSE": 13.799182891845703, "PSNR": 36.73226990123838, "encoding_time": 0.306027889251709, "decoding_time": 0.20004510879516602}