{"MSE": 15.39559555053711, "PSNR": 36.256838674137335, "encoding_time": 0.31591176986694336, "decoding_time": 0.22934198379516602}