{"MSE": 15.718124389648438, "PSNR": 36.166796395095744, "encoding_time": 0.30063605308532715, "decoding_time": 0.1962130069732666}