{"MSE": 14.369709014892578, "PSNR": 36.55632387062563, "encoding_time": 0.306394100189209, "decoding_time": 0.20120000839233398}