{"MSE": 13.163772583007812, "PSNR": 36.9369999004092, "encoding_time": 0.29748034477233887, "decoding_time": 0.18022394180297852}