{"MSE": 12.29916000366211, "PSNR": 37.23204909447346, "encoding_time": 0.29732203483581543, "decoding_time": 0.19202399253845215}