{"MSE": 16.052913665771484, "PSNR": 36.075264908483135, "encoding_time": 0.3082699775695801, "decoding_time": 0.20770716667175293}