{"MSE": 14.109439849853516, "PSNR": 36.63570588427988, "encoding_time": 0.3190169334411621, "decoding_time": 0.20114398002624512}