{"MSE": 14.87746810913086, "PSNR": 36.405513328699676, "encoding_time": 0.32088398933410645, "decoding_time": 0.23218107223510742}