{"MSE": 12.331611633300781, "PSNR": 37.22060522089659, "encoding_time": 0.29772210121154785, "decoding_time": 0.18363285064697266}