{"MSE": 15.783111572265625, "PSNR": 36.148877342726486, "encoding_time": 0.3133080005645752, "decoding_time": 0.20744895935058594}