{"MSE": 13.36606216430664, "PSNR": 36.87076884212469, "encoding_time": 0.29353785514831543, "decoding_time": 0.19666695594787598}