{"MSE": 15.484149932861328, "PSNR": 36.23192992931721, "encoding_time": 0.31742310523986816, "decoding_time": 0.22079992294311523}