{"MSE": 15.646163940429688, "PSNR": 36.18672484398594, "encoding_time": 0.3012270927429199, "decoding_time": 0.19978785514831543}