{"MSE": 13.722808837890625, "PSNR": 36.75637347314611, "encoding_time": 0.2960960865020752, "decoding_time": 0.19585895538330078}