{"MSE": 13.197452545166016, "PSNR": 36.925902518095825, "encoding_time": 0.2926638126373291, "decoding_time": 0.18051505088806152}