{"MSE": 15.979812622070312, "PSNR": 36.09508678360401, "encoding_time": 0.3170039653778076, "decoding_time": 0.2140669822692871}