{"MSE": 14.11911392211914, "PSNR": 36.63272918458715, "encoding_time": 0.31522393226623535, "decoding_time": 0.20792388916015625}