{"MSE": 12.065685272216797, "PSNR": 37.31528368109156, "encoding_time": 0.3049039840698242, "decoding_time": 0.21967101097106934}