{"MSE": 13.45241928100586, "PSNR": 36.842799660530325, "encoding_time": 0.2950019836425781, "decoding_time": 0.18604707717895508}