{"MSE": 14.939292907714844, "PSNR": 36.38750318512016, "encoding_time": 0.29877781867980957, "decoding_time": 0.22408294677734375}