{"MSE": 14.412300109863281, "PSNR": 36.54347063932743, "encoding_time": 0.3036539554595947, "decoding_time": 0.21309304237365723}