{"MSE": 15.860916137695312, "PSNR": 36.12752092006452, "encoding_time": 0.3128499984741211, "decoding_time": 0.22537016868591309}