{"MSE": 16.10153579711914, "PSNR": 36.06213058972469, "encoding_time": 0.3118290901184082, "decoding_time": 0.2098400592803955}