{"MSE": 16.023113250732422, "PSNR": 36.08333458591996, "encoding_time": 0.3237268924713135, "decoding_time": 0.22281694412231445}