{"MSE": 16.216205596923828, "PSNR": 36.0313111895186, "encoding_time": 0.3110198974609375, "decoding_time": 0.214738130569458}