{"MSE": 15.186458587646484, "PSNR": 36.31623850675857, "encoding_time": 0.3082699775695801, "decoding_time": 0.21226119995117188}