{"MSE": 14.722675323486328, "PSNR": 36.45093626093606, "encoding_time": 0.3054940700531006, "decoding_time": 0.20375394821166992}