{"MSE": 12.234363555908203, "PSNR": 37.2549897903514, "encoding_time": 0.2922248840332031, "decoding_time": 0.18427395820617676}