{"MSE": 13.08834457397461, "PSNR": 36.961956408146605, "encoding_time": 0.29296207427978516, "decoding_time": 0.19243597984313965}