{"MSE": 13.357070922851562, "PSNR": 36.8736912888932, "encoding_time": 0.29279088973999023, "decoding_time": 0.19057512283325195}