{"MSE": 15.05752944946289, "PSNR": 36.35326639632848, "encoding_time": 0.31233906745910645, "decoding_time": 0.20868992805480957}