{"MSE": 15.978538513183594, "PSNR": 36.09543307084317, "encoding_time": 0.3023500442504883, "decoding_time": 0.196685791015625}