{"MSE": 15.71115493774414, "PSNR": 36.16872249370081, "encoding_time": 0.30199098587036133, "decoding_time": 0.2026071548461914}