{"MSE": 12.57309341430664, "PSNR": 37.136382186248944, "encoding_time": 0.3195328712463379, "decoding_time": 0.19078588485717773}