{"MSE": 15.50274658203125, "PSNR": 36.22671713036386, "encoding_time": 0.31139278411865234, "decoding_time": 0.20924615859985352}