{"MSE": 15.94921875, "PSNR": 36.10340946256762, "encoding_time": 0.30342602729797363, "decoding_time": 0.19662904739379883}