{"MSE": 12.143829345703125, "PSNR": 37.28724705308945, "encoding_time": 0.30135607719421387, "decoding_time": 0.20107698440551758}