{"MSE": 15.612010955810547, "PSNR": 36.19621513490162, "encoding_time": 0.3135828971862793, "decoding_time": 0.2154250144958496}