{"MSE": 13.034832000732422, "PSNR": 36.97974922726435, "encoding_time": 0.2932438850402832, "decoding_time": 0.1877279281616211}