{"MSE": 15.393783569335938, "PSNR": 36.257349846145594, "encoding_time": 0.3177070617675781, "decoding_time": 0.2210559844970703}