{"MSE": 15.5438232421875, "PSNR": 36.21522511862074, "encoding_time": 0.29945874214172363, "decoding_time": 0.20499014854431152}