{"MSE": 13.364688873291016, "PSNR": 36.871215079276666, "encoding_time": 0.3150961399078369, "decoding_time": 0.18341302871704102}