{"MSE": 14.779060363769531, "PSNR": 36.434335378917964, "encoding_time": 0.3140132427215576, "decoding_time": 0.2028799057006836}