{"MSE": 14.01839828491211, "PSNR": 36.6638196605058, "encoding_time": 0.3152749538421631, "decoding_time": 0.2251288890838623}