{"MSE": 16.093433380126953, "PSNR": 36.06431654309195, "encoding_time": 0.3006608486175537, "decoding_time": 0.19661903381347656}