{"MSE": 13.512992858886719, "PSNR": 36.8232881361116, "encoding_time": 0.2961699962615967, "decoding_time": 0.1864299774169922}