{"MSE": 16.13379669189453, "PSNR": 36.053437809363494, "encoding_time": 0.31868696212768555, "decoding_time": 0.2313690185546875}