{"MSE": 15.522674560546875, "PSNR": 36.221138084551555, "encoding_time": 0.30498170852661133, "decoding_time": 0.20556211471557617}