{"MSE": 12.011272430419922, "PSNR": 37.33491343453495, "encoding_time": 0.29043006896972656, "decoding_time": 0.17925405502319336}