{"MSE": 11.899162292480469, "PSNR": 37.375639729677445, "encoding_time": 0.2895193099975586, "decoding_time": 0.186903715133667}