{"MSE": 14.154857635498047, "PSNR": 36.6217485512359, "encoding_time": 0.3034629821777344, "decoding_time": 0.20243477821350098}