{"MSE": 14.303863525390625, "PSNR": 36.576270030439005, "encoding_time": 0.30640220642089844, "decoding_time": 0.2060868740081787}