{"MSE": 13.201591491699219, "PSNR": 36.92454070995423, "encoding_time": 0.2925870418548584, "decoding_time": 0.18801403045654297}