{"MSE": 15.162128448486328, "PSNR": 36.3232018935102, "encoding_time": 0.3050520420074463, "decoding_time": 0.20914506912231445}