{"MSE": 12.76565170288086, "PSNR": 37.070373698717596, "encoding_time": 0.2982969284057617, "decoding_time": 0.18976426124572754}