{"MSE": 15.469970703125, "PSNR": 36.23590869630288, "encoding_time": 0.3060269355773926, "decoding_time": 0.19916391372680664}