{"MSE": 15.93825912475586, "PSNR": 36.106394775469056, "encoding_time": 0.30930280685424805, "decoding_time": 0.2144331932067871}