{"MSE": 14.873817443847656, "PSNR": 36.4065791406579, "encoding_time": 0.30836915969848633, "decoding_time": 0.2200169563293457}