{"MSE": 15.94778060913086, "PSNR": 36.10380108350793, "encoding_time": 0.3059079647064209, "decoding_time": 0.1968669891357422}