{"MSE": 13.430755615234375, "PSNR": 36.84979914074442, "encoding_time": 0.29731202125549316, "decoding_time": 0.19202685356140137}