{"MSE": 13.670181274414062, "PSNR": 36.77306087268942, "encoding_time": 0.3051412105560303, "decoding_time": 0.1924448013305664}