{"MSE": 14.216636657714844, "PSNR": 36.60283496806371, "encoding_time": 0.30516600608825684, "decoding_time": 0.2166609764099121}