{"MSE": 15.766021728515625, "PSNR": 36.153582401019136, "encoding_time": 0.3234288692474365, "decoding_time": 0.23095297813415527}