{"MSE": 14.996894836425781, "PSNR": 36.37079014812748, "encoding_time": 0.30762290954589844, "decoding_time": 0.2078840732574463}