{"MSE": 13.998367309570312, "PSNR": 36.6700297588921, "encoding_time": 0.30959272384643555, "decoding_time": 0.21516919136047363}