{"MSE": 16.482585906982422, "PSNR": 35.960550129101584, "encoding_time": 0.30418920516967773, "decoding_time": 0.23698782920837402}