{"MSE": 14.736675262451172, "PSNR": 36.44680847361136, "encoding_time": 0.30602002143859863, "decoding_time": 0.207244873046875}