{"MSE": 14.933856964111328, "PSNR": 36.38908373511046, "encoding_time": 0.30100417137145996, "decoding_time": 0.20436501502990723}