{"MSE": 15.690555572509766, "PSNR": 36.17442039473225, "encoding_time": 0.3066520690917969, "decoding_time": 0.22571921348571777}