{"MSE": 15.851139068603516, "PSNR": 36.13019884633745, "encoding_time": 0.3131530284881592, "decoding_time": 0.21987009048461914}