{"MSE": 15.823509216308594, "PSNR": 36.13777556531035, "encoding_time": 0.3065478801727295, "decoding_time": 0.22777605056762695}