{"MSE": 14.219757080078125, "PSNR": 36.60188183579841, "encoding_time": 0.31401705741882324, "decoding_time": 0.20857810974121094}