{"MSE": 14.764869689941406, "PSNR": 36.438507424953, "encoding_time": 0.3275108337402344, "decoding_time": 0.20447421073913574}