{"MSE": 11.95174789428711, "PSNR": 37.356489371458096, "encoding_time": 0.3031890392303467, "decoding_time": 0.18090200424194336}