{"MSE": 15.314735412597656, "PSNR": 36.279708628165, "encoding_time": 0.3186299800872803, "decoding_time": 0.2091209888458252}