{"MSE": 16.420307159423828, "PSNR": 35.976990840652945, "encoding_time": 0.30704689025878906, "decoding_time": 0.20782995223999023}