{"MSE": 14.742061614990234, "PSNR": 36.44522138850587, "encoding_time": 0.31097888946533203, "decoding_time": 0.2104940414428711}