{"MSE": 15.526092529296875, "PSNR": 36.22018190811522, "encoding_time": 0.3046383857727051, "decoding_time": 0.2046828269958496}