{"MSE": 15.916736602783203, "PSNR": 36.112263314288896, "encoding_time": 0.30437803268432617, "decoding_time": 0.20377588272094727}