{"MSE": 15.501625061035156, "PSNR": 36.22703132501083, "encoding_time": 0.30185818672180176, "decoding_time": 0.19351601600646973}