{"MSE": 11.808551788330078, "PSNR": 37.40883722263949, "encoding_time": 0.2871119976043701, "decoding_time": 0.17376494407653809}