{"MSE": 15.62375259399414, "PSNR": 36.19295007694734, "encoding_time": 0.3003969192504883, "decoding_time": 0.19313788414001465}