{"MSE": 14.549530029296875, "PSNR": 36.502313956545365, "encoding_time": 0.3018920421600342, "decoding_time": 0.20675992965698242}