{"MSE": 15.701549530029297, "PSNR": 36.171378473673045, "encoding_time": 0.3058907985687256, "decoding_time": 0.20864200592041016}