{"MSE": 13.261775970458984, "PSNR": 36.90478673712914, "encoding_time": 0.29184913635253906, "decoding_time": 0.1812000274658203}