{"MSE": 13.665878295898438, "PSNR": 36.77442812156866, "encoding_time": 0.2986259460449219, "decoding_time": 0.22165894508361816}