{"MSE": 15.827350616455078, "PSNR": 36.13672137663845, "encoding_time": 0.3067960739135742, "decoding_time": 0.20328497886657715}