{"MSE": 13.959064483642578, "PSNR": 36.682240473949456, "encoding_time": 0.3024570941925049, "decoding_time": 0.1996290683746338}