{"MSE": 16.015281677246094, "PSNR": 36.08545779416751, "encoding_time": 0.31677818298339844, "decoding_time": 0.20481014251708984}