{"MSE": 12.796867370605469, "PSNR": 37.059766920143524, "encoding_time": 0.2966039180755615, "decoding_time": 0.19061994552612305}