{"MSE": 14.671100616455078, "PSNR": 36.46617665312059, "encoding_time": 0.3131139278411865, "decoding_time": 0.21269607543945312}