{"MSE": 15.218658447265625, "PSNR": 36.307039906034525, "encoding_time": 0.327376127243042, "decoding_time": 0.21136808395385742}