{"MSE": 15.886524200439453, "PSNR": 36.120514721999065, "encoding_time": 0.30695676803588867, "decoding_time": 0.1962890625}