{"MSE": 11.774002075195312, "PSNR": 37.42156252846338, "encoding_time": 0.3127288818359375, "decoding_time": 0.22073602676391602}