{"MSE": 11.395164489746094, "PSNR": 37.56359762244586, "encoding_time": 0.28415894508361816, "decoding_time": 0.1842663288116455}