{"MSE": 7.992591857910156, "PSNR": 39.10392724600537, "encoding_time": 0.2663552761077881, "decoding_time": 0.15893793106079102}