{"MSE": 12.107654571533203, "PSNR": 37.300203387235285, "encoding_time": 0.2808818817138672, "decoding_time": 0.1959552764892578}