{"MSE": 12.88326644897461, "PSNR": 37.03054371996876, "encoding_time": 0.2822730541229248, "decoding_time": 0.19754600524902344}