{"MSE": 8.7103271484375, "PSNR": 38.73045894024082, "encoding_time": 0.2802407741546631, "decoding_time": 0.17279314994812012}