{"MSE": 9.729110717773438, "PSNR": 38.25007215153921, "encoding_time": 0.273129940032959, "decoding_time": 0.17850923538208008}