{"MSE": 7.913463592529297, "PSNR": 39.14713752226233, "encoding_time": 0.27294087409973145, "decoding_time": 0.16352295875549316}