{"MSE": 8.484703063964844, "PSNR": 38.84443712792655, "encoding_time": 0.27793407440185547, "decoding_time": 0.17073297500610352}