{"MSE": 12.954635620117188, "PSNR": 37.00655158937649, "encoding_time": 0.3235042095184326, "decoding_time": 0.25881385803222656}