{"MSE": 12.503639221191406, "PSNR": 37.16043926767385, "encoding_time": 0.30968213081359863, "decoding_time": 0.20840978622436523}