{"MSE": 12.202213287353516, "PSNR": 37.26641748938706, "encoding_time": 0.28719186782836914, "decoding_time": 0.1955571174621582}