{"MSE": 12.000377655029297, "PSNR": 37.33885447244078, "encoding_time": 0.30215883255004883, "decoding_time": 0.20023703575134277}