{"MSE": 11.568592071533203, "PSNR": 37.497998534952806, "encoding_time": 0.31370091438293457, "decoding_time": 0.19873714447021484}