{"MSE": 12.74985122680664, "PSNR": 37.07575243686477, "encoding_time": 0.30272912979125977, "decoding_time": 0.2006087303161621}