{"MSE": 9.582157135009766, "PSNR": 38.31617072418409, "encoding_time": 0.3028879165649414, "decoding_time": 0.18802523612976074}