{"MSE": 10.714656829833984, "PSNR": 37.83102094897073, "encoding_time": 0.292712926864624, "decoding_time": 0.18196606636047363}