{"MSE": 11.348808288574219, "PSNR": 37.581301011774315, "encoding_time": 0.3041422367095947, "decoding_time": 0.18270206451416016}