{"MSE": 12.817962646484375, "PSNR": 37.05261359218969, "encoding_time": 0.30344390869140625, "decoding_time": 0.20263123512268066}