{"MSE": 10.48760986328125, "PSNR": 37.924038375420565, "encoding_time": 0.2947051525115967, "decoding_time": 0.17971110343933105}