{"MSE": 9.005146026611328, "PSNR": 38.58589601176287, "encoding_time": 0.30669212341308594, "decoding_time": 0.1749129295349121}