{"MSE": 10.560592651367188, "PSNR": 37.89392069753809, "encoding_time": 0.29882001876831055, "decoding_time": 0.21463489532470703}