{"MSE": 9.14676284790039, "PSNR": 38.518129417788664, "encoding_time": 0.2979757785797119, "decoding_time": 0.20329523086547852}