{"MSE": 12.131988525390625, "PSNR": 37.29148369991062, "encoding_time": 0.3105490207672119, "decoding_time": 0.19377398490905762}