{"MSE": 12.363632202148438, "PSNR": 37.209342838355276, "encoding_time": 0.304002046585083, "decoding_time": 0.19785594940185547}