{"MSE": 12.60837173461914, "PSNR": 37.12421356160731, "encoding_time": 0.30379295349121094, "decoding_time": 0.20252680778503418}