{"MSE": 10.980117797851562, "PSNR": 37.72473361493137, "encoding_time": 0.3027489185333252, "decoding_time": 0.19615411758422852}