{"MSE": 12.616138458251953, "PSNR": 37.12153914272108, "encoding_time": 0.3060009479522705, "decoding_time": 0.21448206901550293}