{"MSE": 9.26059341430664, "PSNR": 38.464415439158344, "encoding_time": 0.3078169822692871, "decoding_time": 0.18488287925720215}