{"MSE": 12.410102844238281, "PSNR": 37.19304980295844, "encoding_time": 0.3051290512084961, "decoding_time": 0.20354819297790527}