{"MSE": 10.45440673828125, "PSNR": 37.93780968152397, "encoding_time": 0.29339170455932617, "decoding_time": 0.19280719757080078}