{"MSE": 13.434585571289062, "PSNR": 36.84856086963505, "encoding_time": 0.32891321182250977, "decoding_time": 0.2018108367919922}