{"MSE": 12.127208709716797, "PSNR": 37.29319509009259, "encoding_time": 0.3023207187652588, "decoding_time": 0.1902322769165039}