{"MSE": 10.83212661743164, "PSNR": 37.78366633000762, "encoding_time": 0.2896251678466797, "decoding_time": 0.20903682708740234}