{"MSE": 10.550830841064453, "PSNR": 37.89793700714557, "encoding_time": 0.3007481098175049, "decoding_time": 0.20479798316955566}