{"MSE": 9.985755920410156, "PSNR": 38.13699414381595, "encoding_time": 0.31447386741638184, "decoding_time": 0.20614409446716309}