{"MSE": 10.596031188964844, "PSNR": 37.879371329135935, "encoding_time": 0.2940816879272461, "decoding_time": 0.17438507080078125}