{"MSE": 12.423225402832031, "PSNR": 37.188459958810704, "encoding_time": 0.30514979362487793, "decoding_time": 0.20728135108947754}