{"MSE": 9.329341888427734, "PSNR": 38.43229352095156, "encoding_time": 0.28888988494873047, "decoding_time": 0.17787814140319824}