{"MSE": 17.227550506591797, "PSNR": 35.768568290435134, "encoding_time": 0.3140406608581543, "decoding_time": 0.22861313819885254}