{"MSE": 16.24203872680664, "PSNR": 36.024398191997605, "encoding_time": 0.31336092948913574, "decoding_time": 0.22023820877075195}