{"MSE": 15.537879943847656, "PSNR": 36.21688599395264, "encoding_time": 0.31208086013793945, "decoding_time": 0.22319984436035156}