{"MSE": 17.362884521484375, "PSNR": 35.734584840540066, "encoding_time": 0.31598591804504395, "decoding_time": 0.2294456958770752}