{"MSE": 13.911651611328125, "PSNR": 36.697016677482026, "encoding_time": 0.30419182777404785, "decoding_time": 0.20997214317321777}