{"MSE": 16.592987060546875, "PSNR": 35.93155786348116, "encoding_time": 0.317230224609375, "decoding_time": 0.22757196426391602}