{"MSE": 15.9205322265625, "PSNR": 36.11122778672567, "encoding_time": 0.31209778785705566, "decoding_time": 0.22139430046081543}