{"MSE": 16.277053833007812, "PSNR": 36.01504561043008, "encoding_time": 0.3143799304962158, "decoding_time": 0.22376203536987305}