{"MSE": 17.079578399658203, "PSNR": 35.80603214711753, "encoding_time": 0.3178842067718506, "decoding_time": 0.23000478744506836}