{"MSE": 15.900920867919922, "PSNR": 36.11658084580447, "encoding_time": 0.3079409599304199, "decoding_time": 0.2226247787475586}