{"MSE": 17.136398315429688, "PSNR": 35.79160812598224, "encoding_time": 0.31415224075317383, "decoding_time": 0.23047304153442383}