{"MSE": 16.939163208007812, "PSNR": 35.8418840842227, "encoding_time": 0.3223879337310791, "decoding_time": 0.2402181625366211}