{"MSE": 16.851837158203125, "PSNR": 35.864331070446866, "encoding_time": 0.3173389434814453, "decoding_time": 0.2369539737701416}