{"MSE": 16.496414184570312, "PSNR": 35.95690808720466, "encoding_time": 0.32106614112854004, "decoding_time": 0.23801589012145996}