{"MSE": 15.732536315917969, "PSNR": 36.162816179513534, "encoding_time": 0.3150899410247803, "decoding_time": 0.22459888458251953}