{"MSE": 16.303787231445312, "PSNR": 36.007918618216145, "encoding_time": 0.32286787033081055, "decoding_time": 0.2348480224609375}