{"MSE": 15.515621185302734, "PSNR": 36.2231119313279, "encoding_time": 0.31062912940979004, "decoding_time": 0.2213907241821289}