{"MSE": 13.876655578613281, "PSNR": 36.707955517208994, "encoding_time": 0.29668712615966797, "decoding_time": 0.2032630443572998}