{"MSE": 16.234134674072266, "PSNR": 36.02651216430131, "encoding_time": 0.31273984909057617, "decoding_time": 0.2229151725769043}