{"MSE": 17.652687072753906, "PSNR": 35.66269538280232, "encoding_time": 0.3182048797607422, "decoding_time": 0.23240399360656738}