{"MSE": 15.25018310546875, "PSNR": 36.29805302679054, "encoding_time": 0.3103039264678955, "decoding_time": 0.2185518741607666}