{"MSE": 15.570072174072266, "PSNR": 36.207897351508706, "encoding_time": 0.3076939582824707, "decoding_time": 0.21805405616760254}