{"MSE": 15.905941009521484, "PSNR": 36.115209934192734, "encoding_time": 0.31290292739868164, "decoding_time": 0.22102689743041992}