{"MSE": 17.061664581298828, "PSNR": 35.81058961046565, "encoding_time": 0.3167579174041748, "decoding_time": 0.22947907447814941}