{"MSE": 16.259136199951172, "PSNR": 36.019828917845, "encoding_time": 0.31667375564575195, "decoding_time": 0.23452115058898926}