{"MSE": 15.112113952636719, "PSNR": 36.337551411516756, "encoding_time": 0.30565595626831055, "decoding_time": 0.21613192558288574}