{"MSE": 16.945270538330078, "PSNR": 35.840318539461514, "encoding_time": 0.35224008560180664, "decoding_time": 0.26070499420166016}