{"MSE": 16.69989776611328, "PSNR": 35.90366548387918, "encoding_time": 0.3144040107727051, "decoding_time": 0.22837495803833008}