{"MSE": 16.875282287597656, "PSNR": 35.85829314480665, "encoding_time": 0.31831789016723633, "decoding_time": 0.2309579849243164}