{"MSE": 15.780654907226562, "PSNR": 36.1495533812298, "encoding_time": 0.31029391288757324, "decoding_time": 0.22110295295715332}