{"MSE": 15.93552017211914, "PSNR": 36.107141164535854, "encoding_time": 0.32034802436828613, "decoding_time": 0.23245525360107422}