{"MSE": 15.884315490722656, "PSNR": 36.12111856530507, "encoding_time": 0.3124992847442627, "decoding_time": 0.2205047607421875}