{"MSE": 15.511764526367188, "PSNR": 36.2241915747877, "encoding_time": 0.30829501152038574, "decoding_time": 0.21850991249084473}