{"MSE": 16.675857543945312, "PSNR": 35.90992184424607, "encoding_time": 0.3175051212310791, "decoding_time": 0.22618985176086426}