{"MSE": 15.714069366455078, "PSNR": 36.167916949531296, "encoding_time": 0.3176708221435547, "decoding_time": 0.22599196434020996}