{"MSE": 15.609004974365234, "PSNR": 36.19705141848789, "encoding_time": 0.3099520206451416, "decoding_time": 0.2225480079650879}