{"MSE": 17.32205581665039, "PSNR": 35.74480927179449, "encoding_time": 0.3165781497955322, "decoding_time": 0.23055267333984375}