{"MSE": 15.44927978515625, "PSNR": 36.24172122584275, "encoding_time": 0.3105299472808838, "decoding_time": 0.21720409393310547}