{"MSE": 17.557708740234375, "PSNR": 35.68612520505028, "encoding_time": 0.31940293312072754, "decoding_time": 0.23350906372070312}