{"MSE": 16.288692474365234, "PSNR": 36.01194136839253, "encoding_time": 0.3221776485443115, "decoding_time": 0.2358384132385254}