{"MSE": 15.697723388671875, "PSNR": 36.172436888045276, "encoding_time": 0.31569933891296387, "decoding_time": 0.2232227325439453}