{"MSE": 15.565074920654297, "PSNR": 36.209291454190236, "encoding_time": 0.30938100814819336, "decoding_time": 0.21790504455566406}