{"MSE": 14.148712158203125, "PSNR": 36.62363449490961, "encoding_time": 0.30662107467651367, "decoding_time": 0.21149182319641113}