{"MSE": 16.27288055419922, "PSNR": 36.01615924214828, "encoding_time": 0.3214240074157715, "decoding_time": 0.23767709732055664}