{"MSE": 16.438961029052734, "PSNR": 35.972059949636275, "encoding_time": 0.3159670829772949, "decoding_time": 0.22762393951416016}