{"MSE": 16.42264175415039, "PSNR": 35.97637341643103, "encoding_time": 0.3194239139556885, "decoding_time": 0.23832297325134277}