{"MSE": 15.380752563476562, "PSNR": 36.26102775326477, "encoding_time": 0.3119931221008301, "decoding_time": 0.22415590286254883}