{"MSE": 16.547061920166016, "PSNR": 35.94359468806596, "encoding_time": 0.32153892517089844, "decoding_time": 0.24790716171264648}