{"MSE": 16.363140106201172, "PSNR": 35.99213711903229, "encoding_time": 0.3144090175628662, "decoding_time": 0.2254350185394287}