{"MSE": 15.057819366455078, "PSNR": 36.353182778269996, "encoding_time": 0.3100290298461914, "decoding_time": 0.2191150188446045}