{"MSE": 15.884658813476562, "PSNR": 36.12102469814013, "encoding_time": 0.3091468811035156, "decoding_time": 0.2198011875152588}