{"MSE": 16.943199157714844, "PSNR": 35.840849451113954, "encoding_time": 0.31679201126098633, "decoding_time": 0.23055791854858398}