{"MSE": 16.850276947021484, "PSNR": 35.86473317644244, "encoding_time": 0.32176804542541504, "decoding_time": 0.23670291900634766}