{"MSE": 15.440361022949219, "PSNR": 36.24422910176375, "encoding_time": 0.3111250400543213, "decoding_time": 0.2215437889099121}