{"MSE": 15.496635437011719, "PSNR": 36.228429446172505, "encoding_time": 0.30803823471069336, "decoding_time": 0.21510601043701172}