{"MSE": 16.41324234008789, "PSNR": 35.97885979003391, "encoding_time": 0.3205149173736572, "decoding_time": 0.23643898963928223}