{"MSE": 16.107666015625, "PSNR": 36.06047744717395, "encoding_time": 0.31226515769958496, "decoding_time": 0.22179770469665527}