{"MSE": 14.722599029541016, "PSNR": 36.45095876644174, "encoding_time": 0.3028080463409424, "decoding_time": 0.20953607559204102}