{"MSE": 16.678050994873047, "PSNR": 35.909350634647346, "encoding_time": 0.3200562000274658, "decoding_time": 0.22781801223754883}