{"MSE": 15.49615478515625, "PSNR": 36.22856415133913, "encoding_time": 0.30883193016052246, "decoding_time": 0.2165999412536621}