{"MSE": 15.560386657714844, "PSNR": 36.21059976361697, "encoding_time": 0.3116769790649414, "decoding_time": 0.22122406959533691}