{"MSE": 15.798416137695312, "PSNR": 36.14466811707065, "encoding_time": 0.31029391288757324, "decoding_time": 0.22046303749084473}