{"MSE": 17.16543197631836, "PSNR": 35.78425623739944, "encoding_time": 0.31671810150146484, "decoding_time": 0.22689104080200195}