{"MSE": 13.855491638183594, "PSNR": 36.714584202868615, "encoding_time": 0.3066599369049072, "decoding_time": 0.20949697494506836}