{"MSE": 15.654346466064453, "PSNR": 36.18445419359333, "encoding_time": 0.31450772285461426, "decoding_time": 0.24029922485351562}