{"MSE": 15.842262268066406, "PSNR": 36.13263162125491, "encoding_time": 0.30963993072509766, "decoding_time": 0.22201299667358398}