{"MSE": 16.76263427734375, "PSNR": 35.88738091071589, "encoding_time": 0.3176851272583008, "decoding_time": 0.22497797012329102}