{"MSE": 17.722278594970703, "PSNR": 35.645608014656844, "encoding_time": 0.3179008960723877, "decoding_time": 0.23395299911499023}