{"MSE": 16.71411895751953, "PSNR": 35.89996872070471, "encoding_time": 0.31513071060180664, "decoding_time": 0.2244253158569336}