{"MSE": 16.465965270996094, "PSNR": 35.96493165778723, "encoding_time": 0.3119208812713623, "decoding_time": 0.22597694396972656}