{"MSE": 13.864124298095703, "PSNR": 36.7118791749968, "encoding_time": 0.30010437965393066, "decoding_time": 0.20458579063415527}