{"MSE": 15.786964416503906, "PSNR": 36.147817307900326, "encoding_time": 0.30654001235961914, "decoding_time": 0.22078609466552734}