{"MSE": 15.876728057861328, "PSNR": 36.12319354768474, "encoding_time": 0.31136107444763184, "decoding_time": 0.22144198417663574}