{"MSE": 16.124637603759766, "PSNR": 36.055903980850076, "encoding_time": 0.31944990158081055, "decoding_time": 0.23568296432495117}