{"MSE": 16.672283172607422, "PSNR": 35.9108528285354, "encoding_time": 0.3115570545196533, "decoding_time": 0.22676515579223633}