{"MSE": 15.901329040527344, "PSNR": 36.116469364942844, "encoding_time": 0.312608003616333, "decoding_time": 0.2210538387298584}