{"MSE": 15.778499603271484, "PSNR": 36.150146576219015, "encoding_time": 0.30911993980407715, "decoding_time": 0.21888518333435059}