{"MSE": 13.815376281738281, "PSNR": 36.72717642816458, "encoding_time": 0.30500102043151855, "decoding_time": 0.20957493782043457}