{"MSE": 15.327651977539062, "PSNR": 36.27604729907858, "encoding_time": 0.30881786346435547, "decoding_time": 0.21869325637817383}