{"MSE": 15.924480438232422, "PSNR": 36.110150891848306, "encoding_time": 0.3126542568206787, "decoding_time": 0.21877384185791016}