{"MSE": 16.607135772705078, "PSNR": 35.927856245858116, "encoding_time": 0.32272911071777344, "decoding_time": 0.2376689910888672}