{"MSE": 16.18497085571289, "PSNR": 36.03968439162958, "encoding_time": 0.31172704696655273, "decoding_time": 0.2250196933746338}