{"MSE": 16.530059814453125, "PSNR": 35.94805935787694, "encoding_time": 0.32094597816467285, "decoding_time": 0.23409104347229004}