{"MSE": 17.38440704345703, "PSNR": 35.72920478741721, "encoding_time": 0.3200347423553467, "decoding_time": 0.23131418228149414}