{"MSE": 16.944522857666016, "PSNR": 35.84051016859474, "encoding_time": 0.32266902923583984, "decoding_time": 0.22788500785827637}