{"MSE": 14.964176177978516, "PSNR": 36.38027548225364, "encoding_time": 0.30550408363342285, "decoding_time": 0.216109037399292}