{"MSE": 14.97799301147461, "PSNR": 36.37626737253208, "encoding_time": 0.30792713165283203, "decoding_time": 0.2164018154144287}