{"MSE": 16.788497924804688, "PSNR": 35.880685195333506, "encoding_time": 0.31244492530822754, "decoding_time": 0.22585010528564453}