{"MSE": 15.820144653320312, "PSNR": 36.138699106663296, "encoding_time": 0.3083987236022949, "decoding_time": 0.22091317176818848}