{"MSE": 17.71697235107422, "PSNR": 35.64690853450395, "encoding_time": 0.31832194328308105, "decoding_time": 0.2338869571685791}