{"MSE": 15.786975860595703, "PSNR": 36.1478141596674, "encoding_time": 0.3122551441192627, "decoding_time": 0.22733688354492188}