{"MSE": 16.599750518798828, "PSNR": 35.9297879988347, "encoding_time": 0.3209068775177002, "decoding_time": 0.2354271411895752}