{"MSE": 15.975025177001953, "PSNR": 36.096388095789806, "encoding_time": 0.309798002243042, "decoding_time": 0.22064900398254395}