{"MSE": 15.277511596679688, "PSNR": 36.29027738816607, "encoding_time": 0.3073856830596924, "decoding_time": 0.21847033500671387}