{"MSE": 14.36056900024414, "PSNR": 36.55908712829975, "encoding_time": 0.30404090881347656, "decoding_time": 0.21102285385131836}