{"MSE": 14.90652847290039, "PSNR": 36.39703846898941, "encoding_time": 0.3036506175994873, "decoding_time": 0.21126604080200195}