{"MSE": 16.328659057617188, "PSNR": 36.00129839804799, "encoding_time": 0.31185102462768555, "decoding_time": 0.22522306442260742}