{"MSE": 15.623485565185547, "PSNR": 36.19302430375579, "encoding_time": 0.3104522228240967, "decoding_time": 0.21838688850402832}