{"MSE": 16.576580047607422, "PSNR": 35.93585425706509, "encoding_time": 0.3198080062866211, "decoding_time": 0.238875150680542}