{"MSE": 17.319114685058594, "PSNR": 35.74554672795168, "encoding_time": 0.3146018981933594, "decoding_time": 0.2311408519744873}