{"MSE": 8.055545806884766, "PSNR": 39.06985389310978, "encoding_time": 0.2825748920440674, "decoding_time": 0.17215633392333984}