{"MSE": 8.969303131103516, "PSNR": 38.603216589690895, "encoding_time": 0.28078603744506836, "decoding_time": 0.17385125160217285}