{"MSE": 7.145179748535156, "PSNR": 39.59067202224472, "encoding_time": 0.26897287368774414, "decoding_time": 0.16010189056396484}