{"MSE": 6.319149017333984, "PSNR": 40.124217639082936, "encoding_time": 0.2552638053894043, "decoding_time": 0.14173603057861328}