{"MSE": 8.299690246582031, "PSNR": 38.94018476529238, "encoding_time": 0.267179012298584, "decoding_time": 0.15697693824768066}