{"MSE": 8.391399383544922, "PSNR": 38.89245969303352, "encoding_time": 0.2821969985961914, "decoding_time": 0.17297720909118652}