{"MSE": 8.409427642822266, "PSNR": 38.883139227421545, "encoding_time": 0.26943302154541016, "decoding_time": 0.1579430103302002}