{"MSE": 8.044967651367188, "PSNR": 39.07556058717632, "encoding_time": 0.27672815322875977, "decoding_time": 0.16835570335388184}