{"MSE": 8.30685043334961, "PSNR": 38.936439698989666, "encoding_time": 0.26738405227661133, "decoding_time": 0.1592118740081787}