{"MSE": 6.094570159912109, "PSNR": 40.28137279914516, "encoding_time": 0.2574160099029541, "decoding_time": 0.14201998710632324}