{"MSE": 8.47235107421875, "PSNR": 38.850764172579865, "encoding_time": 0.2856268882751465, "decoding_time": 0.18180513381958008}