{"MSE": 8.246711730957031, "PSNR": 38.96799547078727, "encoding_time": 0.28032493591308594, "decoding_time": 59.49525594711304}