{"MSE": 7.2899017333984375, "PSNR": 39.503586867242085, "encoding_time": 0.2622389793395996, "decoding_time": 0.15833711624145508}