{"MSE": 7.663825988769531, "PSNR": 39.28634725571838, "encoding_time": 0.27543020248413086, "decoding_time": 0.16451692581176758}