{"MSE": 8.066173553466797, "PSNR": 39.064127987254366, "encoding_time": 0.265106201171875, "decoding_time": 0.15718674659729004}