{"MSE": 7.932102203369141, "PSNR": 39.13692059510982, "encoding_time": 0.2828240394592285, "decoding_time": 0.1689610481262207}