{"MSE": 8.3922119140625, "PSNR": 38.892039190539535, "encoding_time": 0.2792391777038574, "decoding_time": 0.17155194282531738}