{"MSE": 7.860469818115234, "PSNR": 39.176318563912076, "encoding_time": 0.27849817276000977, "decoding_time": 0.16707897186279297}