{"MSE": 8.521358489990234, "PSNR": 38.82571524589969, "encoding_time": 0.2805802822113037, "decoding_time": 0.17031574249267578}