{"MSE": 8.092971801757812, "PSNR": 39.049723336796475, "encoding_time": 0.28486204147338867, "decoding_time": 0.17318224906921387}