{"MSE": 6.615024566650391, "PSNR": 39.92548899473507, "encoding_time": 0.2583937644958496, "decoding_time": 0.14722824096679688}