{"MSE": 8.632911682128906, "PSNR": 38.769230629267824, "encoding_time": 0.2788698673248291, "decoding_time": 0.16817116737365723}