{"MSE": 8.162433624267578, "PSNR": 39.012606981904796, "encoding_time": 0.2878589630126953, "decoding_time": 0.17655110359191895}