{"MSE": 8.206886291503906, "PSNR": 38.989019446634416, "encoding_time": 0.2928619384765625, "decoding_time": 0.17990803718566895}