{"MSE": 6.933849334716797, "PSNR": 39.72105960209199, "encoding_time": 0.28585195541381836, "decoding_time": 0.1614210605621338}