{"MSE": 8.043399810791016, "PSNR": 39.076407042871075, "encoding_time": 0.28570103645324707, "decoding_time": 0.17625188827514648}