{"MSE": 9.450504302978516, "PSNR": 38.37625376680653, "encoding_time": 0.30599498748779297, "decoding_time": 0.2125849723815918}