{"MSE": 8.401554107666016, "PSNR": 38.88720732192335, "encoding_time": 0.29338598251342773, "decoding_time": 0.18886184692382812}