{"MSE": 9.014202117919922, "PSNR": 38.58153069201598, "encoding_time": 0.2967488765716553, "decoding_time": 0.1971290111541748}