{"MSE": 8.305248260498047, "PSNR": 38.937277419549204, "encoding_time": 0.29038405418395996, "decoding_time": 0.1895608901977539}