{"MSE": 8.056510925292969, "PSNR": 39.0693336049721, "encoding_time": 0.2906520366668701, "decoding_time": 0.1829209327697754}