{"MSE": 9.956790924072266, "PSNR": 38.149609731003984, "encoding_time": 0.30884695053100586, "decoding_time": 0.2097461223602295}