{"MSE": 8.121532440185547, "PSNR": 39.03442377498224, "encoding_time": 0.2916901111602783, "decoding_time": 0.17998290061950684}