{"MSE": 9.332012176513672, "PSNR": 38.431050640735364, "encoding_time": 0.30153489112854004, "decoding_time": 0.20408201217651367}