{"MSE": 9.845664978027344, "PSNR": 38.19835307073817, "encoding_time": 0.30503010749816895, "decoding_time": 0.20831990242004395}