{"MSE": 9.389999389648438, "PSNR": 38.404147968310134, "encoding_time": 0.2994229793548584, "decoding_time": 0.20533180236816406}