{"MSE": 9.809078216552734, "PSNR": 38.2145216330181, "encoding_time": 0.3038609027862549, "decoding_time": 0.20884299278259277}