{"MSE": 9.294158935546875, "PSNR": 38.4487026597223, "encoding_time": 0.297260046005249, "decoding_time": 0.20200705528259277}