{"MSE": 7.781490325927734, "PSNR": 39.22017579001314, "encoding_time": 0.28579092025756836, "decoding_time": 0.1792149543762207}