{"MSE": 8.566032409667969, "PSNR": 38.80300647646803, "encoding_time": 0.291776180267334, "decoding_time": 0.18968963623046875}