{"MSE": 8.280410766601562, "PSNR": 38.950284794883984, "encoding_time": 0.29635000228881836, "decoding_time": 0.18784308433532715}