{"MSE": 8.305286407470703, "PSNR": 38.9372574719436, "encoding_time": 0.3020191192626953, "decoding_time": 0.1876659393310547}