{"MSE": 8.011707305908203, "PSNR": 39.09355286166354, "encoding_time": 0.29131293296813965, "decoding_time": 0.18236112594604492}