{"MSE": 8.166461944580078, "PSNR": 39.01046418258176, "encoding_time": 0.29139184951782227, "decoding_time": 0.1860811710357666}