{"MSE": 8.022411346435547, "PSNR": 39.08775434348306, "encoding_time": 0.2904078960418701, "decoding_time": 0.18190598487854004}