{"MSE": 6.719623565673828, "PSNR": 39.8573541637506, "encoding_time": 0.2777059078216553, "decoding_time": 0.16705799102783203}