{"MSE": 7.90203857421875, "PSNR": 39.153412154858515, "encoding_time": 0.2868340015411377, "decoding_time": 0.17832088470458984}