{"MSE": 7.634059906005859, "PSNR": 39.30324797245176, "encoding_time": 0.2944529056549072, "decoding_time": 0.17561125755310059}