{"MSE": 9.564861297607422, "PSNR": 38.32401684269413, "encoding_time": 0.30320286750793457, "decoding_time": 0.205596923828125}