{"MSE": 9.300838470458984, "PSNR": 38.44558258907594, "encoding_time": 0.3073701858520508, "decoding_time": 0.21239781379699707}