{"MSE": 8.125076293945312, "PSNR": 39.032529132005195, "encoding_time": 0.28575682640075684, "decoding_time": 0.17726993560791016}