{"MSE": 8.113677978515625, "PSNR": 39.03862593749166, "encoding_time": 0.28601598739624023, "decoding_time": 0.17506718635559082}