{"MSE": 9.673637390136719, "PSNR": 38.27490556750163, "encoding_time": 0.30738258361816406, "decoding_time": 0.21202611923217773}