{"MSE": 7.858142852783203, "PSNR": 39.17760441302844, "encoding_time": 0.2991809844970703, "decoding_time": 0.18373417854309082}