{"MSE": 8.089054107666016, "PSNR": 39.051826204470295, "encoding_time": 0.289870023727417, "decoding_time": 0.18430089950561523}