{"MSE": 6.963985443115234, "PSNR": 39.70222506231539, "encoding_time": 0.2903149127960205, "decoding_time": 0.16272592544555664}