{"MSE": 9.566753387451172, "PSNR": 38.323157820395586, "encoding_time": 0.30316686630249023, "decoding_time": 0.20842814445495605}