{"MSE": 8.052867889404297, "PSNR": 39.07129786495879, "encoding_time": 0.28600192070007324, "decoding_time": 0.1772458553314209}