{"MSE": 9.32834243774414, "PSNR": 38.43275880475596, "encoding_time": 0.30583906173706055, "decoding_time": 0.21263408660888672}