{"MSE": 6.723865509033203, "PSNR": 39.854613427853195, "encoding_time": 0.2816598415374756, "decoding_time": 0.15735220909118652}