{"MSE": 8.195480346679688, "PSNR": 38.99505947708338, "encoding_time": 0.29393720626831055, "decoding_time": 0.1860790252685547}