{"MSE": 8.031024932861328, "PSNR": 39.08309386662562, "encoding_time": 0.2907378673553467, "decoding_time": 0.1854550838470459}