{"MSE": 9.396778106689453, "PSNR": 38.401013892193426, "encoding_time": 0.3068559169769287, "decoding_time": 0.21308183670043945}