{"MSE": 8.16714859008789, "PSNR": 39.010099038139735, "encoding_time": 0.2881019115447998, "decoding_time": 0.17921209335327148}