{"MSE": 9.657047271728516, "PSNR": 38.2823600356426, "encoding_time": 0.30298590660095215, "decoding_time": 0.20798993110656738}