{"MSE": 9.359878540039062, "PSNR": 38.41810147785046, "encoding_time": 0.30093908309936523, "decoding_time": 0.20281076431274414}