{"MSE": 8.047332763671875, "PSNR": 39.07428400744078, "encoding_time": 0.2862868309020996, "decoding_time": 0.1768193244934082}