{"MSE": 8.6251220703125, "PSNR": 38.77315110561674, "encoding_time": 0.29480600357055664, "decoding_time": 0.18989896774291992}