{"MSE": 9.618682861328125, "PSNR": 38.29964755069248, "encoding_time": 0.3043382167816162, "decoding_time": 0.20595097541809082}