{"MSE": 9.57828140258789, "PSNR": 38.31792768733898, "encoding_time": 0.30722904205322266, "decoding_time": 0.21320486068725586}