{"MSE": 9.878925323486328, "PSNR": 38.1837065833141, "encoding_time": 0.30712080001831055, "decoding_time": 0.21019411087036133}