{"MSE": 9.89346694946289, "PSNR": 38.177318535807274, "encoding_time": 0.3066072463989258, "decoding_time": 0.2153489589691162}