{"MSE": 9.712085723876953, "PSNR": 38.25767853812755, "encoding_time": 0.30305981636047363, "decoding_time": 0.20874595642089844}