{"MSE": 8.095993041992188, "PSNR": 39.04810234621407, "encoding_time": 0.2870059013366699, "decoding_time": 0.18470096588134766}