{"MSE": 8.10321044921875, "PSNR": 39.04423242712669, "encoding_time": 0.2892909049987793, "decoding_time": 0.18139195442199707}