{"MSE": 8.008464813232422, "PSNR": 39.095310891084765, "encoding_time": 0.2910120487213135, "decoding_time": 0.18253588676452637}