{"MSE": 7.983375549316406, "PSNR": 39.1089380128751, "encoding_time": 0.28859424591064453, "decoding_time": 0.1820516586303711}