{"MSE": 8.321685791015625, "PSNR": 38.928690471283865, "encoding_time": 0.2931089401245117, "decoding_time": 0.17706012725830078}