{"MSE": 8.012100219726562, "PSNR": 39.093339878197604, "encoding_time": 0.28992724418640137, "decoding_time": 0.1823728084564209}