{"MSE": 7.829654693603516, "PSNR": 39.19337751807337, "encoding_time": 0.2876698970794678, "decoding_time": 0.17722606658935547}