{"MSE": 9.553722381591797, "PSNR": 38.32907743754625, "encoding_time": 0.3033299446105957, "decoding_time": 0.20745301246643066}