{"MSE": 8.182315826416016, "PSNR": 39.00204122197543, "encoding_time": 0.2873110771179199, "decoding_time": 0.1792287826538086}