{"MSE": 8.264747619628906, "PSNR": 38.95850764796624, "encoding_time": 0.28806090354919434, "decoding_time": 0.18825006484985352}