{"MSE": 7.520809173583984, "PSNR": 39.368157914575306, "encoding_time": 0.290524959564209, "decoding_time": 0.17889904975891113}