{"MSE": 8.175518035888672, "PSNR": 39.005650799025744, "encoding_time": 0.2950558662414551, "decoding_time": 0.1854112148284912}