{"MSE": 8.235855102539062, "PSNR": 38.973716636117274, "encoding_time": 0.2929379940032959, "decoding_time": 0.17992615699768066}