{"MSE": 8.308788299560547, "PSNR": 38.93542667190185, "encoding_time": 0.2996799945831299, "decoding_time": 0.18903088569641113}