{"MSE": 7.994709014892578, "PSNR": 39.10277699605702, "encoding_time": 0.2897768020629883, "decoding_time": 0.1822659969329834}