{"MSE": 8.220008850097656, "PSNR": 38.98208075743126, "encoding_time": 0.2894871234893799, "decoding_time": 0.17964506149291992}