{"MSE": 8.783706665039062, "PSNR": 38.69402536936078, "encoding_time": 0.29560422897338867, "decoding_time": 0.18913793563842773}