{"MSE": 8.267578125, "PSNR": 38.9570205336973, "encoding_time": 0.2904038429260254, "decoding_time": 0.20332121849060059}