{"MSE": 8.135784149169922, "PSNR": 39.02680943085468, "encoding_time": 0.2915310859680176, "decoding_time": 0.18691110610961914}