{"MSE": 8.705177307128906, "PSNR": 38.733027396105996, "encoding_time": 0.29088306427001953, "decoding_time": 0.1906449794769287}