{"MSE": 9.276351928710938, "PSNR": 38.45703144209648, "encoding_time": 0.3051152229309082, "decoding_time": 0.20981979370117188}