{"MSE": 9.200260162353516, "PSNR": 38.49280252492245, "encoding_time": 0.30748605728149414, "decoding_time": 0.2111830711364746}