{"MSE": 7.687156677246094, "PSNR": 39.2731462805284, "encoding_time": 0.29439306259155273, "decoding_time": 0.187255859375}