{"MSE": 9.22823715209961, "PSNR": 38.47961614147069, "encoding_time": 0.30538105964660645, "decoding_time": 0.2104032039642334}