{"MSE": 8.140613555908203, "PSNR": 39.024232220839465, "encoding_time": 0.2913179397583008, "decoding_time": 0.18590211868286133}