{"MSE": 9.64791488647461, "PSNR": 38.2864689738376, "encoding_time": 0.30403804779052734, "decoding_time": 0.20869684219360352}