{"MSE": 8.302410125732422, "PSNR": 38.93876177845272, "encoding_time": 0.2913081645965576, "decoding_time": 0.18621087074279785}