{"MSE": 7.556861877441406, "PSNR": 39.34738876510823, "encoding_time": 0.2892777919769287, "decoding_time": 0.1900801658630371}