{"MSE": 7.702491760253906, "PSNR": 39.26449118465517, "encoding_time": 0.28948402404785156, "decoding_time": 0.17351317405700684}