{"MSE": 8.221317291259766, "PSNR": 38.981389512974566, "encoding_time": 0.2935500144958496, "decoding_time": 0.18622112274169922}