{"MSE": 8.294910430908203, "PSNR": 38.94268660028005, "encoding_time": 0.2837948799133301, "decoding_time": 0.17528033256530762}