{"MSE": 8.243171691894531, "PSNR": 38.96986015280443, "encoding_time": 0.2859957218170166, "decoding_time": 0.18076109886169434}