{"MSE": 8.294143676757812, "PSNR": 38.94308806632454, "encoding_time": 0.30346202850341797, "decoding_time": 0.17941713333129883}