{"MSE": 8.027057647705078, "PSNR": 39.0852397891888, "encoding_time": 0.29122304916381836, "decoding_time": 0.18399906158447266}