{"MSE": 9.058265686035156, "PSNR": 38.56035306136472, "encoding_time": 0.2962760925292969, "decoding_time": 0.19731402397155762}