{"MSE": 7.816402435302734, "PSNR": 39.200734494954766, "encoding_time": 0.29906678199768066, "decoding_time": 0.2073042392730713}