{"MSE": 9.256690979003906, "PSNR": 38.46624595178326, "encoding_time": 0.30076003074645996, "decoding_time": 0.2037057876586914}