{"MSE": 8.1356201171875, "PSNR": 39.02689699328464, "encoding_time": 0.2938270568847656, "decoding_time": 0.18577885627746582}