{"MSE": 9.227413177490234, "PSNR": 38.48000393341509, "encoding_time": 0.29899001121520996, "decoding_time": 0.2009449005126953}