{"MSE": 9.343147277832031, "PSNR": 38.425871660986466, "encoding_time": 0.3003079891204834, "decoding_time": 0.20100092887878418}