{"MSE": 8.182117462158203, "PSNR": 39.002146509462094, "encoding_time": 0.2888519763946533, "decoding_time": 0.18163204193115234}