{"MSE": 8.305824279785156, "PSNR": 38.93697622045762, "encoding_time": 0.28705525398254395, "decoding_time": 0.17551779747009277}