{"MSE": 8.823123931884766, "PSNR": 38.674579813855196, "encoding_time": 0.29679012298583984, "decoding_time": 0.19630885124206543}