{"MSE": 7.405860900878906, "PSNR": 39.43504810128297, "encoding_time": 0.29325389862060547, "decoding_time": 0.184096097946167}