{"MSE": 7.998081207275391, "PSNR": 39.100945515064474, "encoding_time": 0.28589630126953125, "decoding_time": 0.17563486099243164}