{"MSE": 9.950927734375, "PSNR": 38.15216788550595, "encoding_time": 0.31607794761657715, "decoding_time": 0.21597599983215332}