{"MSE": 9.32879638671875, "PSNR": 38.43254746738357, "encoding_time": 0.3003981113433838, "decoding_time": 0.2042849063873291}