{"MSE": 9.236896514892578, "PSNR": 38.47554282814268, "encoding_time": 0.298753023147583, "decoding_time": 0.20364022254943848}