{"MSE": 8.128746032714844, "PSNR": 39.03056805812031, "encoding_time": 0.2895679473876953, "decoding_time": 0.1856670379638672}