{"MSE": 7.647895812988281, "PSNR": 39.295383979377945, "encoding_time": 0.2773702144622803, "decoding_time": 0.16073179244995117}