{"MSE": 9.722797393798828, "PSNR": 38.252891249640214, "encoding_time": 0.2891809940338135, "decoding_time": 0.1875321865081787}