{"MSE": 8.823226928710938, "PSNR": 38.67452911674097, "encoding_time": 0.28412795066833496, "decoding_time": 0.18063831329345703}