{"MSE": 7.8817138671875, "PSNR": 39.164596964074924, "encoding_time": 0.2822999954223633, "decoding_time": 0.1690821647644043}