{"MSE": 7.872184753417969, "PSNR": 39.16985082806365, "encoding_time": 0.2760801315307617, "decoding_time": 0.16127681732177734}