{"MSE": 7.100711822509766, "PSNR": 39.617784734034245, "encoding_time": 0.274169921875, "decoding_time": 0.1542651653289795}