{"MSE": 9.008316040039062, "PSNR": 38.58436746677987, "encoding_time": 0.2909202575683594, "decoding_time": 0.18503284454345703}