{"MSE": 9.224361419677734, "PSNR": 38.48144050157083, "encoding_time": 0.29080796241760254, "decoding_time": 0.18514800071716309}