{"MSE": 7.643543243408203, "PSNR": 39.297856339232126, "encoding_time": 0.27948641777038574, "decoding_time": 0.16441583633422852}