{"MSE": 8.909095764160156, "PSNR": 38.632467336619946, "encoding_time": 0.29184675216674805, "decoding_time": 0.18262910842895508}