{"MSE": 7.734783172607422, "PSNR": 39.24632217138922, "encoding_time": 0.28580188751220703, "decoding_time": 0.17226099967956543}