{"MSE": 7.089027404785156, "PSNR": 39.624937056156156, "encoding_time": 0.2781188488006592, "decoding_time": 0.16305994987487793}