{"MSE": 6.565929412841797, "PSNR": 39.957841513411864, "encoding_time": 0.2755749225616455, "decoding_time": 0.16019415855407715}