{"MSE": 6.352210998535156, "PSNR": 40.10155445444842, "encoding_time": 0.27359795570373535, "decoding_time": 0.15373587608337402}