{"MSE": 7.935554504394531, "PSNR": 39.13503081978072, "encoding_time": 0.27718019485473633, "decoding_time": 0.16386890411376953}