{"MSE": 7.595966339111328, "PSNR": 39.324973293382904, "encoding_time": 0.2806999683380127, "decoding_time": 0.16498923301696777}