{"MSE": 9.083473205566406, "PSNR": 38.54828421422108, "encoding_time": 0.2924380302429199, "decoding_time": 0.19020795822143555}