{"MSE": 8.713653564453125, "PSNR": 38.72880071510679, "encoding_time": 0.28719019889831543, "decoding_time": 0.1795499324798584}