{"MSE": 10.273494720458984, "PSNR": 38.01362158785873, "encoding_time": 0.2983429431915283, "decoding_time": 0.18889093399047852}