{"MSE": 10.567054748535156, "PSNR": 37.89126403333316, "encoding_time": 0.29257917404174805, "decoding_time": 0.1831648349761963}