{"MSE": 10.00814437866211, "PSNR": 38.12726798954331, "encoding_time": 0.30416011810302734, "decoding_time": 0.19614887237548828}