{"MSE": 8.63604736328125, "PSNR": 38.767653453674484, "encoding_time": 0.29732489585876465, "decoding_time": 0.17970013618469238}