{"MSE": 7.848735809326172, "PSNR": 39.18280650014043, "encoding_time": 0.29320192337036133, "decoding_time": 0.16306090354919434}