{"MSE": 8.89615249633789, "PSNR": 38.63878141963739, "encoding_time": 0.28916311264038086, "decoding_time": 0.17489004135131836}