{"MSE": 8.899311065673828, "PSNR": 38.637239735440254, "encoding_time": 0.2937142848968506, "decoding_time": 0.1928880214691162}