{"MSE": 8.325332641601562, "PSNR": 38.926787659537084, "encoding_time": 0.2957189083099365, "decoding_time": 0.16597604751586914}