{"MSE": 8.242942810058594, "PSNR": 38.969980741701654, "encoding_time": 0.2861330509185791, "decoding_time": 0.1652967929840088}