{"MSE": 11.136760711669922, "PSNR": 37.66321472509736, "encoding_time": 0.3011789321899414, "decoding_time": 0.19668316841125488}