{"MSE": 10.529037475585938, "PSNR": 37.906916894115774, "encoding_time": 0.29445695877075195, "decoding_time": 0.19633698463439941}