{"MSE": 7.444263458251953, "PSNR": 39.41258626118969, "encoding_time": 0.293503999710083, "decoding_time": 0.15372014045715332}