{"MSE": 8.151836395263672, "PSNR": 39.01824905932739, "encoding_time": 0.29694700241088867, "decoding_time": 0.18922996520996094}