{"MSE": 10.290630340576172, "PSNR": 38.006383830880274, "encoding_time": 0.29033589363098145, "decoding_time": 0.17508411407470703}