{"MSE": 12.591361999511719, "PSNR": 37.13007650864927, "encoding_time": 0.3036041259765625, "decoding_time": 0.20926499366760254}