{"MSE": 9.898757934570312, "PSNR": 38.17499656775751, "encoding_time": 0.2856888771057129, "decoding_time": 0.16855812072753906}