{"MSE": 12.10372543334961, "PSNR": 37.30161297483121, "encoding_time": 0.29096293449401855, "decoding_time": 0.18847203254699707}