{"MSE": 10.062904357910156, "PSNR": 38.10357015876505, "encoding_time": 0.2981588840484619, "decoding_time": 0.17124128341674805}