{"MSE": 9.787944793701172, "PSNR": 38.22388849703745, "encoding_time": 0.28820109367370605, "decoding_time": 0.19242191314697266}