{"MSE": 12.334728240966797, "PSNR": 37.2195077532336, "encoding_time": 0.30399203300476074, "decoding_time": 0.1975851058959961}