{"MSE": 12.268112182617188, "PSNR": 37.24302622244383, "encoding_time": 0.2939159870147705, "decoding_time": 0.19529485702514648}