{"MSE": 10.839611053466797, "PSNR": 37.78066661724918, "encoding_time": 0.2930929660797119, "decoding_time": 0.18584513664245605}