{"MSE": 9.337421417236328, "PSNR": 38.42853401006087, "encoding_time": 0.28649187088012695, "decoding_time": 0.1670699119567871}