{"MSE": 12.382972717285156, "PSNR": 37.20255444799746, "encoding_time": 0.3111858367919922, "decoding_time": 0.22278714179992676}