{"MSE": 7.839382171630859, "PSNR": 39.18798523951895, "encoding_time": 0.28328585624694824, "decoding_time": 0.1654520034790039}