{"MSE": 7.388568878173828, "PSNR": 39.44520034584224, "encoding_time": 0.2773141860961914, "decoding_time": 0.15450096130371094}