{"MSE": 7.674182891845703, "PSNR": 39.280482157354946, "encoding_time": 0.28324294090270996, "decoding_time": 0.16546392440795898}