{"MSE": 8.34634017944336, "PSNR": 38.91584279192876, "encoding_time": 0.2657780647277832, "decoding_time": 0.16500020027160645}