{"MSE": 9.52362060546875, "PSNR": 38.34278274873551, "encoding_time": 0.27408313751220703, "decoding_time": 0.17823410034179688}