{"MSE": 7.920169830322266, "PSNR": 39.143458667050524, "encoding_time": 0.2768890857696533, "decoding_time": 0.16900992393493652}