{"MSE": 7.735206604003906, "PSNR": 39.24608442860896, "encoding_time": 0.2756021022796631, "decoding_time": 0.16713881492614746}