{"MSE": 9.023826599121094, "PSNR": 38.57689619504398, "encoding_time": 0.26850175857543945, "decoding_time": 0.1724252700805664}