{"MSE": 8.837703704833984, "PSNR": 38.6674092366796, "encoding_time": 0.27979612350463867, "decoding_time": 0.1800978183746338}