{"MSE": 7.737567901611328, "PSNR": 39.244758876389966, "encoding_time": 0.2757699489593506, "decoding_time": 0.16716790199279785}