{"MSE": 8.20888900756836, "PSNR": 38.987959772602466, "encoding_time": 0.26427602767944336, "decoding_time": 0.16363000869750977}