{"MSE": 8.253002166748047, "PSNR": 38.9646840173862, "encoding_time": 0.2775390148162842, "decoding_time": 0.1728200912475586}