{"MSE": 8.73110580444336, "PSNR": 38.72011109790661, "encoding_time": 0.2814803123474121, "decoding_time": 0.18052983283996582}