{"MSE": 8.488723754882812, "PSNR": 38.84237960126396, "encoding_time": 0.27822303771972656, "decoding_time": 0.17806601524353027}