{"MSE": 7.706905364990234, "PSNR": 39.262003346592294, "encoding_time": 0.27317214012145996, "decoding_time": 0.16545391082763672}