{"MSE": 8.430461883544922, "PSNR": 38.872289917022734, "encoding_time": 0.2664060592651367, "decoding_time": 0.1650390625}