{"MSE": 8.710582733154297, "PSNR": 38.73033150828357, "encoding_time": 0.2804882526397705, "decoding_time": 0.18127179145812988}