{"MSE": 9.326557159423828, "PSNR": 38.43359004645898, "encoding_time": 0.2696409225463867, "decoding_time": 0.17762207984924316}