{"MSE": 9.000740051269531, "PSNR": 38.588021417653216, "encoding_time": 0.27643585205078125, "decoding_time": 0.1789569854736328}