{"MSE": 7.9398651123046875, "PSNR": 39.13267236460883, "encoding_time": 0.2736191749572754, "decoding_time": 0.16852188110351562}