{"MSE": 8.949581146240234, "PSNR": 38.61277650706552, "encoding_time": 0.27593493461608887, "decoding_time": 0.1793532371520996}