{"MSE": 9.002635955810547, "PSNR": 38.58710672156166, "encoding_time": 0.26656007766723633, "decoding_time": 0.1713099479675293}