{"MSE": 9.202102661132812, "PSNR": 38.49193286806033, "encoding_time": 0.2694370746612549, "decoding_time": 0.17446112632751465}