{"MSE": 9.758289337158203, "PSNR": 38.23706669896715, "encoding_time": 0.2907230854034424, "decoding_time": 0.18916893005371094}