{"MSE": 7.6468048095703125, "PSNR": 39.29600356229972, "encoding_time": 0.2828660011291504, "decoding_time": 0.17208385467529297}