{"MSE": 9.402820587158203, "PSNR": 38.398222113435075, "encoding_time": 0.28888702392578125, "decoding_time": 0.1873481273651123}