{"MSE": 9.389663696289062, "PSNR": 38.40430323177033, "encoding_time": 0.29207491874694824, "decoding_time": 0.19095206260681152}