{"MSE": 9.543350219726562, "PSNR": 38.33379499106919, "encoding_time": 0.29062700271606445, "decoding_time": 0.1891489028930664}