{"MSE": 8.709320068359375, "PSNR": 38.73096109658855, "encoding_time": 0.28984975814819336, "decoding_time": 0.18427300453186035}