{"MSE": 8.614669799804688, "PSNR": 38.77841725267386, "encoding_time": 0.28142404556274414, "decoding_time": 0.1776750087738037}