{"MSE": 8.947643280029297, "PSNR": 38.61371699323848, "encoding_time": 0.2874901294708252, "decoding_time": 0.18522191047668457}