{"MSE": 8.996208190917969, "PSNR": 38.590208635128704, "encoding_time": 0.28974485397338867, "decoding_time": 0.18722200393676758}