{"MSE": 9.21261978149414, "PSNR": 38.48697213313827, "encoding_time": 0.28863000869750977, "decoding_time": 0.18749690055847168}