{"MSE": 9.177982330322266, "PSNR": 38.503331436229026, "encoding_time": 0.2895522117614746, "decoding_time": 0.19243907928466797}