{"MSE": 8.837699890136719, "PSNR": 38.66741111126421, "encoding_time": 0.28836679458618164, "decoding_time": 0.18695616722106934}