{"MSE": 9.146434783935547, "PSNR": 38.518285187569894, "encoding_time": 0.2903017997741699, "decoding_time": 0.19085097312927246}