{"MSE": 9.271869659423828, "PSNR": 38.45913043023552, "encoding_time": 0.298703670501709, "decoding_time": 0.19286417961120605}