{"MSE": 7.46630859375, "PSNR": 39.399744248633326, "encoding_time": 0.2802910804748535, "decoding_time": 0.17199492454528809}