{"MSE": 7.981212615966797, "PSNR": 39.110114804928216, "encoding_time": 0.28471827507019043, "decoding_time": 0.17519569396972656}