{"MSE": 8.684986114501953, "PSNR": 38.74311232431367, "encoding_time": 0.28685808181762695, "decoding_time": 0.1825389862060547}