{"MSE": 9.083625793457031, "PSNR": 38.548211260274044, "encoding_time": 0.28878283500671387, "decoding_time": 0.1865231990814209}