{"MSE": 9.214679718017578, "PSNR": 38.486001161706504, "encoding_time": 0.2919497489929199, "decoding_time": 0.19241905212402344}