{"MSE": 9.143707275390625, "PSNR": 38.51958046665011, "encoding_time": 0.29300880432128906, "decoding_time": 0.18900012969970703}