{"MSE": 17.326351165771484, "PSNR": 35.74373248553321, "encoding_time": 0.3348958492279053, "decoding_time": 0.23274016380310059}