{"MSE": 17.46118927001953, "PSNR": 35.710065409818895, "encoding_time": 0.3279581069946289, "decoding_time": 0.23897004127502441}