{"MSE": 16.971363067626953, "PSNR": 35.83363636465623, "encoding_time": 0.31577181816101074, "decoding_time": 0.22976207733154297}