{"MSE": 19.46905517578125, "PSNR": 35.237354849462875, "encoding_time": 0.3288450241088867, "decoding_time": 0.23711013793945312}