{"MSE": 19.511180877685547, "PSNR": 35.22796805817692, "encoding_time": 0.33130598068237305, "decoding_time": 0.27152109146118164}