{"MSE": 17.16933822631836, "PSNR": 35.78326804798257, "encoding_time": 0.3300638198852539, "decoding_time": 0.24610090255737305}