{"MSE": 18.451457977294922, "PSNR": 35.47049672406606, "encoding_time": 0.3377420902252197, "decoding_time": 0.26268982887268066}