{"MSE": 17.512393951416016, "PSNR": 35.69734842492953, "encoding_time": 0.32857489585876465, "decoding_time": 0.22521495819091797}