{"MSE": 18.326122283935547, "PSNR": 35.50009780730957, "encoding_time": 0.3332369327545166, "decoding_time": 0.2602260112762451}