{"MSE": 17.535423278808594, "PSNR": 35.69164107306665, "encoding_time": 0.31573915481567383, "decoding_time": 0.21622395515441895}