{"MSE": 13.882598876953125, "PSNR": 36.706095855079475, "encoding_time": 0.3492727279663086, "decoding_time": 0.21008896827697754}