{"MSE": 19.449947357177734, "PSNR": 35.24161930656989, "encoding_time": 0.33616089820861816, "decoding_time": 0.2359161376953125}