{"MSE": 18.23215103149414, "PSNR": 35.52242451072026, "encoding_time": 0.32633328437805176, "decoding_time": 0.24151396751403809}