{"MSE": 17.232177734375, "PSNR": 35.76740195534928, "encoding_time": 0.3152477741241455, "decoding_time": 0.22529911994934082}