{"MSE": 18.775226593017578, "PSNR": 35.394951737800746, "encoding_time": 0.3253917694091797, "decoding_time": 0.27922701835632324}