{"MSE": 13.644966125488281, "PSNR": 36.78107899024822, "encoding_time": 0.31726694107055664, "decoding_time": 0.23197102546691895}