{"MSE": 19.399860382080078, "PSNR": 35.25281756479457, "encoding_time": 0.32770609855651855, "decoding_time": 0.25004005432128906}