{"MSE": 19.375518798828125, "PSNR": 35.258270208662445, "encoding_time": 0.3355250358581543, "decoding_time": 0.23543000221252441}