{"MSE": 16.837318420410156, "PSNR": 35.86807435696726, "encoding_time": 0.3162558078765869, "decoding_time": 0.22502923011779785}