{"MSE": 14.555763244628906, "PSNR": 36.500453778715084, "encoding_time": 0.3227717876434326, "decoding_time": 0.22356796264648438}