{"MSE": 17.290786743164062, "PSNR": 35.75265606434854, "encoding_time": 0.3402581214904785, "decoding_time": 0.22040605545043945}