{"MSE": 17.235637664794922, "PSNR": 35.76653005286472, "encoding_time": 0.31444787979125977, "decoding_time": 0.22456693649291992}