{"MSE": 16.95950698852539, "PSNR": 35.83667137668619, "encoding_time": 0.31630420684814453, "decoding_time": 0.22401094436645508}