{"MSE": 18.417022705078125, "PSNR": 35.47860937355882, "encoding_time": 0.32770514488220215, "decoding_time": 0.23880600929260254}