{"MSE": 17.205833435058594, "PSNR": 35.774046465683035, "encoding_time": 0.32413387298583984, "decoding_time": 0.2490689754486084}