{"MSE": 16.441120147705078, "PSNR": 35.97148957798008, "encoding_time": 0.33118295669555664, "decoding_time": 0.23461103439331055}