{"MSE": 17.05318832397461, "PSNR": 35.81274772726543, "encoding_time": 0.3222188949584961, "decoding_time": 0.22379589080810547}