{"MSE": 17.120677947998047, "PSNR": 35.795594029073214, "encoding_time": 0.3244609832763672, "decoding_time": 0.23698997497558594}