{"MSE": 19.455150604248047, "PSNR": 35.24045763798531, "encoding_time": 0.32772397994995117, "decoding_time": 0.23479104042053223}