{"MSE": 16.31073760986328, "PSNR": 36.00606759567055, "encoding_time": 0.31620097160339355, "decoding_time": 0.25139713287353516}