{"MSE": 17.064899444580078, "PSNR": 35.8097662733867, "encoding_time": 0.32611632347106934, "decoding_time": 0.25902485847473145}