{"MSE": 18.653953552246094, "PSNR": 35.423094698192415, "encoding_time": 0.3336210250854492, "decoding_time": 0.25948619842529297}