{"MSE": 17.351577758789062, "PSNR": 35.73741390053285, "encoding_time": 0.3330390453338623, "decoding_time": 0.23533391952514648}