{"MSE": 15.768394470214844, "PSNR": 36.1529288492791, "encoding_time": 0.3242659568786621, "decoding_time": 0.23015284538269043}