{"MSE": 18.28823471069336, "PSNR": 35.50908574057689, "encoding_time": 0.32671618461608887, "decoding_time": 0.2659480571746826}