{"MSE": 16.885086059570312, "PSNR": 35.85577082387373, "encoding_time": 0.3164370059967041, "decoding_time": 0.21657896041870117}