{"MSE": 16.674652099609375, "PSNR": 35.9102357931657, "encoding_time": 0.3247499465942383, "decoding_time": 0.22622084617614746}