{"MSE": 18.19832992553711, "PSNR": 35.53048826586321, "encoding_time": 0.36511731147766113, "decoding_time": 0.2577207088470459}