{"MSE": 16.93639373779297, "PSNR": 35.84259419247963, "encoding_time": 0.3145020008087158, "decoding_time": 0.21923613548278809}