{"MSE": 18.416671752929688, "PSNR": 35.478692132882166, "encoding_time": 0.3405187129974365, "decoding_time": 0.2541840076446533}