{"MSE": 19.677837371826172, "PSNR": 35.19102993860556, "encoding_time": 0.3398158550262451, "decoding_time": 0.2393348217010498}