{"MSE": 17.132122039794922, "PSNR": 35.79269201457835, "encoding_time": 0.3245697021484375, "decoding_time": 0.25216007232666016}