{"MSE": 17.34561538696289, "PSNR": 35.738906485364, "encoding_time": 0.3257458209991455, "decoding_time": 0.23254609107971191}