{"MSE": 18.182388305664062, "PSNR": 35.53429432485444, "encoding_time": 0.33614325523376465, "decoding_time": 0.25070691108703613}