{"MSE": 19.41519546508789, "PSNR": 35.2493859364581, "encoding_time": 0.3315467834472656, "decoding_time": 0.24679112434387207}