{"MSE": 15.661937713623047, "PSNR": 36.18234868390316, "encoding_time": 0.3297457695007324, "decoding_time": 0.2341451644897461}