{"MSE": 16.911231994628906, "PSNR": 35.84905113472458, "encoding_time": 0.31725001335144043, "decoding_time": 0.25374603271484375}