{"MSE": 19.583568572998047, "PSNR": 35.211885278263665, "encoding_time": 0.331834077835083, "decoding_time": 0.25143980979919434}