{"MSE": 13.60882568359375, "PSNR": 36.79259709664482, "encoding_time": 0.31415891647338867, "decoding_time": 0.2236649990081787}