{"MSE": 16.807926177978516, "PSNR": 35.875662289287824, "encoding_time": 0.33348512649536133, "decoding_time": 0.22445178031921387}