{"MSE": 17.170860290527344, "PSNR": 35.78288306238781, "encoding_time": 0.33316493034362793, "decoding_time": 0.2552361488342285}