{"MSE": 17.332164764404297, "PSNR": 35.74227551961176, "encoding_time": 0.31777405738830566, "decoding_time": 0.23682093620300293}