{"MSE": 20.09698486328125, "PSNR": 35.09949455460492, "encoding_time": 0.33169102668762207, "decoding_time": 0.2282390594482422}