{"MSE": 16.620223999023438, "PSNR": 35.92443488177683, "encoding_time": 0.3196396827697754, "decoding_time": 0.23280000686645508}