{"MSE": 17.721134185791016, "PSNR": 35.645888467667966, "encoding_time": 0.3266410827636719, "decoding_time": 0.22572612762451172}