{"MSE": 17.318897247314453, "PSNR": 35.745601253028134, "encoding_time": 0.3149559497833252, "decoding_time": 0.24318599700927734}