{"MSE": 18.52511978149414, "PSNR": 35.453193361046004, "encoding_time": 0.3409848213195801, "decoding_time": 0.2568650245666504}