{"MSE": 19.46706771850586, "PSNR": 35.237798212419584, "encoding_time": 0.3335587978363037, "decoding_time": 0.2460620403289795}