{"MSE": 19.903881072998047, "PSNR": 35.141425927876014, "encoding_time": 0.332211971282959, "decoding_time": 0.25305819511413574}