{"MSE": 17.0301513671875, "PSNR": 35.8186185279714, "encoding_time": 0.325423002243042, "decoding_time": 0.2401421070098877}