{"MSE": 16.897014617919922, "PSNR": 35.852703810763416, "encoding_time": 0.32358407974243164, "decoding_time": 0.22330188751220703}