{"MSE": 17.29772186279297, "PSNR": 35.750914512400854, "encoding_time": 0.32292604446411133, "decoding_time": 0.22965502738952637}