{"MSE": 13.330718994140625, "PSNR": 36.88226787090444, "encoding_time": 0.30824971199035645, "decoding_time": 0.2017650604248047}