{"MSE": 13.073165893554688, "PSNR": 36.96699588619724, "encoding_time": 0.31331491470336914, "decoding_time": 0.2050461769104004}