{"MSE": 16.884723663330078, "PSNR": 35.85586403534795, "encoding_time": 0.32462430000305176, "decoding_time": 0.2211158275604248}