{"MSE": 16.802753448486328, "PSNR": 35.87699905957485, "encoding_time": 0.3177061080932617, "decoding_time": 0.23254799842834473}