{"MSE": 16.13338851928711, "PSNR": 36.05354768390626, "encoding_time": 0.32462120056152344, "decoding_time": 0.25028204917907715}