{"MSE": 13.507205963134766, "PSNR": 36.82514838662078, "encoding_time": 0.32413220405578613, "decoding_time": 0.2491288185119629}