{"MSE": 22.391510009765625, "PSNR": 34.629969789103086, "encoding_time": 0.3446168899536133, "decoding_time": 0.2741091251373291}