{"MSE": 24.121559143066406, "PSNR": 34.306749850388485, "encoding_time": 0.37433481216430664, "decoding_time": 0.3053100109100342}