{"MSE": 20.54189682006836, "PSNR": 35.00439817397585, "encoding_time": 0.3327031135559082, "decoding_time": 0.2499680519104004}