{"MSE": 24.319538116455078, "PSNR": 34.27125038432496, "encoding_time": 0.3655729293823242, "decoding_time": 0.30414390563964844}