{"MSE": 24.954559326171875, "PSNR": 34.159304558263244, "encoding_time": 0.37914109230041504, "decoding_time": 0.3375701904296875}