{"MSE": 24.04596710205078, "PSNR": 34.32038112265825, "encoding_time": 0.3688199520111084, "decoding_time": 0.3089580535888672}