{"MSE": 23.05203628540039, "PSNR": 34.50371066350368, "encoding_time": 0.3460679054260254, "decoding_time": 0.26473236083984375}