{"MSE": 17.006629943847656, "PSNR": 35.824620990951544, "encoding_time": 0.3168599605560303, "decoding_time": 0.2282848358154297}