{"MSE": 24.201988220214844, "PSNR": 34.292293156478294, "encoding_time": 0.38501620292663574, "decoding_time": 0.3162109851837158}