{"MSE": 20.495262145996094, "PSNR": 35.0142688330778, "encoding_time": 0.33560800552368164, "decoding_time": 0.2517240047454834}