{"MSE": 19.425926208496094, "PSNR": 35.246986261800586, "encoding_time": 0.3271040916442871, "decoding_time": 0.24298691749572754}