{"MSE": 23.011051177978516, "PSNR": 34.511439025483256, "encoding_time": 0.3614473342895508, "decoding_time": 0.29080700874328613}