{"MSE": 22.303421020507812, "PSNR": 34.64708878251208, "encoding_time": 0.33832335472106934, "decoding_time": 0.2687067985534668}