{"MSE": 21.86947250366211, "PSNR": 34.73242052979408, "encoding_time": 0.36190223693847656, "decoding_time": 0.2745399475097656}