{"MSE": 24.34518814086914, "PSNR": 34.266672257228805, "encoding_time": 0.387683629989624, "decoding_time": 0.31617021560668945}