{"MSE": 20.38660430908203, "PSNR": 35.03735467244755, "encoding_time": 0.3532888889312744, "decoding_time": 0.2806680202484131}