{"MSE": 20.384498596191406, "PSNR": 35.03780327423878, "encoding_time": 0.32972002029418945, "decoding_time": 0.24967503547668457}