{"MSE": 23.419193267822266, "PSNR": 34.43508430224119, "encoding_time": 0.36234378814697266, "decoding_time": 0.2799689769744873}