{"MSE": 24.411529541015625, "PSNR": 34.2548536922573, "encoding_time": 0.35981321334838867, "decoding_time": 0.2842369079589844}