{"MSE": 22.352645874023438, "PSNR": 34.63751423087788, "encoding_time": 0.36062121391296387, "decoding_time": 0.2823808193206787}