{"MSE": 18.77199935913086, "PSNR": 35.39569830154107, "encoding_time": 0.32656168937683105, "decoding_time": 0.27433323860168457}