{"MSE": 21.321556091308594, "PSNR": 34.842614636462386, "encoding_time": 0.3495500087738037, "decoding_time": 0.29703593254089355}