{"MSE": 24.00772476196289, "PSNR": 34.32729357418371, "encoding_time": 0.36207103729248047, "decoding_time": 0.2940680980682373}