{"MSE": 24.069385528564453, "PSNR": 34.31615357629028, "encoding_time": 0.3856620788574219, "decoding_time": 0.30286192893981934}