{"MSE": 23.052249908447266, "PSNR": 34.50367041765319, "encoding_time": 0.35208702087402344, "decoding_time": 0.2758359909057617}