{"MSE": 24.654247283935547, "PSNR": 34.21188613194567, "encoding_time": 0.37824201583862305, "decoding_time": 0.3093860149383545}