{"MSE": 23.114398956298828, "PSNR": 34.4919775590612, "encoding_time": 0.3579671382904053, "decoding_time": 0.30458688735961914}