{"MSE": 22.032894134521484, "PSNR": 34.700088131452695, "encoding_time": 0.34314489364624023, "decoding_time": 0.27092790603637695}