{"MSE": 22.83770751953125, "PSNR": 34.54427854183163, "encoding_time": 0.349743127822876, "decoding_time": 0.26869726181030273}