{"MSE": 23.66848373413086, "PSNR": 34.38909924104541, "encoding_time": 0.35797619819641113, "decoding_time": 0.2774817943572998}