{"MSE": 24.652786254882812, "PSNR": 34.21214350571575, "encoding_time": 0.3653862476348877, "decoding_time": 0.33274388313293457}