{"MSE": 22.086143493652344, "PSNR": 34.68960471417616, "encoding_time": 0.35451507568359375, "decoding_time": 0.30277490615844727}