{"MSE": 21.70254135131836, "PSNR": 34.76569768483404, "encoding_time": 0.3864147663116455, "decoding_time": 0.2798130512237549}