{"MSE": 24.899356842041016, "PSNR": 34.16892231585829, "encoding_time": 0.37005066871643066, "decoding_time": 0.3309822082519531}