{"MSE": 17.271114349365234, "PSNR": 35.75760001287293, "encoding_time": 0.3406081199645996, "decoding_time": 0.24939274787902832}