{"MSE": 22.662330627441406, "PSNR": 34.577757895599305, "encoding_time": 0.3479757308959961, "decoding_time": 0.27739715576171875}