{"MSE": 17.71895980834961, "PSNR": 35.646421378289325, "encoding_time": 0.3313610553741455, "decoding_time": 0.2619037628173828}