{"MSE": 24.244930267333984, "PSNR": 34.284594215215684, "encoding_time": 0.38363075256347656, "decoding_time": 0.30188512802124023}