{"MSE": 21.731441497802734, "PSNR": 34.75991825813941, "encoding_time": 0.3565540313720703, "decoding_time": 0.26020026206970215}