{"MSE": 24.64141082763672, "PSNR": 34.21414791421101, "encoding_time": 0.36940693855285645, "decoding_time": 0.2891521453857422}