{"MSE": 24.24557876586914, "PSNR": 34.284478052551705, "encoding_time": 0.34343504905700684, "decoding_time": 0.282550573348999}