{"MSE": 22.376785278320312, "PSNR": 34.63282666350657, "encoding_time": 0.3451058864593506, "decoding_time": 0.26724886894226074}