{"MSE": 23.24555206298828, "PSNR": 34.467404960849876, "encoding_time": 0.3625659942626953, "decoding_time": 0.27901697158813477}