{"MSE": 23.996414184570312, "PSNR": 34.32934011498101, "encoding_time": 0.3672950267791748, "decoding_time": 0.2876460552215576}