{"MSE": 24.532211303710938, "PSNR": 34.23343664120331, "encoding_time": 0.3679800033569336, "decoding_time": 0.3007791042327881}