{"MSE": 21.700580596923828, "PSNR": 34.76609007357303, "encoding_time": 0.3551979064941406, "decoding_time": 0.2801549434661865}