{"MSE": 21.844287872314453, "PSNR": 34.73742469669215, "encoding_time": 0.360306978225708, "decoding_time": 0.29398012161254883}