{"MSE": 21.866714477539062, "PSNR": 34.732968266398686, "encoding_time": 0.3586099147796631, "decoding_time": 0.2947959899902344}