{"MSE": 20.910064697265625, "PSNR": 34.92724984309349, "encoding_time": 0.3364548683166504, "decoding_time": 0.262753963470459}