{"MSE": 23.72884750366211, "PSNR": 34.37803715569021, "encoding_time": 0.3426930904388428, "decoding_time": 0.2705378532409668}