{"MSE": 20.569198608398438, "PSNR": 34.998629892864706, "encoding_time": 0.34255099296569824, "decoding_time": 0.28145694732666016}