{"MSE": 22.229942321777344, "PSNR": 34.661420249960145, "encoding_time": 0.364854097366333, "decoding_time": 0.2895958423614502}