{"MSE": 21.86672592163086, "PSNR": 34.732965993489955, "encoding_time": 0.3465538024902344, "decoding_time": 0.2794380187988281}