{"MSE": 23.765052795410156, "PSNR": 34.37141577426283, "encoding_time": 0.36731696128845215, "decoding_time": 0.2994399070739746}