{"MSE": 16.900043487548828, "PSNR": 35.85192538717066, "encoding_time": 0.3157689571380615, "decoding_time": 0.22733402252197266}