{"MSE": 22.330524444580078, "PSNR": 34.64181438033257, "encoding_time": 0.34802818298339844, "decoding_time": 0.27258777618408203}