{"MSE": 23.664798736572266, "PSNR": 34.38977545618419, "encoding_time": 0.3737971782684326, "decoding_time": 0.2890801429748535}