{"MSE": 22.401477813720703, "PSNR": 34.62803691409912, "encoding_time": 0.34555888175964355, "decoding_time": 0.26433897018432617}