{"MSE": 21.697303771972656, "PSNR": 34.76674591521963, "encoding_time": 0.3528299331665039, "decoding_time": 0.2817709445953369}