{"MSE": 18.49425506591797, "PSNR": 35.46043517905154, "encoding_time": 0.3244926929473877, "decoding_time": 0.23595619201660156}