{"MSE": 22.061565399169922, "PSNR": 34.69444035896041, "encoding_time": 0.35020899772644043, "decoding_time": 0.26977992057800293}