{"MSE": 20.20077896118164, "PSNR": 35.07712244291576, "encoding_time": 0.3301122188568115, "decoding_time": 0.24748778343200684}