{"MSE": 16.843856811523438, "PSNR": 35.86638820011725, "encoding_time": 0.3220789432525635, "decoding_time": 0.23835086822509766}