{"MSE": 21.449474334716797, "PSNR": 34.816637075326774, "encoding_time": 0.3435649871826172, "decoding_time": 0.26135802268981934}