{"MSE": 22.58041000366211, "PSNR": 34.593485375078615, "encoding_time": 0.36609315872192383, "decoding_time": 0.3280918598175049}