{"MSE": 19.523651123046875, "PSNR": 35.22519322418632, "encoding_time": 0.3297128677368164, "decoding_time": 0.2451610565185547}