{"MSE": 23.901214599609375, "PSNR": 34.3466038960576, "encoding_time": 0.3705892562866211, "decoding_time": 0.30874180793762207}