{"MSE": 23.839824676513672, "PSNR": 34.35777303688245, "encoding_time": 0.3604121208190918, "decoding_time": 0.29744887351989746}