{"MSE": 22.26708984375, "PSNR": 34.65416899441707, "encoding_time": 0.35810303688049316, "decoding_time": 0.29386281967163086}