{"MSE": 21.9737548828125, "PSNR": 34.711760852151144, "encoding_time": 0.35071802139282227, "decoding_time": 0.2930929660797119}