{"MSE": 23.823135375976562, "PSNR": 34.360814422234235, "encoding_time": 0.3689289093017578, "decoding_time": 0.28189802169799805}