{"MSE": 23.531993865966797, "PSNR": 34.41421634359076, "encoding_time": 0.3720569610595703, "decoding_time": 0.2990691661834717}