{"MSE": 23.539379119873047, "PSNR": 34.41285357261477, "encoding_time": 0.37552785873413086, "decoding_time": 0.3030719757080078}