{"MSE": 22.786453247070312, "PSNR": 34.55403629153871, "encoding_time": 0.34886693954467773, "decoding_time": 0.26828622817993164}