{"MSE": 20.389469146728516, "PSNR": 35.03674442085734, "encoding_time": 0.3323838710784912, "decoding_time": 0.24815821647644043}