{"MSE": 16.786582946777344, "PSNR": 35.88118060107464, "encoding_time": 0.3162269592285156, "decoding_time": 0.22820687294006348}