{"MSE": 22.441341400146484, "PSNR": 34.620315481558734, "encoding_time": 0.35312891006469727, "decoding_time": 0.27599382400512695}