{"MSE": 23.743648529052734, "PSNR": 34.37532905967709, "encoding_time": 0.3420689105987549, "decoding_time": 0.26874518394470215}