{"MSE": 23.449859619140625, "PSNR": 34.4294011368099, "encoding_time": 0.36565709114074707, "decoding_time": 0.30254316329956055}