{"MSE": 23.142086029052734, "PSNR": 34.486778571564905, "encoding_time": 0.33841729164123535, "decoding_time": 0.26613473892211914}