{"MSE": 17.876216888427734, "PSNR": 35.6080474564285, "encoding_time": 0.40889596939086914, "decoding_time": 0.2328779697418213}