{"MSE": 23.273101806640625, "PSNR": 34.462260915590775, "encoding_time": 0.3733031749725342, "decoding_time": 0.2854037284851074}