{"MSE": 23.948341369628906, "PSNR": 34.33804920735775, "encoding_time": 0.36591100692749023, "decoding_time": 0.3110530376434326}