{"MSE": 17.544857025146484, "PSNR": 35.68930527412691, "encoding_time": 0.3240828514099121, "decoding_time": 0.24177312850952148}