{"MSE": 23.438335418701172, "PSNR": 34.43153595848771, "encoding_time": 0.3710629940032959, "decoding_time": 0.2962040901184082}