{"MSE": 20.927268981933594, "PSNR": 34.92367804457744, "encoding_time": 0.34196996688842773, "decoding_time": 0.25629472732543945}