{"MSE": 24.062973022460938, "PSNR": 34.31731076705186, "encoding_time": 0.37060093879699707, "decoding_time": 0.29684901237487793}