{"MSE": 22.141437530517578, "PSNR": 34.6787454688599, "encoding_time": 0.3495490550994873, "decoding_time": 0.2958550453186035}