{"MSE": 22.388877868652344, "PSNR": 34.63048033598155, "encoding_time": 0.3538398742675781, "decoding_time": 0.27823734283447266}