{"MSE": 17.367637634277344, "PSNR": 35.733396116304085, "encoding_time": 0.3274970054626465, "decoding_time": 0.24370622634887695}