{"MSE": 21.685989379882812, "PSNR": 34.769011201141986, "encoding_time": 0.3557908535003662, "decoding_time": 0.27971720695495605}