{"MSE": 18.06295394897461, "PSNR": 35.56291586162032, "encoding_time": 0.32517313957214355, "decoding_time": 0.24216485023498535}