{"MSE": 22.776409149169922, "PSNR": 34.555951051119244, "encoding_time": 0.3505542278289795, "decoding_time": 0.26781487464904785}