{"MSE": 23.872203826904297, "PSNR": 34.35187846943553, "encoding_time": 0.3614320755004883, "decoding_time": 0.32407402992248535}