{"MSE": 23.076454162597656, "PSNR": 34.49911283243917, "encoding_time": 0.3639688491821289, "decoding_time": 0.2895631790161133}