{"MSE": 18.88640594482422, "PSNR": 35.369310406823125, "encoding_time": 0.34835028648376465, "decoding_time": 0.27434587478637695}