{"MSE": 22.654037475585938, "PSNR": 34.57934746258333, "encoding_time": 0.36481189727783203, "decoding_time": 0.29428696632385254}