{"MSE": 20.079936981201172, "PSNR": 35.10318015380961, "encoding_time": 0.3310568332672119, "decoding_time": 0.2881929874420166}