{"MSE": 17.6409912109375, "PSNR": 35.665573772746875, "encoding_time": 0.3272879123687744, "decoding_time": 0.24178695678710938}