{"MSE": 22.80294418334961, "PSNR": 34.55089436673006, "encoding_time": 0.3532590866088867, "decoding_time": 0.273082971572876}