{"MSE": 21.403846740722656, "PSNR": 34.8258852825999, "encoding_time": 0.33446192741394043, "decoding_time": 0.2544691562652588}