{"MSE": 22.355297088623047, "PSNR": 34.63699915109742, "encoding_time": 0.37093591690063477, "decoding_time": 0.31798410415649414}