{"MSE": 22.58679962158203, "PSNR": 34.59225661826781, "encoding_time": 0.34583091735839844, "decoding_time": 0.2683262825012207}