{"MSE": 22.14434814453125, "PSNR": 34.678174602344775, "encoding_time": 0.3451650142669678, "decoding_time": 0.2621419429779053}