{"MSE": 24.299606323242188, "PSNR": 34.27481123196697, "encoding_time": 0.3809990882873535, "decoding_time": 0.29373693466186523}