{"MSE": 23.86254119873047, "PSNR": 34.353636696551504, "encoding_time": 0.37543606758117676, "decoding_time": 0.2856450080871582}