{"MSE": 22.615737915039062, "PSNR": 34.58669598226553, "encoding_time": 0.3488321304321289, "decoding_time": 0.268298864364624}