{"MSE": 22.943782806396484, "PSNR": 34.52415338039111, "encoding_time": 0.352327823638916, "decoding_time": 0.270327091217041}