{"MSE": 21.29094696044922, "PSNR": 34.84885382823119, "encoding_time": 0.33966612815856934, "decoding_time": 0.2616739273071289}