{"MSE": 23.427753448486328, "PSNR": 34.433497159629574, "encoding_time": 0.37357378005981445, "decoding_time": 0.3295762538909912}