{"MSE": 21.024105072021484, "PSNR": 34.90362842512334, "encoding_time": 0.3330719470977783, "decoding_time": 0.2526240348815918}