{"MSE": 21.829627990722656, "PSNR": 34.740340261185956, "encoding_time": 0.3486616611480713, "decoding_time": 0.26877403259277344}