{"MSE": 21.455413818359375, "PSNR": 34.81543465523021, "encoding_time": 0.34151792526245117, "decoding_time": 0.27371811866760254}