{"MSE": 21.736164093017578, "PSNR": 34.758974568224914, "encoding_time": 0.35289692878723145, "decoding_time": 0.27908802032470703}