{"MSE": 21.994354248046875, "PSNR": 34.70769145208669, "encoding_time": 0.3570551872253418, "decoding_time": 0.28763580322265625}