{"MSE": 19.85198211669922, "PSNR": 35.152764855688154, "encoding_time": 0.3392958641052246, "decoding_time": 0.2532501220703125}