{"MSE": 22.380794525146484, "PSNR": 34.63204860813115, "encoding_time": 0.3546030521392822, "decoding_time": 0.27242588996887207}