{"MSE": 22.289199829101562, "PSNR": 34.64985883058081, "encoding_time": 0.36325812339782715, "decoding_time": 0.26435399055480957}