{"MSE": 20.595775604248047, "PSNR": 34.993022094260425, "encoding_time": 0.33945393562316895, "decoding_time": 0.2565779685974121}