{"MSE": 17.39667510986328, "PSNR": 35.72614107954215, "encoding_time": 0.3180081844329834, "decoding_time": 0.23149585723876953}