{"MSE": 24.077133178710938, "PSNR": 34.314755858729086, "encoding_time": 0.34326910972595215, "decoding_time": 0.2695651054382324}