{"MSE": 23.119434356689453, "PSNR": 34.491031564988994, "encoding_time": 0.35073304176330566, "decoding_time": 0.27446794509887695}