{"MSE": 23.195804595947266, "PSNR": 34.47670919321621, "encoding_time": 0.36304712295532227, "decoding_time": 0.2699580192565918}