{"MSE": 16.83328628540039, "PSNR": 35.86911451291855, "encoding_time": 0.3243100643157959, "decoding_time": 0.23932099342346191}