{"MSE": 20.81757354736328, "PSNR": 34.9465025319591, "encoding_time": 0.35137200355529785, "decoding_time": 0.2502720355987549}