{"MSE": 24.045459747314453, "PSNR": 34.32047275702088, "encoding_time": 0.36737585067749023, "decoding_time": 0.3125190734863281}