{"MSE": 20.481853485107422, "PSNR": 35.017111057354356, "encoding_time": 0.33211517333984375, "decoding_time": 0.24817776679992676}