{"MSE": 18.211097717285156, "PSNR": 35.527442361498025, "encoding_time": 0.3430631160736084, "decoding_time": 0.2561678886413574}