{"MSE": 19.59908676147461, "PSNR": 35.20844525414108, "encoding_time": 0.3502688407897949, "decoding_time": 0.26109790802001953}