{"MSE": 21.522464752197266, "PSNR": 34.80188355630832, "encoding_time": 0.34821105003356934, "decoding_time": 0.29610204696655273}