{"MSE": 22.415298461914062, "PSNR": 34.62535834953658, "encoding_time": 0.3475341796875, "decoding_time": 0.27440309524536133}