{"MSE": 20.901378631591797, "PSNR": 34.929054282330945, "encoding_time": 0.33348512649536133, "decoding_time": 0.25282883644104004}