{"MSE": 22.696796417236328, "PSNR": 34.57115798674818, "encoding_time": 0.34832096099853516, "decoding_time": 0.2738947868347168}