{"MSE": 23.472972869873047, "PSNR": 34.42512264059332, "encoding_time": 0.34725141525268555, "decoding_time": 0.27285194396972656}