{"MSE": 21.586715698242188, "PSNR": 34.788937890584975, "encoding_time": 0.34830474853515625, "decoding_time": 0.26724720001220703}