{"MSE": 23.12368392944336, "PSNR": 34.49023336362582, "encoding_time": 0.35976409912109375, "decoding_time": 0.2920260429382324}