{"MSE": 21.99439239501953, "PSNR": 34.7076839196967, "encoding_time": 0.35445189476013184, "decoding_time": 0.2791779041290283}