{"MSE": 24.041748046875, "PSNR": 34.32114319354505, "encoding_time": 0.37196898460388184, "decoding_time": 0.31183528900146484}