{"MSE": 22.43498992919922, "PSNR": 34.62154481948413, "encoding_time": 0.3507111072540283, "decoding_time": 0.27134084701538086}