{"MSE": 22.798828125, "PSNR": 34.55167836320336, "encoding_time": 0.3667421340942383, "decoding_time": 0.30057787895202637}