{"MSE": 22.684612274169922, "PSNR": 34.57349000172091, "encoding_time": 0.36173510551452637, "decoding_time": 0.30826497077941895}