{"MSE": 18.37472915649414, "PSNR": 35.48859414565116, "encoding_time": 0.33841371536254883, "decoding_time": 0.24678421020507812}