{"MSE": 22.461360931396484, "PSNR": 34.61644294290214, "encoding_time": 0.36705684661865234, "decoding_time": 0.2834479808807373}