{"MSE": 23.982749938964844, "PSNR": 34.3318138165282, "encoding_time": 0.3684728145599365, "decoding_time": 0.31008315086364746}