{"MSE": 20.101093292236328, "PSNR": 35.09860681662709, "encoding_time": 0.33299684524536133, "decoding_time": 0.2500171661376953}