{"MSE": 23.921390533447266, "PSNR": 34.34293939587886, "encoding_time": 0.3589742183685303, "decoding_time": 0.28351497650146484}