{"MSE": 23.335742950439453, "PSNR": 34.45058728599819, "encoding_time": 0.3676338195800781, "decoding_time": 0.29770517349243164}