{"MSE": 22.41485595703125, "PSNR": 34.625444085323714, "encoding_time": 0.3614959716796875, "decoding_time": 0.28364992141723633}