{"MSE": 21.352859497070312, "PSNR": 34.836243184791385, "encoding_time": 0.35184502601623535, "decoding_time": 0.2577400207519531}