{"MSE": 20.987350463867188, "PSNR": 34.91122746085053, "encoding_time": 0.33301281929016113, "decoding_time": 0.2529270648956299}