{"MSE": 21.775554656982422, "PSNR": 34.75111134896639, "encoding_time": 0.34769415855407715, "decoding_time": 0.26879382133483887}