{"MSE": 21.054283142089844, "PSNR": 34.89739901753026, "encoding_time": 0.338421106338501, "decoding_time": 0.2614309787750244}