{"MSE": 21.781978607177734, "PSNR": 34.74983033696548, "encoding_time": 0.3595609664916992, "decoding_time": 0.2746708393096924}