{"MSE": 6.417781829833984, "PSNR": 40.05695411540911, "encoding_time": 0.2769429683685303, "decoding_time": 0.16569089889526367}