{"MSE": 7.002124786376953, "PSNR": 39.678505147142424, "encoding_time": 0.2858438491821289, "decoding_time": 0.17662715911865234}