{"MSE": 6.4976806640625, "PSNR": 40.00321997232817, "encoding_time": 0.27878284454345703, "decoding_time": 0.1708228588104248}