{"MSE": 6.836193084716797, "PSNR": 39.782660402243, "encoding_time": 0.2823927402496338, "decoding_time": 0.17152905464172363}