{"MSE": 6.500988006591797, "PSNR": 40.00100996039906, "encoding_time": 0.27846503257751465, "decoding_time": 0.1731410026550293}