{"MSE": 6.589397430419922, "PSNR": 39.94234658657589, "encoding_time": 0.2812528610229492, "decoding_time": 0.17069196701049805}