{"MSE": 6.033046722412109, "PSNR": 40.32543672182172, "encoding_time": 0.2753028869628906, "decoding_time": 0.16667389869689941}