{"MSE": 5.955020904541016, "PSNR": 40.3819707049649, "encoding_time": 0.27319931983947754, "decoding_time": 0.16015172004699707}