{"MSE": 6.893348693847656, "PSNR": 39.74650113422073, "encoding_time": 0.2791318893432617, "decoding_time": 0.1689751148223877}