{"MSE": 6.259033203125, "PSNR": 40.165731054488646, "encoding_time": 0.2794477939605713, "decoding_time": 0.1659398078918457}