{"MSE": 6.5769805908203125, "PSNR": 39.95053800643453, "encoding_time": 0.27794790267944336, "decoding_time": 0.1716909408569336}