{"MSE": 13.129905700683594, "PSNR": 36.948187538812356, "encoding_time": 0.2737438678741455, "decoding_time": 0.16419196128845215}