{"MSE": 9.963569641113281, "PSNR": 38.146654001855104, "encoding_time": 0.26554203033447266, "decoding_time": 0.14868712425231934}