{"MSE": 11.635543823242188, "PSNR": 37.47293674670701, "encoding_time": 0.27657508850097656, "decoding_time": 0.1658940315246582}