{"MSE": 12.837299346923828, "PSNR": 37.04606692438217, "encoding_time": 0.2749209403991699, "decoding_time": 0.16509103775024414}