{"MSE": 10.475753784179688, "PSNR": 37.928950783912256, "encoding_time": 0.2782108783721924, "decoding_time": 0.16602802276611328}