{"MSE": 12.621753692626953, "PSNR": 37.119606599916544, "encoding_time": 0.27693891525268555, "decoding_time": 0.16548609733581543}