{"MSE": 16.09592056274414, "PSNR": 36.06364540834957, "encoding_time": 0.28069090843200684, "decoding_time": 0.17669200897216797}