{"MSE": 10.346725463867188, "PSNR": 37.98277435034877, "encoding_time": 0.2780570983886719, "decoding_time": 0.16505002975463867}