{"MSE": 12.507179260253906, "PSNR": 37.159209864132364, "encoding_time": 0.275601863861084, "decoding_time": 0.1679222583770752}