{"MSE": 13.083614349365234, "PSNR": 36.963526264246724, "encoding_time": 0.27287983894348145, "decoding_time": 0.16263818740844727}