{"MSE": 10.873588562011719, "PSNR": 37.76707464851518, "encoding_time": 0.2784919738769531, "decoding_time": 0.16508913040161133}