{"MSE": 9.48929214477539, "PSNR": 38.35846543496854, "encoding_time": 0.263746976852417, "decoding_time": 0.14564919471740723}