{"MSE": 15.112628936767578, "PSNR": 36.33740341702949, "encoding_time": 0.2803928852081299, "decoding_time": 0.1712172031402588}