{"MSE": 13.315685272216797, "PSNR": 36.88716839189142, "encoding_time": 0.2741820812225342, "decoding_time": 0.1689929962158203}