{"MSE": 13.61355972290039, "PSNR": 36.79108659920823, "encoding_time": 0.2744147777557373, "decoding_time": 0.17093706130981445}