{"MSE": 12.765769958496094, "PSNR": 37.07033346769416, "encoding_time": 0.27306389808654785, "decoding_time": 0.16791796684265137}