{"MSE": 12.51852035522461, "PSNR": 37.1552736102994, "encoding_time": 0.27466893196105957, "decoding_time": 0.16341400146484375}