{"MSE": 13.182758331298828, "PSNR": 36.93074070281567, "encoding_time": 0.27201271057128906, "decoding_time": 0.16364717483520508}