{"MSE": 14.061077117919922, "PSNR": 36.65061770735197, "encoding_time": 0.3073742389678955, "decoding_time": 0.21006369590759277}