{"MSE": 16.201492309570312, "PSNR": 36.03525341883141, "encoding_time": 0.3090391159057617, "decoding_time": 0.22228693962097168}