{"MSE": 13.411239624023438, "PSNR": 36.856114385725085, "encoding_time": 0.29915595054626465, "decoding_time": 0.19990086555480957}