{"MSE": 15.990550994873047, "PSNR": 36.092169321491845, "encoding_time": 0.31125903129577637, "decoding_time": 0.22343897819519043}