{"MSE": 15.953071594238281, "PSNR": 36.10236046640942, "encoding_time": 0.3102741241455078, "decoding_time": 0.21955370903015137}