{"MSE": 13.783489227294922, "PSNR": 36.73721189715616, "encoding_time": 0.2947537899017334, "decoding_time": 0.19602608680725098}