{"MSE": 13.205181121826172, "PSNR": 36.92335998515409, "encoding_time": 0.2952423095703125, "decoding_time": 0.19716477394104004}