{"MSE": 13.153724670410156, "PSNR": 36.94031613763785, "encoding_time": 0.30233287811279297, "decoding_time": 0.20524311065673828}