{"MSE": 15.962715148925781, "PSNR": 36.099735970420724, "encoding_time": 0.31060099601745605, "decoding_time": 0.2199239730834961}