{"MSE": 12.994049072265625, "PSNR": 36.99335858314354, "encoding_time": 0.2964780330657959, "decoding_time": 0.19691705703735352}