{"MSE": 12.558902740478516, "PSNR": 37.14128663709722, "encoding_time": 0.28998398780822754, "decoding_time": 0.1900348663330078}