{"MSE": 13.651538848876953, "PSNR": 36.7789875154923, "encoding_time": 0.2956061363220215, "decoding_time": 0.19784283638000488}