{"MSE": 16.712207794189453, "PSNR": 35.900465339848864, "encoding_time": 0.3132591247558594, "decoding_time": 0.226517915725708}