{"MSE": 12.112255096435547, "PSNR": 37.29855351931227, "encoding_time": 0.2892131805419922, "decoding_time": 0.18788480758666992}