{"MSE": 14.512565612792969, "PSNR": 36.51336164627084, "encoding_time": 0.30658721923828125, "decoding_time": 0.21032071113586426}