{"MSE": 13.483112335205078, "PSNR": 36.83290207986934, "encoding_time": 0.29653286933898926, "decoding_time": 0.20151090621948242}