{"MSE": 15.499351501464844, "PSNR": 36.22766833357438, "encoding_time": 0.30492591857910156, "decoding_time": 0.2133350372314453}