{"MSE": 16.467552185058594, "PSNR": 35.964513124891646, "encoding_time": 0.3125581741333008, "decoding_time": 0.22419095039367676}