{"MSE": 14.461933135986328, "PSNR": 36.52854011603899, "encoding_time": 0.298321008682251, "decoding_time": 0.20713210105895996}