{"MSE": 12.694671630859375, "PSNR": 37.09458889273782, "encoding_time": 0.2938258647918701, "decoding_time": 0.19113802909851074}