{"MSE": 14.681659698486328, "PSNR": 36.46305207389279, "encoding_time": 0.3048849105834961, "decoding_time": 0.20529603958129883}