{"MSE": 14.269107818603516, "PSNR": 36.5868354133213, "encoding_time": 0.3010251522064209, "decoding_time": 0.20831894874572754}