{"MSE": 13.978046417236328, "PSNR": 36.67633882555534, "encoding_time": 0.29671788215637207, "decoding_time": 0.20164823532104492}