{"MSE": 16.06613540649414, "PSNR": 36.07168937961338, "encoding_time": 0.3126978874206543, "decoding_time": 0.22259926795959473}