{"MSE": 14.315982818603516, "PSNR": 36.572591923702674, "encoding_time": 0.2968592643737793, "decoding_time": 0.20395278930664062}