{"MSE": 13.582916259765625, "PSNR": 36.80087337642611, "encoding_time": 0.29920101165771484, "decoding_time": 0.20247817039489746}