{"MSE": 12.45065689086914, "PSNR": 37.17888095656731, "encoding_time": 0.2892441749572754, "decoding_time": 0.18931889533996582}