{"MSE": 16.40335464477539, "PSNR": 35.98147686312341, "encoding_time": 0.31382179260253906, "decoding_time": 0.22607207298278809}