{"MSE": 16.63311004638672, "PSNR": 35.92106900000636, "encoding_time": 0.31182003021240234, "decoding_time": 0.22411394119262695}