{"MSE": 16.406452178955078, "PSNR": 35.980656838785585, "encoding_time": 0.31274986267089844, "decoding_time": 0.22143197059631348}