{"MSE": 15.812919616699219, "PSNR": 36.14068297617645, "encoding_time": 0.3110830783843994, "decoding_time": 0.21999096870422363}