{"MSE": 12.912765502929688, "PSNR": 37.02061096599914, "encoding_time": 0.2933948040008545, "decoding_time": 0.19382905960083008}