{"MSE": 14.380619049072266, "PSNR": 36.55302779145846, "encoding_time": 0.303602933883667, "decoding_time": 0.2069549560546875}