{"MSE": 13.52474594116211, "PSNR": 36.819512451216646, "encoding_time": 0.3033928871154785, "decoding_time": 0.20662808418273926}