{"MSE": 14.453010559082031, "PSNR": 36.531220409023646, "encoding_time": 0.30132198333740234, "decoding_time": 0.20629620552062988}