{"MSE": 13.679195404052734, "PSNR": 36.77019807479168, "encoding_time": 0.2958509922027588, "decoding_time": 0.20002007484436035}