{"MSE": 16.480247497558594, "PSNR": 35.96116631297052, "encoding_time": 0.31070780754089355, "decoding_time": 0.22183990478515625}