{"MSE": 15.073219299316406, "PSNR": 36.348743431508744, "encoding_time": 0.30563926696777344, "decoding_time": 0.21211481094360352}