{"MSE": 13.215560913085938, "PSNR": 36.91994760082864, "encoding_time": 0.29421114921569824, "decoding_time": 0.19576072692871094}