{"MSE": 13.698558807373047, "PSNR": 36.76405482392446, "encoding_time": 0.2978532314300537, "decoding_time": 0.19713783264160156}