{"MSE": 12.608406066894531, "PSNR": 37.12420173589519, "encoding_time": 0.29161500930786133, "decoding_time": 0.1919090747833252}