{"MSE": 16.114166259765625, "PSNR": 36.05872520653446, "encoding_time": 0.30835723876953125, "decoding_time": 0.21990394592285156}