{"MSE": 12.506614685058594, "PSNR": 37.1594059094764, "encoding_time": 0.2913401126861572, "decoding_time": 0.19040417671203613}