{"MSE": 16.147903442382812, "PSNR": 36.04964217018765, "encoding_time": 0.3080422878265381, "decoding_time": 0.22092986106872559}