{"MSE": 16.264785766601562, "PSNR": 36.01832013569467, "encoding_time": 0.31116485595703125, "decoding_time": 0.22427606582641602}