{"MSE": 15.352497100830078, "PSNR": 36.2690133682599, "encoding_time": 0.3045978546142578, "decoding_time": 0.2128901481628418}