{"MSE": 13.335895538330078, "PSNR": 36.88058175915425, "encoding_time": 0.29643702507019043, "decoding_time": 0.19829487800598145}