{"MSE": 13.6446533203125, "PSNR": 36.7811785515939, "encoding_time": 0.29681873321533203, "decoding_time": 0.20025920867919922}