{"MSE": 15.0936279296875, "PSNR": 36.3428672079589, "encoding_time": 0.3071160316467285, "decoding_time": 0.21188807487487793}