{"MSE": 15.490638732910156, "PSNR": 36.2301103526757, "encoding_time": 0.30402421951293945, "decoding_time": 0.2120838165283203}