{"MSE": 16.12994384765625, "PSNR": 36.05447505363355, "encoding_time": 0.31252002716064453, "decoding_time": 0.22116398811340332}