{"MSE": 13.711265563964844, "PSNR": 36.76002818399327, "encoding_time": 0.2977581024169922, "decoding_time": 0.19809699058532715}