{"MSE": 16.153980255126953, "PSNR": 36.04800813156737, "encoding_time": 0.31075096130371094, "decoding_time": 0.22144007682800293}