{"MSE": 15.648548126220703, "PSNR": 36.18606310999544, "encoding_time": 0.3108351230621338, "decoding_time": 0.21591997146606445}