{"MSE": 13.343406677246094, "PSNR": 36.878136383151634, "encoding_time": 0.29616475105285645, "decoding_time": 0.19508099555969238}