{"MSE": 13.735343933105469, "PSNR": 36.75240822238396, "encoding_time": 0.2946491241455078, "decoding_time": 0.19730162620544434}