{"MSE": 15.105819702148438, "PSNR": 36.339360640649055, "encoding_time": 0.3019089698791504, "decoding_time": 0.2089099884033203}