{"MSE": 16.226581573486328, "PSNR": 36.02853323490242, "encoding_time": 0.31148505210876465, "decoding_time": 0.2216179370880127}