{"MSE": 13.177227020263672, "PSNR": 36.93256332742147, "encoding_time": 0.29374170303344727, "decoding_time": 0.19406414031982422}