{"MSE": 16.109790802001953, "PSNR": 36.059904600592496, "encoding_time": 0.3121809959411621, "decoding_time": 0.22241687774658203}