{"MSE": 15.808143615722656, "PSNR": 36.1419948807574, "encoding_time": 0.3098292350769043, "decoding_time": 0.218170166015625}