{"MSE": 15.375190734863281, "PSNR": 36.26259848805182, "encoding_time": 0.30748796463012695, "decoding_time": 0.21410727500915527}