{"MSE": 14.703571319580078, "PSNR": 36.45657528431884, "encoding_time": 0.30455708503723145, "decoding_time": 0.20764780044555664}