{"MSE": 15.473075866699219, "PSNR": 36.23503705917615, "encoding_time": 0.30588197708129883, "decoding_time": 0.2149369716644287}