{"MSE": 12.743492126464844, "PSNR": 37.07791905911381, "encoding_time": 0.2888340950012207, "decoding_time": 0.1905379295349121}