{"MSE": 15.910552978515625, "PSNR": 36.11395086856493, "encoding_time": 0.3087308406829834, "decoding_time": 0.21718716621398926}