{"MSE": 14.826534271240234, "PSNR": 36.42040715084155, "encoding_time": 0.3025648593902588, "decoding_time": 0.2074871063232422}