{"MSE": 16.295825958251953, "PSNR": 36.010039831781114, "encoding_time": 0.30841493606567383, "decoding_time": 0.2222909927368164}