{"MSE": 16.486839294433594, "PSNR": 35.959429561971035, "encoding_time": 0.31061315536499023, "decoding_time": 0.22240185737609863}