{"MSE": 13.878376007080078, "PSNR": 36.707417112063766, "encoding_time": 0.29555606842041016, "decoding_time": 0.20044970512390137}