{"MSE": 13.421333312988281, "PSNR": 36.85284698856825, "encoding_time": 0.299602746963501, "decoding_time": 0.2007451057434082}