{"MSE": 16.151321411132812, "PSNR": 36.0487230119232, "encoding_time": 0.3105170726776123, "decoding_time": 0.22117304801940918}