{"MSE": 15.365699768066406, "PSNR": 36.265280176559436, "encoding_time": 0.30771708488464355, "decoding_time": 0.2166459560394287}