{"MSE": 12.509262084960938, "PSNR": 37.158486692305765, "encoding_time": 0.2908463478088379, "decoding_time": 0.189666748046875}