{"MSE": 14.649734497070312, "PSNR": 36.47250606997042, "encoding_time": 0.304703950881958, "decoding_time": 0.20767998695373535}