{"MSE": 12.891960144042969, "PSNR": 37.027614066625006, "encoding_time": 0.29206299781799316, "decoding_time": 0.19231104850769043}