{"MSE": 13.454143524169922, "PSNR": 36.842243045924405, "encoding_time": 0.29985618591308594, "decoding_time": 0.19934701919555664}