{"MSE": 14.175106048583984, "PSNR": 36.6155404419238, "encoding_time": 0.29676318168640137, "decoding_time": 0.20506691932678223}