{"MSE": 13.251182556152344, "PSNR": 36.908257237502085, "encoding_time": 0.30249500274658203, "decoding_time": 0.20497488975524902}