{"MSE": 13.530231475830078, "PSNR": 36.81775134276513, "encoding_time": 0.2982602119445801, "decoding_time": 0.19745588302612305}