{"MSE": 13.977027893066406, "PSNR": 36.676655290052615, "encoding_time": 0.29752206802368164, "decoding_time": 0.2029130458831787}