{"MSE": 12.80954360961914, "PSNR": 37.055467042969106, "encoding_time": 0.29143428802490234, "decoding_time": 0.19179081916809082}