{"MSE": 15.466678619384766, "PSNR": 36.236832994078526, "encoding_time": 0.3080160617828369, "decoding_time": 0.21263504028320312}