{"MSE": 15.664024353027344, "PSNR": 36.18177011206014, "encoding_time": 0.3072397708892822, "decoding_time": 0.21201419830322266}