{"MSE": 14.546794891357422, "PSNR": 36.503130455069545, "encoding_time": 0.30126500129699707, "decoding_time": 0.20706391334533691}