{"MSE": 12.904151916503906, "PSNR": 37.023508936451734, "encoding_time": 0.29479193687438965, "decoding_time": 0.19602298736572266}