{"MSE": 13.745464324951172, "PSNR": 36.749209458729915, "encoding_time": 0.3002052307128906, "decoding_time": 0.2063889503479004}