{"MSE": 14.44168472290039, "PSNR": 36.53462501209043, "encoding_time": 0.30132102966308594, "decoding_time": 0.20392298698425293}