{"MSE": 13.029220581054688, "PSNR": 36.98161924239856, "encoding_time": 0.2940950393676758, "decoding_time": 0.1938638687133789}