{"MSE": 15.140777587890625, "PSNR": 36.329321809840266, "encoding_time": 0.30750393867492676, "decoding_time": 0.21001195907592773}