{"MSE": 14.377887725830078, "PSNR": 36.553852729015354, "encoding_time": 0.3037590980529785, "decoding_time": 0.20906400680541992}