{"MSE": 13.709182739257812, "PSNR": 36.760687953861925, "encoding_time": 0.2954978942871094, "decoding_time": 0.19698214530944824}