{"MSE": 14.763675689697266, "PSNR": 36.43885864287521, "encoding_time": 0.3036689758300781, "decoding_time": 0.20641303062438965}