{"MSE": 13.810550689697266, "PSNR": 36.728693646405844, "encoding_time": 0.3008291721343994, "decoding_time": 0.2022380828857422}