{"MSE": 16.173500061035156, "PSNR": 36.0427634636, "encoding_time": 0.3089938163757324, "decoding_time": 0.22410011291503906}