{"MSE": 13.83880615234375, "PSNR": 36.719817348955026, "encoding_time": 0.2986907958984375, "decoding_time": 0.20302510261535645}