{"MSE": 16.149009704589844, "PSNR": 36.04934465347449, "encoding_time": 0.30736494064331055, "decoding_time": 0.22359204292297363}