{"MSE": 12.816398620605469, "PSNR": 37.05314354322106, "encoding_time": 0.29120874404907227, "decoding_time": 0.19333791732788086}