{"MSE": 13.902267456054688, "PSNR": 36.699947215244315, "encoding_time": 0.3769528865814209, "decoding_time": 0.19950413703918457}