{"MSE": 14.061771392822266, "PSNR": 36.65040327689769, "encoding_time": 0.2986290454864502, "decoding_time": 0.20094585418701172}