{"MSE": 12.581462860107422, "PSNR": 37.13349220940153, "encoding_time": 0.2933039665222168, "decoding_time": 0.18990230560302734}