{"MSE": 15.060684204101562, "PSNR": 36.35235658636956, "encoding_time": 0.3059999942779541, "decoding_time": 0.20913290977478027}