{"MSE": 16.35818862915039, "PSNR": 35.993451490581336, "encoding_time": 0.3119781017303467, "decoding_time": 0.22367620468139648}