{"MSE": 15.674007415771484, "PSNR": 36.179003129601945, "encoding_time": 0.3112819194793701, "decoding_time": 0.21832513809204102}