{"MSE": 15.989837646484375, "PSNR": 36.09236306727298, "encoding_time": 0.3106727600097656, "decoding_time": 0.2199842929840088}