{"MSE": 15.366241455078125, "PSNR": 36.265127077424935, "encoding_time": 0.30568695068359375, "decoding_time": 0.21219205856323242}