{"MSE": 14.017005920410156, "PSNR": 36.66425104092469, "encoding_time": 0.3069138526916504, "decoding_time": 0.21136927604675293}