{"MSE": 14.397331237792969, "PSNR": 36.547983643362095, "encoding_time": 0.30081892013549805, "decoding_time": 0.2026219367980957}