{"MSE": 14.686771392822266, "PSNR": 36.4615402596193, "encoding_time": 0.3031158447265625, "decoding_time": 0.21043825149536133}