{"MSE": 16.07281494140625, "PSNR": 36.06988416496612, "encoding_time": 0.31094908714294434, "decoding_time": 0.2216336727142334}