{"MSE": 12.731449127197266, "PSNR": 37.08202521854713, "encoding_time": 0.2950756549835205, "decoding_time": 0.19497323036193848}