{"MSE": 13.345516204833984, "PSNR": 36.877449839002374, "encoding_time": 0.3017997741699219, "decoding_time": 0.20925521850585938}