{"MSE": 13.363929748535156, "PSNR": 36.87146176893714, "encoding_time": 0.3027811050415039, "decoding_time": 0.20680999755859375}