{"MSE": 16.03792953491211, "PSNR": 36.07932059862537, "encoding_time": 0.31073498725891113, "decoding_time": 0.2185361385345459}