{"MSE": 16.311344146728516, "PSNR": 36.00590610038914, "encoding_time": 0.3153717517852783, "decoding_time": 0.2241818904876709}