{"MSE": 12.52911376953125, "PSNR": 37.151600080392924, "encoding_time": 0.29233789443969727, "decoding_time": 0.1908721923828125}