{"MSE": 14.53463363647461, "PSNR": 36.506762715562836, "encoding_time": 0.3071112632751465, "decoding_time": 0.21179580688476562}