{"MSE": 12.57114028930664, "PSNR": 37.13705687884182, "encoding_time": 0.29109787940979004, "decoding_time": 0.18985390663146973}