{"MSE": 16.641490936279297, "PSNR": 35.918881280723035, "encoding_time": 0.313403844833374, "decoding_time": 0.2242720127105713}