{"MSE": 13.952690124511719, "PSNR": 36.68422411781792, "encoding_time": 0.30039215087890625, "decoding_time": 0.20320773124694824}