{"MSE": 12.5947265625, "PSNR": 37.128916176710526, "encoding_time": 0.28833889961242676, "decoding_time": 0.1900179386138916}