{"MSE": 15.569156646728516, "PSNR": 36.20815272615258, "encoding_time": 0.3110339641571045, "decoding_time": 0.22210907936096191}