{"MSE": 13.182914733886719, "PSNR": 36.93068917765209, "encoding_time": 0.2953331470489502, "decoding_time": 0.19723081588745117}