{"MSE": 6.951244354248047, "PSNR": 39.71017805513745, "encoding_time": 0.2416229248046875, "decoding_time": 0.12089991569519043}