{"MSE": 22.529869079589844, "PSNR": 34.60321692809276, "encoding_time": 0.29962706565856934, "decoding_time": 0.21272587776184082}