{"MSE": 18.145217895507812, "PSNR": 35.54318173106839, "encoding_time": 0.290632963180542, "decoding_time": 0.2073509693145752}