{"MSE": 13.729969024658203, "PSNR": 36.75410803415219, "encoding_time": 0.2730979919433594, "decoding_time": 0.17062020301818848}