{"MSE": 22.397571563720703, "PSNR": 34.62879427964496, "encoding_time": 0.30437707901000977, "decoding_time": 0.2196660041809082}