{"MSE": 23.186138153076172, "PSNR": 34.47851941616528, "encoding_time": 0.30547189712524414, "decoding_time": 0.21631622314453125}