{"MSE": 22.679759979248047, "PSNR": 34.574419067775395, "encoding_time": 0.30369019508361816, "decoding_time": 0.21520686149597168}