{"MSE": 7.087673187255859, "PSNR": 39.62576676853985, "encoding_time": 0.2520110607147217, "decoding_time": 0.12834906578063965}