{"MSE": 12.424201965332031, "PSNR": 37.18811858286146, "encoding_time": 0.25973987579345703, "decoding_time": 0.15403318405151367}