{"MSE": 23.105670928955078, "PSNR": 34.49361777040997, "encoding_time": 0.3084847927093506, "decoding_time": 0.23426032066345215}