{"MSE": 13.586528778076172, "PSNR": 36.799718478506705, "encoding_time": 0.28066515922546387, "decoding_time": 0.17038202285766602}