{"MSE": 11.313522338867188, "PSNR": 37.5948252215146, "encoding_time": 0.2600381374359131, "decoding_time": 0.15107107162475586}