{"MSE": 7.7394256591796875, "PSNR": 39.24371627872866, "encoding_time": 0.2538020610809326, "decoding_time": 0.13156771659851074}