{"MSE": 22.197105407714844, "PSNR": 34.66784016481193, "encoding_time": 0.30005908012390137, "decoding_time": 0.21117901802062988}