{"MSE": 12.090343475341797, "PSNR": 37.30641721932141, "encoding_time": 0.27164316177368164, "decoding_time": 0.17423582077026367}