{"MSE": 20.301158905029297, "PSNR": 35.055595302604495, "encoding_time": 0.28748607635498047, "decoding_time": 0.2022089958190918}