{"MSE": 21.76392364501953, "PSNR": 34.75343167278816, "encoding_time": 0.32087111473083496, "decoding_time": 0.2593080997467041}