{"MSE": 23.406978607177734, "PSNR": 34.43735002656763, "encoding_time": 0.3067030906677246, "decoding_time": 0.21717309951782227}