{"MSE": 22.75925064086914, "PSNR": 34.55922402261445, "encoding_time": 0.2924308776855469, "decoding_time": 0.22124099731445312}