{"MSE": 9.772254943847656, "PSNR": 38.23085572310478, "encoding_time": 0.2656679153442383, "decoding_time": 0.1477653980255127}