{"MSE": 6.799938201904297, "PSNR": 39.805753950284256, "encoding_time": 0.2523210048675537, "decoding_time": 0.1236422061920166}