{"MSE": 23.050064086914062, "PSNR": 34.5040822365615, "encoding_time": 0.303922176361084, "decoding_time": 0.21469473838806152}