{"MSE": 21.28675079345703, "PSNR": 34.84970985017314, "encoding_time": 0.29567408561706543, "decoding_time": 0.20978522300720215}