{"MSE": 13.287601470947266, "PSNR": 36.896337668282435, "encoding_time": 0.28499913215637207, "decoding_time": 0.17162704467773438}