{"MSE": 7.237251281738281, "PSNR": 39.53506709013201, "encoding_time": 0.249467134475708, "decoding_time": 0.12800097465515137}