{"MSE": 7.014942169189453, "PSNR": 39.67056265789409, "encoding_time": 0.2875850200653076, "decoding_time": 0.13492608070373535}