{"MSE": 8.467418670654297, "PSNR": 38.85329326918905, "encoding_time": 0.26814723014831543, "decoding_time": 0.1385819911956787}