{"MSE": 15.080360412597656, "PSNR": 36.3466863980286, "encoding_time": 0.28220415115356445, "decoding_time": 0.1914958953857422}