{"MSE": 21.009483337402344, "PSNR": 34.90664988446448, "encoding_time": 0.2922177314758301, "decoding_time": 0.205733060836792}