{"MSE": 7.054954528808594, "PSNR": 39.64586141920159, "encoding_time": 0.2808666229248047, "decoding_time": 0.1449601650238037}