{"MSE": 16.593170166015625, "PSNR": 35.93150993886359, "encoding_time": 0.28858399391174316, "decoding_time": 0.19455885887145996}