{"MSE": 13.969413757324219, "PSNR": 36.679021800437354, "encoding_time": 0.2683079242706299, "decoding_time": 0.16954994201660156}