{"MSE": 20.432483673095703, "PSNR": 35.02759200306916, "encoding_time": 0.28760814666748047, "decoding_time": 0.20039701461791992}