{"MSE": 21.004138946533203, "PSNR": 34.907754782994985, "encoding_time": 0.3007850646972656, "decoding_time": 0.21313905715942383}