{"MSE": 17.43915557861328, "PSNR": 35.71554908736222, "encoding_time": 0.2850821018218994, "decoding_time": 0.1970839500427246}