{"MSE": 14.097015380859375, "PSNR": 36.639531872784694, "encoding_time": 0.2826058864593506, "decoding_time": 0.17551302909851074}