{"MSE": 13.533767700195312, "PSNR": 36.816616430864386, "encoding_time": 0.27231812477111816, "decoding_time": 0.17018389701843262}