{"MSE": 13.000953674316406, "PSNR": 36.99105150076302, "encoding_time": 0.2826991081237793, "decoding_time": 0.16948199272155762}