{"MSE": 10.79238510131836, "PSNR": 37.79962927132752, "encoding_time": 0.26370811462402344, "decoding_time": 0.1512598991394043}