{"MSE": 8.532207489013672, "PSNR": 38.82018952646777, "encoding_time": 0.2521378993988037, "decoding_time": 0.1350259780883789}