{"MSE": 15.411426544189453, "PSNR": 36.25237520228971, "encoding_time": 0.28934502601623535, "decoding_time": 0.1885828971862793}