{"MSE": 11.362876892089844, "PSNR": 37.57592059406617, "encoding_time": 0.25745296478271484, "decoding_time": 0.1513819694519043}