{"MSE": 20.966842651367188, "PSNR": 34.915473248864885, "encoding_time": 0.28648972511291504, "decoding_time": 0.20330309867858887}