{"MSE": 7.1470947265625, "PSNR": 39.589508226521836, "encoding_time": 0.24881792068481445, "decoding_time": 0.1266942024230957}