{"MSE": 13.085594177246094, "PSNR": 36.96286913445653, "encoding_time": 0.2644200325012207, "decoding_time": 0.16086792945861816}