{"MSE": 13.462387084960938, "PSNR": 36.83958287167928, "encoding_time": 0.29536890983581543, "decoding_time": 0.18268513679504395}