{"MSE": 9.680156707763672, "PSNR": 38.271979729018554, "encoding_time": 0.2597470283508301, "decoding_time": 0.14674711227416992}