{"MSE": 13.592025756835938, "PSNR": 36.79796172019787, "encoding_time": 0.2727169990539551, "decoding_time": 0.1699841022491455}