{"MSE": 23.25338363647461, "PSNR": 34.46594204169668, "encoding_time": 0.2981600761413574, "decoding_time": 0.21404814720153809}