{"MSE": 15.189769744873047, "PSNR": 36.31529170236788, "encoding_time": 0.27936601638793945, "decoding_time": 0.18129587173461914}