{"MSE": 9.325370788574219, "PSNR": 38.43414251944258, "encoding_time": 0.26528215408325195, "decoding_time": 0.1642749309539795}