{"MSE": 22.95773696899414, "PSNR": 34.52151285082604, "encoding_time": 0.29187989234924316, "decoding_time": 0.20832586288452148}