{"MSE": 22.52303695678711, "PSNR": 34.604534114270834, "encoding_time": 0.297882080078125, "decoding_time": 0.21273493766784668}