{"MSE": 23.73272705078125, "PSNR": 34.377327164112515, "encoding_time": 0.305570125579834, "decoding_time": 0.2234330177307129}