{"MSE": 7.6788482666015625, "PSNR": 39.27784274816736, "encoding_time": 0.24946117401123047, "decoding_time": 0.12942981719970703}