{"MSE": 19.438159942626953, "PSNR": 35.24425209567048, "encoding_time": 0.29530978202819824, "decoding_time": 0.20547103881835938}