{"MSE": 22.272403717041016, "PSNR": 34.65313270699022, "encoding_time": 0.3482990264892578, "decoding_time": 0.25254392623901367}