{"MSE": 21.592571258544922, "PSNR": 34.78775999362431, "encoding_time": 0.29995298385620117, "decoding_time": 0.20950818061828613}