{"MSE": 15.700332641601562, "PSNR": 36.17171507001248, "encoding_time": 0.28975915908813477, "decoding_time": 0.2009589672088623}