{"MSE": 20.551712036132812, "PSNR": 35.00232354759224, "encoding_time": 0.2993652820587158, "decoding_time": 0.21201586723327637}