{"MSE": 9.84246826171875, "PSNR": 38.19976337840759, "encoding_time": 0.26142311096191406, "decoding_time": 0.14783501625061035}