{"MSE": 20.408126831054688, "PSNR": 35.032772162336386, "encoding_time": 0.3013439178466797, "decoding_time": 0.21115708351135254}