{"MSE": 11.640018463134766, "PSNR": 37.471266916853814, "encoding_time": 0.2574007511138916, "decoding_time": 0.15220403671264648}