{"MSE": 6.975948333740234, "PSNR": 39.69477105464989, "encoding_time": 0.2595970630645752, "decoding_time": 0.13111305236816406}