{"MSE": 7.150272369384766, "PSNR": 39.5875777553286, "encoding_time": 0.25257205963134766, "decoding_time": 0.12798810005187988}