{"MSE": 21.80652618408203, "PSNR": 34.744938736130926, "encoding_time": 0.29189014434814453, "decoding_time": 0.2084507942199707}