{"MSE": 6.813468933105469, "PSNR": 39.79712080830361, "encoding_time": 0.23932099342346191, "decoding_time": 0.12116312980651855}