{"MSE": 7.393558502197266, "PSNR": 39.44226847249723, "encoding_time": 0.25368595123291016, "decoding_time": 0.1315610408782959}