{"MSE": 7.723934173583984, "PSNR": 39.25241796973792, "encoding_time": 0.24321699142456055, "decoding_time": 0.12735199928283691}