{"MSE": 13.666038513183594, "PSNR": 36.77437720564987, "encoding_time": 0.28583240509033203, "decoding_time": 0.17766666412353516}