{"MSE": 14.803314208984375, "PSNR": 36.4272140347703, "encoding_time": 0.2795281410217285, "decoding_time": 0.17945289611816406}