{"MSE": 10.665706634521484, "PSNR": 37.850907268389484, "encoding_time": 0.2610280513763428, "decoding_time": 0.1513059139251709}