{"MSE": 6.985679626464844, "PSNR": 39.68871696492838, "encoding_time": 0.2817258834838867, "decoding_time": 0.13691306114196777}