{"MSE": 7.650566101074219, "PSNR": 39.29386789050692, "encoding_time": 0.25345706939697266, "decoding_time": 0.13098597526550293}