{"MSE": 22.23760986328125, "PSNR": 34.6599225417058, "encoding_time": 0.3044700622558594, "decoding_time": 0.21189022064208984}