{"MSE": 7.855869293212891, "PSNR": 39.17886111866591, "encoding_time": 0.24744606018066406, "decoding_time": 0.12662506103515625}