{"MSE": 19.34488296508789, "PSNR": 35.265142542477236, "encoding_time": 0.3575708866119385, "decoding_time": 0.2651088237762451}