{"MSE": 12.99386215209961, "PSNR": 36.993421057111505, "encoding_time": 0.2815577983856201, "decoding_time": 0.16999602317810059}