{"MSE": 10.390853881835938, "PSNR": 37.96429123134394, "encoding_time": 0.2627549171447754, "decoding_time": 0.14991307258605957}