{"MSE": 21.768714904785156, "PSNR": 34.75247569228467, "encoding_time": 0.3189988136291504, "decoding_time": 0.2481400966644287}