{"MSE": 21.50168228149414, "PSNR": 34.80607920627279, "encoding_time": 0.2884058952331543, "decoding_time": 0.20760416984558105}