{"MSE": 11.260566711425781, "PSNR": 37.61520113030051, "encoding_time": 0.25832200050354004, "decoding_time": 0.15149474143981934}