{"MSE": 22.353614807128906, "PSNR": 34.63732597880996, "encoding_time": 0.304340124130249, "decoding_time": 0.21402287483215332}