{"MSE": 7.230865478515625, "PSNR": 39.538900787811066, "encoding_time": 0.2514381408691406, "decoding_time": 0.12722110748291016}