{"MSE": 14.35312271118164, "PSNR": 36.561339630245854, "encoding_time": 0.26390719413757324, "decoding_time": 0.16718387603759766}