{"MSE": 22.335906982421875, "PSNR": 34.64076768534487, "encoding_time": 0.29925107955932617, "decoding_time": 0.212202787399292}