{"MSE": 22.090702056884766, "PSNR": 34.688708426159394, "encoding_time": 0.2958347797393799, "decoding_time": 0.2119300365447998}