{"MSE": 22.387187957763672, "PSNR": 34.630808153515616, "encoding_time": 0.3010108470916748, "decoding_time": 0.21202325820922852}