{"MSE": 18.590595245361328, "PSNR": 35.437870653597464, "encoding_time": 0.3051600456237793, "decoding_time": 0.2142789363861084}