{"MSE": 22.620826721191406, "PSNR": 34.585718878695204, "encoding_time": 0.30754995346069336, "decoding_time": 0.21536016464233398}