{"MSE": 7.742946624755859, "PSNR": 39.241740953605316, "encoding_time": 0.24799370765686035, "decoding_time": 0.12877416610717773}