{"MSE": 22.12302017211914, "PSNR": 34.682359455340425, "encoding_time": 0.28881001472473145, "decoding_time": 0.20715093612670898}