{"MSE": 20.702754974365234, "PSNR": 34.97052218765957, "encoding_time": 3613.648975133896, "decoding_time": 0.20401787757873535}