{"MSE": 6.858242034912109, "PSNR": 39.76867553088119, "encoding_time": 0.25410890579223633, "decoding_time": 0.12224888801574707}