{"MSE": 7.4320220947265625, "PSNR": 39.41973368762362, "encoding_time": 0.2557859420776367, "decoding_time": 0.131195068359375}