{"MSE": 8.081901550292969, "PSNR": 39.055668050885416, "encoding_time": 0.28134799003601074, "decoding_time": 0.1462399959564209}