{"MSE": 8.404979705810547, "PSNR": 38.8854369171409, "encoding_time": 0.25107598304748535, "decoding_time": 0.1351761817932129}