{"MSE": 22.30765151977539, "PSNR": 34.6462650935091, "encoding_time": 0.2993593215942383, "decoding_time": 0.21649384498596191}