{"MSE": 13.799774169921875, "PSNR": 36.73208381536186, "encoding_time": 0.27486181259155273, "decoding_time": 0.17244410514831543}