{"MSE": 19.073196411132812, "PSNR": 35.32656879809848, "encoding_time": 0.30782413482666016, "decoding_time": 0.2170088291168213}