{"MSE": 6.990264892578125, "PSNR": 39.68586727439077, "encoding_time": 0.2432878017425537, "decoding_time": 0.12118315696716309}