{"MSE": 22.41961669921875, "PSNR": 34.6245217753479, "encoding_time": 0.32206106185913086, "decoding_time": 0.2684609889984131}