{"MSE": 19.877460479736328, "PSNR": 35.14719462199309, "encoding_time": 0.28675198554992676, "decoding_time": 0.19981694221496582}