{"MSE": 13.830963134765625, "PSNR": 36.72227937117973, "encoding_time": 0.2727971076965332, "decoding_time": 0.17077898979187012}