{"MSE": 21.817028045654297, "PSNR": 34.74284770952882, "encoding_time": 0.31136202812194824, "decoding_time": 0.22207117080688477}