{"MSE": 22.455547332763672, "PSNR": 34.617567158222336, "encoding_time": 0.30007410049438477, "decoding_time": 0.23799872398376465}