{"MSE": 7.387310028076172, "PSNR": 39.44594035143615, "encoding_time": 0.25444483757019043, "decoding_time": 0.1300520896911621}