{"MSE": 7.053386688232422, "PSNR": 39.64682667018761, "encoding_time": 0.2404489517211914, "decoding_time": 0.12006711959838867}