{"MSE": 9.784469604492188, "PSNR": 38.225430724258054, "encoding_time": 0.26386308670043945, "decoding_time": 0.14740514755249023}