{"MSE": 10.754310607910156, "PSNR": 37.8149778517526, "encoding_time": 0.2637319564819336, "decoding_time": 0.15204477310180664}