{"MSE": 18.686038970947266, "PSNR": 35.415631106060005, "encoding_time": 0.28777170181274414, "decoding_time": 0.20159912109375}