{"MSE": 15.623023986816406, "PSNR": 36.19315261308799, "encoding_time": 0.3282768726348877, "decoding_time": 0.23384618759155273}