{"MSE": 17.312931060791016, "PSNR": 35.747097611746305, "encoding_time": 0.2876250743865967, "decoding_time": 0.19696283340454102}