{"MSE": 21.65847396850586, "PSNR": 34.774525073969265, "encoding_time": 0.35542821884155273, "decoding_time": 0.26584792137145996}