{"MSE": 22.792339324951172, "PSNR": 34.55291458953053, "encoding_time": 0.30989718437194824, "decoding_time": 0.2176520824432373}