{"MSE": 7.769256591796875, "PSNR": 39.227008959313984, "encoding_time": 0.24602699279785156, "decoding_time": 0.1270589828491211}