{"MSE": 12.572807312011719, "PSNR": 37.136481011619566, "encoding_time": 0.27993297576904297, "decoding_time": 0.1681957244873047}