{"MSE": 23.55771255493164, "PSNR": 34.40947242537221, "encoding_time": 0.3027000427246094, "decoding_time": 0.22074294090270996}