{"MSE": 13.912361145019531, "PSNR": 36.69679518062629, "encoding_time": 0.2817261219024658, "decoding_time": 0.1718599796295166}