{"MSE": 13.449180603027344, "PSNR": 36.843845352970625, "encoding_time": 0.28247928619384766, "decoding_time": 0.17130184173583984}