{"MSE": 8.283466339111328, "PSNR": 38.94868249092262, "encoding_time": 0.24710917472839355, "decoding_time": 0.14238286018371582}