{"MSE": 6.8519439697265625, "PSNR": 39.772665579080716, "encoding_time": 0.2915668487548828, "decoding_time": 0.159088134765625}