{"MSE": 12.380172729492188, "PSNR": 37.20353656818544, "encoding_time": 0.2602078914642334, "decoding_time": 0.1527101993560791}