{"MSE": 22.514328002929688, "PSNR": 34.606213719928924, "encoding_time": 0.29836511611938477, "decoding_time": 0.20912790298461914}