{"MSE": 22.443988800048828, "PSNR": 34.61980317557138, "encoding_time": 0.31791090965270996, "decoding_time": 0.2314918041229248}