{"MSE": 19.516677856445312, "PSNR": 35.22674467178795, "encoding_time": 0.2861599922180176, "decoding_time": 0.19821810722351074}