{"MSE": 13.499885559082031, "PSNR": 36.82750273948447, "encoding_time": 0.2751476764678955, "decoding_time": 0.17116689682006836}