{"MSE": 8.521263122558594, "PSNR": 38.82576385056891, "encoding_time": 0.25015997886657715, "decoding_time": 0.1374669075012207}