{"MSE": 15.10573959350586, "PSNR": 36.339383672059704, "encoding_time": 0.2935500144958496, "decoding_time": 0.19501590728759766}