{"MSE": 22.61758804321289, "PSNR": 34.58634071302979, "encoding_time": 0.33597588539123535, "decoding_time": 0.2475903034210205}