{"MSE": 21.995315551757812, "PSNR": 34.707501639842555, "encoding_time": 0.2911679744720459, "decoding_time": 0.20892095565795898}