{"MSE": 15.80474853515625, "PSNR": 36.142927705729086, "encoding_time": 0.291057825088501, "decoding_time": 0.1913301944732666}