{"MSE": 22.609420776367188, "PSNR": 34.587909244336394, "encoding_time": 0.30449795722961426, "decoding_time": 0.21904778480529785}