{"MSE": 11.031654357910156, "PSNR": 37.70439714734556, "encoding_time": 0.2594621181488037, "decoding_time": 0.15204405784606934}