{"MSE": 18.64517593383789, "PSNR": 35.42513875196087, "encoding_time": 0.30638599395751953, "decoding_time": 0.21339797973632812}