{"MSE": 22.78768539428711, "PSNR": 34.55380145891072, "encoding_time": 0.29906630516052246, "decoding_time": 0.21241497993469238}