{"MSE": 20.735504150390625, "PSNR": 34.96365761868574, "encoding_time": 0.28896212577819824, "decoding_time": 0.20338201522827148}