{"MSE": 12.646331787109375, "PSNR": 37.111157891616614, "encoding_time": 0.2594420909881592, "decoding_time": 0.15726089477539062}