{"MSE": 10.931221008300781, "PSNR": 37.744116858760734, "encoding_time": 0.2567269802093506, "decoding_time": 0.15089106559753418}