{"MSE": 14.200820922851562, "PSNR": 36.60766910008842, "encoding_time": 0.26809000968933105, "decoding_time": 0.1676638126373291}