{"MSE": 15.146453857421875, "PSNR": 36.32769394724177, "encoding_time": 0.2809269428253174, "decoding_time": 0.18113207817077637}