{"MSE": 16.614990234375, "PSNR": 35.925802705139866, "encoding_time": 0.29618096351623535, "decoding_time": 0.2088150978088379}