{"MSE": 21.516986846923828, "PSNR": 34.80298906483925, "encoding_time": 0.29809999465942383, "decoding_time": 0.21047711372375488}