{"MSE": 10.206104278564453, "PSNR": 38.04220359543286, "encoding_time": 0.2693901062011719, "decoding_time": 0.1505417823791504}