{"MSE": 13.955631256103516, "PSNR": 36.68330875124451, "encoding_time": 0.27727794647216797, "decoding_time": 0.1678609848022461}