{"MSE": 14.587329864501953, "PSNR": 36.49104557064791, "encoding_time": 0.2787787914276123, "decoding_time": 0.16898012161254883}