{"MSE": 10.230743408203125, "PSNR": 38.03173168372756, "encoding_time": 0.27759790420532227, "decoding_time": 0.1645030975341797}