{"MSE": 12.829872131347656, "PSNR": 37.04858032858286, "encoding_time": 0.27109718322753906, "decoding_time": 0.1627039909362793}