{"MSE": 9.846553802490234, "PSNR": 38.19796102597757, "encoding_time": 0.2648580074310303, "decoding_time": 0.1498429775238037}