{"MSE": 15.807430267333984, "PSNR": 36.142190862187356, "encoding_time": 0.28374195098876953, "decoding_time": 0.17727208137512207}