{"MSE": 14.019821166992188, "PSNR": 36.66337886943677, "encoding_time": 0.2785069942474365, "decoding_time": 0.17165422439575195}