{"MSE": 13.350177764892578, "PSNR": 36.875933122611045, "encoding_time": 0.27582383155822754, "decoding_time": 0.16546320915222168}