{"MSE": 9.399700164794922, "PSNR": 38.3996636033756, "encoding_time": 0.26458215713500977, "decoding_time": 0.14509987831115723}