{"MSE": 9.433883666992188, "PSNR": 38.38389844384861, "encoding_time": 0.2651660442352295, "decoding_time": 0.1464219093322754}