{"MSE": 14.457500457763672, "PSNR": 36.529871461413364, "encoding_time": 0.2776188850402832, "decoding_time": 0.17035508155822754}