{"MSE": 14.192073822021484, "PSNR": 36.610344993319785, "encoding_time": 0.27819299697875977, "decoding_time": 0.17156386375427246}