{"MSE": 12.71322250366211, "PSNR": 37.08824712896813, "encoding_time": 0.2748878002166748, "decoding_time": 0.16356110572814941}