{"MSE": 14.357280731201172, "PSNR": 36.560081685427086, "encoding_time": 0.2744419574737549, "decoding_time": 0.17105507850646973}