{"MSE": 14.145927429199219, "PSNR": 36.62448935113788, "encoding_time": 0.27756690979003906, "decoding_time": 0.17159414291381836}