{"MSE": 12.180168151855469, "PSNR": 37.27427076929111, "encoding_time": 0.2793889045715332, "decoding_time": 0.16605424880981445}