{"MSE": 12.938575744628906, "PSNR": 37.011938882671814, "encoding_time": 0.27332186698913574, "decoding_time": 0.16121506690979004}