{"MSE": 14.056583404541016, "PSNR": 36.652005870452356, "encoding_time": 0.27829813957214355, "decoding_time": 0.17200279235839844}