{"MSE": 9.871284484863281, "PSNR": 38.18706692657005, "encoding_time": 0.27110981941223145, "decoding_time": 0.15552210807800293}