{"MSE": 12.318195343017578, "PSNR": 37.22533273979242, "encoding_time": 0.2872958183288574, "decoding_time": 0.18282508850097656}