{"MSE": 12.228641510009766, "PSNR": 37.25702147288388, "encoding_time": 0.2895989418029785, "decoding_time": 0.184312105178833}