{"MSE": 9.765697479248047, "PSNR": 38.233770942403254, "encoding_time": 0.27090907096862793, "decoding_time": 0.15454983711242676}