{"MSE": 12.544715881347656, "PSNR": 37.14619531212515, "encoding_time": 0.29402685165405273, "decoding_time": 0.1905663013458252}