{"MSE": 12.431251525878906, "PSNR": 37.18565507091747, "encoding_time": 0.2882242202758789, "decoding_time": 0.182081937789917}