{"MSE": 11.804370880126953, "PSNR": 37.41037514778871, "encoding_time": 0.2834889888763428, "decoding_time": 0.1707289218902588}