{"MSE": 12.223438262939453, "PSNR": 37.25886977498799, "encoding_time": 0.3007240295410156, "decoding_time": 0.17435598373413086}