{"MSE": 12.793102264404297, "PSNR": 37.06104489341358, "encoding_time": 0.2925732135772705, "decoding_time": 0.19064092636108398}