{"MSE": 13.08218765258789, "PSNR": 36.96399986451191, "encoding_time": 0.2934889793395996, "decoding_time": 0.1901991367340088}