{"MSE": 10.629844665527344, "PSNR": 37.86553442666084, "encoding_time": 0.2914621829986572, "decoding_time": 0.1803116798400879}