{"MSE": 9.00048828125, "PSNR": 38.58814290084111, "encoding_time": 0.26631593704223633, "decoding_time": 0.14737892150878906}