{"MSE": 12.27911376953125, "PSNR": 37.2391333762068, "encoding_time": 0.28497314453125, "decoding_time": 0.18181872367858887}