{"MSE": 12.490280151367188, "PSNR": 37.165081813545925, "encoding_time": 0.2880268096923828, "decoding_time": 0.18551015853881836}