{"MSE": 12.544815063476562, "PSNR": 37.14616097569106, "encoding_time": 0.28914880752563477, "decoding_time": 0.19110822677612305}