{"MSE": 11.061443328857422, "PSNR": 37.69268562211953, "encoding_time": 0.2866222858428955, "decoding_time": 0.17635297775268555}