{"MSE": 10.19161605834961, "PSNR": 38.048373064418726, "encoding_time": 0.27418017387390137, "decoding_time": 0.1591019630432129}