{"MSE": 9.172351837158203, "PSNR": 38.50599655629275, "encoding_time": 0.2683448791503906, "decoding_time": 0.15063810348510742}