{"MSE": 12.935230255126953, "PSNR": 37.013061970352126, "encoding_time": 0.28936290740966797, "decoding_time": 0.18625211715698242}