{"MSE": 8.779071807861328, "PSNR": 38.696317595441684, "encoding_time": 0.26288485527038574, "decoding_time": 0.14604806900024414}