{"MSE": 9.8306884765625, "PSNR": 38.20496426850452, "encoding_time": 0.2708611488342285, "decoding_time": 0.15468382835388184}