{"MSE": 8.592952728271484, "PSNR": 38.7893793821861, "encoding_time": 0.2668612003326416, "decoding_time": 0.14617180824279785}