{"MSE": 12.160667419433594, "PSNR": 37.28122949695765, "encoding_time": 0.288057804107666, "decoding_time": 0.18544507026672363}