{"MSE": 12.287410736083984, "PSNR": 37.236199850199434, "encoding_time": 0.28653430938720703, "decoding_time": 0.18208789825439453}