{"MSE": 9.692924499511719, "PSNR": 38.266255309401714, "encoding_time": 0.2722182273864746, "decoding_time": 0.15349674224853516}