{"MSE": 11.281829833984375, "PSNR": 37.60700815976579, "encoding_time": 0.2876410484313965, "decoding_time": 0.17837166786193848}