{"MSE": 10.856132507324219, "PSNR": 37.77405225290611, "encoding_time": 0.28235816955566406, "decoding_time": 0.17370891571044922}