{"MSE": 12.389400482177734, "PSNR": 37.200300693087506, "encoding_time": 0.2842221260070801, "decoding_time": 0.17959284782409668}