{"MSE": 12.602012634277344, "PSNR": 37.12640450182185, "encoding_time": 0.28980302810668945, "decoding_time": 0.1843891143798828}