{"MSE": 10.284461975097656, "PSNR": 38.008987840747, "encoding_time": 0.27536606788635254, "decoding_time": 0.16146206855773926}