{"MSE": 11.335651397705078, "PSNR": 37.586338791666996, "encoding_time": 0.28844690322875977, "decoding_time": 0.18086504936218262}