{"MSE": 9.650436401367188, "PSNR": 38.2853340789507, "encoding_time": 0.2705080509185791, "decoding_time": 0.15567898750305176}