{"MSE": 9.72238540649414, "PSNR": 38.25307527857418, "encoding_time": 0.27178382873535156, "decoding_time": 0.15430927276611328}