{"MSE": 8.63082504272461, "PSNR": 38.770280478437634, "encoding_time": 0.26597023010253906, "decoding_time": 0.14585089683532715}