{"MSE": 11.187400817871094, "PSNR": 37.64351162773415, "encoding_time": 0.27705812454223633, "decoding_time": 0.1624279022216797}