{"MSE": 9.821784973144531, "PSNR": 38.20889938911769, "encoding_time": 0.2737429141998291, "decoding_time": 0.1600351333618164}