{"MSE": 10.083580017089844, "PSNR": 38.094656119296204, "encoding_time": 0.28643202781677246, "decoding_time": 0.1727609634399414}