{"MSE": 11.918228149414062, "PSNR": 37.36868666045026, "encoding_time": 0.28414058685302734, "decoding_time": 0.17004919052124023}