{"MSE": 12.97079849243164, "PSNR": 37.001136484551765, "encoding_time": 0.29343676567077637, "decoding_time": 0.19043207168579102}