{"MSE": 12.412235260009766, "PSNR": 37.192303623125525, "encoding_time": 0.2921180725097656, "decoding_time": 0.187896728515625}