{"MSE": 10.105228424072266, "PSNR": 38.08534225877261, "encoding_time": 0.2838902473449707, "decoding_time": 0.17169499397277832}