{"MSE": 11.584957122802734, "PSNR": 37.49185930110464, "encoding_time": 0.27773308753967285, "decoding_time": 0.16393804550170898}