{"MSE": 10.571697235107422, "PSNR": 37.88935644074243, "encoding_time": 0.2810046672821045, "decoding_time": 0.1711733341217041}