{"MSE": 10.041683197021484, "PSNR": 38.112738450799036, "encoding_time": 0.28234195709228516, "decoding_time": 0.16902804374694824}