{"MSE": 9.510112762451172, "PSNR": 38.34894694422613, "encoding_time": 0.2710740566253662, "decoding_time": 0.15163397789001465}