{"MSE": 12.839912414550781, "PSNR": 37.04518299596682, "encoding_time": 0.29083704948425293, "decoding_time": 0.1882011890411377}