{"MSE": 10.09622573852539, "PSNR": 38.08921308597414, "encoding_time": 0.2742278575897217, "decoding_time": 0.15886521339416504}