{"MSE": 11.4501953125, "PSNR": 37.54267466120601, "encoding_time": 0.28768277168273926, "decoding_time": 0.18118619918823242}