{"MSE": 12.898021697998047, "PSNR": 37.02557257663943, "encoding_time": 0.2929389476776123, "decoding_time": 0.18967723846435547}