{"MSE": 11.022987365722656, "PSNR": 37.70781051231666, "encoding_time": 0.27930712699890137, "decoding_time": 0.171555757522583}