{"MSE": 12.512992858886719, "PSNR": 37.15719164152411, "encoding_time": 0.2850148677825928, "decoding_time": 0.1839430332183838}