{"MSE": 12.329486846923828, "PSNR": 37.22135359226517, "encoding_time": 0.28138208389282227, "decoding_time": 0.178696870803833}