{"MSE": 8.58978271484375, "PSNR": 38.7909818271046, "encoding_time": 0.26493096351623535, "decoding_time": 0.14577579498291016}