{"MSE": 12.149227142333984, "PSNR": 37.28531709147186, "encoding_time": 0.2896609306335449, "decoding_time": 0.18660807609558105}