{"MSE": 9.831783294677734, "PSNR": 38.204480633006234, "encoding_time": 0.274796724319458, "decoding_time": 0.15967917442321777}