{"MSE": 12.775875091552734, "PSNR": 37.06689703770246, "encoding_time": 0.2925589084625244, "decoding_time": 0.190263032913208}