{"MSE": 9.369609832763672, "PSNR": 38.413588543991025, "encoding_time": 0.2701680660247803, "decoding_time": 0.15150690078735352}