{"MSE": 10.254447937011719, "PSNR": 38.021680764037214, "encoding_time": 0.27370190620422363, "decoding_time": 0.15932273864746094}