{"MSE": 9.96468734741211, "PSNR": 38.14616684065606, "encoding_time": 0.2734720706939697, "decoding_time": 0.15898799896240234}