{"MSE": 9.924449920654297, "PSNR": 38.1637391626852, "encoding_time": 0.2705070972442627, "decoding_time": 0.15929293632507324}