{"MSE": 10.814109802246094, "PSNR": 37.79089585949417, "encoding_time": 0.27465295791625977, "decoding_time": 0.158278226852417}