{"MSE": 11.00588607788086, "PSNR": 37.71455347759279, "encoding_time": 0.2794938087463379, "decoding_time": 0.17106318473815918}