{"MSE": 11.384300231933594, "PSNR": 37.56774020229429, "encoding_time": 0.2751128673553467, "decoding_time": 0.16371512413024902}