{"MSE": 10.385387420654297, "PSNR": 37.966576585992016, "encoding_time": 0.29552221298217773, "decoding_time": 0.17908906936645508}