{"MSE": 11.513233184814453, "PSNR": 37.5188306007515, "encoding_time": 0.2836649417877197, "decoding_time": 0.1762988567352295}