{"MSE": 13.034076690673828, "PSNR": 36.980000888731695, "encoding_time": 0.28949999809265137, "decoding_time": 0.18986105918884277}