{"MSE": 12.00302505493164, "PSNR": 37.33789648228618, "encoding_time": 0.2831289768218994, "decoding_time": 0.20543813705444336}