{"MSE": 11.930316925048828, "PSNR": 37.36428380150485, "encoding_time": 0.28733325004577637, "decoding_time": 0.17934584617614746}