{"MSE": 11.589683532714844, "PSNR": 37.49008783564546, "encoding_time": 0.2834968566894531, "decoding_time": 0.18630504608154297}