{"MSE": 13.237957000732422, "PSNR": 36.91259394780098, "encoding_time": 0.2772030830383301, "decoding_time": 0.16667604446411133}