{"MSE": 12.214637756347656, "PSNR": 37.261997690305854, "encoding_time": 0.27836108207702637, "decoding_time": 0.17209696769714355}