{"MSE": 12.733356475830078, "PSNR": 37.0813746335784, "encoding_time": 0.2786729335784912, "decoding_time": 0.16589117050170898}