{"MSE": 11.627571105957031, "PSNR": 37.47591356839992, "encoding_time": 0.2868659496307373, "decoding_time": 0.1783430576324463}