{"MSE": 12.7867431640625, "PSNR": 37.06320418890497, "encoding_time": 0.2780170440673828, "decoding_time": 0.17056512832641602}