{"MSE": 13.066635131835938, "PSNR": 36.96916596685955, "encoding_time": 0.2766890525817871, "decoding_time": 0.16548991203308105}