{"MSE": 12.928363800048828, "PSNR": 37.01536796356743, "encoding_time": 0.27609705924987793, "decoding_time": 0.16455507278442383}