{"MSE": 10.97933578491211, "PSNR": 37.72504293401642, "encoding_time": 0.2941617965698242, "decoding_time": 0.1831669807434082}