{"MSE": 10.874473571777344, "PSNR": 37.76672118726839, "encoding_time": 0.2967507839202881, "decoding_time": 0.18073391914367676}