{"MSE": 9.93465805053711, "PSNR": 38.1592743751675, "encoding_time": 0.3024888038635254, "decoding_time": 0.1897141933441162}