{"MSE": 10.08203125, "PSNR": 38.095323216358906, "encoding_time": 0.2963991165161133, "decoding_time": 0.19031500816345215}