{"MSE": 10.917839050292969, "PSNR": 37.74943673177218, "encoding_time": 0.3005077838897705, "decoding_time": 0.1906440258026123}