{"MSE": 10.447898864746094, "PSNR": 37.940514008702266, "encoding_time": 0.2911570072174072, "decoding_time": 0.18389415740966797}