{"MSE": 10.436820983886719, "PSNR": 37.94512126512178, "encoding_time": 0.3132941722869873, "decoding_time": 0.19142794609069824}