{"MSE": 10.58172607421875, "PSNR": 37.88523845969645, "encoding_time": 0.30396413803100586, "decoding_time": 0.19399380683898926}