{"MSE": 10.55007553100586, "PSNR": 37.89824791984755, "encoding_time": 0.3085458278656006, "decoding_time": 0.19954609870910645}