{"MSE": 9.471942901611328, "PSNR": 38.36641289477861, "encoding_time": 0.29524898529052734, "decoding_time": 0.18370604515075684}