{"MSE": 9.683605194091797, "PSNR": 38.27043286162095, "encoding_time": 0.3018808364868164, "decoding_time": 0.18767905235290527}