{"MSE": 10.628681182861328, "PSNR": 37.86600980685017, "encoding_time": 0.30120182037353516, "decoding_time": 0.19300103187561035}