{"MSE": 9.884784698486328, "PSNR": 38.18113146528046, "encoding_time": 0.3024251461029053, "decoding_time": 0.19701504707336426}