{"MSE": 10.970245361328125, "PSNR": 37.72864019721712, "encoding_time": 0.30712223052978516, "decoding_time": 0.2256309986114502}