{"MSE": 10.126346588134766, "PSNR": 38.07627573236949, "encoding_time": 0.30130696296691895, "decoding_time": 0.19075393676757812}