{"MSE": 9.99106216430664, "PSNR": 38.13468699711391, "encoding_time": 0.3013632297515869, "decoding_time": 0.19082403182983398}