{"MSE": 10.491153717041016, "PSNR": 37.922571104824485, "encoding_time": 0.30901122093200684, "decoding_time": 0.19771289825439453}