{"MSE": 10.381633758544922, "PSNR": 37.9681465701941, "encoding_time": 0.2962648868560791, "decoding_time": 0.1951608657836914}