{"MSE": 9.5592041015625, "PSNR": 38.32658626404439, "encoding_time": 0.3113131523132324, "decoding_time": 0.1900789737701416}