{"MSE": 9.498237609863281, "PSNR": 38.35437331086038, "encoding_time": 0.30173206329345703, "decoding_time": 0.1968379020690918}