{"MSE": 9.436882019042969, "PSNR": 38.38251835383734, "encoding_time": 0.30072903633117676, "decoding_time": 0.18829607963562012}