{"MSE": 10.61771011352539, "PSNR": 37.87049496880562, "encoding_time": 0.30628228187561035, "decoding_time": 0.18659377098083496}