{"MSE": 9.95492172241211, "PSNR": 38.15042511437494, "encoding_time": 0.31034111976623535, "decoding_time": 0.1909809112548828}