{"MSE": 10.356647491455078, "PSNR": 37.97861166423003, "encoding_time": 0.3091561794281006, "decoding_time": 0.2037339210510254}