{"MSE": 10.03786849975586, "PSNR": 38.11438858922597, "encoding_time": 0.30619287490844727, "decoding_time": 0.1836411952972412}