{"MSE": 10.542243957519531, "PSNR": 37.901472988866516, "encoding_time": 0.3340890407562256, "decoding_time": 0.19970202445983887}