{"MSE": 9.66708755493164, "PSNR": 38.27784708846711, "encoding_time": 0.3007349967956543, "decoding_time": 0.18561315536499023}