{"MSE": 10.140510559082031, "PSNR": 38.070205392621155, "encoding_time": 0.3049626350402832, "decoding_time": 0.1967332363128662}