{"MSE": 10.026924133300781, "PSNR": 38.11912631915686, "encoding_time": 0.3057107925415039, "decoding_time": 0.19444608688354492}