{"MSE": 10.223541259765625, "PSNR": 38.03479006831962, "encoding_time": 0.2986280918121338, "decoding_time": 0.19788789749145508}