{"MSE": 10.552322387695312, "PSNR": 37.89732309844165, "encoding_time": 0.30928587913513184, "decoding_time": 0.18799304962158203}