{"MSE": 9.937885284423828, "PSNR": 38.157863816028176, "encoding_time": 0.2992880344390869, "decoding_time": 0.2094268798828125}