{"MSE": 10.515789031982422, "PSNR": 37.91238496172739, "encoding_time": 0.3118107318878174, "decoding_time": 0.1939692497253418}