{"MSE": 9.527618408203125, "PSNR": 38.340960060256805, "encoding_time": 0.33168721199035645, "decoding_time": 0.18004679679870605}