{"MSE": 10.08135986328125, "PSNR": 38.09561243313365, "encoding_time": 0.30425286293029785, "decoding_time": 0.19794631004333496}