{"MSE": 10.838226318359375, "PSNR": 37.78122145379173, "encoding_time": 0.2993621826171875, "decoding_time": 0.2015078067779541}