{"MSE": 10.339584350585938, "PSNR": 37.985772803184204, "encoding_time": 0.3050258159637451, "decoding_time": 0.22209906578063965}