{"MSE": 11.440567016601562, "PSNR": 37.546328114040215, "encoding_time": 0.301455020904541, "decoding_time": 0.20409297943115234}