{"MSE": 9.825080871582031, "PSNR": 38.207442270685604, "encoding_time": 0.298861026763916, "decoding_time": 0.18680119514465332}