{"MSE": 9.763309478759766, "PSNR": 38.234833050110254, "encoding_time": 0.295377254486084, "decoding_time": 0.17789006233215332}