{"MSE": 9.454750061035156, "PSNR": 38.37430308231322, "encoding_time": 0.28992199897766113, "decoding_time": 0.1814126968383789}