{"MSE": 9.772693634033203, "PSNR": 38.230660766616545, "encoding_time": 0.3023569583892822, "decoding_time": 0.1900310516357422}