{"MSE": 9.443351745605469, "PSNR": 38.3795419429618, "encoding_time": 0.3070988655090332, "decoding_time": 0.194810152053833}