{"MSE": 9.659358978271484, "PSNR": 38.28132054476921, "encoding_time": 0.3108401298522949, "decoding_time": 0.1938021183013916}