{"MSE": 10.176239013671875, "PSNR": 38.05493061983799, "encoding_time": 0.3035929203033447, "decoding_time": 0.21005916595458984}