{"MSE": 10.263069152832031, "PSNR": 38.018031056655936, "encoding_time": 0.3085758686065674, "decoding_time": 0.21233916282653809}