{"MSE": 10.668434143066406, "PSNR": 37.849796802372396, "encoding_time": 0.31534624099731445, "decoding_time": 0.18958187103271484}