{"MSE": 9.88238525390625, "PSNR": 38.182185804923805, "encoding_time": 0.3069758415222168, "decoding_time": 0.18775200843811035}