{"MSE": 10.13326644897461, "PSNR": 38.07330898518666, "encoding_time": 0.30126476287841797, "decoding_time": 0.196303129196167}