{"MSE": 10.244434356689453, "PSNR": 38.02592376905735, "encoding_time": 0.29807305335998535, "decoding_time": 0.19448614120483398}