{"MSE": 10.056835174560547, "PSNR": 38.106190285048584, "encoding_time": 0.30026888847351074, "decoding_time": 0.1837749481201172}