{"MSE": 10.746753692626953, "PSNR": 37.818030655741254, "encoding_time": 0.2960498332977295, "decoding_time": 0.19462299346923828}