{"MSE": 10.681285858154297, "PSNR": 37.84456822830257, "encoding_time": 0.2984001636505127, "decoding_time": 0.19356274604797363}