{"MSE": 9.619415283203125, "PSNR": 38.29931686646735, "encoding_time": 0.30246710777282715, "decoding_time": 0.18392705917358398}