{"MSE": 9.56057357788086, "PSNR": 38.3259641270937, "encoding_time": 0.30443286895751953, "decoding_time": 0.18468713760375977}