{"MSE": 9.423980712890625, "PSNR": 38.388459722506205, "encoding_time": 0.29612207412719727, "decoding_time": 0.19031405448913574}