{"MSE": 11.719608306884766, "PSNR": 37.441672639470355, "encoding_time": 0.2959458827972412, "decoding_time": 0.19294428825378418}