{"MSE": 10.548343658447266, "PSNR": 37.898960904730906, "encoding_time": 0.30890703201293945, "decoding_time": 0.19292306900024414}