{"MSE": 9.781867980957031, "PSNR": 38.22658563712515, "encoding_time": 0.30327296257019043, "decoding_time": 0.18940305709838867}