{"MSE": 10.181396484375, "PSNR": 38.05273010778434, "encoding_time": 0.3004579544067383, "decoding_time": 0.18951821327209473}