{"MSE": 9.883522033691406, "PSNR": 38.181686260752926, "encoding_time": 0.30338287353515625, "decoding_time": 0.19356918334960938}