{"MSE": 10.039447784423828, "PSNR": 38.11370535586115, "encoding_time": 0.298062801361084, "decoding_time": 0.20302104949951172}