{"MSE": 10.203994750976562, "PSNR": 38.0431013433495, "encoding_time": 0.3039369583129883, "decoding_time": 0.1907191276550293}