{"MSE": 10.634956359863281, "PSNR": 37.86344648736304, "encoding_time": 0.3067140579223633, "decoding_time": 0.18660998344421387}