{"MSE": 10.32187271118164, "PSNR": 37.99321861798798, "encoding_time": 0.30087709426879883, "decoding_time": 0.19433879852294922}