{"MSE": 10.38534927368164, "PSNR": 37.966592538261764, "encoding_time": 0.29930615425109863, "decoding_time": 0.18895888328552246}