{"MSE": 10.172191619873047, "PSNR": 38.05665828213073, "encoding_time": 0.2965431213378906, "decoding_time": 0.18086481094360352}