{"MSE": 14.009109497070312, "PSNR": 36.66669831063933, "encoding_time": 0.2878150939941406, "decoding_time": 0.18255281448364258}