{"MSE": 13.72467041015625, "PSNR": 36.75578436945716, "encoding_time": 0.286426305770874, "decoding_time": 0.18105864524841309}