{"MSE": 10.317745208740234, "PSNR": 37.99495561870688, "encoding_time": 0.2745027542114258, "decoding_time": 0.15758323669433594}