{"MSE": 10.402191162109375, "PSNR": 37.95955530282547, "encoding_time": 0.27773475646972656, "decoding_time": 0.16132211685180664}