{"MSE": 13.94204330444336, "PSNR": 36.68753933532435, "encoding_time": 0.28931617736816406, "decoding_time": 0.18456292152404785}