{"MSE": 19.862850189208984, "PSNR": 35.15038793816708, "encoding_time": 0.306851863861084, "decoding_time": 0.21841907501220703}