{"MSE": 16.14374542236328, "PSNR": 36.05076060496791, "encoding_time": 0.2949190139770508, "decoding_time": 0.19674086570739746}