{"MSE": 15.12332534790039, "PSNR": 36.33433065638089, "encoding_time": 0.2954261302947998, "decoding_time": 0.19794464111328125}