{"MSE": 13.532543182373047, "PSNR": 36.81700939268018, "encoding_time": 0.28407812118530273, "decoding_time": 0.17888212203979492}