{"MSE": 11.920345306396484, "PSNR": 37.36791524717848, "encoding_time": 0.27867865562438965, "decoding_time": 0.17247414588928223}