{"MSE": 13.610595703125, "PSNR": 36.79203227220903, "encoding_time": 0.2825300693511963, "decoding_time": 0.1785421371459961}