{"MSE": 17.859291076660156, "PSNR": 35.6121614526304, "encoding_time": 0.3003683090209961, "decoding_time": 0.20681190490722656}