{"MSE": 14.510089874267578, "PSNR": 36.5141025843861, "encoding_time": 0.2849130630493164, "decoding_time": 0.18106603622436523}