{"MSE": 14.380523681640625, "PSNR": 36.553056592504156, "encoding_time": 0.2857248783111572, "decoding_time": 0.18225312232971191}