{"MSE": 12.206745147705078, "PSNR": 37.26480483395869, "encoding_time": 0.28210020065307617, "decoding_time": 0.1698307991027832}