{"MSE": 13.481346130371094, "PSNR": 36.83347101620855, "encoding_time": 0.2849431037902832, "decoding_time": 0.1775498390197754}