{"MSE": 10.222816467285156, "PSNR": 38.03509796998028, "encoding_time": 0.2767510414123535, "decoding_time": 0.1626129150390625}