{"MSE": 13.434791564941406, "PSNR": 36.84849427940031, "encoding_time": 0.28531575202941895, "decoding_time": 0.17819643020629883}