{"MSE": 14.316230773925781, "PSNR": 36.57251670379146, "encoding_time": 0.28510475158691406, "decoding_time": 0.17869329452514648}