{"MSE": 14.742683410644531, "PSNR": 36.44503821417533, "encoding_time": 0.2841470241546631, "decoding_time": 0.18452668190002441}