{"MSE": 16.388980865478516, "PSNR": 35.98528412682414, "encoding_time": 0.2977161407470703, "decoding_time": 0.20310282707214355}