{"MSE": 12.8349609375, "PSNR": 37.04685809609884, "encoding_time": 0.28316593170166016, "decoding_time": 0.176987886428833}