{"MSE": 14.018939971923828, "PSNR": 36.66365184737177, "encoding_time": 0.2857930660247803, "decoding_time": 0.18010187149047852}