{"MSE": 17.84539794921875, "PSNR": 35.61554123778094, "encoding_time": 0.30145716667175293, "decoding_time": 0.206528902053833}