{"MSE": 14.811782836914062, "PSNR": 36.42473024856241, "encoding_time": 0.2930159568786621, "decoding_time": 0.1942288875579834}