{"MSE": 18.96326446533203, "PSNR": 35.351672590239104, "encoding_time": 0.31116199493408203, "decoding_time": 0.22086191177368164}