{"MSE": 14.064460754394531, "PSNR": 36.64957275335788, "encoding_time": 0.2848079204559326, "decoding_time": 0.17872405052185059}