{"MSE": 13.602088928222656, "PSNR": 36.79474751002496, "encoding_time": 0.2853529453277588, "decoding_time": 0.17379021644592285}