{"MSE": 14.282821655273438, "PSNR": 36.58266347527073, "encoding_time": 0.2878549098968506, "decoding_time": 0.18330717086791992}