{"MSE": 13.167118072509766, "PSNR": 36.93589630869497, "encoding_time": 0.28371286392211914, "decoding_time": 0.1753389835357666}