{"MSE": 14.060737609863281, "PSNR": 36.65072257005517, "encoding_time": 0.28258776664733887, "decoding_time": 0.1758861541748047}