{"MSE": 11.082412719726562, "PSNR": 37.6844604119795, "encoding_time": 0.27703118324279785, "decoding_time": 0.16376519203186035}