{"MSE": 13.606765747070312, "PSNR": 36.79325452793319, "encoding_time": 0.29080891609191895, "decoding_time": 0.18320488929748535}