{"MSE": 11.058300018310547, "PSNR": 37.69391992435638, "encoding_time": 0.2771921157836914, "decoding_time": 0.16634511947631836}