{"MSE": 13.907764434814453, "PSNR": 36.69823034732919, "encoding_time": 0.2863810062408447, "decoding_time": 0.17945599555969238}