{"MSE": 14.189811706542969, "PSNR": 36.61103728296407, "encoding_time": 0.2843151092529297, "decoding_time": 0.17760896682739258}