{"MSE": 15.42706298828125, "PSNR": 36.247971081289904, "encoding_time": 0.2924621105194092, "decoding_time": 0.19014310836791992}