{"MSE": 13.762737274169922, "PSNR": 36.74375541442187, "encoding_time": 0.2847728729248047, "decoding_time": 0.17990398406982422}