{"MSE": 14.433849334716797, "PSNR": 36.53698193191635, "encoding_time": 0.28704094886779785, "decoding_time": 0.18395709991455078}