{"MSE": 16.49359893798828, "PSNR": 35.95764930913398, "encoding_time": 0.2946491241455078, "decoding_time": 0.19872689247131348}