{"MSE": 13.655452728271484, "PSNR": 36.77774257700779, "encoding_time": 0.28510284423828125, "decoding_time": 0.18116998672485352}