{"MSE": 14.513771057128906, "PSNR": 36.51300092708703, "encoding_time": 0.2901468276977539, "decoding_time": 0.1854231357574463}