{"MSE": 14.32132339477539, "PSNR": 36.570972090628125, "encoding_time": 0.2912740707397461, "decoding_time": 0.1903231143951416}