{"MSE": 12.76076889038086, "PSNR": 37.07203517612139, "encoding_time": 0.2826089859008789, "decoding_time": 0.17525792121887207}