{"MSE": 14.613601684570312, "PSNR": 36.483230950388574, "encoding_time": 0.2904479503631592, "decoding_time": 0.1900479793548584}