{"MSE": 14.595695495605469, "PSNR": 36.488555665999186, "encoding_time": 0.29314208030700684, "decoding_time": 0.1913928985595703}