{"MSE": 19.114437103271484, "PSNR": 35.317188477643725, "encoding_time": 0.304642915725708, "decoding_time": 0.21214890480041504}