{"MSE": 12.101425170898438, "PSNR": 37.30243841178784, "encoding_time": 0.2785820960998535, "decoding_time": 0.16663193702697754}