{"MSE": 14.782325744628906, "PSNR": 36.433375926685855, "encoding_time": 0.2913699150085449, "decoding_time": 0.19144129753112793}