{"MSE": 14.2247314453125, "PSNR": 36.600362849515804, "encoding_time": 0.28475308418273926, "decoding_time": 0.17972302436828613}