{"MSE": 10.280437469482422, "PSNR": 38.01068765027742, "encoding_time": 0.27501583099365234, "decoding_time": 0.1597001552581787}