{"MSE": 12.770828247070312, "PSNR": 37.0686129669237, "encoding_time": 0.2840101718902588, "decoding_time": 0.17581677436828613}