{"MSE": 16.059322357177734, "PSNR": 36.07353145127453, "encoding_time": 0.2968330383300781, "decoding_time": 0.2002871036529541}