{"MSE": 14.806427001953125, "PSNR": 36.426300910400194, "encoding_time": 0.2853207588195801, "decoding_time": 0.18635320663452148}