{"MSE": 12.70742416381836, "PSNR": 37.09022834295922, "encoding_time": 0.283275842666626, "decoding_time": 0.17727208137512207}