{"MSE": 13.996166229248047, "PSNR": 36.670712690107095, "encoding_time": 0.28549671173095703, "decoding_time": 0.17870426177978516}