{"MSE": 19.074447631835938, "PSNR": 35.32628390593235, "encoding_time": 0.3112146854400635, "decoding_time": 0.22248339653015137}