{"MSE": 14.442737579345703, "PSNR": 36.53430840562356, "encoding_time": 0.2935028076171875, "decoding_time": 0.1912679672241211}