{"MSE": 15.077457427978516, "PSNR": 36.3475224997729, "encoding_time": 0.2895328998565674, "decoding_time": 0.18650102615356445}