{"MSE": 13.3323974609375, "PSNR": 36.88172108645774, "encoding_time": 0.28560376167297363, "decoding_time": 0.1798384189605713}