{"MSE": 13.941421508789062, "PSNR": 36.68773302891544, "encoding_time": 0.2862069606781006, "decoding_time": 0.17815399169921875}