{"MSE": 15.381877899169922, "PSNR": 36.26071001250282, "encoding_time": 0.293503999710083, "decoding_time": 0.19028496742248535}