{"MSE": 15.077064514160156, "PSNR": 36.34763567702937, "encoding_time": 0.2898828983306885, "decoding_time": 0.18638920783996582}