{"MSE": 17.35692596435547, "PSNR": 35.73607549873801, "encoding_time": 0.29677510261535645, "decoding_time": 0.20231294631958008}