{"MSE": 14.289875030517578, "PSNR": 36.58051930103108, "encoding_time": 0.28676486015319824, "decoding_time": 0.18135690689086914}