{"MSE": 14.599334716796875, "PSNR": 36.48747295179848, "encoding_time": 0.3024909496307373, "decoding_time": 0.18946504592895508}