{"MSE": 14.68008041381836, "PSNR": 36.46351926324512, "encoding_time": 0.28653693199157715, "decoding_time": 0.18265509605407715}