{"MSE": 11.972389221191406, "PSNR": 37.34899533599526, "encoding_time": 0.280595064163208, "decoding_time": 0.16868972778320312}