{"MSE": 9.963943481445312, "PSNR": 38.14649105448447, "encoding_time": 0.27286314964294434, "decoding_time": 0.1549849510192871}