{"MSE": 13.551239013671875, "PSNR": 36.81101355531996, "encoding_time": 0.2878742218017578, "decoding_time": 0.1782839298248291}