{"MSE": 17.59908676147461, "PSNR": 35.67590228550492, "encoding_time": 0.2988569736480713, "decoding_time": 0.20353388786315918}