{"MSE": 14.351131439208984, "PSNR": 36.56194218792009, "encoding_time": 0.2840578556060791, "decoding_time": 0.17871713638305664}