{"MSE": 13.400909423828125, "PSNR": 36.859460890442605, "encoding_time": 0.2850797176361084, "decoding_time": 0.17903828620910645}