{"MSE": 19.25078582763672, "PSNR": 35.28631898522578, "encoding_time": 0.3040928840637207, "decoding_time": 0.21457219123840332}