{"MSE": 13.247795104980469, "PSNR": 36.909367583250884, "encoding_time": 0.28491711616516113, "decoding_time": 0.17869162559509277}