{"MSE": 13.370441436767578, "PSNR": 36.86934614758698, "encoding_time": 0.2817878723144531, "decoding_time": 0.1775963306427002}