{"MSE": 15.37295913696289, "PSNR": 36.263228880878515, "encoding_time": 0.2951619625091553, "decoding_time": 0.19201207160949707}