{"MSE": 18.083045959472656, "PSNR": 35.55808774774302, "encoding_time": 0.30051732063293457, "decoding_time": 0.20711278915405273}