{"MSE": 13.28384780883789, "PSNR": 36.897564695634024, "encoding_time": 0.2832489013671875, "decoding_time": 0.17788219451904297}