{"MSE": 19.361534118652344, "PSNR": 35.261405950407344, "encoding_time": 0.3016812801361084, "decoding_time": 0.2132558822631836}