{"MSE": 17.75497817993164, "PSNR": 35.63760217958303, "encoding_time": 0.3003561496734619, "decoding_time": 0.20601701736450195}