{"MSE": 11.878250122070312, "PSNR": 37.38327894827459, "encoding_time": 0.2805907726287842, "decoding_time": 0.16851401329040527}