{"MSE": 11.521759033203125, "PSNR": 37.515615727446765, "encoding_time": 0.2781870365142822, "decoding_time": 0.1711428165435791}