{"MSE": 13.49368667602539, "PSNR": 36.82949739267771, "encoding_time": 0.2880527973175049, "decoding_time": 0.18172526359558105}