{"MSE": 12.894039154052734, "PSNR": 37.026913762117445, "encoding_time": 0.2822856903076172, "decoding_time": 0.1748490333557129}