{"MSE": 15.39999771118164, "PSNR": 36.255597045782814, "encoding_time": 0.2908148765563965, "decoding_time": 0.1868879795074463}