{"MSE": 12.762428283691406, "PSNR": 37.07147046210522, "encoding_time": 0.2803151607513428, "decoding_time": 0.17435193061828613}