{"MSE": 15.506885528564453, "PSNR": 36.225557799195705, "encoding_time": 0.29505324363708496, "decoding_time": 0.1962578296661377}