{"MSE": 14.76015853881836, "PSNR": 36.43989338600114, "encoding_time": 0.28675007820129395, "decoding_time": 0.18662285804748535}