{"MSE": 14.847953796386719, "PSNR": 36.41413753421296, "encoding_time": 0.28952980041503906, "decoding_time": 0.187910795211792}