{"MSE": 16.36081314086914, "PSNR": 35.99275476335989, "encoding_time": 0.2986178398132324, "decoding_time": 0.20383405685424805}