{"MSE": 15.722858428955078, "PSNR": 36.165488568826206, "encoding_time": 0.29400014877319336, "decoding_time": 0.19877409934997559}