{"MSE": 13.660537719726562, "PSNR": 36.77612566052864, "encoding_time": 0.28978991508483887, "decoding_time": 0.18267488479614258}