{"MSE": 18.93386459350586, "PSNR": 35.358410939544875, "encoding_time": 0.303729772567749, "decoding_time": 0.2127060890197754}