{"MSE": 17.942729949951172, "PSNR": 35.591918401084655, "encoding_time": 0.30464887619018555, "decoding_time": 0.2123880386352539}