{"MSE": 14.01961898803711, "PSNR": 36.66344149922114, "encoding_time": 0.2825028896331787, "decoding_time": 0.17883896827697754}