{"MSE": 19.30440902709961, "PSNR": 35.27423849919399, "encoding_time": 0.3086280822753906, "decoding_time": 0.21312499046325684}