{"MSE": 12.004375457763672, "PSNR": 37.3374079058586, "encoding_time": 0.2784700393676758, "decoding_time": 0.16691088676452637}