{"MSE": 20.106460571289062, "PSNR": 35.097447343112634, "encoding_time": 0.3049478530883789, "decoding_time": 0.21875214576721191}