{"MSE": 13.380817413330078, "PSNR": 36.86597716251104, "encoding_time": 0.28059911727905273, "decoding_time": 0.17783403396606445}