{"MSE": 13.341156005859375, "PSNR": 36.87886898212863, "encoding_time": 0.2853848934173584, "decoding_time": 0.17888307571411133}