{"MSE": 12.043876647949219, "PSNR": 37.32314062000397, "encoding_time": 0.28005385398864746, "decoding_time": 0.16983294486999512}