{"MSE": 19.509319305419922, "PSNR": 35.22838244064738, "encoding_time": 0.3028829097747803, "decoding_time": 0.21478009223937988}