{"MSE": 12.85040283203125, "PSNR": 37.04163618804786, "encoding_time": 0.2821192741394043, "decoding_time": 0.17593073844909668}