{"MSE": 19.020122528076172, "PSNR": 35.33867050522248, "encoding_time": 0.30391693115234375, "decoding_time": 0.22054719924926758}