{"MSE": 18.98309326171875, "PSNR": 35.34713379486944, "encoding_time": 0.3091769218444824, "decoding_time": 0.2222909927368164}