{"MSE": 19.073467254638672, "PSNR": 35.32650712778252, "encoding_time": 0.30814528465270996, "decoding_time": 0.22269582748413086}