{"MSE": 13.073848724365234, "PSNR": 36.96676905368308, "encoding_time": 0.28333401679992676, "decoding_time": 0.17548298835754395}