{"MSE": 14.101173400878906, "PSNR": 36.63825107764059, "encoding_time": 0.2846248149871826, "decoding_time": 0.18550825119018555}