{"MSE": 19.478130340576172, "PSNR": 35.23533093219549, "encoding_time": 0.30598998069763184, "decoding_time": 0.21651411056518555}