{"MSE": 14.890335083007812, "PSNR": 36.401758899079525, "encoding_time": 0.2878131866455078, "decoding_time": 0.18561387062072754}