{"MSE": 15.081626892089844, "PSNR": 36.346321683960085, "encoding_time": 0.28829503059387207, "decoding_time": 0.1863870620727539}