{"MSE": 10.04931640625, "PSNR": 38.10943840513468, "encoding_time": 0.27343106269836426, "decoding_time": 0.15660595893859863}