{"MSE": 12.871471405029297, "PSNR": 37.03452164658283, "encoding_time": 0.28517603874206543, "decoding_time": 0.17620301246643066}