{"MSE": 14.818580627441406, "PSNR": 36.42273753391312, "encoding_time": 0.29424405097961426, "decoding_time": 0.19495797157287598}