{"MSE": 15.367542266845703, "PSNR": 36.264759445910315, "encoding_time": 0.29131007194519043, "decoding_time": 0.1906130313873291}