{"MSE": 20.821434020996094, "PSNR": 34.945697237837564, "encoding_time": 0.3157787322998047, "decoding_time": 0.22876310348510742}