{"MSE": 13.808834075927734, "PSNR": 36.72923349614902, "encoding_time": 0.2847878932952881, "decoding_time": 0.18124103546142578}