{"MSE": 11.771045684814453, "PSNR": 37.42265315613898, "encoding_time": 0.27992701530456543, "decoding_time": 0.16942596435546875}