{"MSE": 12.559432983398438, "PSNR": 37.14110327974683, "encoding_time": 0.28267908096313477, "decoding_time": 0.1723787784576416}