{"MSE": 19.53180694580078, "PSNR": 35.22337937841723, "encoding_time": 0.3089640140533447, "decoding_time": 0.22357702255249023}