{"MSE": 13.066974639892578, "PSNR": 36.96905312636269, "encoding_time": 0.2822270393371582, "decoding_time": 0.17585182189941406}