{"MSE": 13.559024810791016, "PSNR": 36.808519054461605, "encoding_time": 0.2849850654602051, "decoding_time": 0.180678129196167}