{"MSE": 16.124961853027344, "PSNR": 36.05581664973896, "encoding_time": 0.29562902450561523, "decoding_time": 0.19884395599365234}