{"MSE": 14.23891830444336, "PSNR": 36.596033625961944, "encoding_time": 0.28716182708740234, "decoding_time": 0.18467998504638672}