{"MSE": 19.85696029663086, "PSNR": 35.151675934173674, "encoding_time": 0.30501413345336914, "decoding_time": 0.21734976768493652}