{"MSE": 14.093101501464844, "PSNR": 36.640737810484, "encoding_time": 0.28394126892089844, "decoding_time": 0.182877779006958}