{"MSE": 13.727733612060547, "PSNR": 36.75481517806071, "encoding_time": 0.28194403648376465, "decoding_time": 0.17905187606811523}