{"MSE": 13.020092010498047, "PSNR": 36.98466307548918, "encoding_time": 0.2847602367401123, "decoding_time": 0.17720389366149902}