{"MSE": 13.692367553710938, "PSNR": 36.76601812177855, "encoding_time": 0.28716421127319336, "decoding_time": 0.1817920207977295}