{"MSE": 18.184978485107422, "PSNR": 35.53367569296516, "encoding_time": 0.299548864364624, "decoding_time": 0.2084660530090332}