{"MSE": 12.208866119384766, "PSNR": 37.264050295160544, "encoding_time": 0.2798900604248047, "decoding_time": 0.1703190803527832}