{"MSE": 13.426830291748047, "PSNR": 36.85106861175931, "encoding_time": 0.2867851257324219, "decoding_time": 0.18047308921813965}