{"MSE": 18.97281265258789, "PSNR": 35.34948642580672, "encoding_time": 0.30735301971435547, "decoding_time": 0.21547293663024902}