{"MSE": 17.913482666015625, "PSNR": 35.59900333053715, "encoding_time": 0.29822206497192383, "decoding_time": 0.2057631015777588}