{"MSE": 13.065746307373047, "PSNR": 36.96946139463038, "encoding_time": 0.2834491729736328, "decoding_time": 0.17647480964660645}