{"MSE": 12.732730865478516, "PSNR": 37.08158801470752, "encoding_time": 0.2812540531158447, "decoding_time": 0.1774139404296875}