{"MSE": 12.629520416259766, "PSNR": 37.116935015656665, "encoding_time": 0.2820749282836914, "decoding_time": 0.17299818992614746}