{"MSE": 13.71572494506836, "PSNR": 36.75861593672364, "encoding_time": 0.28578996658325195, "decoding_time": 0.17974305152893066}