{"MSE": 19.32761001586914, "PSNR": 35.2690220684413, "encoding_time": 0.307528018951416, "decoding_time": 0.22040700912475586}