{"MSE": 15.014690399169922, "PSNR": 36.36563979332466, "encoding_time": 0.29053831100463867, "decoding_time": 0.19041180610656738}