{"MSE": 14.522197723388672, "PSNR": 36.51048015377454, "encoding_time": 0.2891671657562256, "decoding_time": 0.18503499031066895}