{"MSE": 19.526687622070312, "PSNR": 35.22451782171083, "encoding_time": 0.30722999572753906, "decoding_time": 0.21773004531860352}