{"MSE": 14.326972961425781, "PSNR": 36.569259195995436, "encoding_time": 0.28701186180114746, "decoding_time": 0.18337321281433105}