{"MSE": 13.112556457519531, "PSNR": 36.953929897607544, "encoding_time": 0.2836799621582031, "decoding_time": 0.17707490921020508}