{"MSE": 15.027976989746094, "PSNR": 36.36179839450874, "encoding_time": 0.2929232120513916, "decoding_time": 0.1960599422454834}