{"MSE": 12.629219055175781, "PSNR": 37.11703864668385, "encoding_time": 0.28049206733703613, "decoding_time": 0.1765298843383789}