{"MSE": 14.22323989868164, "PSNR": 36.600818256661746, "encoding_time": 0.28954195976257324, "decoding_time": 0.18523406982421875}