{"MSE": 11.501651763916016, "PSNR": 37.52320146562833, "encoding_time": 0.27796387672424316, "decoding_time": 0.16924095153808594}