{"MSE": 14.279777526855469, "PSNR": 36.58358919507004, "encoding_time": 0.29437899589538574, "decoding_time": 0.1937999725341797}