{"MSE": 19.96314239501953, "PSNR": 35.1285145631131, "encoding_time": 0.3049919605255127, "decoding_time": 0.21646714210510254}