{"MSE": 14.805160522460938, "PSNR": 36.42667240352245, "encoding_time": 0.288485050201416, "decoding_time": 0.18294596672058105}