{"MSE": 10.174575805664062, "PSNR": 38.055640490246695, "encoding_time": 0.2723429203033447, "decoding_time": 0.15719103813171387}