{"MSE": 19.371639251708984, "PSNR": 35.25913988065726, "encoding_time": 0.3107571601867676, "decoding_time": 0.22020983695983887}