{"MSE": 14.302604675292969, "PSNR": 36.57665225983375, "encoding_time": 0.2894730567932129, "decoding_time": 0.18392491340637207}