{"MSE": 15.435413360595703, "PSNR": 36.245620964814805, "encoding_time": 0.2916572093963623, "decoding_time": 0.19159984588623047}