{"MSE": 14.09499740600586, "PSNR": 36.64015360586323, "encoding_time": 0.28392720222473145, "decoding_time": 0.17824792861938477}