{"MSE": 12.693382263183594, "PSNR": 37.095030017740584, "encoding_time": 0.2823939323425293, "decoding_time": 0.17281699180603027}