{"MSE": 14.221435546875, "PSNR": 36.60136923502364, "encoding_time": 0.2869439125061035, "decoding_time": 0.1850588321685791}