{"MSE": 10.088565826416016, "PSNR": 38.09250928817663, "encoding_time": 0.274738073348999, "decoding_time": 0.15792274475097656}