{"MSE": 16.860546112060547, "PSNR": 35.86208723579582, "encoding_time": 0.2950901985168457, "decoding_time": 0.21186470985412598}