{"MSE": 14.08926010131836, "PSNR": 36.64192174171038, "encoding_time": 0.2869689464569092, "decoding_time": 0.1852271556854248}