{"MSE": 16.149917602539062, "PSNR": 36.04910049981215, "encoding_time": 0.2918510437011719, "decoding_time": 0.1951889991760254}