{"MSE": 14.398143768310547, "PSNR": 36.5477385510202, "encoding_time": 0.2843196392059326, "decoding_time": 0.18094110488891602}