{"MSE": 14.380241394042969, "PSNR": 36.55314184471888, "encoding_time": 0.2903909683227539, "decoding_time": 0.1917719841003418}