{"MSE": 15.383792877197266, "PSNR": 36.26016936809604, "encoding_time": 0.29543399810791016, "decoding_time": 0.19624781608581543}