{"MSE": 14.082672119140625, "PSNR": 36.64395292958661, "encoding_time": 0.28273606300354004, "decoding_time": 0.1767578125}