{"MSE": 15.981369018554688, "PSNR": 36.09466381150432, "encoding_time": 0.2948579788208008, "decoding_time": 0.19450712203979492}