{"MSE": 19.344039916992188, "PSNR": 35.265331811709224, "encoding_time": 0.3092930316925049, "decoding_time": 0.22192692756652832}