{"MSE": 14.2305908203125, "PSNR": 36.59857429534508, "encoding_time": 0.28588223457336426, "decoding_time": 0.18386387825012207}