{"MSE": 17.67151641845703, "PSNR": 35.65806542322616, "encoding_time": 0.30511999130249023, "decoding_time": 0.2101430892944336}