{"MSE": 16.662303924560547, "PSNR": 35.913453090225836, "encoding_time": 0.2968447208404541, "decoding_time": 0.20398712158203125}