{"MSE": 15.569534301757812, "PSNR": 36.20804738229239, "encoding_time": 0.2901899814605713, "decoding_time": 0.19428300857543945}