{"MSE": 13.952278137207031, "PSNR": 36.68435235577998, "encoding_time": 0.2902672290802002, "decoding_time": 0.1850128173828125}