{"MSE": 18.812286376953125, "PSNR": 35.38638779535957, "encoding_time": 0.30505824089050293, "decoding_time": 0.21109604835510254}