{"MSE": 15.11783218383789, "PSNR": 36.3359084074073, "encoding_time": 0.28835010528564453, "decoding_time": 0.18529200553894043}