{"MSE": 15.747867584228516, "PSNR": 36.15858606494743, "encoding_time": 0.29686498641967773, "decoding_time": 0.1986980438232422}