{"MSE": 14.390815734863281, "PSNR": 36.54994948508174, "encoding_time": 0.28834104537963867, "decoding_time": 0.18302583694458008}