{"MSE": 8.336265563964844, "PSNR": 38.92108819604465, "encoding_time": 0.27362680435180664, "decoding_time": 0.16188907623291016}