{"MSE": 8.183319091796875, "PSNR": 39.00150874936253, "encoding_time": 0.27923011779785156, "decoding_time": 0.16578292846679688}