{"MSE": 7.73291015625, "PSNR": 39.24737396451083, "encoding_time": 0.26963090896606445, "decoding_time": 0.15517592430114746}