{"MSE": 7.65533447265625, "PSNR": 39.29116190463858, "encoding_time": 0.27312302589416504, "decoding_time": 0.16039490699768066}