{"MSE": 8.857772827148438, "PSNR": 38.65755823006889, "encoding_time": 0.2823653221130371, "decoding_time": 0.17094993591308594}