{"MSE": 7.5516204833984375, "PSNR": 39.35040205068821, "encoding_time": 0.2663710117340088, "decoding_time": 0.14632582664489746}