{"MSE": 6.529918670654297, "PSNR": 39.98172588644293, "encoding_time": 0.2622690200805664, "decoding_time": 0.14303278923034668}