{"MSE": 7.140815734863281, "PSNR": 39.593325343979, "encoding_time": 0.2642240524291992, "decoding_time": 0.14764189720153809}