{"MSE": 5.702045440673828, "PSNR": 40.57049686906173, "encoding_time": 0.26581406593322754, "decoding_time": 0.1431570053100586}