{"MSE": 7.619464874267578, "PSNR": 39.311558895694496, "encoding_time": 0.2710559368133545, "decoding_time": 0.15430402755737305}