{"MSE": 8.508419036865234, "PSNR": 38.83231490248778, "encoding_time": 0.28139185905456543, "decoding_time": 0.1705629825592041}