{"MSE": 6.518573760986328, "PSNR": 39.989277767143015, "encoding_time": 0.26453185081481934, "decoding_time": 0.1428840160369873}