{"MSE": 7.499675750732422, "PSNR": 39.38037873837784, "encoding_time": 0.2719128131866455, "decoding_time": 0.15590715408325195}