{"MSE": 8.068374633789062, "PSNR": 39.062943055351695, "encoding_time": 0.2696361541748047, "decoding_time": 0.15683293342590332}