{"MSE": 7.3567657470703125, "PSNR": 39.46393433338993, "encoding_time": 0.26708412170410156, "decoding_time": 0.14963102340698242}