{"MSE": 8.248435974121094, "PSNR": 38.96708753191006, "encoding_time": 0.2815678119659424, "decoding_time": 0.16918015480041504}