{"MSE": 7.225284576416016, "PSNR": 39.5422540389839, "encoding_time": 0.2668938636779785, "decoding_time": 0.1466209888458252}