{"MSE": 7.387470245361328, "PSNR": 39.44584616190295, "encoding_time": 0.27001500129699707, "decoding_time": 0.15375089645385742}