{"MSE": 8.153423309326172, "PSNR": 39.01740370263236, "encoding_time": 0.27315497398376465, "decoding_time": 0.1615281105041504}