{"MSE": 7.5860137939453125, "PSNR": 39.33066732805793, "encoding_time": 0.26669788360595703, "decoding_time": 0.1473228931427002}