{"MSE": 11.665382385253906, "PSNR": 37.4618138155435, "encoding_time": 0.2974979877471924, "decoding_time": 0.1966702938079834}