{"MSE": 10.215816497802734, "PSNR": 38.03807277582348, "encoding_time": 0.28693294525146484, "decoding_time": 0.1777040958404541}