{"MSE": 10.934558868408203, "PSNR": 37.74279093830836, "encoding_time": 0.2887098789215088, "decoding_time": 0.1852402687072754}