{"MSE": 11.390575408935547, "PSNR": 37.56534697314401, "encoding_time": 0.28807520866394043, "decoding_time": 0.18720102310180664}