{"MSE": 10.287528991699219, "PSNR": 38.00769288743112, "encoding_time": 0.28778600692749023, "decoding_time": 0.17880892753601074}