{"MSE": 12.71539306640625, "PSNR": 37.08750570958405, "encoding_time": 0.3038060665130615, "decoding_time": 0.20308184623718262}