{"MSE": 10.677806854248047, "PSNR": 37.84598300020578, "encoding_time": 0.28227829933166504, "decoding_time": 0.17623186111450195}