{"MSE": 12.125717163085938, "PSNR": 37.29372926932976, "encoding_time": 0.2965576648712158, "decoding_time": 0.1961212158203125}