{"MSE": 12.797653198242188, "PSNR": 37.05950023758892, "encoding_time": 0.3018331527709961, "decoding_time": 0.2029740810394287}