{"MSE": 10.865608215332031, "PSNR": 37.77026319381227, "encoding_time": 0.28607773780822754, "decoding_time": 0.1825249195098877}