{"MSE": 11.634773254394531, "PSNR": 37.47322436960229, "encoding_time": 0.2931339740753174, "decoding_time": 0.19066095352172852}