{"MSE": 13.718299865722656, "PSNR": 36.75780069080731, "encoding_time": 0.3024561405181885, "decoding_time": 0.20601606369018555}