{"MSE": 11.295310974121094, "PSNR": 37.60182168773486, "encoding_time": 0.2890608310699463, "decoding_time": 0.1822519302368164}