{"MSE": 11.450809478759766, "PSNR": 37.542441720319715, "encoding_time": 0.28886866569519043, "decoding_time": 0.18439817428588867}