{"MSE": 10.636592864990234, "PSNR": 37.86277824722676, "encoding_time": 0.28454089164733887, "decoding_time": 0.17721986770629883}