{"MSE": 11.49017333984375, "PSNR": 37.52753780398094, "encoding_time": 0.2892940044403076, "decoding_time": 0.18352222442626953}