{"MSE": 11.08761978149414, "PSNR": 37.682420362436, "encoding_time": 0.2860579490661621, "decoding_time": 0.1790940761566162}