{"MSE": 12.762344360351562, "PSNR": 37.07149902059144, "encoding_time": 0.29840803146362305, "decoding_time": 0.2021951675415039}