{"MSE": 11.139274597167969, "PSNR": 37.66223450883407, "encoding_time": 0.2882668972015381, "decoding_time": 0.18425297737121582}