{"MSE": 11.642932891845703, "PSNR": 37.47017966610594, "encoding_time": 0.285261869430542, "decoding_time": 0.18650007247924805}