{"MSE": 10.727760314941406, "PSNR": 37.8257129914342, "encoding_time": 0.2888939380645752, "decoding_time": 0.18144917488098145}