{"MSE": 11.32950210571289, "PSNR": 37.58869536396635, "encoding_time": 0.2901601791381836, "decoding_time": 0.19081497192382812}