{"MSE": 11.892276763916016, "PSNR": 37.37815353066018, "encoding_time": 0.2886669635772705, "decoding_time": 0.18728113174438477}