{"MSE": 11.894824981689453, "PSNR": 37.37722304578332, "encoding_time": 0.2977278232574463, "decoding_time": 0.19742321968078613}