{"MSE": 11.41925048828125, "PSNR": 37.55442761291343, "encoding_time": 0.28713202476501465, "decoding_time": 0.18349695205688477}