{"MSE": 11.287738800048828, "PSNR": 37.60473409644115, "encoding_time": 0.2893030643463135, "decoding_time": 0.18496012687683105}