{"MSE": 10.782909393310547, "PSNR": 37.803444049351086, "encoding_time": 0.2863600254058838, "decoding_time": 0.18018293380737305}