{"MSE": 11.380477905273438, "PSNR": 37.569198609120946, "encoding_time": 0.28666067123413086, "decoding_time": 0.18364429473876953}