{"MSE": 11.267093658447266, "PSNR": 37.612684564347475, "encoding_time": 0.2872471809387207, "decoding_time": 0.18700385093688965}