{"MSE": 11.186286926269531, "PSNR": 37.643944061566174, "encoding_time": 0.29155397415161133, "decoding_time": 0.18980693817138672}