{"MSE": 12.018516540527344, "PSNR": 37.332294953661005, "encoding_time": 0.29534482955932617, "decoding_time": 0.1979222297668457}