{"MSE": 13.376174926757812, "PSNR": 36.86748421255257, "encoding_time": 0.3008077144622803, "decoding_time": 0.20341920852661133}