{"MSE": 12.88592529296875, "PSNR": 37.0296475170218, "encoding_time": 0.3027071952819824, "decoding_time": 0.22266197204589844}