{"MSE": 12.76540756225586, "PSNR": 37.07045675749329, "encoding_time": 0.30269384384155273, "decoding_time": 0.20451092720031738}