{"MSE": 11.540756225585938, "PSNR": 37.50846093310021, "encoding_time": 0.28702783584594727, "decoding_time": 0.1862637996673584}