{"MSE": 11.866802215576172, "PSNR": 37.38746656844427, "encoding_time": 0.28896522521972656, "decoding_time": 0.18428373336791992}