{"MSE": 10.176528930664062, "PSNR": 38.05480689283411, "encoding_time": 0.2832796573638916, "decoding_time": 0.17330622673034668}