{"MSE": 11.752471923828125, "PSNR": 37.42951138518029, "encoding_time": 0.2916100025177002, "decoding_time": 0.1899561882019043}