{"MSE": 11.166210174560547, "PSNR": 37.65174562824318, "encoding_time": 0.29037022590637207, "decoding_time": 0.18516016006469727}