{"MSE": 12.296428680419922, "PSNR": 37.233013656560175, "encoding_time": 0.2993900775909424, "decoding_time": 0.2009899616241455}