{"MSE": 11.375190734863281, "PSNR": 37.571216733933404, "encoding_time": 0.2851378917694092, "decoding_time": 0.17902612686157227}