{"MSE": 11.424736022949219, "PSNR": 37.55234186708162, "encoding_time": 0.2923572063446045, "decoding_time": 0.1861886978149414}