{"MSE": 11.476158142089844, "PSNR": 37.532838366508884, "encoding_time": 0.2925279140472412, "decoding_time": 0.1933119297027588}