{"MSE": 13.427330017089844, "PSNR": 36.850906977244634, "encoding_time": 0.3146071434020996, "decoding_time": 0.22726798057556152}