{"MSE": 14.485771179199219, "PSNR": 36.52138740171375, "encoding_time": 0.3079349994659424, "decoding_time": 0.21190500259399414}