{"MSE": 10.992198944091797, "PSNR": 37.71995780932329, "encoding_time": 0.28429388999938965, "decoding_time": 0.17517685890197754}