{"MSE": 12.338905334472656, "PSNR": 37.218037285844375, "encoding_time": 0.2896871566772461, "decoding_time": 0.19230175018310547}