{"MSE": 10.886116027832031, "PSNR": 37.76207402007684, "encoding_time": 0.2865891456604004, "decoding_time": 0.18064379692077637}