{"MSE": 10.274394989013672, "PSNR": 38.0132410313429, "encoding_time": 0.2827908992767334, "decoding_time": 0.1754322052001953}