{"MSE": 12.030067443847656, "PSNR": 37.328122987476185, "encoding_time": 0.3180961608886719, "decoding_time": 0.2070600986480713}