{"MSE": 11.402656555175781, "PSNR": 37.560743171764024, "encoding_time": 0.28872203826904297, "decoding_time": 0.18352913856506348}