{"MSE": 12.871402740478516, "PSNR": 37.034544814652826, "encoding_time": 0.3026430606842041, "decoding_time": 0.20370793342590332}