{"MSE": 11.02737808227539, "PSNR": 37.706080959126126, "encoding_time": 0.28868603706359863, "decoding_time": 0.18565726280212402}