{"MSE": 10.715850830078125, "PSNR": 37.83053701482769, "encoding_time": 0.28623414039611816, "decoding_time": 0.1806960105895996}