{"MSE": 10.91525650024414, "PSNR": 37.750464151121, "encoding_time": 0.2889857292175293, "decoding_time": 0.1813051700592041}