{"MSE": 11.612773895263672, "PSNR": 37.48144390611198, "encoding_time": 0.29319310188293457, "decoding_time": 0.19091391563415527}