{"MSE": 11.195816040039062, "PSNR": 37.64024606966272, "encoding_time": 0.2873978614807129, "decoding_time": 0.181563138961792}