{"MSE": 11.243034362792969, "PSNR": 37.62196822840315, "encoding_time": 0.2867238521575928, "decoding_time": 0.1846780776977539}