{"MSE": 11.909187316894531, "PSNR": 37.37198234635377, "encoding_time": 0.2964510917663574, "decoding_time": 0.19629788398742676}