{"MSE": 11.561145782470703, "PSNR": 37.50079483327891, "encoding_time": 0.2912871837615967, "decoding_time": 0.19119596481323242}