{"MSE": 11.682056427001953, "PSNR": 37.455610612175825, "encoding_time": 0.29557085037231445, "decoding_time": 0.1938161849975586}