{"MSE": 11.121566772460938, "PSNR": 37.66914387227741, "encoding_time": 0.2900066375732422, "decoding_time": 0.1868271827697754}