{"MSE": 10.287189483642578, "PSNR": 38.007836215249434, "encoding_time": 0.2859079837799072, "decoding_time": 0.1773841381072998}