{"MSE": 11.423622131347656, "PSNR": 37.55276531718086, "encoding_time": 0.2932400703430176, "decoding_time": 0.1890881061553955}