{"MSE": 11.30483627319336, "PSNR": 37.59816083984282, "encoding_time": 0.28661084175109863, "decoding_time": 0.1866302490234375}