{"MSE": 11.625080108642578, "PSNR": 37.476844065642794, "encoding_time": 0.29072093963623047, "decoding_time": 0.1872570514678955}