{"MSE": 11.579299926757812, "PSNR": 37.49398057705918, "encoding_time": 0.2881760597229004, "decoding_time": 0.18915104866027832}