{"MSE": 10.024200439453125, "PSNR": 38.12030618835713, "encoding_time": 0.2813739776611328, "decoding_time": 0.17145919799804688}