{"MSE": 11.070323944091797, "PSNR": 37.68920031310499, "encoding_time": 0.2868611812591553, "decoding_time": 0.1827259063720703}