{"MSE": 11.038188934326172, "PSNR": 37.70182537506389, "encoding_time": 0.2857670783996582, "decoding_time": 0.18390893936157227}