{"MSE": 11.468795776367188, "PSNR": 37.5356254149625, "encoding_time": 0.29419589042663574, "decoding_time": 0.19330215454101562}