{"MSE": 12.113380432128906, "PSNR": 37.29815004004611, "encoding_time": 0.29880380630493164, "decoding_time": 0.19724488258361816}