{"MSE": 11.549995422363281, "PSNR": 37.504985487646614, "encoding_time": 0.28892087936401367, "decoding_time": 0.18732786178588867}