{"MSE": 10.679058074951172, "PSNR": 37.84547412565941, "encoding_time": 0.2866668701171875, "decoding_time": 0.17981600761413574}