{"MSE": 11.473823547363281, "PSNR": 37.533721941602266, "encoding_time": 0.2886998653411865, "decoding_time": 0.18399691581726074}