{"MSE": 10.031795501708984, "PSNR": 38.11701690390097, "encoding_time": 0.2824549674987793, "decoding_time": 0.1743922233581543}