{"MSE": 11.43289566040039, "PSNR": 37.5492412084316, "encoding_time": 0.2902507781982422, "decoding_time": 0.18646717071533203}