{"MSE": 11.090221405029297, "PSNR": 37.68140144383072, "encoding_time": 0.28871798515319824, "decoding_time": 0.18181610107421875}