{"MSE": 10.131214141845703, "PSNR": 38.074188658031275, "encoding_time": 0.2858560085296631, "decoding_time": 0.1754918098449707}