{"MSE": 11.700706481933594, "PSNR": 37.44868275878817, "encoding_time": 0.29001498222351074, "decoding_time": 0.18355894088745117}