{"MSE": 11.206096649169922, "PSNR": 37.636259970625986, "encoding_time": 0.28800010681152344, "decoding_time": 0.18511366844177246}