{"MSE": 11.266441345214844, "PSNR": 37.61293600828412, "encoding_time": 0.2891690731048584, "decoding_time": 0.1860809326171875}