{"MSE": 11.186187744140625, "PSNR": 37.64398256803622, "encoding_time": 0.286182165145874, "decoding_time": 0.18411016464233398}