{"MSE": 10.829395294189453, "PSNR": 37.784761542637185, "encoding_time": 0.28493332862854004, "decoding_time": 0.17679691314697266}