{"MSE": 11.226203918457031, "PSNR": 37.628474341675535, "encoding_time": 0.2918519973754883, "decoding_time": 0.18614673614501953}