{"MSE": 10.246685028076172, "PSNR": 38.02496974194989, "encoding_time": 0.28604793548583984, "decoding_time": 0.17766404151916504}