{"MSE": 11.692619323730469, "PSNR": 37.45168550269127, "encoding_time": 0.29358410835266113, "decoding_time": 0.1944410800933838}