{"MSE": 11.265434265136719, "PSNR": 37.6133242310212, "encoding_time": 0.29003000259399414, "decoding_time": 0.1849520206451416}