{"MSE": 12.122188568115234, "PSNR": 37.29499325423011, "encoding_time": 0.29728078842163086, "decoding_time": 0.19855093955993652}