{"MSE": 11.086002349853516, "PSNR": 37.68305394555875, "encoding_time": 0.2854788303375244, "decoding_time": 0.17728710174560547}