{"MSE": 14.551651000976562, "PSNR": 36.50168090574414, "encoding_time": 0.31113314628601074, "decoding_time": 0.2111361026763916}