{"MSE": 11.469165802001953, "PSNR": 37.53548529781146, "encoding_time": 0.29030680656433105, "decoding_time": 0.18712115287780762}