{"MSE": 11.147174835205078, "PSNR": 37.65915548097962, "encoding_time": 0.290280818939209, "decoding_time": 0.18777108192443848}