{"MSE": 11.397205352783203, "PSNR": 37.56281987483661, "encoding_time": 0.2876279354095459, "decoding_time": 0.18394708633422852}