{"MSE": 12.61981201171875, "PSNR": 37.12027475284778, "encoding_time": 0.2969849109649658, "decoding_time": 0.19995808601379395}