{"MSE": 11.568038940429688, "PSNR": 37.49820618989267, "encoding_time": 0.29247498512268066, "decoding_time": 0.18581819534301758}