{"MSE": 11.132427215576172, "PSNR": 37.6649049649667, "encoding_time": 0.28655099868774414, "decoding_time": 0.1860198974609375}