{"MSE": 11.198432922363281, "PSNR": 37.63923107910843, "encoding_time": 0.28867197036743164, "decoding_time": 0.18521904945373535}