{"MSE": 11.16170883178711, "PSNR": 37.65349671696182, "encoding_time": 0.2861042022705078, "decoding_time": 0.18365693092346191}