{"MSE": 10.04648208618164, "PSNR": 38.11066346675565, "encoding_time": 0.28229403495788574, "decoding_time": 0.1719529628753662}