{"MSE": 11.935035705566406, "PSNR": 37.362566382618546, "encoding_time": 0.29880428314208984, "decoding_time": 0.19668102264404297}