{"MSE": 10.798709869384766, "PSNR": 37.797084877953445, "encoding_time": 0.28573060035705566, "decoding_time": 0.18305325508117676}