{"MSE": 11.41982650756836, "PSNR": 37.55420854802043, "encoding_time": 0.28949689865112305, "decoding_time": 0.18555021286010742}