{"MSE": 10.99368667602539, "PSNR": 37.719370056087904, "encoding_time": 0.28890013694763184, "decoding_time": 0.18605780601501465}