{"MSE": 11.592567443847656, "PSNR": 37.48900729631474, "encoding_time": 0.29100799560546875, "decoding_time": 0.18282794952392578}