{"MSE": 11.811546325683594, "PSNR": 37.4077360324165, "encoding_time": 0.2963089942932129, "decoding_time": 0.19597315788269043}