{"MSE": 12.542407989501953, "PSNR": 37.14699437119738, "encoding_time": 0.2937757968902588, "decoding_time": 0.19706010818481445}