{"MSE": 11.193809509277344, "PSNR": 37.6410244884335, "encoding_time": 0.2871701717376709, "decoding_time": 0.1858201026916504}