{"MSE": 11.009757995605469, "PSNR": 37.71302587975018, "encoding_time": 0.28407764434814453, "decoding_time": 0.17764711380004883}