{"MSE": 15.13226318359375, "PSNR": 36.3317647483797, "encoding_time": 0.31199002265930176, "decoding_time": 0.21546721458435059}