{"MSE": 11.47275161743164, "PSNR": 37.53412769562116, "encoding_time": 0.2968161106109619, "decoding_time": 0.19350099563598633}