{"MSE": 10.804019927978516, "PSNR": 37.79494984297043, "encoding_time": 0.28935980796813965, "decoding_time": 0.18994688987731934}