{"MSE": 13.613578796386719, "PSNR": 36.79108051446315, "encoding_time": 0.3058199882507324, "decoding_time": 0.21674299240112305}