{"MSE": 10.643913269042969, "PSNR": 37.859790337831384, "encoding_time": 0.2915771007537842, "decoding_time": 0.18929290771484375}