{"MSE": 14.73501205444336, "PSNR": 36.44729865393463, "encoding_time": 0.3141341209411621, "decoding_time": 0.22854280471801758}