{"MSE": 12.543815612792969, "PSNR": 37.14650699371225, "encoding_time": 0.3058810234069824, "decoding_time": 0.21424007415771484}