{"MSE": 15.12868881225586, "PSNR": 36.33279071065329, "encoding_time": 0.31339192390441895, "decoding_time": 0.22810697555541992}