{"MSE": 15.175468444824219, "PSNR": 36.31938254869398, "encoding_time": 0.31605005264282227, "decoding_time": 0.2297220230102539}