{"MSE": 10.917823791503906, "PSNR": 37.74944280148294, "encoding_time": 0.2922046184539795, "decoding_time": 0.19229722023010254}