{"MSE": 10.90683364868164, "PSNR": 37.75381671552907, "encoding_time": 0.29033589363098145, "decoding_time": 0.19095611572265625}