{"MSE": 13.888397216796875, "PSNR": 36.70428231765617, "encoding_time": 0.3038318157196045, "decoding_time": 0.21615195274353027}