{"MSE": 11.808647155761719, "PSNR": 37.4088021485823, "encoding_time": 0.2994537353515625, "decoding_time": 0.20223212242126465}