{"MSE": 14.178131103515625, "PSNR": 36.61461372963187, "encoding_time": 0.3133881092071533, "decoding_time": 0.22647380828857422}