{"MSE": 13.532917022705078, "PSNR": 36.81688941925863, "encoding_time": 0.30535006523132324, "decoding_time": 0.21298575401306152}