{"MSE": 12.073783874511719, "PSNR": 37.3123696332321, "encoding_time": 0.3049130439758301, "decoding_time": 0.2056729793548584}