{"MSE": 12.966819763183594, "PSNR": 37.002468866078814, "encoding_time": 0.30165767669677734, "decoding_time": 0.21420025825500488}