{"MSE": 10.801891326904297, "PSNR": 37.7958055714725, "encoding_time": 0.2896409034729004, "decoding_time": 0.18840527534484863}