{"MSE": 15.03281021118164, "PSNR": 36.360401863271335, "encoding_time": 0.31479811668395996, "decoding_time": 0.2530848979949951}