{"MSE": 14.859092712402344, "PSNR": 36.41088068403417, "encoding_time": 0.314680814743042, "decoding_time": 0.2285318374633789}