{"MSE": 11.921916961669922, "PSNR": 37.3673426830434, "encoding_time": 0.30066871643066406, "decoding_time": 0.20188307762145996}