{"MSE": 9.678226470947266, "PSNR": 38.27284580465429, "encoding_time": 0.2946600914001465, "decoding_time": 0.18694186210632324}