{"MSE": 10.51614761352539, "PSNR": 37.9122368726683, "encoding_time": 0.2904939651489258, "decoding_time": 0.1892242431640625}