{"MSE": 11.850273132324219, "PSNR": 37.39352000522275, "encoding_time": 0.3048889636993408, "decoding_time": 0.21157312393188477}