{"MSE": 10.442981719970703, "PSNR": 37.94255843078725, "encoding_time": 0.29003405570983887, "decoding_time": 0.18645191192626953}