{"MSE": 10.724422454833984, "PSNR": 37.82706447557292, "encoding_time": 0.2922348976135254, "decoding_time": 0.19059109687805176}