{"MSE": 10.15475845336914, "PSNR": 38.06410763369972, "encoding_time": 0.27718496322631836, "decoding_time": 0.16861629486083984}