{"MSE": 11.132755279541016, "PSNR": 37.66477698364907, "encoding_time": 0.28052616119384766, "decoding_time": 0.17056679725646973}