{"MSE": 10.430717468261719, "PSNR": 37.94766178827722, "encoding_time": 0.2781970500946045, "decoding_time": 0.17171096801757812}