{"MSE": 11.64095687866211, "PSNR": 37.470916803785535, "encoding_time": 0.2860221862792969, "decoding_time": 0.1822059154510498}