{"MSE": 11.172237396240234, "PSNR": 37.64940205519772, "encoding_time": 0.2862081527709961, "decoding_time": 0.18378901481628418}