{"MSE": 11.801509857177734, "PSNR": 37.41142787401347, "encoding_time": 0.28589892387390137, "decoding_time": 0.18168926239013672}