{"MSE": 9.552425384521484, "PSNR": 38.329667068358745, "encoding_time": 0.27326393127441406, "decoding_time": 0.15869498252868652}