{"MSE": 11.791900634765625, "PSNR": 37.41496549948829, "encoding_time": 0.29003310203552246, "decoding_time": 0.18949222564697266}