{"MSE": 11.468021392822266, "PSNR": 37.535918664455735, "encoding_time": 0.2815089225769043, "decoding_time": 0.1770169734954834}