{"MSE": 10.315719604492188, "PSNR": 37.99580831965481, "encoding_time": 0.28069186210632324, "decoding_time": 0.1732490062713623}