{"MSE": 10.742237091064453, "PSNR": 37.819856274435196, "encoding_time": 0.28196263313293457, "decoding_time": 0.17677903175354004}