{"MSE": 10.825942993164062, "PSNR": 37.78614624998094, "encoding_time": 0.2808961868286133, "decoding_time": 0.174940824508667}