{"MSE": 10.191871643066406, "PSNR": 38.04826415368294, "encoding_time": 0.2772541046142578, "decoding_time": 0.16733598709106445}