{"MSE": 10.596244812011719, "PSNR": 37.8792837733581, "encoding_time": 0.28174591064453125, "decoding_time": 0.17420125007629395}