{"MSE": 11.810298919677734, "PSNR": 37.40819471084735, "encoding_time": 0.28489208221435547, "decoding_time": 0.18087983131408691}