{"MSE": 9.689006805419922, "PSNR": 38.26801099919573, "encoding_time": 0.2739861011505127, "decoding_time": 0.16189908981323242}