{"MSE": 10.514965057373047, "PSNR": 37.91272527061479, "encoding_time": 0.2826659679412842, "decoding_time": 0.17665791511535645}