{"MSE": 10.776905059814453, "PSNR": 37.80586303953113, "encoding_time": 0.2783379554748535, "decoding_time": 0.16970205307006836}