{"MSE": 9.803546905517578, "PSNR": 38.216971297873265, "encoding_time": 0.27483177185058594, "decoding_time": 0.16523504257202148}