{"MSE": 9.905593872070312, "PSNR": 38.17199842868002, "encoding_time": 0.2762796878814697, "decoding_time": 0.16639113426208496}