{"MSE": 11.001781463623047, "PSNR": 37.71617346875252, "encoding_time": 0.28092193603515625, "decoding_time": 0.17311811447143555}