{"MSE": 9.79135513305664, "PSNR": 38.22237558127028, "encoding_time": 0.2731449604034424, "decoding_time": 0.16211581230163574}