{"MSE": 10.537269592285156, "PSNR": 37.903522694052796, "encoding_time": 0.2821619510650635, "decoding_time": 0.1762540340423584}