{"MSE": 10.840682983398438, "PSNR": 37.78023716435164, "encoding_time": 0.2770819664001465, "decoding_time": 0.16715192794799805}