{"MSE": 10.272087097167969, "PSNR": 38.01421667738627, "encoding_time": 0.2760639190673828, "decoding_time": 0.1692969799041748}