{"MSE": 11.833454132080078, "PSNR": 37.39968829127294, "encoding_time": 0.28832292556762695, "decoding_time": 0.185927152633667}