{"MSE": 10.482284545898438, "PSNR": 37.92624416240101, "encoding_time": 0.2784450054168701, "decoding_time": 0.16964197158813477}