{"MSE": 12.608757019042969, "PSNR": 37.12408085268484, "encoding_time": 0.2957780361175537, "decoding_time": 0.1940009593963623}