{"MSE": 12.062602996826172, "PSNR": 37.316393262663375, "encoding_time": 0.29317283630371094, "decoding_time": 0.1926562786102295}