{"MSE": 11.127456665039062, "PSNR": 37.66684449234047, "encoding_time": 0.278792142868042, "decoding_time": 0.17345380783081055}