{"MSE": 9.163875579833984, "PSNR": 38.51001176832256, "encoding_time": 0.27227020263671875, "decoding_time": 0.15392684936523438}