{"MSE": 10.37814712524414, "PSNR": 37.96960537713013, "encoding_time": 0.2806739807128906, "decoding_time": 0.1718130111694336}