{"MSE": 10.603137969970703, "PSNR": 37.87645948304666, "encoding_time": 0.27642226219177246, "decoding_time": 0.1653439998626709}