{"MSE": 11.510822296142578, "PSNR": 37.51974011528196, "encoding_time": 0.28494691848754883, "decoding_time": 0.1788620948791504}