{"MSE": 10.465778350830078, "PSNR": 37.93308828059404, "encoding_time": 0.2792379856109619, "decoding_time": 0.1722879409790039}