{"MSE": 12.614494323730469, "PSNR": 37.12210515195071, "encoding_time": 0.28343987464904785, "decoding_time": 0.17784690856933594}