{"MSE": 11.211071014404297, "PSNR": 37.63433257333821, "encoding_time": 0.27903294563293457, "decoding_time": 0.17173314094543457}