{"MSE": 11.395912170410156, "PSNR": 37.563312674444866, "encoding_time": 0.27895236015319824, "decoding_time": 0.17293286323547363}