{"MSE": 10.431705474853516, "PSNR": 37.9472504402642, "encoding_time": 0.2771778106689453, "decoding_time": 0.16999101638793945}