{"MSE": 11.054512023925781, "PSNR": 37.69540784463692, "encoding_time": 0.28011393547058105, "decoding_time": 0.16975808143615723}