{"MSE": 12.096290588378906, "PSNR": 37.304281495581996, "encoding_time": 0.2853560447692871, "decoding_time": 0.18362069129943848}