{"MSE": 15.402698516845703, "PSNR": 36.25483545985481, "encoding_time": 0.31365299224853516, "decoding_time": 0.22854900360107422}