{"MSE": 14.969242095947266, "PSNR": 36.37880548626422, "encoding_time": 0.3138158321380615, "decoding_time": 0.22389006614685059}