{"MSE": 13.841754913330078, "PSNR": 36.71889205656184, "encoding_time": 0.3034980297088623, "decoding_time": 0.2116100788116455}