{"MSE": 15.577507019042969, "PSNR": 36.20582405253039, "encoding_time": 0.3126242160797119, "decoding_time": 0.2273578643798828}