{"MSE": 11.946849822998047, "PSNR": 37.358269564076714, "encoding_time": 0.2946197986602783, "decoding_time": 0.1931750774383545}