{"MSE": 11.219749450683594, "PSNR": 37.63097202111805, "encoding_time": 0.2923252582550049, "decoding_time": 0.18924379348754883}