{"MSE": 12.121665954589844, "PSNR": 37.29518049192374, "encoding_time": 0.29406285285949707, "decoding_time": 0.19503998756408691}