{"MSE": 10.550468444824219, "PSNR": 37.89808617965412, "encoding_time": 0.2854032516479492, "decoding_time": 0.18179082870483398}