{"MSE": 14.665824890136719, "PSNR": 36.46773865650931, "encoding_time": 0.3085770606994629, "decoding_time": 0.2238609790802002}