{"MSE": 11.873279571533203, "PSNR": 37.38509666926322, "encoding_time": 0.29520726203918457, "decoding_time": 0.19617581367492676}