{"MSE": 13.51324462890625, "PSNR": 36.82320722042347, "encoding_time": 0.3085360527038574, "decoding_time": 0.216353178024292}