{"MSE": 13.298110961914062, "PSNR": 36.89290408403394, "encoding_time": 0.3021838665008545, "decoding_time": 0.20990705490112305}