{"MSE": 10.803813934326172, "PSNR": 37.79503264803742, "encoding_time": 0.28725123405456543, "decoding_time": 0.18380284309387207}