{"MSE": 12.938053131103516, "PSNR": 37.01211430596314, "encoding_time": 0.3014998435974121, "decoding_time": 0.2041020393371582}