{"MSE": 11.89715576171875, "PSNR": 37.376372133100254, "encoding_time": 0.2909729480743408, "decoding_time": 0.19319391250610352}