{"MSE": 11.958515167236328, "PSNR": 37.35403102177762, "encoding_time": 0.29305410385131836, "decoding_time": 0.1928548812866211}