{"MSE": 15.036643981933594, "PSNR": 36.35929443679077, "encoding_time": 0.313992977142334, "decoding_time": 0.22347497940063477}