{"MSE": 12.654247283935547, "PSNR": 37.10844043863214, "encoding_time": 0.2934296131134033, "decoding_time": 0.19883227348327637}