{"MSE": 13.829490661621094, "PSNR": 36.7227417547449, "encoding_time": 0.30939722061157227, "decoding_time": 0.21773982048034668}