{"MSE": 13.338176727294922, "PSNR": 36.879838934607506, "encoding_time": 0.3006589412689209, "decoding_time": 0.20310497283935547}