{"MSE": 14.716949462890625, "PSNR": 36.45262562329055, "encoding_time": 0.3141779899597168, "decoding_time": 0.22667622566223145}