{"MSE": 11.498031616210938, "PSNR": 37.52456862374003, "encoding_time": 0.287276029586792, "decoding_time": 0.1840047836303711}