{"MSE": 13.13119888305664, "PSNR": 36.94775981729944, "encoding_time": 0.3017449378967285, "decoding_time": 0.2091388702392578}