{"MSE": 14.170295715332031, "PSNR": 36.61701447374377, "encoding_time": 0.3118278980255127, "decoding_time": 0.22013306617736816}