{"MSE": 15.512332916259766, "PSNR": 36.224032441330614, "encoding_time": 0.3089160919189453, "decoding_time": 0.21929001808166504}