{"MSE": 14.666522979736328, "PSNR": 36.467531938341104, "encoding_time": 0.30921292304992676, "decoding_time": 0.22381997108459473}