{"MSE": 10.653522491455078, "PSNR": 37.85587133781742, "encoding_time": 0.289215087890625, "decoding_time": 0.18333911895751953}