{"MSE": 10.441680908203125, "PSNR": 37.94309943581418, "encoding_time": 0.28457117080688477, "decoding_time": 0.1775510311126709}