{"MSE": 12.34439468383789, "PSNR": 37.216105620162644, "encoding_time": 0.29608702659606934, "decoding_time": 0.19774794578552246}