{"MSE": 9.441703796386719, "PSNR": 38.38029989175616, "encoding_time": 0.27756714820861816, "decoding_time": 0.16884374618530273}