{"MSE": 11.9927978515625, "PSNR": 37.34159847514951, "encoding_time": 0.291201114654541, "decoding_time": 0.18703317642211914}