{"MSE": 15.491077423095703, "PSNR": 36.22998736353856, "encoding_time": 0.3129909038543701, "decoding_time": 0.2262892723083496}