{"MSE": 14.796897888183594, "PSNR": 36.42909684071264, "encoding_time": 0.31092405319213867, "decoding_time": 0.22452521324157715}