{"MSE": 13.022071838378906, "PSNR": 36.984002739942234, "encoding_time": 0.30261826515197754, "decoding_time": 0.2069718837738037}