{"MSE": 10.02468490600586, "PSNR": 38.12009630022925, "encoding_time": 0.2923891544342041, "decoding_time": 0.19098806381225586}