{"MSE": 8.767616271972656, "PSNR": 38.701988268685426, "encoding_time": 0.2924361228942871, "decoding_time": 0.16919684410095215}