{"MSE": 10.47140121459961, "PSNR": 37.930755608460544, "encoding_time": 0.296522855758667, "decoding_time": 0.1955111026763916}