{"MSE": 9.531158447265625, "PSNR": 38.3393467149095, "encoding_time": 0.2889368534088135, "decoding_time": 0.17951107025146484}