{"MSE": 8.68735122680664, "PSNR": 38.741929806142196, "encoding_time": 0.2827270030975342, "decoding_time": 0.17219209671020508}