{"MSE": 9.307090759277344, "PSNR": 38.44266411856615, "encoding_time": 0.2890019416809082, "decoding_time": 0.18205904960632324}