{"MSE": 9.139007568359375, "PSNR": 38.521813238853404, "encoding_time": 0.30589795112609863, "decoding_time": 0.18808794021606445}