{"MSE": 9.491874694824219, "PSNR": 38.35728364540644, "encoding_time": 0.3042919635772705, "decoding_time": 0.17990922927856445}