{"MSE": 9.409210205078125, "PSNR": 38.395271899349794, "encoding_time": 0.2885251045227051, "decoding_time": 0.18205690383911133}