{"MSE": 9.528881072998047, "PSNR": 38.340384541805186, "encoding_time": 0.2936689853668213, "decoding_time": 0.18429088592529297}