{"MSE": 8.734077453613281, "PSNR": 38.718633219512746, "encoding_time": 0.2828710079193115, "decoding_time": 0.17349720001220703}