{"MSE": 8.811695098876953, "PSNR": 38.68020899530144, "encoding_time": 0.2813591957092285, "decoding_time": 0.16635584831237793}