{"MSE": 8.619178771972656, "PSNR": 38.776144722811324, "encoding_time": 0.2807281017303467, "decoding_time": 0.1669161319732666}