{"MSE": 9.215656280517578, "PSNR": 38.48554092516453, "encoding_time": 0.2845118045806885, "decoding_time": 0.1792740821838379}