{"MSE": 10.831958770751953, "PSNR": 37.783733625612754, "encoding_time": 0.29379916191101074, "decoding_time": 0.1967480182647705}