{"MSE": 10.56949234008789, "PSNR": 37.89026232519157, "encoding_time": 0.2980978488922119, "decoding_time": 0.19731521606445312}