{"MSE": 9.543529510498047, "PSNR": 38.333713400999144, "encoding_time": 0.29144716262817383, "decoding_time": 0.1819288730621338}