{"MSE": 7.8372955322265625, "PSNR": 39.18914137221682, "encoding_time": 0.2782139778137207, "decoding_time": 0.16490697860717773}