{"MSE": 9.972892761230469, "PSNR": 38.142592117821266, "encoding_time": 0.293226957321167, "decoding_time": 0.19102096557617188}