{"MSE": 9.221050262451172, "PSNR": 38.48299971570217, "encoding_time": 0.2896289825439453, "decoding_time": 0.17574286460876465}