{"MSE": 9.748649597167969, "PSNR": 38.241359003607684, "encoding_time": 0.2926349639892578, "decoding_time": 0.18935608863830566}