{"MSE": 7.9531402587890625, "PSNR": 39.125417192826255, "encoding_time": 0.27818799018859863, "decoding_time": 0.16756033897399902}