{"MSE": 9.31698226928711, "PSNR": 38.43805091863694, "encoding_time": 0.28400468826293945, "decoding_time": 0.17338132858276367}