{"MSE": 9.103050231933594, "PSNR": 38.538934216310196, "encoding_time": 0.28793907165527344, "decoding_time": 0.18414092063903809}