{"MSE": 10.266185760498047, "PSNR": 38.016712425728784, "encoding_time": 0.2957766056060791, "decoding_time": 0.1936781406402588}