{"MSE": 9.212566375732422, "PSNR": 38.48699730935893, "encoding_time": 0.2942819595336914, "decoding_time": 0.17709994316101074}