{"MSE": 9.329483032226562, "PSNR": 38.4322278169501, "encoding_time": 0.28571176528930664, "decoding_time": 0.1793670654296875}