{"MSE": 9.652294158935547, "PSNR": 38.28449812067979, "encoding_time": 0.2939448356628418, "decoding_time": 0.18471908569335938}