{"MSE": 9.32681655883789, "PSNR": 38.43346925787045, "encoding_time": 0.28684020042419434, "decoding_time": 0.177778959274292}