{"MSE": 10.465648651123047, "PSNR": 37.93314210192889, "encoding_time": 0.29572510719299316, "decoding_time": 0.196091890335083}