{"MSE": 9.566642761230469, "PSNR": 38.32320804081316, "encoding_time": 0.2833750247955322, "decoding_time": 0.17570710182189941}