{"MSE": 9.440250396728516, "PSNR": 38.380968470279704, "encoding_time": 0.28704214096069336, "decoding_time": 0.18174099922180176}