{"MSE": 10.753856658935547, "PSNR": 37.815161175168605, "encoding_time": 0.3004119396209717, "decoding_time": 0.2021629810333252}