{"MSE": 9.389923095703125, "PSNR": 38.404183254972764, "encoding_time": 0.28721189498901367, "decoding_time": 0.18031001091003418}