{"MSE": 10.743606567382812, "PSNR": 37.819302648505094, "encoding_time": 0.2967650890350342, "decoding_time": 0.1954808235168457}