{"MSE": 9.485530853271484, "PSNR": 38.36018719876738, "encoding_time": 0.28833889961242676, "decoding_time": 0.1937541961669922}