{"MSE": 9.482063293457031, "PSNR": 38.36177510928277, "encoding_time": 0.290175199508667, "decoding_time": 0.1804049015045166}