{"MSE": 10.30874252319336, "PSNR": 37.99874668285159, "encoding_time": 0.2946901321411133, "decoding_time": 0.19388079643249512}