{"MSE": 9.183502197265625, "PSNR": 38.50072026628472, "encoding_time": 0.285938024520874, "decoding_time": 0.17898178100585938}