{"MSE": 8.800418853759766, "PSNR": 38.68577018087328, "encoding_time": 0.2877340316772461, "decoding_time": 0.17300868034362793}