{"MSE": 9.458309173583984, "PSNR": 38.372668547212896, "encoding_time": 0.2867157459259033, "decoding_time": 0.1738450527191162}