{"MSE": 11.094902038574219, "PSNR": 37.67956888846478, "encoding_time": 0.297116756439209, "decoding_time": 0.20255208015441895}