{"MSE": 10.570152282714844, "PSNR": 37.889991166951724, "encoding_time": 0.2946922779083252, "decoding_time": 0.1861109733581543}