{"MSE": 9.481197357177734, "PSNR": 38.362171740806176, "encoding_time": 0.2834129333496094, "decoding_time": 0.1742260456085205}