{"MSE": 9.614330291748047, "PSNR": 38.301613230191535, "encoding_time": 0.2917821407318115, "decoding_time": 0.1851949691772461}