{"MSE": 9.189701080322266, "PSNR": 38.4977897584501, "encoding_time": 0.28638792037963867, "decoding_time": 0.17919516563415527}