{"MSE": 9.38650131225586, "PSNR": 38.40576615665158, "encoding_time": 0.3204939365386963, "decoding_time": 0.18520092964172363}