{"MSE": 10.78265380859375, "PSNR": 37.80354699035118, "encoding_time": 0.29845309257507324, "decoding_time": 0.20137500762939453}