{"MSE": 9.529396057128906, "PSNR": 38.3401498356302, "encoding_time": 0.28652310371398926, "decoding_time": 0.18224215507507324}