{"MSE": 9.36655044555664, "PSNR": 38.415006844191375, "encoding_time": 0.2860829830169678, "decoding_time": 0.17985296249389648}