{"MSE": 9.253768920898438, "PSNR": 38.46761710488093, "encoding_time": 0.28422117233276367, "decoding_time": 0.17882609367370605}