{"MSE": 9.637237548828125, "PSNR": 38.29127796802175, "encoding_time": 0.2898409366607666, "decoding_time": 0.18606090545654297}