{"MSE": 8.652629852294922, "PSNR": 38.75932235281175, "encoding_time": 0.28450703620910645, "decoding_time": 0.17136597633361816}