{"MSE": 10.47726821899414, "PSNR": 37.92832298837597, "encoding_time": 0.2951071262359619, "decoding_time": 0.19382190704345703}