{"MSE": 8.723018646240234, "PSNR": 38.72413560047408, "encoding_time": 0.2799501419067383, "decoding_time": 0.17301177978515625}