{"MSE": 7.893886566162109, "PSNR": 39.15789479503094, "encoding_time": 0.27739810943603516, "decoding_time": 0.16431784629821777}