{"MSE": 10.948822021484375, "PSNR": 37.73712964713599, "encoding_time": 0.3013420104980469, "decoding_time": 0.2064499855041504}