{"MSE": 10.46432876586914, "PSNR": 37.93368985109444, "encoding_time": 0.29256296157836914, "decoding_time": 0.1867070198059082}