{"MSE": 10.440597534179688, "PSNR": 37.94355006035876, "encoding_time": 0.30030202865600586, "decoding_time": 0.1965961456298828}