{"MSE": 9.204803466796875, "PSNR": 38.49065840618514, "encoding_time": 0.2912330627441406, "decoding_time": 0.18120026588439941}