{"MSE": 10.858516693115234, "PSNR": 37.7730985752966, "encoding_time": 0.3015110492706299, "decoding_time": 0.20437097549438477}