{"MSE": 10.771835327148438, "PSNR": 37.8079065529084, "encoding_time": 0.2912261486053467, "decoding_time": 0.18825197219848633}