{"MSE": 9.278079986572266, "PSNR": 38.45622248604848, "encoding_time": 0.28600072860717773, "decoding_time": 0.17830824851989746}