{"MSE": 10.29696273803711, "PSNR": 38.00371219719223, "encoding_time": 0.29512500762939453, "decoding_time": 0.1943368911743164}