{"MSE": 9.463768005371094, "PSNR": 38.37016275404217, "encoding_time": 0.285491943359375, "decoding_time": 0.17395806312561035}