{"MSE": 9.32452392578125, "PSNR": 38.434536932219494, "encoding_time": 0.2867858409881592, "decoding_time": 0.17992925643920898}