{"MSE": 9.607048034667969, "PSNR": 38.304903987142765, "encoding_time": 0.2870497703552246, "decoding_time": 0.1804060935974121}