{"MSE": 7.915012359619141, "PSNR": 39.14628763500212, "encoding_time": 0.27828502655029297, "decoding_time": 0.1645359992980957}