{"MSE": 9.769229888916016, "PSNR": 38.23220031353484, "encoding_time": 0.2910890579223633, "decoding_time": 0.18724298477172852}