{"MSE": 9.602848052978516, "PSNR": 38.30680303843649, "encoding_time": 0.29172682762145996, "decoding_time": 0.18361806869506836}