{"MSE": 10.963939666748047, "PSNR": 37.73113723864596, "encoding_time": 0.30413007736206055, "decoding_time": 0.2072298526763916}