{"MSE": 8.35211181640625, "PSNR": 38.91284060922946, "encoding_time": 0.281080961227417, "decoding_time": 0.16916584968566895}