{"MSE": 10.707714080810547, "PSNR": 37.8338359480278, "encoding_time": 0.297119140625, "decoding_time": 0.20047783851623535}