{"MSE": 9.166706085205078, "PSNR": 38.50867054206375, "encoding_time": 0.28685522079467773, "decoding_time": 0.1782999038696289}