{"MSE": 9.889907836914062, "PSNR": 38.17888116399766, "encoding_time": 0.2864530086517334, "decoding_time": 0.17786598205566406}