{"MSE": 11.25985336303711, "PSNR": 37.61547626128648, "encoding_time": 0.30051088333129883, "decoding_time": 0.20396018028259277}