{"MSE": 10.972881317138672, "PSNR": 37.72759678978905, "encoding_time": 0.2985262870788574, "decoding_time": 0.20085978507995605}