{"MSE": 8.077899932861328, "PSNR": 39.05781891939279, "encoding_time": 0.2806270122528076, "decoding_time": 0.16816997528076172}