{"MSE": 9.53347396850586, "PSNR": 38.338291758191346, "encoding_time": 0.2904229164123535, "decoding_time": 0.18451595306396484}