{"MSE": 10.32269287109375, "PSNR": 37.99287354807321, "encoding_time": 0.2865478992462158, "decoding_time": 0.18262720108032227}