{"MSE": 11.305103302001953, "PSNR": 37.59805825740318, "encoding_time": 0.2984769344329834, "decoding_time": 0.205672025680542}