{"MSE": 9.411476135253906, "PSNR": 38.394226155365025, "encoding_time": 0.28462696075439453, "decoding_time": 0.17430901527404785}