{"MSE": 9.855594635009766, "PSNR": 38.193975284053955, "encoding_time": 0.28571414947509766, "decoding_time": 0.1780087947845459}