{"MSE": 10.305194854736328, "PSNR": 38.00024152861683, "encoding_time": 0.29232096672058105, "decoding_time": 0.18416976928710938}