{"MSE": 9.481758117675781, "PSNR": 38.36191488718401, "encoding_time": 0.28699493408203125, "decoding_time": 0.18161916732788086}