{"MSE": 10.274364471435547, "PSNR": 38.01325393101774, "encoding_time": 0.29150915145874023, "decoding_time": 0.18413519859313965}