{"MSE": 9.548343658447266, "PSNR": 38.3315231937678, "encoding_time": 0.2837228775024414, "decoding_time": 0.17250299453735352}