{"MSE": 9.461223602294922, "PSNR": 38.371330543434404, "encoding_time": 0.29054808616638184, "decoding_time": 0.18222832679748535}