{"MSE": 9.584976196289062, "PSNR": 38.31489322196671, "encoding_time": 0.28730177879333496, "decoding_time": 0.18500518798828125}