{"MSE": 10.937458038330078, "PSNR": 37.74163961009578, "encoding_time": 0.30074429512023926, "decoding_time": 0.19545888900756836}