{"MSE": 10.98263931274414, "PSNR": 37.723736399506016, "encoding_time": 0.2995729446411133, "decoding_time": 0.20393610000610352}