{"MSE": 9.297733306884766, "PSNR": 38.447032760018494, "encoding_time": 0.28182291984558105, "decoding_time": 0.17263579368591309}