{"MSE": 10.687957763671875, "PSNR": 37.84185631964029, "encoding_time": 0.2946300506591797, "decoding_time": 0.19650912284851074}