{"MSE": 10.881965637207031, "PSNR": 37.76373010699874, "encoding_time": 0.29807376861572266, "decoding_time": 0.20063209533691406}