{"MSE": 8.567070007324219, "PSNR": 38.80248045038573, "encoding_time": 0.2802119255065918, "decoding_time": 0.17171621322631836}