{"MSE": 10.136787414550781, "PSNR": 38.07180022162206, "encoding_time": 0.29366493225097656, "decoding_time": 0.1923232078552246}