{"MSE": 9.413925170898438, "PSNR": 38.393096189894315, "encoding_time": 0.2863152027130127, "decoding_time": 0.17454290390014648}