{"MSE": 10.28720474243164, "PSNR": 38.00782977344822, "encoding_time": 0.2957150936126709, "decoding_time": 0.1943957805633545}