{"MSE": 8.353389739990234, "PSNR": 38.91217616325635, "encoding_time": 0.28220391273498535, "decoding_time": 0.16920018196105957}