{"MSE": 8.905715942382812, "PSNR": 38.634115221525505, "encoding_time": 0.2795720100402832, "decoding_time": 0.16626310348510742}