{"MSE": 9.574512481689453, "PSNR": 38.31963691219666, "encoding_time": 0.2917671203613281, "decoding_time": 0.18622064590454102}