{"MSE": 11.145729064941406, "PSNR": 37.65971879031904, "encoding_time": 0.2965667247772217, "decoding_time": 0.20506596565246582}