{"MSE": 9.650856018066406, "PSNR": 38.285145244738914, "encoding_time": 0.2902050018310547, "decoding_time": 0.17755484580993652}