{"MSE": 9.86972427368164, "PSNR": 38.18775340730311, "encoding_time": 0.29319190979003906, "decoding_time": 0.1900649070739746}