{"MSE": 9.385833740234375, "PSNR": 38.40607503974419, "encoding_time": 0.27959704399108887, "decoding_time": 0.1699221134185791}