{"MSE": 9.99979019165039, "PSNR": 38.130894728243476, "encoding_time": 0.29202818870544434, "decoding_time": 0.18941497802734375}