{"MSE": 9.395965576171875, "PSNR": 38.40138943876219, "encoding_time": 0.29300808906555176, "decoding_time": 0.18364906311035156}