{"MSE": 10.259765625, "PSNR": 38.01942921040632, "encoding_time": 0.2942321300506592, "decoding_time": 0.18566608428955078}