{"MSE": 9.664203643798828, "PSNR": 38.27914288054607, "encoding_time": 0.29279088973999023, "decoding_time": 0.18836617469787598}