{"MSE": 9.783634185791016, "PSNR": 38.22580154989973, "encoding_time": 0.2920248508453369, "decoding_time": 0.18857479095458984}