{"MSE": 11.115547180175781, "PSNR": 37.6714951448231, "encoding_time": 0.2980048656463623, "decoding_time": 0.2028343677520752}