{"MSE": 8.806053161621094, "PSNR": 38.68299057926438, "encoding_time": 0.28264307975769043, "decoding_time": 0.17401599884033203}