{"MSE": 9.462783813476562, "PSNR": 38.370614425443705, "encoding_time": 0.28738999366760254, "decoding_time": 0.17813396453857422}