{"MSE": 8.719947814941406, "PSNR": 38.72566474989333, "encoding_time": 0.280364990234375, "decoding_time": 0.1675419807434082}