{"MSE": 8.929107666015625, "PSNR": 38.622723012054614, "encoding_time": 0.2816910743713379, "decoding_time": 0.17456793785095215}