{"MSE": 9.355979919433594, "PSNR": 38.41991079847996, "encoding_time": 0.28740715980529785, "decoding_time": 0.1797797679901123}