{"MSE": 7.886695861816406, "PSNR": 39.16185267611516, "encoding_time": 0.2766141891479492, "decoding_time": 0.16364479064941406}