{"MSE": 8.53125, "PSNR": 38.8206769214706, "encoding_time": 0.2807497978210449, "decoding_time": 0.1709752082824707}