{"MSE": 9.769218444824219, "PSNR": 38.23220540104827, "encoding_time": 0.2839629650115967, "decoding_time": 0.1759178638458252}