{"MSE": 10.3216552734375, "PSNR": 37.99331010623796, "encoding_time": 0.2959589958190918, "decoding_time": 0.19263219833374023}