{"MSE": 9.146472930908203, "PSNR": 38.518267074517574, "encoding_time": 0.285416841506958, "decoding_time": 0.21078801155090332}