{"MSE": 8.788375854492188, "PSNR": 38.69171738650227, "encoding_time": 0.28039979934692383, "decoding_time": 0.17443513870239258}