{"MSE": 8.914409637451172, "PSNR": 38.629877738374034, "encoding_time": 0.28328895568847656, "decoding_time": 0.17503905296325684}