{"MSE": 9.75808334350586, "PSNR": 38.2371583777929, "encoding_time": 0.29300785064697266, "decoding_time": 0.1895132064819336}