{"MSE": 10.13271713256836, "PSNR": 38.07354441919178, "encoding_time": 0.2892739772796631, "decoding_time": 0.18324494361877441}