{"MSE": 8.627731323242188, "PSNR": 38.77183748620314, "encoding_time": 0.2810359001159668, "decoding_time": 0.17192506790161133}