{"MSE": 9.36374282836914, "PSNR": 38.416308834120876, "encoding_time": 0.28877687454223633, "decoding_time": 0.18657207489013672}