{"MSE": 7.800754547119141, "PSNR": 39.20943747946521, "encoding_time": 0.2761270999908447, "decoding_time": 0.16432499885559082}