{"MSE": 9.759361267089844, "PSNR": 38.23658966075777, "encoding_time": 0.28499317169189453, "decoding_time": 0.17577600479125977}