{"MSE": 10.462265014648438, "PSNR": 37.93454644130638, "encoding_time": 0.29758691787719727, "decoding_time": 0.1946392059326172}