{"MSE": 10.109527587890625, "PSNR": 38.08349499121207, "encoding_time": 0.2964348793029785, "decoding_time": 0.19844698905944824}