{"MSE": 9.648727416992188, "PSNR": 38.286103234021496, "encoding_time": 0.29270386695861816, "decoding_time": 0.1839768886566162}