{"MSE": 9.901668548583984, "PSNR": 38.17371976332578, "encoding_time": 0.29180312156677246, "decoding_time": 0.1901698112487793}