{"MSE": 11.065010070800781, "PSNR": 37.69128547332042, "encoding_time": 0.299314022064209, "decoding_time": 0.20278072357177734}