{"MSE": 9.95193099975586, "PSNR": 38.151730046273926, "encoding_time": 0.2848091125488281, "decoding_time": 0.17691898345947266}