{"MSE": 8.82314682006836, "PSNR": 38.67456854777867, "encoding_time": 0.28248095512390137, "decoding_time": 0.17064189910888672}