{"MSE": 9.976310729980469, "PSNR": 38.14110393310991, "encoding_time": 0.285430908203125, "decoding_time": 0.17853903770446777}