{"MSE": 9.894596099853516, "PSNR": 38.17682289984412, "encoding_time": 0.2915608882904053, "decoding_time": 0.19058895111083984}