{"MSE": 9.47012710571289, "PSNR": 38.36724552831978, "encoding_time": 0.28662109375, "decoding_time": 0.1809389591217041}