{"MSE": 9.340965270996094, "PSNR": 38.426886034594155, "encoding_time": 0.28578710556030273, "decoding_time": 0.17531394958496094}