{"MSE": 23.157405853271484, "PSNR": 34.48390453770654, "encoding_time": 0.2999100685119629, "decoding_time": 0.20304393768310547}