{"MSE": 12.909294128417969, "PSNR": 37.02177864884526, "encoding_time": 0.2836737632751465, "decoding_time": 0.17878508567810059}