{"MSE": 15.909095764160156, "PSNR": 36.11434864803703, "encoding_time": 0.284923791885376, "decoding_time": 0.18109536170959473}