{"MSE": 16.042560577392578, "PSNR": 36.0780667298711, "encoding_time": 0.2834038734436035, "decoding_time": 0.18025994300842285}