{"MSE": 25.3701171875, "PSNR": 34.087578875851996, "encoding_time": 0.31801486015319824, "decoding_time": 0.23192906379699707}