{"MSE": 25.12305450439453, "PSNR": 34.13007920318761, "encoding_time": 0.30904293060302734, "decoding_time": 0.21816802024841309}