{"MSE": 12.325870513916016, "PSNR": 37.22262759811979, "encoding_time": 0.28212809562683105, "decoding_time": 0.17275071144104004}