{"MSE": 25.2481689453125, "PSNR": 34.1085047329567, "encoding_time": 0.31169915199279785, "decoding_time": 0.22298884391784668}