{"MSE": 13.466983795166016, "PSNR": 36.8381002333323, "encoding_time": 0.28203415870666504, "decoding_time": 0.1775979995727539}