{"MSE": 23.36458969116211, "PSNR": 34.44522202146945, "encoding_time": 0.31206393241882324, "decoding_time": 0.22658991813659668}