{"MSE": 25.8143310546875, "PSNR": 34.01219485523874, "encoding_time": 0.3168299198150635, "decoding_time": 0.23331403732299805}