{"MSE": 26.379039764404297, "PSNR": 33.91821378323621, "encoding_time": 0.3173098564147949, "decoding_time": 0.233795166015625}