{"MSE": 22.21438217163086, "PSNR": 34.66446121759744, "encoding_time": 0.29648280143737793, "decoding_time": 0.20093512535095215}