{"MSE": 24.762222290039062, "PSNR": 34.19290742935337, "encoding_time": 0.31058835983276367, "decoding_time": 0.22200870513916016}