{"MSE": 24.83957290649414, "PSNR": 34.17936236591526, "encoding_time": 0.3152780532836914, "decoding_time": 0.22995376586914062}