{"MSE": 25.353622436523438, "PSNR": 34.090403422951674, "encoding_time": 0.30922484397888184, "decoding_time": 0.21923208236694336}