{"MSE": 15.61163330078125, "PSNR": 36.19632019214218, "encoding_time": 0.28635191917419434, "decoding_time": 0.17978310585021973}