{"MSE": 26.27678680419922, "PSNR": 33.93508103424732, "encoding_time": 0.3127298355102539, "decoding_time": 0.22014713287353516}