{"MSE": 25.403743743896484, "PSNR": 34.0818263765322, "encoding_time": 0.3087198734283447, "decoding_time": 0.21545696258544922}