{"MSE": 23.456417083740234, "PSNR": 34.4281868555198, "encoding_time": 0.3107321262359619, "decoding_time": 0.22588109970092773}