{"MSE": 16.136669158935547, "PSNR": 36.052664658709624, "encoding_time": 0.28676605224609375, "decoding_time": 0.18088603019714355}