{"MSE": 24.463115692138672, "PSNR": 34.24568591661905, "encoding_time": 0.308974027633667, "decoding_time": 0.22097492218017578}