{"MSE": 26.350059509277344, "PSNR": 33.92298760502586, "encoding_time": 0.3222229480743408, "decoding_time": 0.23810219764709473}