{"MSE": 12.440696716308594, "PSNR": 37.18235658039202, "encoding_time": 0.2800021171569824, "decoding_time": 0.1739346981048584}