{"MSE": 25.601444244384766, "PSNR": 34.04815895178142, "encoding_time": 0.310535192489624, "decoding_time": 0.22127175331115723}