{"MSE": 16.026046752929688, "PSNR": 36.082539554898645, "encoding_time": 0.28380823135375977, "decoding_time": 0.17942070960998535}