{"MSE": 16.70888900756836, "PSNR": 35.90132786732929, "encoding_time": 0.2876930236816406, "decoding_time": 0.18360018730163574}