{"MSE": 24.869335174560547, "PSNR": 34.17416185323709, "encoding_time": 0.30763983726501465, "decoding_time": 0.2181999683380127}