{"MSE": 14.725326538085938, "PSNR": 36.450154267047665, "encoding_time": 0.281627893447876, "decoding_time": 0.17342209815979004}