{"MSE": 17.02680206298828, "PSNR": 35.819472734933626, "encoding_time": 0.28823232650756836, "decoding_time": 0.18096208572387695}