{"MSE": 26.33110809326172, "PSNR": 33.92611224942136, "encoding_time": 0.31322789192199707, "decoding_time": 0.22107601165771484}