{"MSE": 24.274784088134766, "PSNR": 34.279249850993466, "encoding_time": 0.31412577629089355, "decoding_time": 0.2301480770111084}