{"MSE": 13.956546783447266, "PSNR": 36.683023851604645, "encoding_time": 0.2810940742492676, "decoding_time": 0.1715409755706787}