{"MSE": 26.064964294433594, "PSNR": 33.97023226530676, "encoding_time": 0.317716121673584, "decoding_time": 0.23317790031433105}