{"MSE": 16.249191284179688, "PSNR": 36.0224860967967, "encoding_time": 0.28560400009155273, "decoding_time": 0.17815613746643066}