{"MSE": 24.107254028320312, "PSNR": 34.30932616615115, "encoding_time": 0.3082568645477295, "decoding_time": 0.22108912467956543}