{"MSE": 24.360614776611328, "PSNR": 34.26392116696856, "encoding_time": 0.3084871768951416, "decoding_time": 0.2175450325012207}