{"MSE": 16.116436004638672, "PSNR": 36.05811352843597, "encoding_time": 0.2876770496368408, "decoding_time": 0.18318414688110352}