{"MSE": 14.817562103271484, "PSNR": 36.423036047407855, "encoding_time": 0.28259921073913574, "decoding_time": 0.1728677749633789}