{"MSE": 24.143856048583984, "PSNR": 34.3027372779574, "encoding_time": 0.3114607334136963, "decoding_time": 0.22910594940185547}