{"MSE": 27.22399139404297, "PSNR": 33.78128562067853, "encoding_time": 0.31479978561401367, "decoding_time": 0.22691988945007324}