{"MSE": 20.70433807373047, "PSNR": 34.97019010382158, "encoding_time": 0.2954399585723877, "decoding_time": 0.19533419609069824}