{"MSE": 25.775890350341797, "PSNR": 34.01866685261063, "encoding_time": 0.3129911422729492, "decoding_time": 0.22478818893432617}