{"MSE": 26.3134765625, "PSNR": 33.92902129575678, "encoding_time": 0.31513500213623047, "decoding_time": 0.22075605392456055}