{"MSE": 26.140823364257812, "PSNR": 33.9576109832261, "encoding_time": 0.3193230628967285, "decoding_time": 0.23442983627319336}