{"MSE": 13.649795532226562, "PSNR": 36.77954214977642, "encoding_time": 0.2862849235534668, "decoding_time": 0.18251609802246094}