{"MSE": 16.848865509033203, "PSNR": 35.86509697188978, "encoding_time": 0.3231668472290039, "decoding_time": 0.24283599853515625}