{"MSE": 10.92068862915039, "PSNR": 37.74830336197846, "encoding_time": 0.2872159481048584, "decoding_time": 0.21193408966064453}