{"MSE": 14.548725128173828, "PSNR": 36.50255422120345, "encoding_time": 0.32753801345825195, "decoding_time": 0.21358013153076172}