{"MSE": 15.227272033691406, "PSNR": 36.30458254434788, "encoding_time": 0.3110311031341553, "decoding_time": 0.21404790878295898}