{"MSE": 14.455516815185547, "PSNR": 36.5304673764083, "encoding_time": 0.32192492485046387, "decoding_time": 0.23524904251098633}