{"MSE": 14.803482055664062, "PSNR": 36.42716479277455, "encoding_time": 0.3041501045227051, "decoding_time": 0.21691393852233887}