{"MSE": 14.628982543945312, "PSNR": 36.47866239179793, "encoding_time": 0.301832914352417, "decoding_time": 0.20533108711242676}