{"MSE": 10.876739501953125, "PSNR": 37.765816335688896, "encoding_time": 0.2857179641723633, "decoding_time": 0.18061399459838867}