{"MSE": 15.14138412475586, "PSNR": 36.32914783572561, "encoding_time": 0.3574550151824951, "decoding_time": 0.2541060447692871}