{"MSE": 14.35519027709961, "PSNR": 36.560714074525414, "encoding_time": 0.33093905448913574, "decoding_time": 0.20926189422607422}