{"MSE": 16.768375396728516, "PSNR": 35.885893728243694, "encoding_time": 0.3136250972747803, "decoding_time": 0.2283010482788086}