{"MSE": 14.868175506591797, "PSNR": 36.4082268192455, "encoding_time": 0.3041980266571045, "decoding_time": 0.21746277809143066}