{"MSE": 17.582611083984375, "PSNR": 35.67996990974188, "encoding_time": 0.3141460418701172, "decoding_time": 0.22562217712402344}