{"MSE": 10.383075714111328, "PSNR": 37.96754339936961, "encoding_time": 0.2862052917480469, "decoding_time": 0.19493389129638672}