{"MSE": 15.18685531616211, "PSNR": 36.31612505387312, "encoding_time": 0.30941295623779297, "decoding_time": 0.21796822547912598}