{"MSE": 15.437358856201172, "PSNR": 36.24507361001219, "encoding_time": 0.32401204109191895, "decoding_time": 0.22461700439453125}