{"MSE": 13.521739959716797, "PSNR": 36.820477812235865, "encoding_time": 0.306049108505249, "decoding_time": 0.20741796493530273}