{"MSE": 14.555622100830078, "PSNR": 36.50049589142958, "encoding_time": 0.309603214263916, "decoding_time": 0.21486997604370117}