{"MSE": 9.038917541503906, "PSNR": 38.56963936354876, "encoding_time": 0.2735409736633301, "decoding_time": 0.15563607215881348}