{"MSE": 10.11721420288086, "PSNR": 38.08019415841358, "encoding_time": 0.27991509437561035, "decoding_time": 0.16626811027526855}