{"MSE": 9.022087097167969, "PSNR": 38.577733455062564, "encoding_time": 0.27555274963378906, "decoding_time": 0.1591331958770752}