{"MSE": 9.031196594238281, "PSNR": 38.57335064613545, "encoding_time": 0.27341699600219727, "decoding_time": 0.16002464294433594}