{"MSE": 8.910392761230469, "PSNR": 38.63183513141285, "encoding_time": 0.2718069553375244, "decoding_time": 0.1544632911682129}