{"MSE": 9.95511245727539, "PSNR": 38.15034190497621, "encoding_time": 0.32261133193969727, "decoding_time": 0.2165539264678955}