{"MSE": 10.178165435791016, "PSNR": 38.05410855255448, "encoding_time": 0.32233691215515137, "decoding_time": 0.216019868850708}