{"MSE": 12.164302825927734, "PSNR": 37.27993137656884, "encoding_time": 0.3171851634979248, "decoding_time": 0.22886300086975098}