{"MSE": 11.638225555419922, "PSNR": 37.47193591055285, "encoding_time": 0.32056689262390137, "decoding_time": 0.23417305946350098}