{"MSE": 9.728950500488281, "PSNR": 38.25014367097999, "encoding_time": 0.3073618412017822, "decoding_time": 0.20176982879638672}