{"MSE": 9.855598449707031, "PSNR": 38.19397360307811, "encoding_time": 0.3082692623138428, "decoding_time": 0.22665977478027344}