{"MSE": 12.011913299560547, "PSNR": 37.33468172011157, "encoding_time": 0.3252108097076416, "decoding_time": 0.2330632209777832}