{"MSE": 9.51645278930664, "PSNR": 38.3460526344014, "encoding_time": 0.30640530586242676, "decoding_time": 0.23461198806762695}