{"MSE": 12.239593505859375, "PSNR": 37.25313366350337, "encoding_time": 0.32932090759277344, "decoding_time": 0.2526381015777588}