{"MSE": 11.03414535522461, "PSNR": 37.703416601517375, "encoding_time": 0.3286099433898926, "decoding_time": 0.23815011978149414}