{"MSE": 10.465557098388672, "PSNR": 37.93318009386094, "encoding_time": 0.31395506858825684, "decoding_time": 0.21274900436401367}