{"MSE": 10.940753936767578, "PSNR": 37.740331102328526, "encoding_time": 0.3181939125061035, "decoding_time": 0.21689915657043457}