{"MSE": 11.642227172851562, "PSNR": 37.470442915200366, "encoding_time": 0.3201749324798584, "decoding_time": 0.22637081146240234}