{"MSE": 9.81100845336914, "PSNR": 38.21366710957492, "encoding_time": 0.3085591793060303, "decoding_time": 0.20578789710998535}