{"MSE": 11.704837799072266, "PSNR": 37.44714961071573, "encoding_time": 0.32978296279907227, "decoding_time": 0.23233509063720703}