{"MSE": 11.853057861328125, "PSNR": 37.3924995643017, "encoding_time": 0.32804083824157715, "decoding_time": 0.2418382167816162}