{"MSE": 11.349349975585938, "PSNR": 37.581093724753565, "encoding_time": 0.323225736618042, "decoding_time": 0.23794007301330566}