{"MSE": 9.673255920410156, "PSNR": 38.27507683034432, "encoding_time": 0.3101379871368408, "decoding_time": 0.20238590240478516}