{"MSE": 10.361072540283203, "PSNR": 37.976756465574496, "encoding_time": 0.32036924362182617, "decoding_time": 0.21623969078063965}