{"MSE": 9.616233825683594, "PSNR": 38.300753458962795, "encoding_time": 0.30507802963256836, "decoding_time": 0.21527600288391113}