{"MSE": 9.462482452392578, "PSNR": 38.3707527373216, "encoding_time": 0.3163597583770752, "decoding_time": 0.21300506591796875}