{"MSE": 9.34261703491211, "PSNR": 38.42611813907577, "encoding_time": 0.3126981258392334, "decoding_time": 0.19999480247497559}