{"MSE": 9.685688018798828, "PSNR": 38.26949884790079, "encoding_time": 0.3036227226257324, "decoding_time": 0.20300912857055664}