{"MSE": 10.051380157470703, "PSNR": 38.10854661935255, "encoding_time": 0.3182041645050049, "decoding_time": 0.21196913719177246}