{"MSE": 11.922191619873047, "PSNR": 37.36724263103967, "encoding_time": 0.3188800811767578, "decoding_time": 0.22911691665649414}