{"MSE": 10.791210174560547, "PSNR": 37.800102097287734, "encoding_time": 0.31865787506103516, "decoding_time": 0.24368715286254883}