{"MSE": 11.587272644042969, "PSNR": 37.490991350017644, "encoding_time": 0.3316822052001953, "decoding_time": 0.23354387283325195}