{"MSE": 10.977066040039062, "PSNR": 37.72594083858663, "encoding_time": 0.3218541145324707, "decoding_time": 0.22916698455810547}