{"MSE": 11.509517669677734, "PSNR": 37.52023236872051, "encoding_time": 0.3233187198638916, "decoding_time": 0.24180912971496582}