{"MSE": 11.019248962402344, "PSNR": 37.70928365499106, "encoding_time": 0.3149559497833252, "decoding_time": 0.22103190422058105}