{"MSE": 11.394943237304688, "PSNR": 37.563681947378036, "encoding_time": 0.3159596920013428, "decoding_time": 0.21992826461791992}