{"MSE": 11.680839538574219, "PSNR": 37.456063028631824, "encoding_time": 0.3273811340332031, "decoding_time": 0.23233294486999512}