{"MSE": 11.029670715332031, "PSNR": 37.705178138537335, "encoding_time": 0.3189358711242676, "decoding_time": 0.22489309310913086}