{"MSE": 11.54201889038086, "PSNR": 37.507985801015174, "encoding_time": 0.32631874084472656, "decoding_time": 0.22402024269104004}