{"MSE": 9.815250396728516, "PSNR": 38.211789775095355, "encoding_time": 0.3059811592102051, "decoding_time": 0.20786476135253906}