{"MSE": 10.802421569824219, "PSNR": 37.79559239035877, "encoding_time": 0.31975889205932617, "decoding_time": 0.22749090194702148}