{"MSE": 12.09466552734375, "PSNR": 37.30486498226852, "encoding_time": 0.33040475845336914, "decoding_time": 0.26873207092285156}