{"MSE": 10.35030746459961, "PSNR": 37.981271098000306, "encoding_time": 0.31430506706237793, "decoding_time": 0.21338224411010742}