{"MSE": 9.397171020507812, "PSNR": 38.40083230151012, "encoding_time": 0.3144712448120117, "decoding_time": 0.21515369415283203}