{"MSE": 10.381813049316406, "PSNR": 37.96807156820292, "encoding_time": 0.31128406524658203, "decoding_time": 0.21187520027160645}