{"MSE": 9.63394546508789, "PSNR": 38.292761772949795, "encoding_time": 0.3027679920196533, "decoding_time": 0.22886395454406738}