{"MSE": 10.528297424316406, "PSNR": 37.907222156091564, "encoding_time": 0.31648993492126465, "decoding_time": 0.21378612518310547}