{"MSE": 11.676990509033203, "PSNR": 37.45749433650766, "encoding_time": 0.32489013671875, "decoding_time": 0.2228999137878418}