{"MSE": 11.699420928955078, "PSNR": 37.449159942997916, "encoding_time": 0.32037901878356934, "decoding_time": 0.22662115097045898}