{"MSE": 12.274959564208984, "PSNR": 37.24060290709958, "encoding_time": 0.32179808616638184, "decoding_time": 0.2337338924407959}