{"MSE": 11.692939758300781, "PSNR": 37.45156648653671, "encoding_time": 0.32567596435546875, "decoding_time": 0.23328399658203125}