{"MSE": 10.918758392333984, "PSNR": 37.74907104735024, "encoding_time": 0.3206651210784912, "decoding_time": 0.22830796241760254}