{"MSE": 10.065383911132812, "PSNR": 38.10250016585434, "encoding_time": 0.3053429126739502, "decoding_time": 0.20857501029968262}