{"MSE": 10.389274597167969, "PSNR": 37.96495135682744, "encoding_time": 0.3195631504058838, "decoding_time": 0.21292996406555176}