{"MSE": 10.932357788085938, "PSNR": 37.74366524268005, "encoding_time": 0.32342100143432617, "decoding_time": 0.22536492347717285}