{"MSE": 10.992313385009766, "PSNR": 37.71991259471181, "encoding_time": 0.31535792350769043, "decoding_time": 0.21922612190246582}