{"MSE": 10.383773803710938, "PSNR": 37.96725141818985, "encoding_time": 0.3150649070739746, "decoding_time": 0.21491408348083496}