{"MSE": 10.498786926269531, "PSNR": 37.91941239099139, "encoding_time": 0.3202860355377197, "decoding_time": 0.2481238842010498}