{"MSE": 12.174827575683594, "PSNR": 37.276175415733874, "encoding_time": 0.3371291160583496, "decoding_time": 0.24555206298828125}