{"MSE": 10.017993927001953, "PSNR": 38.12299596787557, "encoding_time": 0.31260013580322266, "decoding_time": 0.20306396484375}