{"MSE": 10.870346069335938, "PSNR": 37.76836990322507, "encoding_time": 0.3127901554107666, "decoding_time": 0.22446727752685547}