{"MSE": 11.716899871826172, "PSNR": 37.44267642245441, "encoding_time": 0.32581210136413574, "decoding_time": 0.25996899604797363}