{"MSE": 9.242694854736328, "PSNR": 38.472817457185485, "encoding_time": 0.30686426162719727, "decoding_time": 0.19840478897094727}