{"MSE": 11.509990692138672, "PSNR": 37.52005388441806, "encoding_time": 0.3241579532623291, "decoding_time": 0.2328958511352539}