{"MSE": 11.352119445800781, "PSNR": 37.58003408793822, "encoding_time": 0.32322096824645996, "decoding_time": 0.23671889305114746}