{"MSE": 11.666156768798828, "PSNR": 37.461525527232695, "encoding_time": 0.3352959156036377, "decoding_time": 0.2383277416229248}