{"MSE": 9.87314224243164, "PSNR": 38.18624966925063, "encoding_time": 0.3122138977050781, "decoding_time": 0.22034502029418945}