{"MSE": 10.337100982666016, "PSNR": 37.986816019707504, "encoding_time": 0.3140406608581543, "decoding_time": 0.2293701171875}