{"MSE": 12.14920425415039, "PSNR": 37.28532527324432, "encoding_time": 0.3260679244995117, "decoding_time": 0.2501790523529053}