{"MSE": 10.265575408935547, "PSNR": 38.01697063281926, "encoding_time": 0.31882715225219727, "decoding_time": 0.22647380828857422}