{"MSE": 9.448890686035156, "PSNR": 38.37699536190681, "encoding_time": 0.3064720630645752, "decoding_time": 0.1968381404876709}