{"MSE": 10.094184875488281, "PSNR": 38.09009106272786, "encoding_time": 0.32233214378356934, "decoding_time": 0.2136678695678711}