{"MSE": 9.733463287353516, "PSNR": 38.24812965720959, "encoding_time": 0.3068690299987793, "decoding_time": 0.2098250389099121}