{"MSE": 12.297882080078125, "PSNR": 37.232500364312685, "encoding_time": 0.3307011127471924, "decoding_time": 0.26857805252075195}