{"MSE": 11.464729309082031, "PSNR": 37.537165557016294, "encoding_time": 0.32540297508239746, "decoding_time": 0.23081612586975098}