{"MSE": 10.168567657470703, "PSNR": 38.05820578276152, "encoding_time": 0.3105909824371338, "decoding_time": 0.21185994148254395}