{"MSE": 10.67340087890625, "PSNR": 37.847775396054686, "encoding_time": 0.3229398727416992, "decoding_time": 0.23111605644226074}