{"MSE": 11.895416259765625, "PSNR": 37.377007168354254, "encoding_time": 0.3290719985961914, "decoding_time": 0.22799205780029297}