{"MSE": 9.771308898925781, "PSNR": 38.231276180799014, "encoding_time": 0.3124842643737793, "decoding_time": 0.20374178886413574}