{"MSE": 11.14315414428711, "PSNR": 37.66072222671913, "encoding_time": 0.35237789154052734, "decoding_time": 0.2610800266265869}