{"MSE": 10.299015045166016, "PSNR": 38.0028466828927, "encoding_time": 0.3434770107269287, "decoding_time": 0.21476316452026367}