{"MSE": 10.972679138183594, "PSNR": 37.72767681071604, "encoding_time": 0.32116103172302246, "decoding_time": 0.22278714179992676}