{"MSE": 12.155139923095703, "PSNR": 37.28320398307346, "encoding_time": 0.3217809200286865, "decoding_time": 0.2263941764831543}