{"MSE": 10.316661834716797, "PSNR": 37.99541165639157, "encoding_time": 0.31360507011413574, "decoding_time": 0.21571779251098633}