{"MSE": 9.736133575439453, "PSNR": 38.246938372771325, "encoding_time": 0.3049488067626953, "decoding_time": 0.20896697044372559}