{"MSE": 9.505382537841797, "PSNR": 38.35110761420179, "encoding_time": 0.3112058639526367, "decoding_time": 0.19585919380187988}