{"MSE": 10.452465057373047, "PSNR": 37.938616364909905, "encoding_time": 0.3073427677154541, "decoding_time": 0.20925092697143555}