{"MSE": 10.065162658691406, "PSNR": 38.10259563143355, "encoding_time": 0.3143279552459717, "decoding_time": 0.20157909393310547}