{"MSE": 11.50716781616211, "PSNR": 37.52111914142225, "encoding_time": 0.317169189453125, "decoding_time": 0.22294092178344727}