{"MSE": 10.003475189208984, "PSNR": 38.12929461536875, "encoding_time": 0.3137779235839844, "decoding_time": 0.21264195442199707}