{"MSE": 10.784637451171875, "PSNR": 37.802748109288366, "encoding_time": 0.35410094261169434, "decoding_time": 0.2506837844848633}