{"MSE": 10.67690658569336, "PSNR": 37.84634917853625, "encoding_time": 0.3392670154571533, "decoding_time": 0.2191171646118164}