{"MSE": 11.639762878417969, "PSNR": 37.47136227774277, "encoding_time": 0.3135030269622803, "decoding_time": 0.21936726570129395}