{"MSE": 10.253219604492188, "PSNR": 38.02220101631333, "encoding_time": 0.3152651786804199, "decoding_time": 0.23523879051208496}