{"MSE": 11.499237060546875, "PSNR": 37.524113336782975, "encoding_time": 0.32553887367248535, "decoding_time": 0.22910213470458984}