{"MSE": 9.471054077148438, "PSNR": 38.36682044545322, "encoding_time": 0.304487943649292, "decoding_time": 0.2007291316986084}