{"MSE": 11.621726989746094, "PSNR": 37.47809691816387, "encoding_time": 0.32155919075012207, "decoding_time": 0.23574280738830566}