{"MSE": 12.092723846435547, "PSNR": 37.30556225578806, "encoding_time": 0.3555641174316406, "decoding_time": 0.23673391342163086}