{"MSE": 10.814727783203125, "PSNR": 37.790647685528675, "encoding_time": 0.31642913818359375, "decoding_time": 0.22012090682983398}