{"MSE": 10.484207153320312, "PSNR": 37.925447674549346, "encoding_time": 0.311661958694458, "decoding_time": 0.21560311317443848}