{"MSE": 10.402332305908203, "PSNR": 37.95949637528207, "encoding_time": 0.3182029724121094, "decoding_time": 0.2223670482635498}