{"MSE": 10.07086181640625, "PSNR": 38.100137238699475, "encoding_time": 0.3150010108947754, "decoding_time": 0.2035980224609375}