{"MSE": 10.507804870605469, "PSNR": 37.91568361505128, "encoding_time": 0.3162040710449219, "decoding_time": 0.21958470344543457}