{"MSE": 9.31595230102539, "PSNR": 38.43853104647871, "encoding_time": 0.3081326484680176, "decoding_time": 0.20438933372497559}