{"MSE": 11.375835418701172, "PSNR": 37.57097060645629, "encoding_time": 0.3262484073638916, "decoding_time": 0.23087072372436523}