{"MSE": 10.012474060058594, "PSNR": 38.12538956927976, "encoding_time": 0.3254890441894531, "decoding_time": 0.2337050437927246}