{"MSE": 12.177940368652344, "PSNR": 37.27506517740689, "encoding_time": 0.31757283210754395, "decoding_time": 0.2248241901397705}