{"MSE": 12.151721954345703, "PSNR": 37.2844253706674, "encoding_time": 0.3280150890350342, "decoding_time": 0.23354196548461914}