{"MSE": 9.493701934814453, "PSNR": 38.3564476842315, "encoding_time": 0.3084721565246582, "decoding_time": 0.2001049518585205}