{"MSE": 11.303939819335938, "PSNR": 37.59850524147002, "encoding_time": 0.3198680877685547, "decoding_time": 0.22707390785217285}