{"MSE": 12.104148864746094, "PSNR": 37.30146104582107, "encoding_time": 0.3259549140930176, "decoding_time": 0.24536490440368652}