{"MSE": 12.203174591064453, "PSNR": 37.266075360919864, "encoding_time": 0.30651092529296875, "decoding_time": 0.21434783935546875}