{"MSE": 9.464664459228516, "PSNR": 38.36975138879618, "encoding_time": 0.31290197372436523, "decoding_time": 0.1926727294921875}