{"MSE": 8.93912124633789, "PSNR": 38.61785532969543, "encoding_time": 0.27956199645996094, "decoding_time": 0.1824030876159668}