{"MSE": 9.293670654296875, "PSNR": 38.44893082821451, "encoding_time": 0.28084731101989746, "decoding_time": 0.18139386177062988}