{"MSE": 8.88235092163086, "PSNR": 38.64552433696852, "encoding_time": 0.28428101539611816, "decoding_time": 0.18186187744140625}