{"MSE": 8.891517639160156, "PSNR": 38.641044664825685, "encoding_time": 0.28160524368286133, "decoding_time": 0.18322300910949707}