{"MSE": 9.906845092773438, "PSNR": 38.171449886172255, "encoding_time": 0.29709410667419434, "decoding_time": 0.1994328498840332}