{"MSE": 11.775123596191406, "PSNR": 37.421148865224154, "encoding_time": 0.30251216888427734, "decoding_time": 0.21419715881347656}