{"MSE": 9.412883758544922, "PSNR": 38.393576653302304, "encoding_time": 0.3112819194793701, "decoding_time": 0.20501303672790527}