{"MSE": 11.38864517211914, "PSNR": 37.56608298708896, "encoding_time": 0.305509090423584, "decoding_time": 0.21530508995056152}