{"MSE": 12.206668853759766, "PSNR": 37.26483197808483, "encoding_time": 0.3018200397491455, "decoding_time": 0.20972990989685059}