{"MSE": 8.903274536132812, "PSNR": 38.63530595636292, "encoding_time": 0.28378987312316895, "decoding_time": 0.18155527114868164}