{"MSE": 8.252838134765625, "PSNR": 38.96477033614795, "encoding_time": 0.28439974784851074, "decoding_time": 0.19785189628601074}