{"MSE": 9.563766479492188, "PSNR": 38.32451397554882, "encoding_time": 0.28575801849365234, "decoding_time": 0.1923360824584961}