{"MSE": 10.735607147216797, "PSNR": 37.822537500807705, "encoding_time": 0.30867910385131836, "decoding_time": 0.20859575271606445}