{"MSE": 10.166793823242188, "PSNR": 38.05896344465009, "encoding_time": 0.298109769821167, "decoding_time": 0.19825220108032227}