{"MSE": 9.15134048461914, "PSNR": 38.51595646863381, "encoding_time": 0.29973387718200684, "decoding_time": 0.22708511352539062}