{"MSE": 10.73659896850586, "PSNR": 37.82213629143885, "encoding_time": 0.31335997581481934, "decoding_time": 0.21736383438110352}