{"MSE": 9.088314056396484, "PSNR": 38.545970347321095, "encoding_time": 0.2974240779876709, "decoding_time": 0.20066404342651367}