{"MSE": 9.32876205444336, "PSNR": 38.432563450522835, "encoding_time": 0.279634952545166, "decoding_time": 0.18428397178649902}