{"MSE": 10.42557144165039, "PSNR": 37.94980492219336, "encoding_time": 0.3090031147003174, "decoding_time": 0.23679280281066895}