{"MSE": 8.565528869628906, "PSNR": 38.80326177679574, "encoding_time": 0.28201913833618164, "decoding_time": 0.17739582061767578}