{"MSE": 8.930225372314453, "PSNR": 38.622179415406784, "encoding_time": 0.2862980365753174, "decoding_time": 0.18524813652038574}