{"MSE": 8.55206298828125, "PSNR": 38.810094699578535, "encoding_time": 0.2822914123535156, "decoding_time": 0.17893457412719727}