{"MSE": 9.104759216308594, "PSNR": 38.53811895900205, "encoding_time": 0.29366397857666016, "decoding_time": 0.18657994270324707}