{"MSE": 8.544353485107422, "PSNR": 38.814011537845516, "encoding_time": 0.27767515182495117, "decoding_time": 0.1759021282196045}