{"MSE": 9.168231964111328, "PSNR": 38.507947680836956, "encoding_time": 0.3306088447570801, "decoding_time": 0.19971299171447754}