{"MSE": 8.217567443847656, "PSNR": 38.98337083724753, "encoding_time": 0.28951573371887207, "decoding_time": 0.18211007118225098}