{"MSE": 9.010799407958984, "PSNR": 38.58317039027064, "encoding_time": 0.28026700019836426, "decoding_time": 0.17841315269470215}