{"MSE": 8.97719955444336, "PSNR": 38.59939481631849, "encoding_time": 0.2863321304321289, "decoding_time": 0.18579697608947754}