{"MSE": 8.740798950195312, "PSNR": 38.71529229857892, "encoding_time": 0.28597116470336914, "decoding_time": 0.1847217082977295}