{"MSE": 9.887100219726562, "PSNR": 38.18011424501428, "encoding_time": 0.2946927547454834, "decoding_time": 0.20611000061035156}