{"MSE": 9.2247314453125, "PSNR": 38.4812662923644, "encoding_time": 0.2938411235809326, "decoding_time": 0.19120001792907715}