{"MSE": 12.361061096191406, "PSNR": 37.21024607878789, "encoding_time": 0.30139780044555664, "decoding_time": 0.21278023719787598}