{"MSE": 9.19537353515625, "PSNR": 38.49510984992327, "encoding_time": 0.2801218032836914, "decoding_time": 0.1841280460357666}