{"MSE": 9.144569396972656, "PSNR": 38.519171008008605, "encoding_time": 0.30159711837768555, "decoding_time": 0.22602176666259766}