{"MSE": 10.40234375, "PSNR": 37.95949159740819, "encoding_time": 0.2839009761810303, "decoding_time": 0.1914660930633545}