{"MSE": 8.965717315673828, "PSNR": 38.60495319197647, "encoding_time": 0.2778151035308838, "decoding_time": 0.17780303955078125}