{"MSE": 9.312557220458984, "PSNR": 38.44011406606515, "encoding_time": 0.27789306640625, "decoding_time": 0.18123793601989746}