{"MSE": 7.043987274169922, "PSNR": 39.652617981784026, "encoding_time": 0.2902998924255371, "decoding_time": 0.16452622413635254}