{"MSE": 5.796119689941406, "PSNR": 40.499430157898935, "encoding_time": 0.2764589786529541, "decoding_time": 0.14621996879577637}