{"MSE": 7.838344573974609, "PSNR": 39.18856009701522, "encoding_time": 0.29998111724853516, "decoding_time": 0.20927190780639648}