{"MSE": 7.162448883056641, "PSNR": 39.580188253529386, "encoding_time": 0.2855401039123535, "decoding_time": 0.1624009609222412}