{"MSE": 5.905143737792969, "PSNR": 40.418498875770425, "encoding_time": 0.27512598037719727, "decoding_time": 0.14551210403442383}