{"MSE": 8.796070098876953, "PSNR": 38.687916791247986, "encoding_time": 0.3159008026123047, "decoding_time": 0.1914072036743164}