{"MSE": 7.529682159423828, "PSNR": 39.36303716582441, "encoding_time": 0.29099416732788086, "decoding_time": 0.1703040599822998}