{"MSE": 7.793140411376953, "PSNR": 39.213678597426934, "encoding_time": 0.2995426654815674, "decoding_time": 0.16770720481872559}