{"MSE": 8.147712707519531, "PSNR": 39.02044653713403, "encoding_time": 0.3054800033569336, "decoding_time": 0.17920589447021484}