{"MSE": 6.625713348388672, "PSNR": 39.91847718018913, "encoding_time": 0.281235933303833, "decoding_time": 0.1524059772491455}