{"MSE": 6.029705047607422, "PSNR": 40.32784292397656, "encoding_time": 0.2749760150909424, "decoding_time": 0.18006491661071777}