{"MSE": 5.8218994140625, "PSNR": 40.48015663079268, "encoding_time": 0.26809000968933105, "decoding_time": 0.14151310920715332}