{"MSE": 7.669322967529297, "PSNR": 39.28323333873814, "encoding_time": 0.3032548427581787, "decoding_time": 0.17168188095092773}