{"MSE": 7.617771148681641, "PSNR": 39.312524393213536, "encoding_time": 0.29382824897766113, "decoding_time": 0.17040085792541504}