{"MSE": 5.901363372802734, "PSNR": 40.42128003991248, "encoding_time": 0.2991769313812256, "decoding_time": 0.16411399841308594}