{"MSE": 6.571464538574219, "PSNR": 39.9541819219992, "encoding_time": 0.28386592864990234, "decoding_time": 0.1530299186706543}