{"MSE": 8.756893157958984, "PSNR": 38.70730309914591, "encoding_time": 0.3072352409362793, "decoding_time": 0.18906807899475098}