{"MSE": 8.732303619384766, "PSNR": 38.719515332890076, "encoding_time": 0.30156421661376953, "decoding_time": 0.18712091445922852}