{"MSE": 7.673824310302734, "PSNR": 39.28068508921886, "encoding_time": 0.2923860549926758, "decoding_time": 0.19903898239135742}