{"MSE": 8.244014739990234, "PSNR": 38.96941601257738, "encoding_time": 0.2874138355255127, "decoding_time": 0.1766350269317627}