{"MSE": 7.1676483154296875, "PSNR": 39.57703672586498, "encoding_time": 0.2875511646270752, "decoding_time": 0.16254305839538574}