{"MSE": 8.076133728027344, "PSNR": 39.0587685930563, "encoding_time": 0.29700422286987305, "decoding_time": 0.17397499084472656}