{"MSE": 6.048404693603516, "PSNR": 40.31439519128912, "encoding_time": 0.28479790687561035, "decoding_time": 0.1561291217803955}