{"MSE": 8.586307525634766, "PSNR": 38.792739218334496, "encoding_time": 0.2968871593475342, "decoding_time": 0.1911909580230713}