{"MSE": 7.035503387451172, "PSNR": 39.65785184389101, "encoding_time": 0.28086113929748535, "decoding_time": 0.16469097137451172}