{"MSE": 7.147991180419922, "PSNR": 39.58896352890113, "encoding_time": 0.2885429859161377, "decoding_time": 0.19307494163513184}