{"MSE": 7.422676086425781, "PSNR": 39.425198518102064, "encoding_time": 0.2826070785522461, "decoding_time": 0.1594409942626953}