{"MSE": 8.667766571044922, "PSNR": 38.751731539137346, "encoding_time": 0.28935766220092773, "decoding_time": 0.18271636962890625}