{"MSE": 6.793296813964844, "PSNR": 39.80999770588831, "encoding_time": 0.2916841506958008, "decoding_time": 0.1597278118133545}