{"MSE": 8.66946029663086, "PSNR": 38.75088298857757, "encoding_time": 0.29802584648132324, "decoding_time": 0.18175697326660156}