{"MSE": 6.196563720703125, "PSNR": 40.209294408617126, "encoding_time": 0.28058695793151855, "decoding_time": 0.15181183815002441}