{"MSE": 6.036220550537109, "PSNR": 40.323152612866636, "encoding_time": 0.27087831497192383, "decoding_time": 0.14681077003479004}