{"MSE": 7.535980224609375, "PSNR": 39.35940610726705, "encoding_time": 0.2975289821624756, "decoding_time": 0.18719100952148438}