{"MSE": 5.695400238037109, "PSNR": 40.575561118095465, "encoding_time": 0.27980995178222656, "decoding_time": 0.1529710292816162}