{"MSE": 8.776508331298828, "PSNR": 38.697585914374656, "encoding_time": 0.306041955947876, "decoding_time": 0.18547415733337402}