{"MSE": 7.353046417236328, "PSNR": 39.466130533368094, "encoding_time": 0.29491186141967773, "decoding_time": 0.16815924644470215}