{"MSE": 8.290328979492188, "PSNR": 38.94508596162836, "encoding_time": 0.3127596378326416, "decoding_time": 0.2207193374633789}