{"MSE": 5.939300537109375, "PSNR": 40.393450591123795, "encoding_time": 0.27564311027526855, "decoding_time": 0.152055025100708}