{"MSE": 7.946479797363281, "PSNR": 39.129055772620156, "encoding_time": 0.2871859073638916, "decoding_time": 0.171281099319458}