{"MSE": 6.9080657958984375, "PSNR": 39.737238955133776, "encoding_time": 0.2875511646270752, "decoding_time": 0.18503975868225098}