{"MSE": 8.628799438476562, "PSNR": 38.77129986185752, "encoding_time": 0.3102288246154785, "decoding_time": 0.2337629795074463}