{"MSE": 7.7761993408203125, "PSNR": 39.22312975782429, "encoding_time": 0.29028797149658203, "decoding_time": 0.17588305473327637}