{"MSE": 6.928356170654297, "PSNR": 39.72450155216911, "encoding_time": 0.2884640693664551, "decoding_time": 0.16135311126708984}