{"MSE": 6.503074645996094, "PSNR": 39.99961621751886, "encoding_time": 0.28418993949890137, "decoding_time": 0.15841197967529297}