{"MSE": 6.912601470947266, "PSNR": 39.73438841444989, "encoding_time": 0.28179001808166504, "decoding_time": 0.16582703590393066}