{"MSE": 7.868865966796875, "PSNR": 39.17168212987842, "encoding_time": 0.28569698333740234, "decoding_time": 0.1715540885925293}