{"MSE": 7.444713592529297, "PSNR": 39.412323663118435, "encoding_time": 0.2840888500213623, "decoding_time": 0.17238926887512207}