{"MSE": 17.572750091552734, "PSNR": 35.682406280507685, "encoding_time": 0.32271695137023926, "decoding_time": 0.23314881324768066}