{"MSE": 16.133079528808594, "PSNR": 36.05363086181069, "encoding_time": 0.3172008991241455, "decoding_time": 0.21253418922424316}