{"MSE": 12.224468231201172, "PSNR": 37.25850384628734, "encoding_time": 0.2959129810333252, "decoding_time": 0.17904996871948242}