{"MSE": 12.713726043701172, "PSNR": 37.088075118819134, "encoding_time": 0.30109596252441406, "decoding_time": 0.1862351894378662}