{"MSE": 18.592456817626953, "PSNR": 35.437435793886685, "encoding_time": 0.32345080375671387, "decoding_time": 0.2362661361694336}