{"MSE": 17.05878448486328, "PSNR": 35.81132278369549, "encoding_time": 0.32242774963378906, "decoding_time": 0.2227621078491211}