{"MSE": 17.351245880126953, "PSNR": 35.73749696758994, "encoding_time": 0.32105278968811035, "decoding_time": 0.23190021514892578}