{"MSE": 12.552082061767578, "PSNR": 37.14364590991998, "encoding_time": 0.31275224685668945, "decoding_time": 0.19327998161315918}