{"MSE": 17.33344268798828, "PSNR": 35.74195532031231, "encoding_time": 0.3257710933685303, "decoding_time": 0.23058032989501953}