{"MSE": 15.333152770996094, "PSNR": 36.27448898103069, "encoding_time": 0.3188180923461914, "decoding_time": 0.20799493789672852}