{"MSE": 12.301666259765625, "PSNR": 37.23116420289453, "encoding_time": 0.30080699920654297, "decoding_time": 0.18210721015930176}