{"MSE": 18.559436798095703, "PSNR": 35.44515567820757, "encoding_time": 0.3225412368774414, "decoding_time": 0.24089384078979492}