{"MSE": 17.574363708496094, "PSNR": 35.6820075081141, "encoding_time": 0.32772397994995117, "decoding_time": 0.233626127243042}