{"MSE": 11.360042572021484, "PSNR": 37.57700401961276, "encoding_time": 0.3021109104156494, "decoding_time": 0.18896174430847168}