{"MSE": 18.249752044677734, "PSNR": 35.518233926978695, "encoding_time": 0.32533717155456543, "decoding_time": 0.23512887954711914}