{"MSE": 17.324195861816406, "PSNR": 35.74427275787868, "encoding_time": 0.3217012882232666, "decoding_time": 0.25255489349365234}