{"MSE": 15.085548400878906, "PSNR": 36.34519258279574, "encoding_time": 0.3168058395385742, "decoding_time": 0.20455503463745117}