{"MSE": 11.174808502197266, "PSNR": 37.64840271314639, "encoding_time": 0.2941160202026367, "decoding_time": 0.1865220069885254}