{"MSE": 11.019886016845703, "PSNR": 37.709032584130284, "encoding_time": 0.30747294425964355, "decoding_time": 0.2029578685760498}