{"MSE": 16.754192352294922, "PSNR": 35.88956863665032, "encoding_time": 0.3542752265930176, "decoding_time": 0.249586820602417}