{"MSE": 13.120643615722656, "PSNR": 36.95125221567522, "encoding_time": 0.30267977714538574, "decoding_time": 0.1891791820526123}