{"MSE": 12.536781311035156, "PSNR": 37.148943106797475, "encoding_time": 0.30114102363586426, "decoding_time": 0.20186901092529297}