{"MSE": 11.725536346435547, "PSNR": 37.43947643641139, "encoding_time": 0.3015632629394531, "decoding_time": 0.206129789352417}