{"MSE": 11.821273803710938, "PSNR": 37.404160843128416, "encoding_time": 0.2967031002044678, "decoding_time": 0.18442392349243164}