{"MSE": 17.248062133789062, "PSNR": 35.76340052871868, "encoding_time": 0.32599973678588867, "decoding_time": 0.22877120971679688}