{"MSE": 15.911739349365234, "PSNR": 36.11362704882975, "encoding_time": 0.3118598461151123, "decoding_time": 0.21389389038085938}