{"MSE": 17.410701751708984, "PSNR": 35.72264084825085, "encoding_time": 0.3319690227508545, "decoding_time": 0.24006009101867676}