{"MSE": 12.564994812011719, "PSNR": 37.139180472560795, "encoding_time": 0.2998690605163574, "decoding_time": 0.18508410453796387}