{"MSE": 17.14487075805664, "PSNR": 35.789461452153944, "encoding_time": 0.3156561851501465, "decoding_time": 0.22141003608703613}