{"MSE": 14.228328704833984, "PSNR": 36.59926471106586, "encoding_time": 0.3037087917327881, "decoding_time": 0.19149208068847656}