{"MSE": 15.925193786621094, "PSNR": 36.109956350914075, "encoding_time": 0.3185410499572754, "decoding_time": 0.2385551929473877}