{"MSE": 13.207122802734375, "PSNR": 36.922721448426685, "encoding_time": 0.30053186416625977, "decoding_time": 0.19696807861328125}