{"MSE": 17.46027374267578, "PSNR": 35.71029312563559, "encoding_time": 0.3303830623626709, "decoding_time": 0.2418980598449707}