{"MSE": 17.894954681396484, "PSNR": 35.60349757982309, "encoding_time": 0.32277917861938477, "decoding_time": 0.2695620059967041}