{"MSE": 13.66451644897461, "PSNR": 36.774860930981205, "encoding_time": 0.3075137138366699, "decoding_time": 0.20058012008666992}