{"MSE": 16.625064849853516, "PSNR": 35.92317012824881, "encoding_time": 0.3232550621032715, "decoding_time": 0.23264217376708984}