{"MSE": 11.85500717163086, "PSNR": 37.39178539829218, "encoding_time": 0.3251001834869385, "decoding_time": 0.19723081588745117}