{"MSE": 16.08185577392578, "PSNR": 36.06744197931087, "encoding_time": 0.32005929946899414, "decoding_time": 0.22255492210388184}