{"MSE": 12.295928955078125, "PSNR": 37.23319015688735, "encoding_time": 0.305513858795166, "decoding_time": 0.22202396392822266}