{"MSE": 16.835704803466797, "PSNR": 35.86849058626172, "encoding_time": 0.3213629722595215, "decoding_time": 0.22768306732177734}