{"MSE": 11.003761291503906, "PSNR": 37.71539200352291, "encoding_time": 0.29800987243652344, "decoding_time": 0.18892741203308105}