{"MSE": 7.594806671142578, "PSNR": 39.32563637669052, "encoding_time": 0.2601199150085449, "decoding_time": 0.15479803085327148}