{"MSE": 8.645339965820312, "PSNR": 38.76298284903222, "encoding_time": 0.2680339813232422, "decoding_time": 0.1678941249847412}