{"MSE": 8.77621841430664, "PSNR": 38.69772937852328, "encoding_time": 0.2689342498779297, "decoding_time": 0.16899394989013672}