{"MSE": 7.632720947265625, "PSNR": 39.30400976028308, "encoding_time": 0.2648160457611084, "decoding_time": 0.16349577903747559}