{"MSE": 7.934024810791016, "PSNR": 39.13586806628848, "encoding_time": 0.2660701274871826, "decoding_time": 0.16424870491027832}