{"MSE": 7.153911590576172, "PSNR": 39.58536792117046, "encoding_time": 0.25511717796325684, "decoding_time": 0.15040087699890137}