{"MSE": 7.791774749755859, "PSNR": 39.2144397171399, "encoding_time": 0.27400898933410645, "decoding_time": 0.16322898864746094}