{"MSE": 7.695106506347656, "PSNR": 39.26865725680403, "encoding_time": 0.25973081588745117, "decoding_time": 0.15640807151794434}