{"MSE": 6.480232238769531, "PSNR": 40.014897904589276, "encoding_time": 0.2574310302734375, "decoding_time": 0.14627885818481445}