{"MSE": 7.790187835693359, "PSNR": 39.215324314339014, "encoding_time": 0.2636120319366455, "decoding_time": 0.161668062210083}