{"MSE": 8.427169799804688, "PSNR": 38.87398616219807, "encoding_time": 0.27762365341186523, "decoding_time": 0.17212414741516113}