{"MSE": 7.574180603027344, "PSNR": 39.3374470439746, "encoding_time": 0.25981593132019043, "decoding_time": 0.15495920181274414}