{"MSE": 8.299339294433594, "PSNR": 38.94036841046408, "encoding_time": 0.2690868377685547, "decoding_time": 0.16998600959777832}