{"MSE": 8.625789642333984, "PSNR": 38.77281498095252, "encoding_time": 0.31995487213134766, "decoding_time": 0.17459893226623535}