{"MSE": 9.041202545166016, "PSNR": 38.56854162251373, "encoding_time": 0.277008056640625, "decoding_time": 0.17373085021972656}