{"MSE": 8.155754089355469, "PSNR": 39.01616238323604, "encoding_time": 0.2757289409637451, "decoding_time": 0.16592097282409668}