{"MSE": 7.0952911376953125, "PSNR": 39.62110140510577, "encoding_time": 0.2619199752807617, "decoding_time": 0.1546187400817871}