{"MSE": 6.951301574707031, "PSNR": 39.710142305527675, "encoding_time": 0.2605741024017334, "decoding_time": 0.1737227439880371}