{"MSE": 9.111095428466797, "PSNR": 38.53509765460417, "encoding_time": 0.2759060859680176, "decoding_time": 0.1794297695159912}