{"MSE": 13.9183349609375, "PSNR": 36.6949307678074, "encoding_time": 0.28757715225219727, "decoding_time": 0.19338393211364746}