{"MSE": 17.19292449951172, "PSNR": 35.77730604833954, "encoding_time": 0.3010251522064209, "decoding_time": 0.2058119773864746}