{"MSE": 17.72686004638672, "PSNR": 35.64448544911285, "encoding_time": 0.30448007583618164, "decoding_time": 0.2112140655517578}