{"MSE": 15.208587646484375, "PSNR": 36.30991475928538, "encoding_time": 0.296004056930542, "decoding_time": 0.1930229663848877}