{"MSE": 15.65256118774414, "PSNR": 36.18494950698078, "encoding_time": 0.2978348731994629, "decoding_time": 0.20226097106933594}