{"MSE": 13.39544677734375, "PSNR": 36.86123157690445, "encoding_time": 0.30065274238586426, "decoding_time": 0.20764422416687012}