{"MSE": 17.448997497558594, "PSNR": 35.71309880505961, "encoding_time": 0.30159521102905273, "decoding_time": 0.2094438076019287}