{"MSE": 21.774341583251953, "PSNR": 34.75135329270123, "encoding_time": 0.329923152923584, "decoding_time": 0.2512359619140625}