{"MSE": 16.175716400146484, "PSNR": 36.04216836798231, "encoding_time": 0.2984631061553955, "decoding_time": 0.2014310359954834}