{"MSE": 15.72207260131836, "PSNR": 36.165705634404176, "encoding_time": 0.2983739376068115, "decoding_time": 0.1992790699005127}