{"MSE": 14.763263702392578, "PSNR": 36.43897983648128, "encoding_time": 0.29517269134521484, "decoding_time": 0.19284415245056152}