{"MSE": 17.96817398071289, "PSNR": 35.58576416780349, "encoding_time": 0.33916783332824707, "decoding_time": 0.2524302005767822}