{"MSE": 19.98659896850586, "PSNR": 35.123414624413904, "encoding_time": 0.30894899368286133, "decoding_time": 0.22140789031982422}