{"MSE": 17.257984161376953, "PSNR": 35.7609029479106, "encoding_time": 0.3264598846435547, "decoding_time": 0.22381091117858887}