{"MSE": 20.9552001953125, "PSNR": 34.91788546649886, "encoding_time": 0.3175468444824219, "decoding_time": 0.23511195182800293}