{"MSE": 15.163200378417969, "PSNR": 36.32289486748773, "encoding_time": 0.29453587532043457, "decoding_time": 0.19585609436035156}