{"MSE": 21.17627716064453, "PSNR": 34.87230748377848, "encoding_time": 0.3289961814880371, "decoding_time": 0.25069284439086914}