{"MSE": 21.368247985839844, "PSNR": 34.833114456890705, "encoding_time": 0.32858896255493164, "decoding_time": 0.25368785858154297}