{"MSE": 20.702083587646484, "PSNR": 34.97066303088337, "encoding_time": 0.3193690776824951, "decoding_time": 0.23596787452697754}