{"MSE": 14.261425018310547, "PSNR": 36.589174379699905, "encoding_time": 0.29331088066101074, "decoding_time": 0.18770313262939453}