{"MSE": 13.528640747070312, "PSNR": 36.81826196620699, "encoding_time": 0.2885560989379883, "decoding_time": 0.18341803550720215}