{"MSE": 21.66399383544922, "PSNR": 34.77341837442567, "encoding_time": 0.3362081050872803, "decoding_time": 0.2532637119293213}