{"MSE": 20.78034210205078, "PSNR": 34.95427667896514, "encoding_time": 0.32225513458251953, "decoding_time": 0.2404627799987793}