{"MSE": 17.304264068603516, "PSNR": 35.74927226913627, "encoding_time": 0.3187751770019531, "decoding_time": 0.22017979621887207}