{"MSE": 17.47545623779297, "PSNR": 35.70651838025617, "encoding_time": 0.33370494842529297, "decoding_time": 0.2538869380950928}