{"MSE": 17.255516052246094, "PSNR": 35.76152408814353, "encoding_time": 0.3032519817352295, "decoding_time": 0.20883417129516602}