{"MSE": 21.30438995361328, "PSNR": 34.84611258077632, "encoding_time": 0.32726502418518066, "decoding_time": 0.24563932418823242}