{"MSE": 17.927234649658203, "PSNR": 35.59567057865515, "encoding_time": 0.31623411178588867, "decoding_time": 0.22392487525939941}