{"MSE": 16.840579986572266, "PSNR": 35.86723316422188, "encoding_time": 0.30269694328308105, "decoding_time": 0.2060248851776123}