{"MSE": 17.256027221679688, "PSNR": 35.761395436658674, "encoding_time": 0.3210771083831787, "decoding_time": 0.2314310073852539}