{"MSE": 21.198734283447266, "PSNR": 34.86770429662013, "encoding_time": 0.31639981269836426, "decoding_time": 0.2314753532409668}