{"MSE": 21.06015396118164, "PSNR": 34.8961881907793, "encoding_time": 0.3247101306915283, "decoding_time": 0.24386286735534668}