{"MSE": 21.733699798583984, "PSNR": 34.759466968881206, "encoding_time": 0.33649611473083496, "decoding_time": 0.25319385528564453}