{"MSE": 21.97336196899414, "PSNR": 34.711838509260595, "encoding_time": 0.3302130699157715, "decoding_time": 0.24735474586486816}