{"MSE": 20.993961334228516, "PSNR": 34.90985967865448, "encoding_time": 0.32542991638183594, "decoding_time": 0.24243521690368652}