{"MSE": 17.93613052368164, "PSNR": 35.59351605185007, "encoding_time": 0.31874608993530273, "decoding_time": 0.22146987915039062}