{"MSE": 14.875530242919922, "PSNR": 36.406079056290096, "encoding_time": 0.2930469512939453, "decoding_time": 0.19133710861206055}