{"MSE": 21.781326293945312, "PSNR": 34.74996039874017, "encoding_time": 0.3265061378479004, "decoding_time": 0.24291086196899414}