{"MSE": 13.780654907226562, "PSNR": 36.738105035404146, "encoding_time": 0.2897341251373291, "decoding_time": 0.1881117820739746}