{"MSE": 21.387012481689453, "PSNR": 34.829302379762744, "encoding_time": 0.3184671401977539, "decoding_time": 0.23097586631774902}