{"MSE": 16.886268615722656, "PSNR": 35.85546667403038, "encoding_time": 0.3045470714569092, "decoding_time": 0.20632505416870117}