{"MSE": 17.200775146484375, "PSNR": 35.775323422013265, "encoding_time": 0.3019137382507324, "decoding_time": 0.20787310600280762}