{"MSE": 15.923587799072266, "PSNR": 36.11039434037321, "encoding_time": 0.2975490093231201, "decoding_time": 0.20014023780822754}