{"MSE": 21.25701904296875, "PSNR": 34.85577999267632, "encoding_time": 0.3265039920806885, "decoding_time": 0.24399900436401367}