{"MSE": 14.528945922851562, "PSNR": 36.508462535550684, "encoding_time": 0.2949681282043457, "decoding_time": 0.19195795059204102}