{"MSE": 21.076114654541016, "PSNR": 34.892898083889165, "encoding_time": 0.33255887031555176, "decoding_time": 0.2514219284057617}