{"MSE": 14.191368103027344, "PSNR": 36.61056095716646, "encoding_time": 0.28986597061157227, "decoding_time": 0.18900179862976074}