{"MSE": 20.965682983398438, "PSNR": 34.915713462108506, "encoding_time": 0.3327758312225342, "decoding_time": 0.26851725578308105}