{"MSE": 16.225093841552734, "PSNR": 36.028931435464635, "encoding_time": 0.297882080078125, "decoding_time": 0.20199084281921387}