{"MSE": 21.203739166259766, "PSNR": 34.86667907671134, "encoding_time": 0.32320499420166016, "decoding_time": 0.24057221412658691}