{"MSE": 21.220443725585938, "PSNR": 34.86325899985027, "encoding_time": 0.3280370235443115, "decoding_time": 0.24221396446228027}