{"MSE": 18.041790008544922, "PSNR": 35.56800737181494, "encoding_time": 0.3268437385559082, "decoding_time": 0.24646711349487305}