{"MSE": 21.39703369140625, "PSNR": 34.827267903573194, "encoding_time": 0.33182811737060547, "decoding_time": 0.248870849609375}