{"MSE": 16.999122619628906, "PSNR": 35.8265385427122, "encoding_time": 0.303725004196167, "decoding_time": 0.20707988739013672}