{"MSE": 21.168258666992188, "PSNR": 34.87395227100778, "encoding_time": 0.3301208019256592, "decoding_time": 0.24941706657409668}