{"MSE": 20.725543975830078, "PSNR": 34.96574422726374, "encoding_time": 0.332183837890625, "decoding_time": 0.2564122676849365}