{"MSE": 19.75414276123047, "PSNR": 35.174221728208366, "encoding_time": 0.32568812370300293, "decoding_time": 0.23970770835876465}