{"MSE": 21.083518981933594, "PSNR": 34.89137261590736, "encoding_time": 0.33450794219970703, "decoding_time": 0.25415611267089844}