{"MSE": 16.37813949584961, "PSNR": 35.988157951027176, "encoding_time": 0.29999399185180664, "decoding_time": 0.20212602615356445}