{"MSE": 21.739681243896484, "PSNR": 34.75827188874383, "encoding_time": 0.3250417709350586, "decoding_time": 0.24437713623046875}