{"MSE": 17.21304702758789, "PSNR": 35.7722260558185, "encoding_time": 0.3006272315979004, "decoding_time": 0.2087268829345703}