{"MSE": 14.82064437866211, "PSNR": 36.42213274362698, "encoding_time": 0.2929558753967285, "decoding_time": 0.19272518157958984}