{"MSE": 17.869483947753906, "PSNR": 35.60968350157396, "encoding_time": 0.322983980178833, "decoding_time": 0.2301030158996582}