{"MSE": 21.72806167602539, "PSNR": 34.76059375502431, "encoding_time": 0.33238887786865234, "decoding_time": 0.25905799865722656}