{"MSE": 15.930912017822266, "PSNR": 36.10839721729063, "encoding_time": 0.301332950592041, "decoding_time": 0.20227622985839844}