{"MSE": 20.49022674560547, "PSNR": 35.015335965213566, "encoding_time": 0.32555103302001953, "decoding_time": 0.24152183532714844}