{"MSE": 14.495063781738281, "PSNR": 36.51860230173372, "encoding_time": 0.2955000400543213, "decoding_time": 0.18978404998779297}