{"MSE": 15.452033996582031, "PSNR": 36.2409470588699, "encoding_time": 0.2965559959411621, "decoding_time": 0.19559597969055176}