{"MSE": 21.576663970947266, "PSNR": 34.79096062829002, "encoding_time": 0.32747793197631836, "decoding_time": 0.2445392608642578}