{"MSE": 18.4251708984375, "PSNR": 35.47668836119499, "encoding_time": 0.33295202255249023, "decoding_time": 0.23021578788757324}