{"MSE": 17.581253051757812, "PSNR": 35.68030535973694, "encoding_time": 0.303666353225708, "decoding_time": 0.20982074737548828}