{"MSE": 21.473167419433594, "PSNR": 34.81184250697015, "encoding_time": 0.3280599117279053, "decoding_time": 0.24548101425170898}