{"MSE": 21.3184814453125, "PSNR": 34.8432409500725, "encoding_time": 0.3255789279937744, "decoding_time": 0.24428701400756836}