{"MSE": 21.66037368774414, "PSNR": 34.774144160058796, "encoding_time": 0.3275749683380127, "decoding_time": 0.24703073501586914}