{"MSE": 21.600910186767578, "PSNR": 34.78608309681678, "encoding_time": 0.32985615730285645, "decoding_time": 0.24718570709228516}