{"MSE": 17.613601684570312, "PSNR": 35.672321899206146, "encoding_time": 0.3415710926055908, "decoding_time": 0.2332007884979248}