{"MSE": 14.674991607666016, "PSNR": 36.46502499312509, "encoding_time": 0.2917490005493164, "decoding_time": 0.1917719841003418}