{"MSE": 21.080509185791016, "PSNR": 34.891992641040346, "encoding_time": 0.329118013381958, "decoding_time": 0.24611401557922363}