{"MSE": 16.76575469970703, "PSNR": 35.88657253175177, "encoding_time": 0.29891014099121094, "decoding_time": 0.20616579055786133}