{"MSE": 21.500526428222656, "PSNR": 34.80631267367499, "encoding_time": 0.32689881324768066, "decoding_time": 0.24539613723754883}