{"MSE": 21.550750732421875, "PSNR": 34.79617957217133, "encoding_time": 0.33239078521728516, "decoding_time": 0.2553269863128662}