{"MSE": 16.83776092529297, "PSNR": 35.86796022067861, "encoding_time": 0.29871487617492676, "decoding_time": 0.2111668586730957}