{"MSE": 20.95868682861328, "PSNR": 34.917162925253486, "encoding_time": 0.32279205322265625, "decoding_time": 0.23754191398620605}