{"MSE": 14.314289093017578, "PSNR": 36.57310576840451, "encoding_time": 0.29134702682495117, "decoding_time": 0.19095087051391602}