{"MSE": 18.795928955078125, "PSNR": 35.390165660617846, "encoding_time": 0.3091399669647217, "decoding_time": 0.2179269790649414}