{"MSE": 17.255474090576172, "PSNR": 35.76153464925558, "encoding_time": 0.3270688056945801, "decoding_time": 0.226790189743042}