{"MSE": 20.869304656982422, "PSNR": 34.93572381791263, "encoding_time": 0.313478946685791, "decoding_time": 0.2274620532989502}