{"MSE": 21.59365463256836, "PSNR": 34.78754209851975, "encoding_time": 0.31826090812683105, "decoding_time": 0.23296594619750977}