{"MSE": 21.41427230834961, "PSNR": 34.8237703991435, "encoding_time": 0.33231091499328613, "decoding_time": 0.2559621334075928}