{"MSE": 14.37701416015625, "PSNR": 36.55411660385195, "encoding_time": 0.29280781745910645, "decoding_time": 0.18987202644348145}