{"MSE": 14.856510162353516, "PSNR": 36.41163556505946, "encoding_time": 0.29462099075317383, "decoding_time": 0.19392704963684082}