{"MSE": 16.752376556396484, "PSNR": 35.890039344434136, "encoding_time": 0.30011487007141113, "decoding_time": 0.20266509056091309}