{"MSE": 20.96554946899414, "PSNR": 34.91574111909145, "encoding_time": 0.32216501235961914, "decoding_time": 0.24144506454467773}