{"MSE": 14.129325866699219, "PSNR": 36.62958919426769, "encoding_time": 0.2944061756134033, "decoding_time": 0.1885690689086914}