{"MSE": 20.711227416992188, "PSNR": 34.968745234601684, "encoding_time": 0.33629703521728516, "decoding_time": 0.2576289176940918}