{"MSE": 16.35284423828125, "PSNR": 35.994870607790915, "encoding_time": 0.29927682876586914, "decoding_time": 0.2017991542816162}