{"MSE": 20.214557647705078, "PSNR": 35.07416118698722, "encoding_time": 0.31171321868896484, "decoding_time": 0.22536492347717285}