{"MSE": 20.422653198242188, "PSNR": 35.02968198312685, "encoding_time": 0.3257160186767578, "decoding_time": 0.2388899326324463}