{"MSE": 8.01483154296875, "PSNR": 39.09185962153784, "encoding_time": 0.2848200798034668, "decoding_time": 0.16733694076538086}