{"MSE": 9.883533477783203, "PSNR": 38.1816812320769, "encoding_time": 0.28522515296936035, "decoding_time": 0.18628287315368652}