{"MSE": 9.823905944824219, "PSNR": 38.20796165034923, "encoding_time": 0.28997302055358887, "decoding_time": 0.17197179794311523}