{"MSE": 8.09756088256836, "PSNR": 39.04726138873675, "encoding_time": 0.28005290031433105, "decoding_time": 0.1775660514831543}