{"MSE": 7.6078338623046875, "PSNR": 39.31819340833417, "encoding_time": 0.2851099967956543, "decoding_time": 0.16769981384277344}