{"MSE": 8.470367431640625, "PSNR": 38.851781110953, "encoding_time": 0.2824239730834961, "decoding_time": 0.1662430763244629}