{"MSE": 8.322029113769531, "PSNR": 38.928511300734016, "encoding_time": 0.2945270538330078, "decoding_time": 0.19268202781677246}