{"MSE": 7.900604248046875, "PSNR": 39.154200529246786, "encoding_time": 0.2772212028503418, "decoding_time": 0.15614581108093262}