{"MSE": 7.943519592285156, "PSNR": 39.130673898227435, "encoding_time": 0.2807648181915283, "decoding_time": 0.1607811450958252}