{"MSE": 7.9554595947265625, "PSNR": 39.12415086541121, "encoding_time": 0.2777681350708008, "decoding_time": 0.1555631160736084}