{"MSE": 8.094242095947266, "PSNR": 39.04904171022196, "encoding_time": 0.2852749824523926, "decoding_time": 0.17032790184020996}