{"MSE": 8.313278198242188, "PSNR": 38.93308046751213, "encoding_time": 0.2809181213378906, "decoding_time": 0.16665983200073242}