{"MSE": 8.968055725097656, "PSNR": 38.603820626829524, "encoding_time": 0.2870519161224365, "decoding_time": 0.1735849380493164}