{"MSE": 9.292560577392578, "PSNR": 38.449449599630384, "encoding_time": 0.28493690490722656, "decoding_time": 0.17273402214050293}