{"MSE": 7.854373931884766, "PSNR": 39.17968787502596, "encoding_time": 0.2759101390838623, "decoding_time": 0.15972590446472168}