{"MSE": 8.714519500732422, "PSNR": 38.72836914795781, "encoding_time": 0.28162717819213867, "decoding_time": 0.1694798469543457}