{"MSE": 8.021526336669922, "PSNR": 39.08823347132016, "encoding_time": 0.2896571159362793, "decoding_time": 0.16991496086120605}