{"MSE": 10.264202117919922, "PSNR": 38.01755165490802, "encoding_time": 0.2966029644012451, "decoding_time": 0.17975425720214844}