{"MSE": 9.118656158447266, "PSNR": 38.53149521001539, "encoding_time": 0.2896912097930908, "decoding_time": 0.17297983169555664}