{"MSE": 10.078125, "PSNR": 38.09700620216529, "encoding_time": 0.2804551124572754, "decoding_time": 0.1691911220550537}