{"MSE": 7.981754302978516, "PSNR": 39.109820058116554, "encoding_time": 0.280519962310791, "decoding_time": 0.15955090522766113}