{"MSE": 8.395622253417969, "PSNR": 38.89027470851154, "encoding_time": 0.2896280288696289, "decoding_time": 0.1956789493560791}