{"MSE": 8.223705291748047, "PSNR": 38.98012822502328, "encoding_time": 0.2871091365814209, "decoding_time": 0.17130303382873535}