{"MSE": 8.087589263916016, "PSNR": 39.05261273792424, "encoding_time": 0.2841489315032959, "decoding_time": 0.16311907768249512}