{"MSE": 10.219558715820312, "PSNR": 38.03648217654522, "encoding_time": 0.29052186012268066, "decoding_time": 0.195281982421875}