{"MSE": 10.130084991455078, "PSNR": 38.0746727175984, "encoding_time": 0.29027795791625977, "decoding_time": 0.20914912223815918}