{"MSE": 10.148189544677734, "PSNR": 38.06691790627356, "encoding_time": 0.2949199676513672, "decoding_time": 0.18005609512329102}