{"MSE": 9.48086166381836, "PSNR": 38.36232551078807, "encoding_time": 0.28925108909606934, "decoding_time": 0.17709112167358398}