{"MSE": 8.595916748046875, "PSNR": 38.787881601954254, "encoding_time": 0.28160810470581055, "decoding_time": 0.1660749912261963}