{"MSE": 10.42758560180664, "PSNR": 37.94896597138852, "encoding_time": 0.30193090438842773, "decoding_time": 0.20817899703979492}