{"MSE": 7.911128997802734, "PSNR": 39.148418947498136, "encoding_time": 0.27808618545532227, "decoding_time": 0.16487884521484375}