{"MSE": 12.429214477539062, "PSNR": 37.18636678634165, "encoding_time": 0.3155958652496338, "decoding_time": 0.219940185546875}