{"MSE": 20.66919708251953, "PSNR": 34.977567545552795, "encoding_time": 0.3648109436035156, "decoding_time": 0.2883291244506836}