{"MSE": 19.398170471191406, "PSNR": 35.25319589274481, "encoding_time": 0.3546779155731201, "decoding_time": 0.2733590602874756}