{"MSE": 20.249988555908203, "PSNR": 35.066555787546214, "encoding_time": 0.37503981590270996, "decoding_time": 0.2740061283111572}