{"MSE": 14.758316040039062, "PSNR": 36.44043554616709, "encoding_time": 0.32923007011413574, "decoding_time": 0.22994685173034668}