{"MSE": 15.339466094970703, "PSNR": 36.2727011703352, "encoding_time": 0.3260781764984131, "decoding_time": 0.23050689697265625}