{"MSE": 21.128772735595703, "PSNR": 34.8820608907058, "encoding_time": 0.3578300476074219, "decoding_time": 0.2897670269012451}