{"MSE": 20.957805633544922, "PSNR": 34.91734552553, "encoding_time": 0.35384583473205566, "decoding_time": 0.2800300121307373}