{"MSE": 20.821475982666016, "PSNR": 34.94568848546089, "encoding_time": 0.35362696647644043, "decoding_time": 0.27643513679504395}