{"MSE": 14.70645523071289, "PSNR": 36.45572355663124, "encoding_time": 0.3232288360595703, "decoding_time": 0.2255239486694336}