{"MSE": 21.51375961303711, "PSNR": 34.80364049201017, "encoding_time": 0.3580148220062256, "decoding_time": 0.2629539966583252}