{"MSE": 15.27596664428711, "PSNR": 36.29071659465783, "encoding_time": 0.32245588302612305, "decoding_time": 0.22394299507141113}