{"MSE": 21.233665466308594, "PSNR": 34.86055390047027, "encoding_time": 0.353895902633667, "decoding_time": 0.2784562110900879}