{"MSE": 12.382694244384766, "PSNR": 37.202652114855525, "encoding_time": 0.31562328338623047, "decoding_time": 0.22816896438598633}