{"MSE": 19.81670379638672, "PSNR": 35.160489429128916, "encoding_time": 0.3560209274291992, "decoding_time": 0.28034305572509766}