{"MSE": 14.665061950683594, "PSNR": 36.467964589258216, "encoding_time": 0.3278510570526123, "decoding_time": 0.2318720817565918}