{"MSE": 15.419425964355469, "PSNR": 36.25012154802341, "encoding_time": 0.3357231616973877, "decoding_time": 0.2530789375305176}