{"MSE": 21.099884033203125, "PSNR": 34.888002924838844, "encoding_time": 0.35592222213745117, "decoding_time": 0.2734389305114746}