{"MSE": 12.942890167236328, "PSNR": 37.01049095081607, "encoding_time": 0.3299891948699951, "decoding_time": 0.22756361961364746}