{"MSE": 20.841983795166016, "PSNR": 34.9414130697506, "encoding_time": 0.36589527130126953, "decoding_time": 0.2947967052459717}