{"MSE": 20.224651336669922, "PSNR": 35.071993175485204, "encoding_time": 0.3540780544281006, "decoding_time": 0.2762937545776367}