{"MSE": 13.229473114013672, "PSNR": 36.91537812843148, "encoding_time": 0.3159959316253662, "decoding_time": 0.21714210510253906}