{"MSE": 20.28546905517578, "PSNR": 35.05895306642729, "encoding_time": 0.34996485710144043, "decoding_time": 0.2772531509399414}