{"MSE": 20.727523803710938, "PSNR": 34.96532938302157, "encoding_time": 0.3537580966949463, "decoding_time": 0.2717559337615967}