{"MSE": 15.965476989746094, "PSNR": 36.09898462676435, "encoding_time": 0.3314943313598633, "decoding_time": 0.233048677444458}