{"MSE": 12.860614776611328, "PSNR": 37.038186311826436, "encoding_time": 0.3100318908691406, "decoding_time": 0.2108440399169922}