{"MSE": 20.138450622558594, "PSNR": 35.0905430636616, "encoding_time": 0.3643178939819336, "decoding_time": 0.28090906143188477}