{"MSE": 14.737060546875, "PSNR": 36.44669493055708, "encoding_time": 0.3211967945098877, "decoding_time": 0.2302861213684082}