{"MSE": 20.993999481201172, "PSNR": 34.90985178733544, "encoding_time": 0.38021326065063477, "decoding_time": 0.29742908477783203}