{"MSE": 20.321090698242188, "PSNR": 35.05133346649941, "encoding_time": 0.36637210845947266, "decoding_time": 0.2905540466308594}