{"MSE": 12.40561294555664, "PSNR": 37.19462133791599, "encoding_time": 0.312298059463501, "decoding_time": 0.2091670036315918}