{"MSE": 13.56351089477539, "PSNR": 36.80708240299311, "encoding_time": 0.31793904304504395, "decoding_time": 0.22374916076660156}