{"MSE": 14.979095458984375, "PSNR": 36.37594772406506, "encoding_time": 0.32175374031066895, "decoding_time": 0.22516608238220215}