{"MSE": 20.918201446533203, "PSNR": 34.925560198421174, "encoding_time": 0.36269497871398926, "decoding_time": 0.2868340015411377}