{"MSE": 14.209880828857422, "PSNR": 36.60489925135138, "encoding_time": 0.32913827896118164, "decoding_time": 0.2321639060974121}