{"MSE": 21.437400817871094, "PSNR": 34.81908232780233, "encoding_time": 0.3737490177154541, "decoding_time": 0.2950778007507324}