{"MSE": 12.700672149658203, "PSNR": 37.092536554109195, "encoding_time": 0.3154630661010742, "decoding_time": 0.21587681770324707}