{"MSE": 13.53342056274414, "PSNR": 36.816727827643426, "encoding_time": 0.3187141418457031, "decoding_time": 0.21838998794555664}