{"MSE": 11.872051239013672, "PSNR": 37.38554598541712, "encoding_time": 0.3122439384460449, "decoding_time": 0.2085411548614502}