{"MSE": 13.346111297607422, "PSNR": 36.8772561861367, "encoding_time": 0.3257570266723633, "decoding_time": 0.23324203491210938}