{"MSE": 12.805168151855469, "PSNR": 37.05695075061238, "encoding_time": 0.3190300464630127, "decoding_time": 0.23884892463684082}