{"MSE": 20.46111297607422, "PSNR": 35.02151107531789, "encoding_time": 0.3651390075683594, "decoding_time": 0.27855467796325684}