{"MSE": 20.80655288696289, "PSNR": 34.94880226171713, "encoding_time": 0.36876630783081055, "decoding_time": 0.30719780921936035}