{"MSE": 15.20119857788086, "PSNR": 36.312025284996004, "encoding_time": 0.33868980407714844, "decoding_time": 0.25693798065185547}