{"MSE": 13.646686553955078, "PSNR": 36.78053144364164, "encoding_time": 0.3224811553955078, "decoding_time": 0.23302197456359863}