{"MSE": 21.009521484375, "PSNR": 34.906641998975616, "encoding_time": 0.3637850284576416, "decoding_time": 0.2855980396270752}