{"MSE": 13.282176971435547, "PSNR": 36.898110983963534, "encoding_time": 0.31676697731018066, "decoding_time": 0.21421504020690918}