{"MSE": 21.60047149658203, "PSNR": 34.78617129803602, "encoding_time": 0.3671259880065918, "decoding_time": 0.3154420852661133}