{"MSE": 15.036449432373047, "PSNR": 36.35935062775153, "encoding_time": 0.3255918025970459, "decoding_time": 0.247664213180542}