{"MSE": 14.10152816772461, "PSNR": 36.63814181627562, "encoding_time": 0.3178880214691162, "decoding_time": 0.254396915435791}