{"MSE": 21.2607421875, "PSNR": 34.85501939706518, "encoding_time": 0.36321401596069336, "decoding_time": 0.3063969612121582}