{"MSE": 12.304962158203125, "PSNR": 37.23000078425093, "encoding_time": 0.31676197052001953, "decoding_time": 0.2140488624572754}