{"MSE": 20.06393051147461, "PSNR": 35.10664345830894, "encoding_time": 0.35709595680236816, "decoding_time": 0.29088401794433594}