{"MSE": 14.162303924560547, "PSNR": 36.6194645071108, "encoding_time": 0.330855131149292, "decoding_time": 0.24472999572753906}