{"MSE": 16.531970977783203, "PSNR": 35.94755726670511, "encoding_time": 0.3234081268310547, "decoding_time": 0.23837494850158691}