{"MSE": 12.889179229736328, "PSNR": 37.02855098079718, "encoding_time": 0.31375575065612793, "decoding_time": 0.21875905990600586}