{"MSE": 18.954803466796875, "PSNR": 35.35361075071857, "encoding_time": 0.34501075744628906, "decoding_time": 0.2768740653991699}