{"MSE": 12.647041320800781, "PSNR": 37.11091423367059, "encoding_time": 0.31888914108276367, "decoding_time": 0.22780871391296387}