{"MSE": 21.678470611572266, "PSNR": 34.770517208421374, "encoding_time": 0.35671496391296387, "decoding_time": 0.2822151184082031}