{"MSE": 20.818859100341797, "PSNR": 34.94623434925013, "encoding_time": 0.3650810718536377, "decoding_time": 0.28714990615844727}