{"MSE": 12.279449462890625, "PSNR": 37.23901464794716, "encoding_time": 0.32121896743774414, "decoding_time": 0.21721315383911133}