{"MSE": 20.873313903808594, "PSNR": 34.93488956561194, "encoding_time": 0.3681049346923828, "decoding_time": 0.2932400703430176}