{"MSE": 19.756385803222656, "PSNR": 35.17372862381502, "encoding_time": 0.3518972396850586, "decoding_time": 0.2701089382171631}