{"MSE": 21.315711975097656, "PSNR": 34.84380517589092, "encoding_time": 0.3595569133758545, "decoding_time": 0.3029520511627197}