{"MSE": 20.816722869873047, "PSNR": 34.946680003213196, "encoding_time": 0.35277581214904785, "decoding_time": 0.2719838619232178}