{"MSE": 15.60894775390625, "PSNR": 36.19706733915366, "encoding_time": 0.3265058994293213, "decoding_time": 0.23012399673461914}