{"MSE": 12.390888214111328, "PSNR": 37.199779219122455, "encoding_time": 0.31555986404418945, "decoding_time": 0.2225041389465332}