{"MSE": 21.185009002685547, "PSNR": 34.87051707975045, "encoding_time": 0.36979007720947266, "decoding_time": 0.29448699951171875}