{"MSE": 19.461666107177734, "PSNR": 35.23900343528594, "encoding_time": 0.35280513763427734, "decoding_time": 0.26915478706359863}