{"MSE": 16.51171875, "PSNR": 35.9528807835074, "encoding_time": 0.3329579830169678, "decoding_time": 0.24499893188476562}