{"MSE": 20.610183715820312, "PSNR": 34.98998497841177, "encoding_time": 0.35317206382751465, "decoding_time": 0.283581018447876}