{"MSE": 12.39510726928711, "PSNR": 37.19830071292276, "encoding_time": 0.31768012046813965, "decoding_time": 0.21801400184631348}