{"MSE": 19.770355224609375, "PSNR": 35.17065888281515, "encoding_time": 0.35646796226501465, "decoding_time": 0.27495408058166504}