{"MSE": 20.641441345214844, "PSNR": 34.98340341051407, "encoding_time": 0.35685110092163086, "decoding_time": 0.2721672058105469}