{"MSE": 18.83892822265625, "PSNR": 35.38024169429446, "encoding_time": 0.36153221130371094, "decoding_time": 0.2788980007171631}