{"MSE": 17.460437774658203, "PSNR": 35.71025232567378, "encoding_time": 0.3327748775482178, "decoding_time": 0.2510032653808594}