{"MSE": 11.827163696289062, "PSNR": 37.40199753073319, "encoding_time": 0.31844663619995117, "decoding_time": 0.21082329750061035}