{"MSE": 20.561840057373047, "PSNR": 35.0001838425061, "encoding_time": 0.356342077255249, "decoding_time": 0.2755160331726074}