{"MSE": 17.308391571044922, "PSNR": 35.74823649103158, "encoding_time": 0.34029388427734375, "decoding_time": 0.24686694145202637}