{"MSE": 20.919628143310547, "PSNR": 34.925264004022914, "encoding_time": 0.36359095573425293, "decoding_time": 0.30173802375793457}