{"MSE": 15.508621215820312, "PSNR": 36.22507172014852, "encoding_time": 0.32006120681762695, "decoding_time": 0.22826290130615234}