{"MSE": 20.205402374267578, "PSNR": 35.07612857379316, "encoding_time": 0.36186981201171875, "decoding_time": 0.2857809066772461}