{"MSE": 20.332557678222656, "PSNR": 35.04888347912531, "encoding_time": 0.355910062789917, "decoding_time": 0.29282093048095703}