{"MSE": 16.644126892089844, "PSNR": 35.91819342744576, "encoding_time": 0.3311288356781006, "decoding_time": 0.23718023300170898}