{"MSE": 14.936454772949219, "PSNR": 36.38832832682673, "encoding_time": 0.3376321792602539, "decoding_time": 0.25200676918029785}