{"MSE": 15.448776245117188, "PSNR": 36.24186277821756, "encoding_time": 0.3456399440765381, "decoding_time": 0.257235050201416}