{"MSE": 13.274642944335938, "PSNR": 36.900575124243915, "encoding_time": 0.31773900985717773, "decoding_time": 0.21567893028259277}