{"MSE": 14.429927825927734, "PSNR": 36.53816201976752, "encoding_time": 0.3234717845916748, "decoding_time": 0.22305607795715332}