{"MSE": 19.874847412109375, "PSNR": 35.14776557795165, "encoding_time": 0.3517167568206787, "decoding_time": 0.2651231288909912}