{"MSE": 15.3001708984375, "PSNR": 36.28384079080778, "encoding_time": 0.3244481086730957, "decoding_time": 0.23530888557434082}