{"MSE": 13.962261199951172, "PSNR": 36.68124602527977, "encoding_time": 0.32493114471435547, "decoding_time": 0.2232038974761963}