{"MSE": 13.379867553710938, "PSNR": 36.86628546462801, "encoding_time": 0.3225071430206299, "decoding_time": 0.22516775131225586}