{"MSE": 22.11996078491211, "PSNR": 34.68296008167952, "encoding_time": 0.3607370853424072, "decoding_time": 0.280153751373291}