{"MSE": 14.957027435302734, "PSNR": 36.38235070596177, "encoding_time": 0.3290579319000244, "decoding_time": 0.2400681972503662}