{"MSE": 13.718345642089844, "PSNR": 36.75778619893097, "encoding_time": 0.32234692573547363, "decoding_time": 0.2203679084777832}