{"MSE": 20.822940826416016, "PSNR": 34.94538295900309, "encoding_time": 0.3570849895477295, "decoding_time": 0.2693939208984375}