{"MSE": 14.189773559570312, "PSNR": 36.611048958271915, "encoding_time": 0.3349459171295166, "decoding_time": 0.25397610664367676}