{"MSE": 11.75997543334961, "PSNR": 37.426739463702944, "encoding_time": 0.3084878921508789, "decoding_time": 0.20779991149902344}