{"MSE": 21.572311401367188, "PSNR": 34.791836800639814, "encoding_time": 0.360170841217041, "decoding_time": 0.2900412082672119}