{"MSE": 17.14340591430664, "PSNR": 35.78983252566338, "encoding_time": 0.3344130516052246, "decoding_time": 0.2563138008117676}