{"MSE": 20.920021057128906, "PSNR": 34.92518243531646, "encoding_time": 0.359421968460083, "decoding_time": 0.30905604362487793}