{"MSE": 16.353763580322266, "PSNR": 35.994626458243076, "encoding_time": 0.3352689743041992, "decoding_time": 0.2524881362915039}