{"MSE": 21.602378845214844, "PSNR": 34.78578782751021, "encoding_time": 0.3700227737426758, "decoding_time": 0.28450512886047363}