{"MSE": 19.84227752685547, "PSNR": 35.15488841206134, "encoding_time": 0.35126590728759766, "decoding_time": 0.2958061695098877}