{"MSE": 21.20880889892578, "PSNR": 34.865640819387735, "encoding_time": 0.363109827041626, "decoding_time": 0.27778100967407227}