{"MSE": 19.197856903076172, "PSNR": 35.29827610659998, "encoding_time": 0.3504047393798828, "decoding_time": 0.2751331329345703}