{"MSE": 11.99782943725586, "PSNR": 37.33977677210891, "encoding_time": 0.31062889099121094, "decoding_time": 0.24652099609375}