{"MSE": 12.177940368652344, "PSNR": 37.27506517740689, "encoding_time": 0.3173229694366455, "decoding_time": 0.21913695335388184}