{"MSE": 15.304405212402344, "PSNR": 36.282639049476906, "encoding_time": 0.31981587409973145, "decoding_time": 0.22702693939208984}