{"MSE": 20.600231170654297, "PSNR": 34.99208266927096, "encoding_time": 0.3656899929046631, "decoding_time": 0.31520533561706543}