{"MSE": 17.02590560913086, "PSNR": 35.819701395143206, "encoding_time": 0.34014272689819336, "decoding_time": 0.2586662769317627}