{"MSE": 19.997543334960938, "PSNR": 35.121037142840336, "encoding_time": 0.3601999282836914, "decoding_time": 0.3031942844390869}