{"MSE": 15.173896789550781, "PSNR": 36.31983235132283, "encoding_time": 0.33234691619873047, "decoding_time": 0.23192691802978516}