{"MSE": 13.469711303710938, "PSNR": 36.83722073277731, "encoding_time": 0.315277099609375, "decoding_time": 0.2129809856414795}