{"MSE": 21.389301300048828, "PSNR": 34.8288376266802, "encoding_time": 0.3527681827545166, "decoding_time": 0.2680497169494629}