{"MSE": 19.992630004882812, "PSNR": 35.122104321086006, "encoding_time": 0.3593740463256836, "decoding_time": 0.27719593048095703}