{"MSE": 21.032642364501953, "PSNR": 34.901865236435874, "encoding_time": 0.36173486709594727, "decoding_time": 0.2825651168823242}