{"MSE": 20.508045196533203, "PSNR": 35.01156094981187, "encoding_time": 0.35912609100341797, "decoding_time": 0.2850759029388428}