{"MSE": 20.174880981445312, "PSNR": 35.0826937951861, "encoding_time": 0.35746097564697266, "decoding_time": 0.2848701477050781}