{"MSE": 19.981082916259766, "PSNR": 35.124613388492584, "encoding_time": 0.35309433937072754, "decoding_time": 0.2853817939758301}