{"MSE": 15.244609832763672, "PSNR": 36.2996404726301, "encoding_time": 0.32375383377075195, "decoding_time": 0.2306370735168457}