{"MSE": 16.503570556640625, "PSNR": 35.95502446636443, "encoding_time": 0.3481459617614746, "decoding_time": 0.2673821449279785}