{"MSE": 12.06304931640625, "PSNR": 37.31623257550077, "encoding_time": 0.30980610847473145, "decoding_time": 0.2132570743560791}