{"MSE": 20.160743713378906, "PSNR": 35.08573812029984, "encoding_time": 0.35828208923339844, "decoding_time": 0.2904500961303711}