{"MSE": 12.385456085205078, "PSNR": 37.201683570804256, "encoding_time": 0.3166041374206543, "decoding_time": 0.21462678909301758}