{"MSE": 15.446121215820312, "PSNR": 36.24260922159205, "encoding_time": 0.3236861228942871, "decoding_time": 0.2303919792175293}