{"MSE": 15.790580749511719, "PSNR": 36.14682257986264, "encoding_time": 0.32493019104003906, "decoding_time": 0.24661707878112793}