{"MSE": 13.368648529052734, "PSNR": 36.86992855329284, "encoding_time": 0.31654787063598633, "decoding_time": 0.22117114067077637}