{"MSE": 20.539344787597656, "PSNR": 35.00493775534083, "encoding_time": 0.35895586013793945, "decoding_time": 0.28250598907470703}