{"MSE": 20.832752227783203, "PSNR": 34.9433371221727, "encoding_time": 0.37680625915527344, "decoding_time": 0.3181037902832031}