{"MSE": 15.084014892578125, "PSNR": 36.34563408351425, "encoding_time": 0.32658910751342773, "decoding_time": 0.22761774063110352}