{"MSE": 13.289386749267578, "PSNR": 36.89575420373189, "encoding_time": 0.31998300552368164, "decoding_time": 0.22670292854309082}