{"MSE": 14.888542175292969, "PSNR": 36.40228185360283, "encoding_time": 0.3193399906158447, "decoding_time": 0.2240738868713379}