{"MSE": 18.372493743896484, "PSNR": 35.48912252699839, "encoding_time": 0.3512721061706543, "decoding_time": 0.2584218978881836}