{"MSE": 14.421119689941406, "PSNR": 36.5408137952162, "encoding_time": 0.3232588768005371, "decoding_time": 0.2254791259765625}