{"MSE": 14.473186492919922, "PSNR": 36.52516202662499, "encoding_time": 0.32698965072631836, "decoding_time": 0.2261061668395996}