{"MSE": 20.337669372558594, "PSNR": 35.04779178093921, "encoding_time": 0.3595099449157715, "decoding_time": 0.28040599822998047}