{"MSE": 20.394489288330078, "PSNR": 35.035675265291964, "encoding_time": 0.35797619819641113, "decoding_time": 0.28649282455444336}