{"MSE": 14.896575927734375, "PSNR": 36.399939063202055, "encoding_time": 0.32598400115966797, "decoding_time": 0.23311781883239746}