{"MSE": 20.773719787597656, "PSNR": 34.955660916518816, "encoding_time": 0.35967016220092773, "decoding_time": 0.2898218631744385}