{"MSE": 12.996471405029297, "PSNR": 36.99254905279454, "encoding_time": 0.31555891036987305, "decoding_time": 0.2187650203704834}