{"MSE": 19.47632598876953, "PSNR": 35.23573325845411, "encoding_time": 0.35664796829223633, "decoding_time": 0.2644357681274414}