{"MSE": 15.278602600097656, "PSNR": 36.289967259226685, "encoding_time": 0.3195059299468994, "decoding_time": 0.22976112365722656}