{"MSE": 12.51193618774414, "PSNR": 37.15755840096292, "encoding_time": 0.3176851272583008, "decoding_time": 0.24550199508666992}