{"MSE": 16.964866638183594, "PSNR": 35.8352991088787, "encoding_time": 0.3313868045806885, "decoding_time": 0.2456810474395752}