{"MSE": 12.498008728027344, "PSNR": 37.16239537245371, "encoding_time": 0.31428980827331543, "decoding_time": 0.21193313598632812}