{"MSE": 14.776443481445312, "PSNR": 36.43510443876017, "encoding_time": 0.33706188201904297, "decoding_time": 0.22946810722351074}