{"MSE": 20.124351501464844, "PSNR": 35.0935846655462, "encoding_time": 0.35874199867248535, "decoding_time": 0.27701401710510254}