{"MSE": 20.405609130859375, "PSNR": 35.03330797376238, "encoding_time": 0.3559548854827881, "decoding_time": 0.28386688232421875}