{"MSE": 17.558185577392578, "PSNR": 35.68600725974339, "encoding_time": 0.35105419158935547, "decoding_time": 0.27222394943237305}