{"MSE": 13.272083282470703, "PSNR": 36.901412626403356, "encoding_time": 0.31861209869384766, "decoding_time": 0.22074294090270996}