{"MSE": 20.948131561279297, "PSNR": 34.919350681151556, "encoding_time": 0.3738391399383545, "decoding_time": 0.28361988067626953}