{"MSE": 18.805313110351562, "PSNR": 35.38799792002561, "encoding_time": 0.34783387184143066, "decoding_time": 0.2765817642211914}