{"MSE": 15.675304412841797, "PSNR": 36.17864377327918, "encoding_time": 0.33081912994384766, "decoding_time": 0.2255268096923828}