{"MSE": 19.234600067138672, "PSNR": 35.28997200141399, "encoding_time": 0.3384251594543457, "decoding_time": 0.25405168533325195}