{"MSE": 20.51415252685547, "PSNR": 35.0102678060873, "encoding_time": 0.3607501983642578, "decoding_time": 0.29602670669555664}