{"MSE": 13.225212097167969, "PSNR": 36.91677715178376, "encoding_time": 0.3154871463775635, "decoding_time": 0.213392972946167}