{"MSE": 15.27511978149414, "PSNR": 36.29095736373091, "encoding_time": 0.326448917388916, "decoding_time": 0.23957395553588867}