{"MSE": 20.596477508544922, "PSNR": 34.99287408916725, "encoding_time": 0.35492825508117676, "decoding_time": 0.2618868350982666}