{"MSE": 15.670886993408203, "PSNR": 36.17986782048294, "encoding_time": 0.325390100479126, "decoding_time": 0.23294425010681152}