{"MSE": 12.88314437866211, "PSNR": 37.0305848700253, "encoding_time": 0.3159339427947998, "decoding_time": 0.24142837524414062}