{"MSE": 18.137428283691406, "PSNR": 35.54504652641065, "encoding_time": 0.3404819965362549, "decoding_time": 0.2554361820220947}