{"MSE": 20.480018615722656, "PSNR": 35.017500138032794, "encoding_time": 0.36634397506713867, "decoding_time": 0.27916502952575684}