{"MSE": 16.176746368408203, "PSNR": 36.04189184527308, "encoding_time": 0.32990479469299316, "decoding_time": 0.23215508460998535}