{"MSE": 21.045543670654297, "PSNR": 34.89920211486394, "encoding_time": 0.3772139549255371, "decoding_time": 0.2845280170440674}