{"MSE": 20.314403533935547, "PSNR": 35.05276285656297, "encoding_time": 0.35779595375061035, "decoding_time": 0.2814490795135498}