{"MSE": 21.267723083496094, "PSNR": 34.85359363922616, "encoding_time": 0.3491988182067871, "decoding_time": 0.2855701446533203}