{"MSE": 15.49148941040039, "PSNR": 36.22987186386804, "encoding_time": 0.327164888381958, "decoding_time": 0.2342541217803955}