{"MSE": 19.780818939208984, "PSNR": 35.16836093150881, "encoding_time": 0.3598780632019043, "decoding_time": 0.29622387886047363}