{"MSE": 20.280548095703125, "PSNR": 35.06000672942171, "encoding_time": 0.35265398025512695, "decoding_time": 0.2698371410369873}