{"MSE": 16.55258560180664, "PSNR": 35.94214518351943, "encoding_time": 0.33260631561279297, "decoding_time": 0.2426166534423828}