{"MSE": 15.094295501708984, "PSNR": 36.342675129264975, "encoding_time": 0.32985591888427734, "decoding_time": 0.22352004051208496}