{"MSE": 13.031364440917969, "PSNR": 36.980904702406534, "encoding_time": 0.3143119812011719, "decoding_time": 0.21153926849365234}