{"MSE": 19.847511291503906, "PSNR": 35.15374303175711, "encoding_time": 0.3618350028991699, "decoding_time": 0.2762269973754883}