{"MSE": 20.672344207763672, "PSNR": 34.97690633211596, "encoding_time": 0.36179089546203613, "decoding_time": 0.28269481658935547}