{"MSE": 14.002948760986328, "PSNR": 36.668608612056126, "encoding_time": 0.31566882133483887, "decoding_time": 0.22548627853393555}