{"MSE": 13.62386703491211, "PSNR": 36.78779964483957, "encoding_time": 0.32506704330444336, "decoding_time": 0.22235321998596191}