{"MSE": 15.583942413330078, "PSNR": 36.20403026160063, "encoding_time": 0.3280212879180908, "decoding_time": 0.23624897003173828}