{"MSE": 19.619869232177734, "PSNR": 35.20384252417909, "encoding_time": 0.3446640968322754, "decoding_time": 0.27763819694519043}