{"MSE": 15.449310302734375, "PSNR": 36.241712647059224, "encoding_time": 0.3266639709472656, "decoding_time": 0.22674798965454102}