{"MSE": 15.024093627929688, "PSNR": 36.36292079478454, "encoding_time": 0.3245360851287842, "decoding_time": 0.23242592811584473}