{"MSE": 21.29840087890625, "PSNR": 34.847333637924585, "encoding_time": 0.3662269115447998, "decoding_time": 0.2813680171966553}