{"MSE": 19.63296890258789, "PSNR": 35.20094382178944, "encoding_time": 0.3482511043548584, "decoding_time": 0.298799991607666}