{"MSE": 14.987903594970703, "PSNR": 36.373394699013744, "encoding_time": 0.32172417640686035, "decoding_time": 0.22632503509521484}