{"MSE": 15.02695083618164, "PSNR": 36.36209495341807, "encoding_time": 0.3298511505126953, "decoding_time": 0.22637510299682617}