{"MSE": 13.464298248291016, "PSNR": 36.83896637716509, "encoding_time": 0.33525896072387695, "decoding_time": 0.22932124137878418}