{"MSE": 19.890254974365234, "PSNR": 35.14440010460916, "encoding_time": 0.35802292823791504, "decoding_time": 0.27864503860473633}