{"MSE": 15.16592025756836, "PSNR": 36.322115927324056, "encoding_time": 0.3210461139678955, "decoding_time": 0.2278909683227539}