{"MSE": 14.821269989013672, "PSNR": 36.421949422725255, "encoding_time": 0.33029723167419434, "decoding_time": 0.2291116714477539}