{"MSE": 19.81625747680664, "PSNR": 35.16058724373805, "encoding_time": 0.3520216941833496, "decoding_time": 0.2684361934661865}