{"MSE": 16.229480743408203, "PSNR": 36.027757359203, "encoding_time": 0.33051085472106934, "decoding_time": 0.24782419204711914}