{"MSE": 19.605777740478516, "PSNR": 35.206962858869446, "encoding_time": 0.36278676986694336, "decoding_time": 0.2901339530944824}