{"MSE": 20.688068389892578, "PSNR": 34.973604176537165, "encoding_time": 0.35732293128967285, "decoding_time": 0.30469775199890137}