{"MSE": 20.24083709716797, "PSNR": 35.068518912790424, "encoding_time": 0.3601102828979492, "decoding_time": 0.28133177757263184}