{"MSE": 20.67554473876953, "PSNR": 34.97623400131833, "encoding_time": 0.3560020923614502, "decoding_time": 0.27655982971191406}