{"MSE": 14.609375, "PSNR": 36.48448723979279, "encoding_time": 0.32605814933776855, "decoding_time": 0.24609804153442383}