{"MSE": 13.630775451660156, "PSNR": 36.78559797417881, "encoding_time": 0.3226909637451172, "decoding_time": 0.22325515747070312}