{"MSE": 18.954544067382812, "PSNR": 35.353670184996105, "encoding_time": 0.3459746837615967, "decoding_time": 0.2748281955718994}