{"MSE": 14.560111999511719, "PSNR": 36.499156451915205, "encoding_time": 0.3229072093963623, "decoding_time": 0.2244417667388916}