{"MSE": 20.45193862915039, "PSNR": 35.023458800141405, "encoding_time": 0.3640129566192627, "decoding_time": 0.2789788246154785}