{"MSE": 10.204261779785156, "PSNR": 38.04298769411355, "encoding_time": 0.3071138858795166, "decoding_time": 0.20848608016967773}