{"MSE": 9.299602508544922, "PSNR": 38.446159748983625, "encoding_time": 0.2940559387207031, "decoding_time": 0.19443297386169434}