{"MSE": 9.176834106445312, "PSNR": 38.50387480019686, "encoding_time": 0.2946937084197998, "decoding_time": 0.17481017112731934}