{"MSE": 8.0028076171875, "PSNR": 39.098379840336946, "encoding_time": 0.28664112091064453, "decoding_time": 0.16368579864501953}