{"MSE": 7.848361968994141, "PSNR": 39.18301336232047, "encoding_time": 0.2971370220184326, "decoding_time": 0.15314507484436035}