{"MSE": 9.958240509033203, "PSNR": 38.14897749825777, "encoding_time": 0.29024291038513184, "decoding_time": 0.20639395713806152}