{"MSE": 10.403854370117188, "PSNR": 37.95886096419157, "encoding_time": 0.30411696434020996, "decoding_time": 0.18331527709960938}