{"MSE": 10.156532287597656, "PSNR": 38.06334907391242, "encoding_time": 0.3074219226837158, "decoding_time": 0.19478321075439453}