{"MSE": 10.015159606933594, "PSNR": 38.12422486034301, "encoding_time": 0.3041810989379883, "decoding_time": 0.18956375122070312}