{"MSE": 10.002799987792969, "PSNR": 38.129587759641396, "encoding_time": 0.3047659397125244, "decoding_time": 0.18571996688842773}