{"MSE": 7.805549621582031, "PSNR": 39.2067687189149, "encoding_time": 0.28533101081848145, "decoding_time": 0.1795487403869629}