{"MSE": 9.807552337646484, "PSNR": 38.21519726463439, "encoding_time": 0.2985248565673828, "decoding_time": 0.1798710823059082}