{"MSE": 9.730140686035156, "PSNR": 38.249612411825964, "encoding_time": 0.29808497428894043, "decoding_time": 0.17596006393432617}