{"MSE": 7.501735687255859, "PSNR": 39.37918602517945, "encoding_time": 0.28583383560180664, "decoding_time": 0.16723203659057617}