{"MSE": 7.671276092529297, "PSNR": 39.28212747395251, "encoding_time": 0.2911849021911621, "decoding_time": 0.17122507095336914}