{"MSE": 7.761425018310547, "PSNR": 39.23138894664925, "encoding_time": 0.2870919704437256, "decoding_time": 0.16326594352722168}