{"MSE": 9.19915771484375, "PSNR": 38.49332296189915, "encoding_time": 0.2965829372406006, "decoding_time": 0.18127894401550293}