{"MSE": 7.621070861816406, "PSNR": 39.31064361089727, "encoding_time": 0.2852821350097656, "decoding_time": 0.149658203125}