{"MSE": 8.203529357910156, "PSNR": 38.990796242283416, "encoding_time": 0.2726593017578125, "decoding_time": 0.15450811386108398}