{"MSE": 12.007335662841797, "PSNR": 37.336337094427634, "encoding_time": 0.2897379398345947, "decoding_time": 0.18443918228149414}