{"MSE": 8.309200286865234, "PSNR": 38.93521133439316, "encoding_time": 0.2699592113494873, "decoding_time": 0.14989781379699707}