{"MSE": 10.601791381835938, "PSNR": 37.87701106781019, "encoding_time": 0.2872791290283203, "decoding_time": 0.18077874183654785}