{"MSE": 8.802291870117188, "PSNR": 38.68484595882092, "encoding_time": 0.27141714096069336, "decoding_time": 0.152573823928833}