{"MSE": 9.64474105834961, "PSNR": 38.28789788653638, "encoding_time": 0.28607606887817383, "decoding_time": 0.15956401824951172}