{"MSE": 8.35955810546875, "PSNR": 38.90897040059128, "encoding_time": 0.27495908737182617, "decoding_time": 0.15706396102905273}