{"MSE": 12.690460205078125, "PSNR": 37.096029892931426, "encoding_time": 0.28609395027160645, "decoding_time": 0.1802809238433838}