{"MSE": 7.2369842529296875, "PSNR": 39.5352273322917, "encoding_time": 0.2636559009552002, "decoding_time": 0.14015483856201172}