{"MSE": 7.99273681640625, "PSNR": 39.10384848043696, "encoding_time": 0.26911163330078125, "decoding_time": 0.15703439712524414}