{"MSE": 8.225719451904297, "PSNR": 38.97906467579948, "encoding_time": 0.2746899127960205, "decoding_time": 0.15698003768920898}