{"MSE": 10.337821960449219, "PSNR": 37.98651312457817, "encoding_time": 0.2861342430114746, "decoding_time": 0.17516374588012695}