{"MSE": 8.485916137695312, "PSNR": 38.843816253435264, "encoding_time": 0.2789461612701416, "decoding_time": 0.15987372398376465}