{"MSE": 9.660751342773438, "PSNR": 38.28069456881877, "encoding_time": 0.27182579040527344, "decoding_time": 0.15685510635375977}