{"MSE": 12.618419647216797, "PSNR": 37.120753943489014, "encoding_time": 0.2833590507507324, "decoding_time": 0.17854595184326172}