{"MSE": 8.363422393798828, "PSNR": 38.90696329530501, "encoding_time": 0.27330613136291504, "decoding_time": 0.1565690040588379}