{"MSE": 11.823371887207031, "PSNR": 37.40339010957696, "encoding_time": 0.27919697761535645, "decoding_time": 0.17223429679870605}