{"MSE": 9.917884826660156, "PSNR": 38.166613002115064, "encoding_time": 0.27727794647216797, "decoding_time": 0.1609058380126953}