{"MSE": 7.634773254394531, "PSNR": 39.302842174227564, "encoding_time": 0.26781582832336426, "decoding_time": 0.14757609367370605}