{"MSE": 9.812183380126953, "PSNR": 38.21314704717886, "encoding_time": 0.27117490768432617, "decoding_time": 0.1574721336364746}