{"MSE": 10.55508041381836, "PSNR": 37.89618814541662, "encoding_time": 0.28415489196777344, "decoding_time": 0.17609310150146484}