{"MSE": 11.744709014892578, "PSNR": 37.432380996344016, "encoding_time": 0.2823150157928467, "decoding_time": 0.1727752685546875}