{"MSE": 8.057170867919922, "PSNR": 39.068977870702184, "encoding_time": 0.2680370807647705, "decoding_time": 0.1531987190246582}