{"MSE": 12.159908294677734, "PSNR": 37.28150061199747, "encoding_time": 0.2843289375305176, "decoding_time": 0.17604517936706543}