{"MSE": 10.480545043945312, "PSNR": 37.926964920157495, "encoding_time": 0.2885420322418213, "decoding_time": 0.1756300926208496}