{"MSE": 10.406925201416016, "PSNR": 37.95757927736861, "encoding_time": 0.28881382942199707, "decoding_time": 0.17761921882629395}