{"MSE": 12.644477844238281, "PSNR": 37.111794610782084, "encoding_time": 0.2841918468475342, "decoding_time": 0.17653894424438477}