{"MSE": 7.543670654296875, "PSNR": 39.35497641390993, "encoding_time": 0.2719550132751465, "decoding_time": 0.15875983238220215}