{"MSE": 8.061683654785156, "PSNR": 39.066546086877814, "encoding_time": 0.272536039352417, "decoding_time": 0.15301012992858887}