{"MSE": 7.704826354980469, "PSNR": 39.26317505473898, "encoding_time": 0.27335691452026367, "decoding_time": 0.15887188911437988}