{"MSE": 8.58670425415039, "PSNR": 38.7925385581272, "encoding_time": 0.27475404739379883, "decoding_time": 0.15921568870544434}