{"MSE": 7.944927215576172, "PSNR": 39.129904379297265, "encoding_time": 0.2761878967285156, "decoding_time": 0.15944504737854004}