{"MSE": 7.335670471191406, "PSNR": 39.47640546896998, "encoding_time": 0.27603697776794434, "decoding_time": 0.1640779972076416}