{"MSE": 7.652618408203125, "PSNR": 39.292703027512474, "encoding_time": 0.2744419574737549, "decoding_time": 0.16071701049804688}