{"MSE": 7.498847961425781, "PSNR": 39.3808581246632, "encoding_time": 0.2753000259399414, "decoding_time": 0.15769004821777344}