{"MSE": 8.148738861083984, "PSNR": 39.01989960477966, "encoding_time": 0.2745630741119385, "decoding_time": 0.15823101997375488}