{"MSE": 7.668666839599609, "PSNR": 39.28360490338649, "encoding_time": 0.27324581146240234, "decoding_time": 0.1532142162322998}