{"MSE": 7.877399444580078, "PSNR": 39.166974927784864, "encoding_time": 0.2734489440917969, "decoding_time": 0.15416193008422852}