{"MSE": 8.02764892578125, "PSNR": 39.0849198969445, "encoding_time": 0.27379488945007324, "decoding_time": 0.1597909927368164}