{"MSE": 7.7317047119140625, "PSNR": 39.24805101703216, "encoding_time": 0.28261613845825195, "decoding_time": 0.1572859287261963}