{"MSE": 7.678974151611328, "PSNR": 39.27777155166096, "encoding_time": 0.26880788803100586, "decoding_time": 0.1482548713684082}