{"MSE": 7.410591125488281, "PSNR": 39.43227508853721, "encoding_time": 0.27765989303588867, "decoding_time": 0.16437196731567383}