{"MSE": 8.117172241210938, "PSNR": 39.03675599351486, "encoding_time": 0.27179789543151855, "decoding_time": 0.16031312942504883}