{"MSE": 8.432140350341797, "PSNR": 38.87142534243307, "encoding_time": 0.27441883087158203, "decoding_time": 0.16277718544006348}