{"MSE": 8.023651123046875, "PSNR": 39.087083240347084, "encoding_time": 0.27318620681762695, "decoding_time": 0.1621246337890625}