{"MSE": 7.8472137451171875, "PSNR": 39.18364878634534, "encoding_time": 0.2767298221588135, "decoding_time": 0.16178607940673828}