{"MSE": 7.914390563964844, "PSNR": 39.146628825914966, "encoding_time": 0.27197813987731934, "decoding_time": 0.15074706077575684}