{"MSE": 7.351688385009766, "PSNR": 39.46693270479362, "encoding_time": 0.27797508239746094, "decoding_time": 0.16581201553344727}