{"MSE": 7.070522308349609, "PSNR": 39.63628864007988, "encoding_time": 0.29088902473449707, "decoding_time": 0.1635441780090332}