{"MSE": 8.427444458007812, "PSNR": 38.87384461930636, "encoding_time": 0.2891981601715088, "decoding_time": 0.17464494705200195}