{"MSE": 7.820926666259766, "PSNR": 39.19822147168646, "encoding_time": 0.28526997566223145, "decoding_time": 0.1688530445098877}