{"MSE": 8.57101821899414, "PSNR": 38.80047942605989, "encoding_time": 0.2918891906738281, "decoding_time": 0.17906999588012695}