{"MSE": 6.161014556884766, "PSNR": 40.23428125947693, "encoding_time": 0.27933526039123535, "decoding_time": 0.14824795722961426}