{"MSE": 6.048515319824219, "PSNR": 40.31431575890938, "encoding_time": 0.2810070514678955, "decoding_time": 0.15035390853881836}