{"MSE": 6.737918853759766, "PSNR": 39.845545844953776, "encoding_time": 0.2754499912261963, "decoding_time": 0.1530778408050537}