{"MSE": 7.716766357421875, "PSNR": 39.25645009667913, "encoding_time": 0.30179691314697266, "decoding_time": 0.2014451026916504}