{"MSE": 5.7515411376953125, "PSNR": 40.53296130453458, "encoding_time": 0.2723698616027832, "decoding_time": 0.14089107513427734}