{"MSE": 6.169319152832031, "PSNR": 40.228431230070456, "encoding_time": 0.28461790084838867, "decoding_time": 0.16048836708068848}