{"MSE": 6.999420166015625, "PSNR": 39.680182964436405, "encoding_time": 0.2942688465118408, "decoding_time": 0.17635416984558105}