{"MSE": 7.794658660888672, "PSNR": 39.212832592953674, "encoding_time": 0.3127260208129883, "decoding_time": 0.18722915649414062}