{"MSE": 7.272052764892578, "PSNR": 39.514233394688304, "encoding_time": 0.3019108772277832, "decoding_time": 0.17350196838378906}