{"MSE": 6.249568939208984, "PSNR": 40.17230297728478, "encoding_time": 0.28815674781799316, "decoding_time": 0.1778852939605713}