{"MSE": 7.794223785400391, "PSNR": 39.21307489900168, "encoding_time": 0.2921171188354492, "decoding_time": 0.17357802391052246}