{"MSE": 6.861888885498047, "PSNR": 39.76636679617263, "encoding_time": 0.28494811058044434, "decoding_time": 0.16530680656433105}