{"MSE": 7.7275543212890625, "PSNR": 39.25038294223713, "encoding_time": 0.29532885551452637, "decoding_time": 0.18042612075805664}