{"MSE": 7.122978210449219, "PSNR": 39.60418745050105, "encoding_time": 0.28896164894104004, "decoding_time": 0.17030715942382812}