{"MSE": 5.701484680175781, "PSNR": 40.5709239915187, "encoding_time": 0.2735738754272461, "decoding_time": 0.1458737850189209}