{"MSE": 7.559749603271484, "PSNR": 39.34572949985542, "encoding_time": 0.29221200942993164, "decoding_time": 0.18914198875427246}