{"MSE": 6.8684234619140625, "PSNR": 39.762232978060545, "encoding_time": 0.2907090187072754, "decoding_time": 0.16408872604370117}