{"MSE": 5.807628631591797, "PSNR": 40.49081523218391, "encoding_time": 0.2657661437988281, "decoding_time": 0.14324688911437988}