{"MSE": 8.733139038085938, "PSNR": 38.71909986362383, "encoding_time": 0.3072478771209717, "decoding_time": 0.22429633140563965}