{"MSE": 5.983818054199219, "PSNR": 40.36101981101511, "encoding_time": 0.2895779609680176, "decoding_time": 0.18398165702819824}