{"MSE": 8.042938232421875, "PSNR": 39.076656274160634, "encoding_time": 0.290294885635376, "decoding_time": 0.16769695281982422}