{"MSE": 8.62984848022461, "PSNR": 38.77077190272055, "encoding_time": 0.29934096336364746, "decoding_time": 0.1920180320739746}