{"MSE": 7.589729309082031, "PSNR": 39.32854073993293, "encoding_time": 0.2819077968597412, "decoding_time": 0.16045808792114258}