{"MSE": 7.7936859130859375, "PSNR": 39.21337461202639, "encoding_time": 0.2831149101257324, "decoding_time": 0.16667914390563965}