{"MSE": 7.905811309814453, "PSNR": 39.15133916163803, "encoding_time": 0.2826681137084961, "decoding_time": 0.1652369499206543}