{"MSE": 7.600543975830078, "PSNR": 39.32235684738834, "encoding_time": 0.3002781867980957, "decoding_time": 0.17906808853149414}