{"MSE": 6.8178558349609375, "PSNR": 39.7943254712888, "encoding_time": 0.28856611251831055, "decoding_time": 0.17264103889465332}