{"MSE": 5.980140686035156, "PSNR": 40.363689597473844, "encoding_time": 0.2888059616088867, "decoding_time": 0.16003203392028809}