{"MSE": 6.948513031005859, "PSNR": 39.71188484554359, "encoding_time": 0.2928788661956787, "decoding_time": 0.1741018295288086}