{"MSE": 8.030353546142578, "PSNR": 39.08345694822254, "encoding_time": 0.2876620292663574, "decoding_time": 0.17793703079223633}