{"MSE": 8.5728759765625, "PSNR": 38.79953820015799, "encoding_time": 0.29091382026672363, "decoding_time": 0.1804189682006836}