{"MSE": 6.251880645751953, "PSNR": 40.170696825294144, "encoding_time": 0.28441691398620605, "decoding_time": 0.16506290435791016}