{"MSE": 8.616569519042969, "PSNR": 38.77745964588723, "encoding_time": 0.2976701259613037, "decoding_time": 0.18738794326782227}