{"MSE": 5.717685699462891, "PSNR": 40.55860082308431, "encoding_time": 0.2808539867401123, "decoding_time": 0.14974498748779297}