{"MSE": 8.579044342041016, "PSNR": 38.79641448321503, "encoding_time": 0.300656795501709, "decoding_time": 0.18781828880310059}