{"MSE": 6.009681701660156, "PSNR": 40.34228890341591, "encoding_time": 0.286588191986084, "decoding_time": 0.15986084938049316}