{"MSE": 6.045341491699219, "PSNR": 40.316595223755584, "encoding_time": 0.2739109992980957, "decoding_time": 0.1461949348449707}