{"MSE": 7.086032867431641, "PSNR": 39.62677198460493, "encoding_time": 0.28983473777770996, "decoding_time": 0.16365313529968262}