{"MSE": 7.549839019775391, "PSNR": 39.35142669314032, "encoding_time": 0.301738977432251, "decoding_time": 0.20513701438903809}