{"MSE": 8.375679016113281, "PSNR": 38.90060335487705, "encoding_time": 0.2958369255065918, "decoding_time": 0.186722993850708}