{"MSE": 6.830650329589844, "PSNR": 39.786183070975184, "encoding_time": 0.32228803634643555, "decoding_time": 0.16340208053588867}