{"MSE": 6.26544189453125, "PSNR": 40.16128654158864, "encoding_time": 0.28452587127685547, "decoding_time": 0.1615159511566162}