{"MSE": 7.2847137451171875, "PSNR": 39.5066787015086, "encoding_time": 0.2838428020477295, "decoding_time": 0.19452214241027832}