{"MSE": 6.047187805175781, "PSNR": 40.315269043365554, "encoding_time": 0.27109789848327637, "decoding_time": 0.1441030502319336}