{"MSE": 5.98699951171875, "PSNR": 40.35871138141944, "encoding_time": 0.2831542491912842, "decoding_time": 0.1523277759552002}