{"MSE": 5.819446563720703, "PSNR": 40.481986761752054, "encoding_time": 0.28362083435058594, "decoding_time": 0.17760419845581055}