{"MSE": 7.207954406738281, "PSNR": 39.55268329978563, "encoding_time": 0.2886819839477539, "decoding_time": 0.16183233261108398}