{"MSE": 7.945384979248047, "PSNR": 39.129654158616475, "encoding_time": 0.28412795066833496, "decoding_time": 0.17387866973876953}