{"MSE": 8.505916595458984, "PSNR": 38.83359240932124, "encoding_time": 0.2937629222869873, "decoding_time": 0.18326997756958008}