{"MSE": 8.467403411865234, "PSNR": 38.85330109543943, "encoding_time": 0.2825338840484619, "decoding_time": 0.17076873779296875}