{"MSE": 8.725597381591797, "PSNR": 38.72285191065038, "encoding_time": 0.27837610244750977, "decoding_time": 0.16422677040100098}