{"MSE": 8.634422302246094, "PSNR": 38.76847075054721, "encoding_time": 0.2854928970336914, "decoding_time": 0.1765880584716797}