{"MSE": 8.920455932617188, "PSNR": 38.62693308738484, "encoding_time": 0.2769961357116699, "decoding_time": 0.16642093658447266}