{"MSE": 9.508808135986328, "PSNR": 38.349542763598365, "encoding_time": 0.2837531566619873, "decoding_time": 0.17660975456237793}