{"MSE": 8.996986389160156, "PSNR": 38.58983297398513, "encoding_time": 0.28461694717407227, "decoding_time": 0.17534899711608887}