{"MSE": 8.804271697998047, "PSNR": 38.68386924542188, "encoding_time": 0.2806510925292969, "decoding_time": 0.17182421684265137}