{"MSE": 9.442108154296875, "PSNR": 38.380113901332635, "encoding_time": 0.2868318557739258, "decoding_time": 0.18024396896362305}