{"MSE": 9.239498138427734, "PSNR": 38.474319785688806, "encoding_time": 0.28536558151245117, "decoding_time": 0.17431926727294922}