{"MSE": 9.094917297363281, "PSNR": 38.542816066121205, "encoding_time": 0.2784109115600586, "decoding_time": 0.17184805870056152}