{"MSE": 9.41537857055664, "PSNR": 38.39242574189319, "encoding_time": 0.2853069305419922, "decoding_time": 0.1751537322998047}