{"MSE": 9.150440216064453, "PSNR": 38.5163837294258, "encoding_time": 0.2850921154022217, "decoding_time": 0.17471694946289062}