{"MSE": 9.299896240234375, "PSNR": 38.44602257748925, "encoding_time": 0.28583216667175293, "decoding_time": 0.17902183532714844}