{"MSE": 8.030887603759766, "PSNR": 39.083168130846495, "encoding_time": 0.27358508110046387, "decoding_time": 0.1600949764251709}