{"MSE": 8.176170349121094, "PSNR": 39.00530429531213, "encoding_time": 0.2865920066833496, "decoding_time": 0.16619420051574707}