{"MSE": 9.820228576660156, "PSNR": 38.20958764279852, "encoding_time": 0.2886488437652588, "decoding_time": 0.18213677406311035}