{"MSE": 9.029277801513672, "PSNR": 38.574273458102724, "encoding_time": 0.2780179977416992, "decoding_time": 0.16625595092773438}