{"MSE": 9.31899642944336, "PSNR": 38.437112155334965, "encoding_time": 0.28133177757263184, "decoding_time": 0.1732339859008789}