{"MSE": 9.102264404296875, "PSNR": 38.53930914046106, "encoding_time": 0.2881639003753662, "decoding_time": 0.18439817428588867}