{"MSE": 9.49563217163086, "PSNR": 38.355564776809544, "encoding_time": 0.283721923828125, "decoding_time": 0.17694592475891113}