{"MSE": 9.452404022216797, "PSNR": 38.37538084548571, "encoding_time": 0.28553128242492676, "decoding_time": 0.1787097454071045}