{"MSE": 9.140670776367188, "PSNR": 38.5210229382273, "encoding_time": 0.2859330177307129, "decoding_time": 0.1802980899810791}