{"MSE": 9.420818328857422, "PSNR": 38.38991731931594, "encoding_time": 0.2864651679992676, "decoding_time": 0.17765593528747559}