{"MSE": 9.58829116821289, "PSNR": 38.313391470594695, "encoding_time": 0.2874140739440918, "decoding_time": 0.17934274673461914}