{"MSE": 9.347949981689453, "PSNR": 38.423639809318864, "encoding_time": 0.290924072265625, "decoding_time": 0.18404889106750488}