{"MSE": 8.914371490478516, "PSNR": 38.629896322953215, "encoding_time": 0.286771297454834, "decoding_time": 0.17915964126586914}