{"MSE": 9.172958374023438, "PSNR": 38.505709381411855, "encoding_time": 0.2774078845977783, "decoding_time": 0.16530179977416992}