{"MSE": 7.674896240234375, "PSNR": 39.280078480669935, "encoding_time": 0.2669837474822998, "decoding_time": 0.145355224609375}