{"MSE": 12.23489761352539, "PSNR": 37.254800215133265, "encoding_time": 0.2931857109069824, "decoding_time": 0.18880510330200195}