{"MSE": 13.59970474243164, "PSNR": 36.795508811833265, "encoding_time": 0.2965700626373291, "decoding_time": 0.19896292686462402}