{"MSE": 14.626533508300781, "PSNR": 36.479389504365, "encoding_time": 0.3003361225128174, "decoding_time": 0.20569181442260742}