{"MSE": 12.701736450195312, "PSNR": 37.092172635980084, "encoding_time": 0.2898061275482178, "decoding_time": 0.18551087379455566}