{"MSE": 13.855422973632812, "PSNR": 36.71460572553282, "encoding_time": 0.2937290668487549, "decoding_time": 0.18863177299499512}