{"MSE": 14.395317077636719, "PSNR": 36.54859125585635, "encoding_time": 0.2985982894897461, "decoding_time": 0.19377493858337402}