{"MSE": 12.2208251953125, "PSNR": 37.25979828801723, "encoding_time": 0.2888000011444092, "decoding_time": 0.1886301040649414}