{"MSE": 14.041427612304688, "PSNR": 36.656690954796225, "encoding_time": 0.29187893867492676, "decoding_time": 0.1888720989227295}