{"MSE": 12.886093139648438, "PSNR": 37.02959094800531, "encoding_time": 0.29022908210754395, "decoding_time": 0.1857929229736328}