{"MSE": 13.246143341064453, "PSNR": 36.90990910481931, "encoding_time": 0.2878389358520508, "decoding_time": 0.21175599098205566}