{"MSE": 13.0462646484375, "PSNR": 36.97594176763437, "encoding_time": 0.294935941696167, "decoding_time": 0.18997788429260254}