{"MSE": 11.887649536132812, "PSNR": 37.37984367847035, "encoding_time": 0.2868049144744873, "decoding_time": 0.2010960578918457}