{"MSE": 10.973182678222656, "PSNR": 37.72747751604969, "encoding_time": 0.33012986183166504, "decoding_time": 0.24975299835205078}