{"MSE": 11.681869506835938, "PSNR": 37.45568010254905, "encoding_time": 0.2857489585876465, "decoding_time": 0.19895195960998535}