{"MSE": 10.881744384765625, "PSNR": 37.76381840877662, "encoding_time": 0.2882661819458008, "decoding_time": 0.19954991340637207}