{"MSE": 7.698703765869141, "PSNR": 39.26662751892762, "encoding_time": 0.27011871337890625, "decoding_time": 0.16179513931274414}