{"MSE": 7.5058135986328125, "PSNR": 39.37682586041364, "encoding_time": 0.26381683349609375, "decoding_time": 0.1645801067352295}