{"MSE": 9.106758117675781, "PSNR": 38.53716559325969, "encoding_time": 0.2778639793395996, "decoding_time": 0.18099713325500488}