{"MSE": 11.710525512695312, "PSNR": 37.44503976287196, "encoding_time": 0.2908909320831299, "decoding_time": 0.20476794242858887}