{"MSE": 9.392776489257812, "PSNR": 38.402863728906325, "encoding_time": 0.2780730724334717, "decoding_time": 0.18418192863464355}