{"MSE": 11.825950622558594, "PSNR": 37.40244299530977, "encoding_time": 0.28621959686279297, "decoding_time": 0.20319104194641113}