{"MSE": 7.761264801025391, "PSNR": 39.23147859797085, "encoding_time": 0.27056407928466797, "decoding_time": 0.16770195960998535}