{"MSE": 7.723808288574219, "PSNR": 39.25248875181528, "encoding_time": 0.26940488815307617, "decoding_time": 0.16372036933898926}