{"MSE": 10.924644470214844, "PSNR": 37.74673048601769, "encoding_time": 0.2778618335723877, "decoding_time": 0.20265793800354004}