{"MSE": 11.11501693725586, "PSNR": 37.671702320469215, "encoding_time": 0.31647801399230957, "decoding_time": 0.23389101028442383}