{"MSE": 16.88924789428711, "PSNR": 35.85470050706825, "encoding_time": 0.30688905715942383, "decoding_time": 0.21901798248291016}