{"MSE": 17.91832733154297, "PSNR": 35.59782894860212, "encoding_time": 0.3140449523925781, "decoding_time": 0.22878408432006836}