{"MSE": 13.746742248535156, "PSNR": 36.74880571146449, "encoding_time": 0.30800485610961914, "decoding_time": 0.20054221153259277}