{"MSE": 13.737129211425781, "PSNR": 36.75184377627808, "encoding_time": 0.29295897483825684, "decoding_time": 0.19732213020324707}