{"MSE": 16.86376190185547, "PSNR": 35.861258990622304, "encoding_time": 0.3077840805053711, "decoding_time": 0.2190871238708496}