{"MSE": 17.229984283447266, "PSNR": 35.76795479567023, "encoding_time": 0.3091621398925781, "decoding_time": 0.22327804565429688}