{"MSE": 18.24942398071289, "PSNR": 35.51831199798476, "encoding_time": 0.31609201431274414, "decoding_time": 0.2300100326538086}