{"MSE": 17.681068420410156, "PSNR": 35.655718561258794, "encoding_time": 0.31887316703796387, "decoding_time": 0.23784184455871582}