{"MSE": 16.551204681396484, "PSNR": 35.942507514303486, "encoding_time": 0.31041502952575684, "decoding_time": 0.21657896041870117}