{"MSE": 14.68099594116211, "PSNR": 36.46324842271546, "encoding_time": 0.30159902572631836, "decoding_time": 0.20865273475646973}