{"MSE": 18.079200744628906, "PSNR": 35.55901133836411, "encoding_time": 0.3163940906524658, "decoding_time": 0.23337006568908691}