{"MSE": 13.942882537841797, "PSNR": 36.68727792208901, "encoding_time": 0.30039501190185547, "decoding_time": 0.20181775093078613}