{"MSE": 17.60971450805664, "PSNR": 35.673280457058965, "encoding_time": 0.3091280460357666, "decoding_time": 0.22423076629638672}