{"MSE": 17.215557098388672, "PSNR": 35.7715927975569, "encoding_time": 0.3095858097076416, "decoding_time": 0.22144508361816406}