{"MSE": 17.170310974121094, "PSNR": 35.7830220006216, "encoding_time": 0.31581807136535645, "decoding_time": 0.22550702095031738}