{"MSE": 16.560226440429688, "PSNR": 35.940140899434, "encoding_time": 0.3109598159790039, "decoding_time": 0.22883915901184082}