{"MSE": 17.19763946533203, "PSNR": 35.77611520793747, "encoding_time": 0.32070493698120117, "decoding_time": 0.25493407249450684}