{"MSE": 17.918270111083984, "PSNR": 35.597842817401826, "encoding_time": 0.31375837326049805, "decoding_time": 0.22652888298034668}