{"MSE": 15.76870346069336, "PSNR": 36.152843747688536, "encoding_time": 0.30878686904907227, "decoding_time": 0.2172098159790039}