{"MSE": 14.839347839355469, "PSNR": 36.41665545908247, "encoding_time": 0.29851388931274414, "decoding_time": 0.20539593696594238}