{"MSE": 18.53032684326172, "PSNR": 35.45197281269835, "encoding_time": 0.3176732063293457, "decoding_time": 0.23773598670959473}