{"MSE": 17.303997039794922, "PSNR": 35.74933928731885, "encoding_time": 0.3160970211029053, "decoding_time": 0.26163697242736816}