{"MSE": 18.04800796508789, "PSNR": 35.566510868983855, "encoding_time": 0.3148338794708252, "decoding_time": 0.2287149429321289}