{"MSE": 17.19839859008789, "PSNR": 35.77592350929354, "encoding_time": 0.3096299171447754, "decoding_time": 0.2230970859527588}