{"MSE": 17.213626861572266, "PSNR": 35.772079763033624, "encoding_time": 0.31027698516845703, "decoding_time": 0.22367596626281738}