{"MSE": 17.634910583496094, "PSNR": 35.667070989167236, "encoding_time": 0.31337499618530273, "decoding_time": 0.2308640480041504}