{"MSE": 12.757659912109375, "PSNR": 37.07309340123768, "encoding_time": 0.2956080436706543, "decoding_time": 0.19431400299072266}