{"MSE": 16.886398315429688, "PSNR": 35.855433316956635, "encoding_time": 0.3197801113128662, "decoding_time": 0.2333970069885254}