{"MSE": 17.345645904541016, "PSNR": 35.738898844468125, "encoding_time": 0.3118288516998291, "decoding_time": 0.22290611267089844}