{"MSE": 15.229686737060547, "PSNR": 36.303893905433696, "encoding_time": 0.30361104011535645, "decoding_time": 0.20716094970703125}