{"MSE": 16.48125457763672, "PSNR": 35.96090093105927, "encoding_time": 0.31022191047668457, "decoding_time": 0.22811007499694824}