{"MSE": 17.109264373779297, "PSNR": 35.79849023756758, "encoding_time": 0.31479597091674805, "decoding_time": 0.22646403312683105}