{"MSE": 16.519786834716797, "PSNR": 35.95075921824437, "encoding_time": 0.3091728687286377, "decoding_time": 0.21632003784179688}