{"MSE": 13.078231811523438, "PSNR": 36.965313299077465, "encoding_time": 0.29984307289123535, "decoding_time": 0.19417285919189453}