{"MSE": 17.067115783691406, "PSNR": 35.80920226107099, "encoding_time": 0.3147273063659668, "decoding_time": 0.23036479949951172}