{"MSE": 18.36117172241211, "PSNR": 35.491799685157225, "encoding_time": 0.31656408309936523, "decoding_time": 0.23306512832641602}