{"MSE": 17.355613708496094, "PSNR": 35.73640385585864, "encoding_time": 0.3151240348815918, "decoding_time": 0.25498485565185547}