{"MSE": 17.305858612060547, "PSNR": 35.74887209637096, "encoding_time": 0.31290125846862793, "decoding_time": 0.22822785377502441}