{"MSE": 17.700180053710938, "PSNR": 35.651026766566474, "encoding_time": 0.3119239807128906, "decoding_time": 0.22792696952819824}