{"MSE": 17.584125518798828, "PSNR": 35.67959585701646, "encoding_time": 0.31430506706237793, "decoding_time": 0.22826290130615234}