{"MSE": 16.99486541748047, "PSNR": 35.827626311178236, "encoding_time": 0.3094909191131592, "decoding_time": 0.22016525268554688}