{"MSE": 13.558906555175781, "PSNR": 36.8085569318059, "encoding_time": 0.29964494705200195, "decoding_time": 0.19973397254943848}