{"MSE": 15.365070343017578, "PSNR": 36.26545808022051, "encoding_time": 0.3076601028442383, "decoding_time": 0.2173299789428711}