{"MSE": 17.416954040527344, "PSNR": 35.72108155033056, "encoding_time": 0.3097820281982422, "decoding_time": 0.2268688678741455}