{"MSE": 18.275657653808594, "PSNR": 35.51207346768461, "encoding_time": 0.31252098083496094, "decoding_time": 0.2288041114807129}