{"MSE": 13.940433502197266, "PSNR": 36.688040817483234, "encoding_time": 0.30199599266052246, "decoding_time": 0.1986691951751709}