{"MSE": 16.0692138671875, "PSNR": 36.07085729997137, "encoding_time": 0.30795788764953613, "decoding_time": 0.21559906005859375}