{"MSE": 16.677104949951172, "PSNR": 35.909596990617025, "encoding_time": 0.30582213401794434, "decoding_time": 0.2185049057006836}