{"MSE": 18.210094451904297, "PSNR": 35.52768162473624, "encoding_time": 0.31491613388061523, "decoding_time": 0.22896409034729004}