{"MSE": 17.442974090576172, "PSNR": 35.714598251678204, "encoding_time": 0.3126070499420166, "decoding_time": 0.22697901725769043}