{"MSE": 18.140522003173828, "PSNR": 35.54430580909206, "encoding_time": 0.31349778175354004, "decoding_time": 0.22761821746826172}