{"MSE": 18.062602996826172, "PSNR": 35.56300024320188, "encoding_time": 0.31746411323547363, "decoding_time": 0.22955083847045898}