{"MSE": 17.668006896972656, "PSNR": 35.6589280074813, "encoding_time": 0.31557798385620117, "decoding_time": 0.2278141975402832}