{"MSE": 17.12057876586914, "PSNR": 35.795619188343295, "encoding_time": 0.3131680488586426, "decoding_time": 0.22914814949035645}