{"MSE": 16.860950469970703, "PSNR": 35.86198308240591, "encoding_time": 0.3065803050994873, "decoding_time": 0.21801376342773438}