{"MSE": 16.74225616455078, "PSNR": 35.892663783103856, "encoding_time": 0.30646610260009766, "decoding_time": 0.2229161262512207}