{"MSE": 17.387454986572266, "PSNR": 35.72844342187496, "encoding_time": 0.3096349239349365, "decoding_time": 0.22302794456481934}