{"MSE": 17.816390991210938, "PSNR": 35.62260625888733, "encoding_time": 0.3148832321166992, "decoding_time": 0.2307901382446289}