{"MSE": 16.88226318359375, "PSNR": 35.856496945106265, "encoding_time": 0.31282520294189453, "decoding_time": 0.22368574142456055}