{"MSE": 16.921207427978516, "PSNR": 35.8464901158576, "encoding_time": 0.314410924911499, "decoding_time": 0.22984981536865234}