{"MSE": 17.90705108642578, "PSNR": 35.60056288270636, "encoding_time": 0.35300707817077637, "decoding_time": 0.2670578956604004}