{"MSE": 16.63357162475586, "PSNR": 35.92094848246231, "encoding_time": 0.3071780204772949, "decoding_time": 0.216080904006958}