{"MSE": 17.426494598388672, "PSNR": 35.718703248584404, "encoding_time": 0.3142099380493164, "decoding_time": 0.22393012046813965}