{"MSE": 17.622013092041016, "PSNR": 35.67024841308019, "encoding_time": 0.3163180351257324, "decoding_time": 0.23220205307006836}