{"MSE": 17.387683868408203, "PSNR": 35.72838625337952, "encoding_time": 0.311755895614624, "decoding_time": 0.22344207763671875}