{"MSE": 17.00342559814453, "PSNR": 35.82543935460248, "encoding_time": 0.3108081817626953, "decoding_time": 0.22667407989501953}