{"MSE": 16.266403198242188, "PSNR": 36.01788827835449, "encoding_time": 0.3089900016784668, "decoding_time": 0.21669602394104004}