{"MSE": 16.066226959228516, "PSNR": 36.07166463145021, "encoding_time": 0.306718111038208, "decoding_time": 0.2136988639831543}