{"MSE": 18.10283660888672, "PSNR": 35.55333729254849, "encoding_time": 0.3141908645629883, "decoding_time": 0.22873210906982422}