{"MSE": 17.277450561523438, "PSNR": 35.75600701934951, "encoding_time": 0.30926012992858887, "decoding_time": 0.21856069564819336}