{"MSE": 16.183856964111328, "PSNR": 36.03998329462285, "encoding_time": 0.3074941635131836, "decoding_time": 0.2164747714996338}