{"MSE": 17.21186065673828, "PSNR": 35.77252539391311, "encoding_time": 0.3065180778503418, "decoding_time": 0.2215888500213623}