{"MSE": 17.04068374633789, "PSNR": 35.815933443043605, "encoding_time": 0.3126649856567383, "decoding_time": 0.2270030975341797}