{"MSE": 15.0111083984375, "PSNR": 36.36667599767022, "encoding_time": 0.30765581130981445, "decoding_time": 0.2427961826324463}