{"MSE": 15.87985610961914, "PSNR": 36.12233797983478, "encoding_time": 0.3049929141998291, "decoding_time": 0.21813702583312988}