{"MSE": 16.503036499023438, "PSNR": 35.95516500687851, "encoding_time": 0.31003618240356445, "decoding_time": 0.216933012008667}