{"MSE": 16.98569107055664, "PSNR": 35.82997139834142, "encoding_time": 0.31087493896484375, "decoding_time": 0.22195005416870117}