{"MSE": 17.329936981201172, "PSNR": 35.74283377424989, "encoding_time": 0.31589388847351074, "decoding_time": 0.22920608520507812}