{"MSE": 13.581981658935547, "PSNR": 36.80117221206662, "encoding_time": 0.3043379783630371, "decoding_time": 0.2079310417175293}