{"MSE": 17.194873809814453, "PSNR": 35.77681367909782, "encoding_time": 0.3190751075744629, "decoding_time": 0.2343916893005371}