{"MSE": 16.332637786865234, "PSNR": 36.00024030156506, "encoding_time": 0.30649280548095703, "decoding_time": 0.21473217010498047}