{"MSE": 15.931156158447266, "PSNR": 36.10833066233527, "encoding_time": 0.30829882621765137, "decoding_time": 0.21251201629638672}