{"MSE": 16.469829559326172, "PSNR": 35.9639125604103, "encoding_time": 0.306060791015625, "decoding_time": 0.21674013137817383}