{"MSE": 16.330665588378906, "PSNR": 36.00076475245176, "encoding_time": 0.3071408271789551, "decoding_time": 0.2165210247039795}