{"MSE": 16.68872833251953, "PSNR": 35.90657115813026, "encoding_time": 0.31632494926452637, "decoding_time": 0.23195981979370117}