{"MSE": 16.045734405517578, "PSNR": 36.07720761532704, "encoding_time": 0.3071730136871338, "decoding_time": 0.21530413627624512}