{"MSE": 17.94356918334961, "PSNR": 35.591715273739204, "encoding_time": 0.3188660144805908, "decoding_time": 0.22707891464233398}