{"MSE": 17.92343521118164, "PSNR": 35.596591105483405, "encoding_time": 0.32024312019348145, "decoding_time": 0.23776817321777344}