{"MSE": 17.66257095336914, "PSNR": 35.660264413774776, "encoding_time": 0.312593936920166, "decoding_time": 0.23109173774719238}