{"MSE": 17.68842315673828, "PSNR": 35.65391241629783, "encoding_time": 0.3136136531829834, "decoding_time": 0.2263202667236328}