{"MSE": 16.878681182861328, "PSNR": 35.85741850887605, "encoding_time": 0.3101789951324463, "decoding_time": 0.21825575828552246}