{"MSE": 17.56955337524414, "PSNR": 35.68319639163867, "encoding_time": 0.3489842414855957, "decoding_time": 0.2663710117340088}