{"MSE": 18.137042999267578, "PSNR": 35.54513878242063, "encoding_time": 0.31192803382873535, "decoding_time": 0.228348970413208}