{"MSE": 15.960830688476562, "PSNR": 36.10024870217025, "encoding_time": 0.3052248954772949, "decoding_time": 0.21292901039123535}