{"MSE": 18.09583282470703, "PSNR": 35.55501785424163, "encoding_time": 0.31647610664367676, "decoding_time": 0.23051977157592773}