{"MSE": 17.55738067626953, "PSNR": 35.686206353281435, "encoding_time": 0.3297431468963623, "decoding_time": 0.24656105041503906}