{"MSE": 17.655345916748047, "PSNR": 35.662041298629795, "encoding_time": 0.31384968757629395, "decoding_time": 0.22820711135864258}