{"MSE": 18.01876449584961, "PSNR": 35.57355351751516, "encoding_time": 0.32742810249328613, "decoding_time": 0.23354005813598633}