{"MSE": 16.851409912109375, "PSNR": 35.86444117890054, "encoding_time": 0.3325028419494629, "decoding_time": 0.23025798797607422}