{"MSE": 15.326339721679688, "PSNR": 36.27641913024791, "encoding_time": 0.3001539707183838, "decoding_time": 0.24005389213562012}