{"MSE": 18.11123275756836, "PSNR": 35.551323488979435, "encoding_time": 0.31465601921081543, "decoding_time": 0.22822189331054688}