{"MSE": 13.142078399658203, "PSNR": 36.94416307202473, "encoding_time": 0.29802513122558594, "decoding_time": 0.19933581352233887}