{"MSE": 18.029300689697266, "PSNR": 35.57101478987191, "encoding_time": 0.31679511070251465, "decoding_time": 0.2310500144958496}