{"MSE": 16.778873443603516, "PSNR": 35.88317562518904, "encoding_time": 0.30820298194885254, "decoding_time": 0.2196338176727295}