{"MSE": 17.81899642944336, "PSNR": 35.621971200575246, "encoding_time": 0.3156871795654297, "decoding_time": 0.2270219326019287}