{"MSE": 17.121623992919922, "PSNR": 35.795354055668376, "encoding_time": 0.30492591857910156, "decoding_time": 0.2216181755065918}