{"MSE": 17.615222930908203, "PSNR": 35.67192217066196, "encoding_time": 0.31594300270080566, "decoding_time": 0.2298738956451416}