{"MSE": 14.213615417480469, "PSNR": 36.60375800452766, "encoding_time": 0.2999427318572998, "decoding_time": 0.2026371955871582}