{"MSE": 17.10342788696289, "PSNR": 35.79997199996343, "encoding_time": 0.3099191188812256, "decoding_time": 0.22216796875}