{"MSE": 17.452804565429688, "PSNR": 35.71215135336516, "encoding_time": 0.3134300708770752, "decoding_time": 0.22905707359313965}