{"MSE": 15.327983856201172, "PSNR": 36.27595326542525, "encoding_time": 0.29988908767700195, "decoding_time": 0.20830798149108887}