{"MSE": 14.853530883789062, "PSNR": 36.41250657310884, "encoding_time": 0.3002278804779053, "decoding_time": 0.20372605323791504}