{"MSE": 17.59709930419922, "PSNR": 35.67639276008477, "encoding_time": 0.3135411739349365, "decoding_time": 0.22296905517578125}