{"MSE": 16.91573715209961, "PSNR": 35.847894326952236, "encoding_time": 0.3059852123260498, "decoding_time": 0.21913981437683105}