{"MSE": 16.8154296875, "PSNR": 35.87372391475601, "encoding_time": 0.3101041316986084, "decoding_time": 0.21835017204284668}