{"MSE": 17.481307983398438, "PSNR": 35.70506436647297, "encoding_time": 0.31761622428894043, "decoding_time": 0.23615312576293945}