{"MSE": 17.734683990478516, "PSNR": 35.642569065665256, "encoding_time": 0.3118629455566406, "decoding_time": 0.2285459041595459}