{"MSE": 16.494033813476562, "PSNR": 35.95753480317575, "encoding_time": 0.32111310958862305, "decoding_time": 0.22771096229553223}