{"MSE": 18.075458526611328, "PSNR": 35.55991037858392, "encoding_time": 0.3174021244049072, "decoding_time": 0.23344898223876953}