{"MSE": 18.031940460205078, "PSNR": 35.570378961636095, "encoding_time": 0.3340480327606201, "decoding_time": 0.22761988639831543}