{"MSE": 17.56528091430664, "PSNR": 35.68425261191462, "encoding_time": 0.3156869411468506, "decoding_time": 0.22639822959899902}