{"MSE": 16.381999969482422, "PSNR": 35.98713440080341, "encoding_time": 0.30611705780029297, "decoding_time": 0.21602201461791992}