{"MSE": 18.19552230834961, "PSNR": 35.53115834203234, "encoding_time": 0.3148348331451416, "decoding_time": 0.22897696495056152}