{"MSE": 16.519668579101562, "PSNR": 35.95079030698994, "encoding_time": 0.31113481521606445, "decoding_time": 0.22199225425720215}