{"MSE": 16.246597290039062, "PSNR": 36.02317945270107, "encoding_time": 0.3085308074951172, "decoding_time": 0.21575403213500977}