{"MSE": 16.306476593017578, "PSNR": 36.00720229473001, "encoding_time": 0.30750489234924316, "decoding_time": 0.21686816215515137}