{"MSE": 17.973602294921875, "PSNR": 35.58445233117814, "encoding_time": 0.31424474716186523, "decoding_time": 0.26276707649230957}