{"MSE": 14.478263854980469, "PSNR": 36.52363873827734, "encoding_time": 0.30587100982666016, "decoding_time": 0.21008706092834473}