{"MSE": 17.031749725341797, "PSNR": 35.81821094172121, "encoding_time": 0.3116447925567627, "decoding_time": 0.2205193042755127}