{"MSE": 14.369503021240234, "PSNR": 36.55638612835657, "encoding_time": 0.30184292793273926, "decoding_time": 0.20554900169372559}