{"MSE": 12.916667938232422, "PSNR": 37.019298659916466, "encoding_time": 0.2997281551361084, "decoding_time": 0.1992340087890625}