{"MSE": 13.740226745605469, "PSNR": 36.750864612191435, "encoding_time": 0.2985069751739502, "decoding_time": 0.2112560272216797}