{"MSE": 13.786121368408203, "PSNR": 36.7363826330934, "encoding_time": 0.3012583255767822, "decoding_time": 0.2129507064819336}