{"MSE": 18.00115966796875, "PSNR": 35.577798768103435, "encoding_time": 0.31177210807800293, "decoding_time": 0.22559905052185059}