{"MSE": 16.78140640258789, "PSNR": 35.882520058479265, "encoding_time": 0.3106727600097656, "decoding_time": 0.2293853759765625}