{"MSE": 16.185009002685547, "PSNR": 36.03967415559002, "encoding_time": 0.30522608757019043, "decoding_time": 0.21570372581481934}