{"MSE": 14.436683654785156, "PSNR": 36.53612920808889, "encoding_time": 0.3024759292602539, "decoding_time": 0.20599699020385742}