{"MSE": 18.159305572509766, "PSNR": 35.539811241604575, "encoding_time": 0.3139059543609619, "decoding_time": 0.2294020652770996}