{"MSE": 16.474830627441406, "PSNR": 35.962594024240595, "encoding_time": 0.309279203414917, "decoding_time": 0.2174208164215088}