{"MSE": 17.128082275390625, "PSNR": 35.79371620426558, "encoding_time": 0.31217408180236816, "decoding_time": 0.22521281242370605}