{"MSE": 17.879844665527344, "PSNR": 35.60716619405626, "encoding_time": 0.31317782402038574, "decoding_time": 0.22903013229370117}