{"MSE": 17.13274383544922, "PSNR": 35.79253439398672, "encoding_time": 0.30809497833251953, "decoding_time": 0.23919367790222168}