{"MSE": 15.40869140625, "PSNR": 36.25314603341981, "encoding_time": 0.30518102645874023, "decoding_time": 0.21339106559753418}