{"MSE": 17.63192367553711, "PSNR": 35.6678066365112, "encoding_time": 0.3147299289703369, "decoding_time": 0.23010921478271484}