{"MSE": 16.671123504638672, "PSNR": 35.911154919683284, "encoding_time": 0.30861401557922363, "decoding_time": 0.2180469036102295}