{"MSE": 18.023773193359375, "PSNR": 35.572346471705686, "encoding_time": 0.3105449676513672, "decoding_time": 0.22500085830688477}