{"MSE": 17.455486297607422, "PSNR": 35.7114840840946, "encoding_time": 0.3177058696746826, "decoding_time": 0.23641014099121094}