{"MSE": 15.842601776123047, "PSNR": 36.132538550648476, "encoding_time": 0.30370092391967773, "decoding_time": 0.21372509002685547}