{"MSE": 18.400047302246094, "PSNR": 35.4826142138674, "encoding_time": 0.31679296493530273, "decoding_time": 0.23161101341247559}