{"MSE": 14.900920867919922, "PSNR": 36.39867252489309, "encoding_time": 0.30077409744262695, "decoding_time": 0.20462799072265625}