{"MSE": 15.451778411865234, "PSNR": 36.24101889404072, "encoding_time": 0.30815720558166504, "decoding_time": 0.2145228385925293}