{"MSE": 16.52660369873047, "PSNR": 35.948967478560114, "encoding_time": 0.3060438632965088, "decoding_time": 0.2215113639831543}