{"MSE": 14.263996124267578, "PSNR": 36.58839148704638, "encoding_time": 0.30262279510498047, "decoding_time": 0.20522713661193848}