{"MSE": 17.289901733398438, "PSNR": 35.752878358857224, "encoding_time": 0.31578803062438965, "decoding_time": 0.22565889358520508}