{"MSE": 17.191307067871094, "PSNR": 35.77771463192852, "encoding_time": 0.3124411106109619, "decoding_time": 0.2265458106994629}