{"MSE": 16.823802947998047, "PSNR": 35.87156187916837, "encoding_time": 0.3110630512237549, "decoding_time": 0.222639799118042}