{"MSE": 17.385318756103516, "PSNR": 35.728977030791334, "encoding_time": 0.31151723861694336, "decoding_time": 0.22488093376159668}