{"MSE": 15.236740112304688, "PSNR": 36.30188300864085, "encoding_time": 0.30925679206848145, "decoding_time": 0.2167220115661621}