{"MSE": 14.07839584350586, "PSNR": 36.64527188732501, "encoding_time": 0.3006439208984375, "decoding_time": 0.2040419578552246}