{"MSE": 17.643505096435547, "PSNR": 35.66495493630819, "encoding_time": 0.315964937210083, "decoding_time": 0.22970890998840332}