{"MSE": 16.113540649414062, "PSNR": 36.05889381866954, "encoding_time": 0.3070700168609619, "decoding_time": 0.21416401863098145}