{"MSE": 17.92702865600586, "PSNR": 35.595720481734055, "encoding_time": 0.32557201385498047, "decoding_time": 0.2605440616607666}