{"MSE": 17.058650970458984, "PSNR": 35.81135677486058, "encoding_time": 0.3125028610229492, "decoding_time": 0.22621703147888184}