{"MSE": 18.569549560546875, "PSNR": 35.442789916322496, "encoding_time": 0.3156888484954834, "decoding_time": 0.2309432029724121}