{"MSE": 17.591548919677734, "PSNR": 35.67776280497809, "encoding_time": 0.3205850124359131, "decoding_time": 0.23761510848999023}