{"MSE": 13.043254852294922, "PSNR": 36.976943808214024, "encoding_time": 0.30440187454223633, "decoding_time": 0.2216031551361084}