{"MSE": 12.754802703857422, "PSNR": 37.07406615702479, "encoding_time": 0.30089902877807617, "decoding_time": 0.20950603485107422}