{"MSE": 11.200180053710938, "PSNR": 37.638553564383926, "encoding_time": 0.29955196380615234, "decoding_time": 0.20222187042236328}