{"MSE": 10.51596450805664, "PSNR": 37.91231249198245, "encoding_time": 0.2935199737548828, "decoding_time": 0.19463109970092773}