{"MSE": 10.948753356933594, "PSNR": 37.737156883608506, "encoding_time": 0.2961158752441406, "decoding_time": 0.19790887832641602}