{"MSE": 10.655094146728516, "PSNR": 37.85523069443307, "encoding_time": 0.2980470657348633, "decoding_time": 0.19901180267333984}