{"MSE": 12.904796600341797, "PSNR": 37.02329197090334, "encoding_time": 0.302746057510376, "decoding_time": 0.21024203300476074}