{"MSE": 9.919803619384766, "PSNR": 38.1657728628044, "encoding_time": 0.2882521152496338, "decoding_time": 0.18621087074279785}