{"MSE": 10.388996124267578, "PSNR": 37.96506776617221, "encoding_time": 0.29079318046569824, "decoding_time": 0.18878602981567383}