{"MSE": 12.041179656982422, "PSNR": 37.32411324658593, "encoding_time": 0.29367899894714355, "decoding_time": 0.19705486297607422}