{"MSE": 10.587226867675781, "PSNR": 37.88298141438599, "encoding_time": 0.2998359203338623, "decoding_time": 0.20105314254760742}