{"MSE": 12.081962585449219, "PSNR": 37.30942874364225, "encoding_time": 0.2987079620361328, "decoding_time": 0.20324420928955078}