{"MSE": 10.889968872070312, "PSNR": 37.760537224994096, "encoding_time": 0.2963268756866455, "decoding_time": 0.19902801513671875}