{"MSE": 13.26797866821289, "PSNR": 36.902755962632206, "encoding_time": 0.3043191432952881, "decoding_time": 0.21053481101989746}