{"MSE": 9.986526489257812, "PSNR": 38.136659025583825, "encoding_time": 0.2927279472351074, "decoding_time": 0.1959981918334961}