{"MSE": 10.47955322265625, "PSNR": 37.92737593207902, "encoding_time": 0.2988417148590088, "decoding_time": 0.20039010047912598}