{"MSE": 10.836151123046875, "PSNR": 37.78205307710205, "encoding_time": 0.2989318370819092, "decoding_time": 0.20017719268798828}