{"MSE": 10.609600067138672, "PSNR": 37.873813475517146, "encoding_time": 0.2955629825592041, "decoding_time": 0.19817209243774414}