{"MSE": 10.328014373779297, "PSNR": 37.9906352718965, "encoding_time": 0.29174017906188965, "decoding_time": 0.19467806816101074}