{"MSE": 11.561538696289062, "PSNR": 37.500647237697315, "encoding_time": 0.29677629470825195, "decoding_time": 0.2015516757965088}