{"MSE": 11.481033325195312, "PSNR": 37.53099383325592, "encoding_time": 0.2977321147918701, "decoding_time": 0.2010788917541504}