{"MSE": 10.680187225341797, "PSNR": 37.845014948588826, "encoding_time": 0.2933182716369629, "decoding_time": 0.1969900131225586}