{"MSE": 10.084136962890625, "PSNR": 38.09441625229658, "encoding_time": 0.29209113121032715, "decoding_time": 0.2032918930053711}