{"MSE": 10.482524871826172, "PSNR": 37.92614459343075, "encoding_time": 0.29198384284973145, "decoding_time": 0.19219517707824707}