{"MSE": 10.503108978271484, "PSNR": 37.91762489202465, "encoding_time": 0.2891089916229248, "decoding_time": 0.19197797775268555}