{"MSE": 11.598236083984375, "PSNR": 37.48688416230833, "encoding_time": 0.29371118545532227, "decoding_time": 0.19933795928955078}