{"MSE": 9.912734985351562, "PSNR": 38.16886865295652, "encoding_time": 0.29143190383911133, "decoding_time": 0.2010960578918457}