{"MSE": 10.629814147949219, "PSNR": 37.865546894984895, "encoding_time": 0.295727014541626, "decoding_time": 0.1995830535888672}