{"MSE": 10.775508880615234, "PSNR": 37.806425717033974, "encoding_time": 0.2925581932067871, "decoding_time": 0.19631671905517578}