{"MSE": 10.089466094970703, "PSNR": 38.09212175616428, "encoding_time": 0.2938120365142822, "decoding_time": 0.19371390342712402}