{"MSE": 10.637374877929688, "PSNR": 37.86245896131955, "encoding_time": 0.2973630428314209, "decoding_time": 0.20069003105163574}