{"MSE": 12.868656158447266, "PSNR": 37.03547163881393, "encoding_time": 0.3059530258178711, "decoding_time": 0.21078085899353027}