{"MSE": 11.502849578857422, "PSNR": 37.522749202471566, "encoding_time": 0.3006319999694824, "decoding_time": 0.19945096969604492}