{"MSE": 10.706829071044922, "PSNR": 37.834194914226735, "encoding_time": 0.2955451011657715, "decoding_time": 0.19318914413452148}