{"MSE": 10.626808166503906, "PSNR": 37.866775200351384, "encoding_time": 0.29410576820373535, "decoding_time": 0.19359207153320312}