{"MSE": 10.839580535888672, "PSNR": 37.78067884428793, "encoding_time": 0.29790377616882324, "decoding_time": 0.2006840705871582}