{"MSE": 10.814590454101562, "PSNR": 37.79070283407322, "encoding_time": 0.29253602027893066, "decoding_time": 0.19437098503112793}