{"MSE": 13.522869110107422, "PSNR": 36.82011516415106, "encoding_time": 0.3098280429840088, "decoding_time": 0.21365976333618164}