{"MSE": 9.892940521240234, "PSNR": 38.17754962866494, "encoding_time": 0.28862500190734863, "decoding_time": 0.18570494651794434}