{"MSE": 12.467388153076172, "PSNR": 37.173048800849664, "encoding_time": 0.299849271774292, "decoding_time": 0.20169281959533691}