{"MSE": 11.422855377197266, "PSNR": 37.553056825660875, "encoding_time": 0.2974839210510254, "decoding_time": 0.1973249912261963}