{"MSE": 11.024188995361328, "PSNR": 37.70733710827314, "encoding_time": 0.2977612018585205, "decoding_time": 0.20153498649597168}