{"MSE": 11.818382263183594, "PSNR": 37.40522327829916, "encoding_time": 0.29601621627807617, "decoding_time": 0.2010948657989502}