{"MSE": 10.678367614746094, "PSNR": 37.84575493015476, "encoding_time": 0.2935478687286377, "decoding_time": 0.19353604316711426}