{"MSE": 12.741157531738281, "PSNR": 37.078714755051294, "encoding_time": 0.3029952049255371, "decoding_time": 0.2084360122680664}