{"MSE": 11.61446762084961, "PSNR": 37.48081053285789, "encoding_time": 0.297011137008667, "decoding_time": 0.20097899436950684}