{"MSE": 13.142768859863281, "PSNR": 36.94393490782491, "encoding_time": 0.3053922653198242, "decoding_time": 0.2102515697479248}