{"MSE": 10.16141128540039, "PSNR": 38.06126330981325, "encoding_time": 0.2973518371582031, "decoding_time": 0.19780826568603516}