{"MSE": 12.61489486694336, "PSNR": 37.12196725427445, "encoding_time": 0.30121874809265137, "decoding_time": 0.20434117317199707}