{"MSE": 12.92708969116211, "PSNR": 37.01579598813059, "encoding_time": 0.31318187713623047, "decoding_time": 0.21150827407836914}