{"MSE": 12.062583923339844, "PSNR": 37.3164001297686, "encoding_time": 0.30196499824523926, "decoding_time": 0.20567893981933594}