{"MSE": 10.884895324707031, "PSNR": 37.762561038914136, "encoding_time": 0.2926640510559082, "decoding_time": 0.19759321212768555}