{"MSE": 12.70511245727539, "PSNR": 37.09101847376209, "encoding_time": 0.305880069732666, "decoding_time": 0.20643210411071777}