{"MSE": 10.787044525146484, "PSNR": 37.80177889515829, "encoding_time": 0.2947728633880615, "decoding_time": 0.19546771049499512}