{"MSE": 10.06686019897461, "PSNR": 38.10186323371598, "encoding_time": 0.2931971549987793, "decoding_time": 0.19277572631835938}