{"MSE": 13.179698944091797, "PSNR": 36.93174870823344, "encoding_time": 0.30501794815063477, "decoding_time": 0.20950722694396973}