{"MSE": 12.138835906982422, "PSNR": 37.289033202089264, "encoding_time": 0.3054080009460449, "decoding_time": 0.22545790672302246}