{"MSE": 10.678943634033203, "PSNR": 37.84552066658571, "encoding_time": 0.2949349880218506, "decoding_time": 0.19949913024902344}