{"MSE": 10.529769897460938, "PSNR": 37.906614800295145, "encoding_time": 0.2926909923553467, "decoding_time": 0.19278717041015625}