{"MSE": 11.834884643554688, "PSNR": 37.39916331717452, "encoding_time": 0.2981100082397461, "decoding_time": 0.2019188404083252}