{"MSE": 11.697456359863281, "PSNR": 37.449889272392916, "encoding_time": 0.3007321357727051, "decoding_time": 0.20053672790527344}