{"MSE": 10.692344665527344, "PSNR": 37.84007411164626, "encoding_time": 0.29619908332824707, "decoding_time": 0.19752717018127441}