{"MSE": 12.401874542236328, "PSNR": 37.195930271717714, "encoding_time": 0.2980659008026123, "decoding_time": 0.20262598991394043}