{"MSE": 11.722183227539062, "PSNR": 37.4407185538286, "encoding_time": 0.2949841022491455, "decoding_time": 0.19446396827697754}