{"MSE": 10.781681060791016, "PSNR": 37.80393880304177, "encoding_time": 0.29708123207092285, "decoding_time": 0.20113205909729004}