{"MSE": 11.910392761230469, "PSNR": 37.37154277703973, "encoding_time": 0.29770398139953613, "decoding_time": 0.2030467987060547}