{"MSE": 10.301334381103516, "PSNR": 38.0018687627781, "encoding_time": 0.29475927352905273, "decoding_time": 0.19482803344726562}