{"MSE": 10.572021484375, "PSNR": 37.889223238376715, "encoding_time": 0.2916548252105713, "decoding_time": 0.19461917877197266}