{"MSE": 10.877593994140625, "PSNR": 37.7654751611435, "encoding_time": 0.29424285888671875, "decoding_time": 0.1945819854736328}