{"MSE": 10.549728393554688, "PSNR": 37.898390821535216, "encoding_time": 0.29427576065063477, "decoding_time": 0.19248104095458984}