{"MSE": 10.88491439819336, "PSNR": 37.76255342882478, "encoding_time": 0.29848790168762207, "decoding_time": 0.20167326927185059}