{"MSE": 10.745964050292969, "PSNR": 37.81834977527986, "encoding_time": 0.2971048355102539, "decoding_time": 0.19919824600219727}