{"MSE": 10.385086059570312, "PSNR": 37.966702610520024, "encoding_time": 0.29673004150390625, "decoding_time": 0.1980118751525879}