{"MSE": 12.288375854492188, "PSNR": 37.235858745675486, "encoding_time": 0.2980012893676758, "decoding_time": 0.20389485359191895}