{"MSE": 10.319709777832031, "PSNR": 37.99412877109508, "encoding_time": 0.29262828826904297, "decoding_time": 0.193145751953125}