{"MSE": 10.768604278564453, "PSNR": 37.809209429364955, "encoding_time": 0.29505372047424316, "decoding_time": 0.20145010948181152}