{"MSE": 10.667709350585938, "PSNR": 37.85009186354408, "encoding_time": 0.29404211044311523, "decoding_time": 0.19488787651062012}