{"MSE": 10.91067123413086, "PSNR": 37.75228891277567, "encoding_time": 0.2956809997558594, "decoding_time": 0.1961369514465332}