{"MSE": 10.130672454833984, "PSNR": 38.07442086906359, "encoding_time": 0.293231725692749, "decoding_time": 0.19540095329284668}