{"MSE": 11.406574249267578, "PSNR": 37.5592512907294, "encoding_time": 0.29581499099731445, "decoding_time": 0.19744110107421875}