{"MSE": 12.95233154296875, "PSNR": 37.00732408272763, "encoding_time": 0.3039529323577881, "decoding_time": 0.20892715454101562}