{"MSE": 10.814727783203125, "PSNR": 37.790647685528675, "encoding_time": 0.28902220726013184, "decoding_time": 0.18767595291137695}