{"MSE": 10.747123718261719, "PSNR": 37.817881124701984, "encoding_time": 0.2961709499359131, "decoding_time": 0.19579195976257324}