{"MSE": 11.215080261230469, "PSNR": 37.63277974889648, "encoding_time": 0.2947390079498291, "decoding_time": 0.1992051601409912}