{"MSE": 10.701114654541016, "PSNR": 37.836513436403074, "encoding_time": 0.29155993461608887, "decoding_time": 0.19395899772644043}