{"MSE": 12.888435363769531, "PSNR": 37.02880162996688, "encoding_time": 0.3024787902832031, "decoding_time": 0.20887398719787598}