{"MSE": 10.248661041259766, "PSNR": 38.024132311226296, "encoding_time": 0.29117798805236816, "decoding_time": 0.1910719871520996}