{"MSE": 12.419315338134766, "PSNR": 37.18982706498043, "encoding_time": 0.300584077835083, "decoding_time": 0.20433998107910156}