{"MSE": 10.64825439453125, "PSNR": 37.858019426667504, "encoding_time": 0.2957170009613037, "decoding_time": 0.19826889038085938}