{"MSE": 10.393600463867188, "PSNR": 37.9631434259627, "encoding_time": 0.30178380012512207, "decoding_time": 0.19232797622680664}