{"MSE": 11.417350769042969, "PSNR": 37.555150170158235, "encoding_time": 0.2951648235321045, "decoding_time": 0.19898223876953125}