{"MSE": 12.603992462158203, "PSNR": 37.12572226096516, "encoding_time": 0.300494909286499, "decoding_time": 0.2052769660949707}