{"MSE": 11.081111907958984, "PSNR": 37.68497020036631, "encoding_time": 0.29752397537231445, "decoding_time": 0.19873571395874023}