{"MSE": 11.006736755371094, "PSNR": 37.71421781151349, "encoding_time": 0.2936100959777832, "decoding_time": 0.19705796241760254}