{"MSE": 10.63519287109375, "PSNR": 37.86334990550911, "encoding_time": 0.2974519729614258, "decoding_time": 0.1981041431427002}