{"MSE": 10.720890045166016, "PSNR": 37.82849519013163, "encoding_time": 0.29299211502075195, "decoding_time": 0.19333505630493164}