{"MSE": 10.695392608642578, "PSNR": 37.83883629497767, "encoding_time": 0.29359984397888184, "decoding_time": 0.19379520416259766}