{"MSE": 10.053062438964844, "PSNR": 38.1078198092775, "encoding_time": 0.28739094734191895, "decoding_time": 0.18865108489990234}