{"MSE": 11.54250717163086, "PSNR": 37.507802078072835, "encoding_time": 0.2949080467224121, "decoding_time": 0.20455574989318848}