{"MSE": 12.88546371459961, "PSNR": 37.02980308561661, "encoding_time": 0.30002808570861816, "decoding_time": 0.2078399658203125}