{"MSE": 11.668441772460938, "PSNR": 37.46067497522255, "encoding_time": 0.2967088222503662, "decoding_time": 0.19936513900756836}