{"MSE": 10.792011260986328, "PSNR": 37.79977971036746, "encoding_time": 0.2930471897125244, "decoding_time": 0.19576597213745117}