{"MSE": 10.750511169433594, "PSNR": 37.81651246124526, "encoding_time": 0.29515600204467773, "decoding_time": 0.19728994369506836}