{"MSE": 11.46200180053711, "PSNR": 37.53819888523943, "encoding_time": 0.2955150604248047, "decoding_time": 0.19410991668701172}