{"MSE": 10.809066772460938, "PSNR": 37.792921611852904, "encoding_time": 0.3014700412750244, "decoding_time": 0.2029409408569336}