{"MSE": 10.996334075927734, "PSNR": 37.7183243534144, "encoding_time": 0.30001306533813477, "decoding_time": 0.20277619361877441}