{"MSE": 10.726356506347656, "PSNR": 37.826281335805454, "encoding_time": 0.2932591438293457, "decoding_time": 0.19448280334472656}