{"MSE": 12.286815643310547, "PSNR": 37.236410188871986, "encoding_time": 0.29738283157348633, "decoding_time": 0.19891119003295898}