{"MSE": 11.635475158691406, "PSNR": 37.4729623756969, "encoding_time": 0.2932140827178955, "decoding_time": 0.20040297508239746}