{"MSE": 12.512199401855469, "PSNR": 37.15746703921682, "encoding_time": 0.30567312240600586, "decoding_time": 0.22231078147888184}