{"MSE": 10.853416442871094, "PSNR": 37.77513893767634, "encoding_time": 0.29573678970336914, "decoding_time": 0.19483208656311035}