{"MSE": 10.71514892578125, "PSNR": 37.83082149354221, "encoding_time": 0.29674816131591797, "decoding_time": 0.19983172416687012}