{"MSE": 13.069923400878906, "PSNR": 36.96807318556922, "encoding_time": 0.30410099029541016, "decoding_time": 0.20767521858215332}