{"MSE": 12.530868530273438, "PSNR": 37.150991873332345, "encoding_time": 0.29988694190979004, "decoding_time": 0.2054281234741211}