{"MSE": 12.353424072265625, "PSNR": 37.212930105933985, "encoding_time": 0.2994680404663086, "decoding_time": 0.20369291305541992}