{"MSE": 10.138668060302734, "PSNR": 38.07099456369162, "encoding_time": 0.2903621196746826, "decoding_time": 0.1908118724822998}