{"MSE": 10.575187683105469, "PSNR": 37.88792277112674, "encoding_time": 0.29285097122192383, "decoding_time": 0.1919548511505127}