{"MSE": 10.898883819580078, "PSNR": 37.75698337773028, "encoding_time": 0.29653406143188477, "decoding_time": 0.20180678367614746}