{"MSE": 10.075611114501953, "PSNR": 38.09808964059021, "encoding_time": 0.2936210632324219, "decoding_time": 0.19646000862121582}