{"MSE": 10.200042724609375, "PSNR": 38.04478369986067, "encoding_time": 0.2905149459838867, "decoding_time": 0.18746304512023926}