{"MSE": 10.698062896728516, "PSNR": 37.83775213969799, "encoding_time": 0.2938060760498047, "decoding_time": 0.1970369815826416}