{"MSE": 10.609569549560547, "PSNR": 37.87382596763255, "encoding_time": 0.29564905166625977, "decoding_time": 0.2000720500946045}