{"MSE": 13.248451232910156, "PSNR": 36.90915249411282, "encoding_time": 0.3047008514404297, "decoding_time": 0.2118520736694336}