{"MSE": 12.223583221435547, "PSNR": 37.25881827204724, "encoding_time": 0.3021249771118164, "decoding_time": 0.20329499244689941}