{"MSE": 10.894718170166016, "PSNR": 37.75864360679839, "encoding_time": 0.29441118240356445, "decoding_time": 0.1976759433746338}