{"MSE": 12.809524536132812, "PSNR": 37.055473509644486, "encoding_time": 0.3061251640319824, "decoding_time": 0.20875763893127441}