{"MSE": 10.612201690673828, "PSNR": 37.87274865475983, "encoding_time": 0.292910099029541, "decoding_time": 0.19300198554992676}