{"MSE": 10.849010467529297, "PSNR": 37.77690232645543, "encoding_time": 0.29170894622802734, "decoding_time": 0.19443011283874512}