{"MSE": 9.913383483886719, "PSNR": 38.16858454355217, "encoding_time": 0.2870819568634033, "decoding_time": 0.18635177612304688}