{"MSE": 10.630756378173828, "PSNR": 37.865161951987254, "encoding_time": 0.29619288444519043, "decoding_time": 0.20018410682678223}