{"MSE": 12.793258666992188, "PSNR": 37.060991798891024, "encoding_time": 0.30096006393432617, "decoding_time": 0.20889496803283691}