{"MSE": 11.215923309326172, "PSNR": 37.632453297933225, "encoding_time": 0.2983739376068115, "decoding_time": 0.20241713523864746}