{"MSE": 12.338340759277344, "PSNR": 37.21823600485139, "encoding_time": 0.306060791015625, "decoding_time": 0.21122097969055176}