{"MSE": 10.649436950683594, "PSNR": 37.857537141894284, "encoding_time": 0.2941718101501465, "decoding_time": 0.19359827041625977}