{"MSE": 10.30499267578125, "PSNR": 38.00032673425062, "encoding_time": 0.2919762134552002, "decoding_time": 0.1900479793548584}