{"MSE": 10.112541198730469, "PSNR": 38.08220056918053, "encoding_time": 0.2893340587615967, "decoding_time": 0.18787217140197754}