{"MSE": 12.555675506591797, "PSNR": 37.14240277758164, "encoding_time": 0.3042740821838379, "decoding_time": 0.2063307762145996}