{"MSE": 11.063583374023438, "PSNR": 37.69184547867292, "encoding_time": 0.29657506942749023, "decoding_time": 0.19987201690673828}