{"MSE": 10.14874267578125, "PSNR": 38.06668119879139, "encoding_time": 0.2874889373779297, "decoding_time": 0.18900394439697266}