{"MSE": 12.943065643310547, "PSNR": 37.01043207078761, "encoding_time": 0.3020658493041992, "decoding_time": 0.21115899085998535}