{"MSE": 13.159549713134766, "PSNR": 36.938393318062765, "encoding_time": 0.3101780414581299, "decoding_time": 0.211533784866333}