{"MSE": 12.077743530273438, "PSNR": 37.31094557699406, "encoding_time": 0.2984580993652344, "decoding_time": 0.19752192497253418}