{"MSE": 10.9044189453125, "PSNR": 37.75477832224873, "encoding_time": 0.2951629161834717, "decoding_time": 0.20001792907714844}