{"MSE": 10.646549224853516, "PSNR": 37.85871494450047, "encoding_time": 0.2942838668823242, "decoding_time": 0.19409632682800293}