{"MSE": 11.10268783569336, "PSNR": 37.67652231549548, "encoding_time": 0.2975270748138428, "decoding_time": 0.20121192932128906}