{"MSE": 10.76937484741211, "PSNR": 37.80889867244886, "encoding_time": 0.2954978942871094, "decoding_time": 0.2011709213256836}