{"MSE": 10.04052734375, "PSNR": 38.11323837653901, "encoding_time": 0.29177188873291016, "decoding_time": 0.20142102241516113}