{"MSE": 10.345096588134766, "PSNR": 37.983458110089195, "encoding_time": 0.2935941219329834, "decoding_time": 0.19591975212097168}