{"MSE": 12.364410400390625, "PSNR": 37.20906949104029, "encoding_time": 0.29967403411865234, "decoding_time": 0.2048790454864502}