{"MSE": 10.028179168701172, "PSNR": 38.11858276179744, "encoding_time": 0.29026103019714355, "decoding_time": 0.1914989948272705}