{"MSE": 10.148216247558594, "PSNR": 38.06690647871942, "encoding_time": 0.293834924697876, "decoding_time": 0.19757318496704102}