{"MSE": 10.757675170898438, "PSNR": 37.81361934290385, "encoding_time": 0.29218220710754395, "decoding_time": 0.19385313987731934}