{"MSE": 13.113689422607422, "PSNR": 36.95355467006762, "encoding_time": 0.30475401878356934, "decoding_time": 0.21541213989257812}