{"MSE": 12.37838363647461, "PSNR": 37.20416422451161, "encoding_time": 0.3044590950012207, "decoding_time": 0.20356106758117676}