{"MSE": 12.710121154785156, "PSNR": 37.08930670533896, "encoding_time": 0.3016378879547119, "decoding_time": 0.20598721504211426}