{"MSE": 10.928215026855469, "PSNR": 37.745311291371465, "encoding_time": 0.2965691089630127, "decoding_time": 0.19982194900512695}