{"MSE": 10.986263275146484, "PSNR": 37.722303586117235, "encoding_time": 0.2960481643676758, "decoding_time": 0.20071077346801758}