{"MSE": 12.6851806640625, "PSNR": 37.09783703985234, "encoding_time": 0.29975223541259766, "decoding_time": 0.20506501197814941}