{"MSE": 10.191192626953125, "PSNR": 38.048553504633645, "encoding_time": 0.29411888122558594, "decoding_time": 0.19435596466064453}