{"MSE": 11.663154602050781, "PSNR": 37.46264328372271, "encoding_time": 0.29669713973999023, "decoding_time": 0.2008039951324463}