{"MSE": 10.345962524414062, "PSNR": 37.983094599119596, "encoding_time": 0.2900099754333496, "decoding_time": 0.19112300872802734}