{"MSE": 10.224617004394531, "PSNR": 38.03433311767335, "encoding_time": 0.2946012020111084, "decoding_time": 0.19762802124023438}