{"MSE": 13.165519714355469, "PSNR": 36.93642353132492, "encoding_time": 0.3029611110687256, "decoding_time": 0.2111530303955078}