{"MSE": 10.641242980957031, "PSNR": 37.86088000931257, "encoding_time": 0.2950270175933838, "decoding_time": 0.2000586986541748}