{"MSE": 11.030590057373047, "PSNR": 37.70481616169605, "encoding_time": 0.300462007522583, "decoding_time": 0.20473885536193848}