{"MSE": 11.0103759765625, "PSNR": 37.71278211582034, "encoding_time": 0.2950870990753174, "decoding_time": 0.20116496086120605}