{"MSE": 10.573539733886719, "PSNR": 37.88859959223233, "encoding_time": 0.29696202278137207, "decoding_time": 0.1993551254272461}