{"MSE": 10.382740020751953, "PSNR": 37.96768381260977, "encoding_time": 0.2941019535064697, "decoding_time": 0.1978449821472168}