{"MSE": 10.324531555175781, "PSNR": 37.99210004909202, "encoding_time": 0.2741260528564453, "decoding_time": 0.16698288917541504}