{"MSE": 11.041141510009766, "PSNR": 37.70066384769088, "encoding_time": 0.2934610843658447, "decoding_time": 0.1807270050048828}