{"MSE": 10.22951889038086, "PSNR": 38.032251521964305, "encoding_time": 0.28078794479370117, "decoding_time": 0.1600949764251709}