{"MSE": 9.428810119628906, "PSNR": 38.38623471002735, "encoding_time": 0.27226996421813965, "decoding_time": 0.15280818939208984}