{"MSE": 10.791618347167969, "PSNR": 37.79993783048562, "encoding_time": 0.28203415870666504, "decoding_time": 0.1609179973602295}