{"MSE": 10.3621826171875, "PSNR": 37.97629119091487, "encoding_time": 0.27881598472595215, "decoding_time": 0.1646111011505127}