{"MSE": 10.985076904296875, "PSNR": 37.72277259193097, "encoding_time": 0.2742481231689453, "decoding_time": 0.18782687187194824}