{"MSE": 10.71932601928711, "PSNR": 37.829128810434646, "encoding_time": 0.27670907974243164, "decoding_time": 0.1619729995727539}