{"MSE": 11.160633087158203, "PSNR": 37.653915302035315, "encoding_time": 0.2784559726715088, "decoding_time": 0.18859601020812988}