{"MSE": 10.707504272460938, "PSNR": 37.83392104509007, "encoding_time": 0.2749478816986084, "decoding_time": 0.16201114654541016}