{"MSE": 10.200531005859375, "PSNR": 38.04457580585207, "encoding_time": 0.2695479393005371, "decoding_time": 0.15451383590698242}