{"MSE": 9.037792205810547, "PSNR": 38.570180089255345, "encoding_time": 0.272294282913208, "decoding_time": 0.15064787864685059}