{"MSE": 9.597488403320312, "PSNR": 38.309227648377316, "encoding_time": 0.28727293014526367, "decoding_time": 0.16991519927978516}