{"MSE": 10.947708129882812, "PSNR": 37.73757150433716, "encoding_time": 0.27365803718566895, "decoding_time": 0.16362380981445312}