{"MSE": 9.121994018554688, "PSNR": 38.52990577737113, "encoding_time": 0.2769758701324463, "decoding_time": 0.1633601188659668}