{"MSE": 9.466720581054688, "PSNR": 38.368808021615344, "encoding_time": 0.2887227535247803, "decoding_time": 0.15766000747680664}