{"MSE": 10.559974670410156, "PSNR": 37.89417484385485, "encoding_time": 0.2765519618988037, "decoding_time": 0.16071224212646484}