{"MSE": 11.040603637695312, "PSNR": 37.70087542062284, "encoding_time": 0.2836949825286865, "decoding_time": 0.19080090522766113}