{"MSE": 10.96063232421875, "PSNR": 37.73244751336577, "encoding_time": 0.27522897720336914, "decoding_time": 0.18093395233154297}