{"MSE": 10.661201477050781, "PSNR": 37.85274210075102, "encoding_time": 0.27881789207458496, "decoding_time": 0.18753528594970703}