{"MSE": 10.390819549560547, "PSNR": 37.96430558083105, "encoding_time": 0.28917884826660156, "decoding_time": 0.17570996284484863}