{"MSE": 10.404911041259766, "PSNR": 37.95841989386594, "encoding_time": 0.2766389846801758, "decoding_time": 0.17181730270385742}