{"MSE": 10.207649230957031, "PSNR": 38.04154623048539, "encoding_time": 0.2734367847442627, "decoding_time": 0.17120909690856934}