{"MSE": 9.596057891845703, "PSNR": 38.309875015186265, "encoding_time": 0.27713799476623535, "decoding_time": 0.1554279327392578}