{"MSE": 8.956138610839844, "PSNR": 38.609595544940746, "encoding_time": 0.2743687629699707, "decoding_time": 0.15265107154846191}