{"MSE": 10.494518280029297, "PSNR": 37.921178525018085, "encoding_time": 0.2756531238555908, "decoding_time": 0.18435311317443848}