{"MSE": 10.395572662353516, "PSNR": 37.96231942501066, "encoding_time": 0.276623010635376, "decoding_time": 0.16121292114257812}