{"MSE": 9.645195007324219, "PSNR": 38.28769348198666, "encoding_time": 0.30803990364074707, "decoding_time": 0.1697080135345459}