{"MSE": 9.799236297607422, "PSNR": 38.2188813054878, "encoding_time": 0.27717018127441406, "decoding_time": 0.1583259105682373}