{"MSE": 10.023185729980469, "PSNR": 38.120745829436885, "encoding_time": 0.28743577003479004, "decoding_time": 0.17202496528625488}