{"MSE": 10.26895523071289, "PSNR": 38.01554100388181, "encoding_time": 0.27852416038513184, "decoding_time": 0.17200279235839844}