{"MSE": 10.154304504394531, "PSNR": 38.06430178104683, "encoding_time": 0.2719459533691406, "decoding_time": 0.18243813514709473}