{"MSE": 10.676925659179688, "PSNR": 37.84634142020063, "encoding_time": 0.2789421081542969, "decoding_time": 0.1684558391571045}