{"MSE": 9.834510803222656, "PSNR": 38.203275991285636, "encoding_time": 0.27541184425354004, "decoding_time": 0.15314722061157227}