{"MSE": 9.767948150634766, "PSNR": 38.23277015208825, "encoding_time": 0.2710123062133789, "decoding_time": 0.15630078315734863}