{"MSE": 10.664070129394531, "PSNR": 37.851573684316385, "encoding_time": 0.2817997932434082, "decoding_time": 0.16789722442626953}