{"MSE": 10.65114974975586, "PSNR": 37.85683870180175, "encoding_time": 0.28089308738708496, "decoding_time": 0.19135594367980957}