{"MSE": 10.698562622070312, "PSNR": 37.837549277841795, "encoding_time": 0.28299498558044434, "decoding_time": 0.17530393600463867}