{"MSE": 10.685039520263672, "PSNR": 37.84304228059848, "encoding_time": 0.27579188346862793, "decoding_time": 0.16273188591003418}