{"MSE": 10.615116119384766, "PSNR": 37.87155611566814, "encoding_time": 0.2780148983001709, "decoding_time": 0.16272497177124023}