{"MSE": 10.856605529785156, "PSNR": 37.77386302661481, "encoding_time": 0.2754981517791748, "decoding_time": 0.16012096405029297}