{"MSE": 10.41762924194336, "PSNR": 37.95311463813021, "encoding_time": 0.2811410427093506, "decoding_time": 0.16686582565307617}