{"MSE": 11.007164001464844, "PSNR": 37.7140492356459, "encoding_time": 0.2776820659637451, "decoding_time": 0.1653599739074707}