{"MSE": 10.621471405029297, "PSNR": 37.86895676625237, "encoding_time": 0.28173112869262695, "decoding_time": 0.16820406913757324}