{"MSE": 10.672760009765625, "PSNR": 37.84803616981436, "encoding_time": 0.27787208557128906, "decoding_time": 0.1710529327392578}