{"MSE": 9.962242126464844, "PSNR": 38.14723268070046, "encoding_time": 0.2784430980682373, "decoding_time": 0.17899012565612793}