{"MSE": 10.518623352050781, "PSNR": 37.91121456575853, "encoding_time": 0.27533698081970215, "decoding_time": 0.1632859706878662}