{"MSE": 9.487102508544922, "PSNR": 38.35946767691582, "encoding_time": 0.27049922943115234, "decoding_time": 0.15146088600158691}