{"MSE": 10.53280258178711, "PSNR": 37.90536416666185, "encoding_time": 0.2737908363342285, "decoding_time": 0.15962719917297363}