{"MSE": 10.460933685302734, "PSNR": 37.935099118741135, "encoding_time": 0.27681612968444824, "decoding_time": 0.15990829467773438}