{"MSE": 11.116096496582031, "PSNR": 37.67128052723785, "encoding_time": 0.2839181423187256, "decoding_time": 0.19115805625915527}