{"MSE": 10.719371795654297, "PSNR": 37.82911026413687, "encoding_time": 0.2930119037628174, "decoding_time": 0.1895589828491211}