{"MSE": 10.809539794921875, "PSNR": 37.79273156163483, "encoding_time": 0.27643704414367676, "decoding_time": 0.16448616981506348}