{"MSE": 11.038570404052734, "PSNR": 37.701675289451465, "encoding_time": 0.2758808135986328, "decoding_time": 0.16477489471435547}