{"MSE": 10.968769073486328, "PSNR": 37.72922467530866, "encoding_time": 0.28935885429382324, "decoding_time": 0.18014216423034668}