{"MSE": 9.956867218017578, "PSNR": 38.1495764533016, "encoding_time": 0.27970194816589355, "decoding_time": 0.18685317039489746}