{"MSE": 9.717903137207031, "PSNR": 38.25507794931429, "encoding_time": 0.27107715606689453, "decoding_time": 0.1543271541595459}