{"MSE": 10.54183578491211, "PSNR": 37.9016411414378, "encoding_time": 0.28692197799682617, "decoding_time": 0.17765307426452637}