{"MSE": 11.164852142333984, "PSNR": 37.65227384843673, "encoding_time": 0.28321290016174316, "decoding_time": 0.17272210121154785}