{"MSE": 10.464927673339844, "PSNR": 37.93344129739114, "encoding_time": 0.27539777755737305, "decoding_time": 0.18866205215454102}