{"MSE": 9.68497085571289, "PSNR": 38.26982042702002, "encoding_time": 0.2964918613433838, "decoding_time": 0.16991925239562988}