{"MSE": 9.852607727050781, "PSNR": 38.19529168788485, "encoding_time": 0.2709949016571045, "decoding_time": 0.15488505363464355}