{"MSE": 9.970710754394531, "PSNR": 38.14354243106968, "encoding_time": 0.287841796875, "decoding_time": 0.17665505409240723}