{"MSE": 10.723468780517578, "PSNR": 37.82745069115829, "encoding_time": 0.2890329360961914, "decoding_time": 0.16998887062072754}