{"MSE": 10.952198028564453, "PSNR": 37.73579073118229, "encoding_time": 0.2915809154510498, "decoding_time": 0.18323183059692383}