{"MSE": 10.753528594970703, "PSNR": 37.815293665815865, "encoding_time": 0.28155088424682617, "decoding_time": 0.16921186447143555}