{"MSE": 9.332660675048828, "PSNR": 38.43074885207002, "encoding_time": 0.27605605125427246, "decoding_time": 0.15303921699523926}