{"MSE": 10.084175109863281, "PSNR": 38.09439982353481, "encoding_time": 0.27832889556884766, "decoding_time": 0.16375279426574707}