{"MSE": 10.055225372314453, "PSNR": 38.10688551787398, "encoding_time": 0.27696776390075684, "decoding_time": 0.16364812850952148}