{"MSE": 10.674789428710938, "PSNR": 37.847210439952846, "encoding_time": 0.2785801887512207, "decoding_time": 0.16756892204284668}