{"MSE": 10.852302551269531, "PSNR": 37.77558467916645, "encoding_time": 0.2950599193572998, "decoding_time": 0.18088293075561523}