{"MSE": 10.646369934082031, "PSNR": 37.85878808148289, "encoding_time": 0.28337597846984863, "decoding_time": 0.16702890396118164}