{"MSE": 10.470161437988281, "PSNR": 37.9312698281018, "encoding_time": 0.27819180488586426, "decoding_time": 0.16586709022521973}