{"MSE": 10.031364440917969, "PSNR": 38.11720352188484, "encoding_time": 0.2763378620147705, "decoding_time": 0.1792919635772705}