{"MSE": 9.943328857421875, "PSNR": 38.15548557719718, "encoding_time": 0.27127575874328613, "decoding_time": 0.15316390991210938}