{"MSE": 9.889457702636719, "PSNR": 38.17907883548758, "encoding_time": 0.2770419120788574, "decoding_time": 0.16220617294311523}