{"MSE": 11.095272064208984, "PSNR": 37.679424049500824, "encoding_time": 0.2743380069732666, "decoding_time": 0.1596229076385498}