{"MSE": 10.88946533203125, "PSNR": 37.76073804257124, "encoding_time": 0.27886080741882324, "decoding_time": 0.16451716423034668}