{"MSE": 9.2139892578125, "PSNR": 38.486326592759156, "encoding_time": 0.2750718593597412, "decoding_time": 0.15578222274780273}