{"MSE": 10.767791748046875, "PSNR": 37.809537132774466, "encoding_time": 0.28217196464538574, "decoding_time": 0.17198896408081055}