{"MSE": 10.073745727539062, "PSNR": 38.09889376279943, "encoding_time": 0.27187609672546387, "decoding_time": 0.15551185607910156}