{"MSE": 10.382854461669922, "PSNR": 37.9676359439497, "encoding_time": 0.27413082122802734, "decoding_time": 0.15915226936340332}