{"MSE": 10.007781982421875, "PSNR": 38.12742525100059, "encoding_time": 0.277569055557251, "decoding_time": 0.1627657413482666}