{"MSE": 10.847675323486328, "PSNR": 37.77743682808091, "encoding_time": 0.2759549617767334, "decoding_time": 0.16338682174682617}