{"MSE": 10.735454559326172, "PSNR": 37.82259922861587, "encoding_time": 0.2767207622528076, "decoding_time": 0.17400121688842773}