{"MSE": 9.606639862060547, "PSNR": 38.30508850883589, "encoding_time": 0.2805211544036865, "decoding_time": 0.1696767807006836}