{"MSE": 9.055835723876953, "PSNR": 38.561518252106445, "encoding_time": 0.2735629081726074, "decoding_time": 0.15219712257385254}