{"MSE": 10.168560028076172, "PSNR": 38.05820904123931, "encoding_time": 0.2762949466705322, "decoding_time": 0.16182494163513184}