{"MSE": 10.55755615234375, "PSNR": 37.895169608881154, "encoding_time": 0.27638697624206543, "decoding_time": 0.17158007621765137}