{"MSE": 9.26300048828125, "PSNR": 38.46328673923533, "encoding_time": 0.29331183433532715, "decoding_time": 0.18151402473449707}