{"MSE": 10.777812957763672, "PSNR": 37.805497184529564, "encoding_time": 0.27616286277770996, "decoding_time": 0.16074609756469727}