{"MSE": 10.580394744873047, "PSNR": 37.88578489735659, "encoding_time": 0.27782392501831055, "decoding_time": 0.1769390106201172}