{"MSE": 9.751213073730469, "PSNR": 38.240217145584595, "encoding_time": 0.28522801399230957, "decoding_time": 0.18436002731323242}