{"MSE": 10.012641906738281, "PSNR": 38.125316765819434, "encoding_time": 0.28149890899658203, "decoding_time": 0.16713595390319824}