{"MSE": 10.55660629272461, "PSNR": 37.895560359679365, "encoding_time": 0.27686595916748047, "decoding_time": 0.1647629737854004}