{"MSE": 10.765663146972656, "PSNR": 37.8103957406553, "encoding_time": 0.2816739082336426, "decoding_time": 0.16977310180664062}