{"MSE": 9.393932342529297, "PSNR": 38.40232932907841, "encoding_time": 0.2711150646209717, "decoding_time": 0.15329384803771973}