{"MSE": 9.194026947021484, "PSNR": 38.49574588566347, "encoding_time": 0.2753112316131592, "decoding_time": 0.17089271545410156}