{"MSE": 10.491806030273438, "PSNR": 37.922301079965436, "encoding_time": 0.2765390872955322, "decoding_time": 0.16226983070373535}