{"MSE": 8.965263366699219, "PSNR": 38.6051730879635, "encoding_time": 0.2717289924621582, "decoding_time": 0.14926981925964355}