{"MSE": 10.482376098632812, "PSNR": 37.92620623109555, "encoding_time": 0.2777130603790283, "decoding_time": 0.18250083923339844}