{"MSE": 9.958721160888672, "PSNR": 38.14876788350624, "encoding_time": 0.2862999439239502, "decoding_time": 0.15651822090148926}