{"MSE": 9.801868438720703, "PSNR": 38.2177149177935, "encoding_time": 0.27113795280456543, "decoding_time": 0.20061111450195312}