{"MSE": 9.957714080810547, "PSNR": 38.149207087927934, "encoding_time": 0.2745060920715332, "decoding_time": 0.15760302543640137}