{"MSE": 9.920299530029297, "PSNR": 38.1655557558117, "encoding_time": 0.2723729610443115, "decoding_time": 0.15550589561462402}