{"MSE": 10.006755828857422, "PSNR": 38.12787058012607, "encoding_time": 0.27875304222106934, "decoding_time": 0.1639420986175537}