{"MSE": 9.635322570800781, "PSNR": 38.29214102346205, "encoding_time": 0.28508806228637695, "decoding_time": 0.18482112884521484}