{"MSE": 10.58572769165039, "PSNR": 37.88359642904961, "encoding_time": 0.27399206161499023, "decoding_time": 0.16148591041564941}