{"MSE": 10.908676147460938, "PSNR": 37.75308312088733, "encoding_time": 0.29430341720581055, "decoding_time": 0.19231176376342773}