{"MSE": 10.107830047607422, "PSNR": 38.08422429757626, "encoding_time": 0.2665400505065918, "decoding_time": 0.1545109748840332}