{"MSE": 10.436946868896484, "PSNR": 37.945068882470515, "encoding_time": 0.27476930618286133, "decoding_time": 0.17248892784118652}