{"MSE": 9.870182037353516, "PSNR": 38.18755198361486, "encoding_time": 0.2710239887237549, "decoding_time": 0.15423202514648438}