{"MSE": 10.923202514648438, "PSNR": 37.747303753806484, "encoding_time": 0.27329421043395996, "decoding_time": 0.16086506843566895}