{"MSE": 10.576087951660156, "PSNR": 37.887553070809346, "encoding_time": 0.2787308692932129, "decoding_time": 0.16283535957336426}