{"MSE": 10.80069351196289, "PSNR": 37.79628718459779, "encoding_time": 0.27663493156433105, "decoding_time": 0.16436123847961426}