{"MSE": 10.389404296875, "PSNR": 37.96489713984151, "encoding_time": 0.2761659622192383, "decoding_time": 0.15805411338806152}