{"MSE": 10.743011474609375, "PSNR": 37.81954321266208, "encoding_time": 0.2779860496520996, "decoding_time": 0.16570210456848145}