{"MSE": 9.983345031738281, "PSNR": 38.13804279959096, "encoding_time": 0.2768728733062744, "decoding_time": 0.16145014762878418}