{"MSE": 10.67034912109375, "PSNR": 37.849017316136305, "encoding_time": 0.2766280174255371, "decoding_time": 0.16057586669921875}