{"MSE": 9.751880645751953, "PSNR": 38.239919835989014, "encoding_time": 0.2790491580963135, "decoding_time": 0.158369779586792}