{"MSE": 9.614246368408203, "PSNR": 38.30165113985488, "encoding_time": 0.2701139450073242, "decoding_time": 0.15423321723937988}