{"MSE": 10.87906265258789, "PSNR": 37.76488883000744, "encoding_time": 0.2845182418823242, "decoding_time": 0.17027688026428223}