{"MSE": 11.079715728759766, "PSNR": 37.68551742985856, "encoding_time": 0.28539490699768066, "decoding_time": 0.17246317863464355}