{"MSE": 9.82656478881836, "PSNR": 38.20678638966709, "encoding_time": 0.2731032371520996, "decoding_time": 0.17004990577697754}