{"MSE": 10.352729797363281, "PSNR": 37.98025481643342, "encoding_time": 0.2771139144897461, "decoding_time": 0.17507004737854004}