{"MSE": 9.18243408203125, "PSNR": 38.501225415105665, "encoding_time": 0.27646422386169434, "decoding_time": 0.1557300090789795}