{"MSE": 10.639606475830078, "PSNR": 37.86154795741218, "encoding_time": 0.3068408966064453, "decoding_time": 0.21184301376342773}