{"MSE": 10.433712005615234, "PSNR": 37.94641515840024, "encoding_time": 0.3019440174102783, "decoding_time": 0.21033096313476562}