{"MSE": 11.242908477783203, "PSNR": 37.62201685537466, "encoding_time": 0.3194000720977783, "decoding_time": 0.2314901351928711}