{"MSE": 10.488197326660156, "PSNR": 37.92379511221593, "encoding_time": 0.30414533615112305, "decoding_time": 0.20863890647888184}