{"MSE": 11.247749328613281, "PSNR": 37.620147319273244, "encoding_time": 0.31680893898010254, "decoding_time": 0.22353696823120117}