{"MSE": 11.42995834350586, "PSNR": 37.550357132564, "encoding_time": 0.3086090087890625, "decoding_time": 0.21738505363464355}