{"MSE": 11.046985626220703, "PSNR": 37.69836571941086, "encoding_time": 0.3100440502166748, "decoding_time": 0.21973896026611328}