{"MSE": 9.363510131835938, "PSNR": 38.41641676113029, "encoding_time": 0.2927122116088867, "decoding_time": 0.1910569667816162}