{"MSE": 11.369491577148438, "PSNR": 37.573393166002134, "encoding_time": 0.3203551769256592, "decoding_time": 0.23146295547485352}