{"MSE": 10.951705932617188, "PSNR": 37.73598586950546, "encoding_time": 0.3133530616760254, "decoding_time": 0.2197401523590088}