{"MSE": 8.952293395996094, "PSNR": 38.611460538607865, "encoding_time": 0.2889440059661865, "decoding_time": 0.18264985084533691}