{"MSE": 11.009540557861328, "PSNR": 37.71311165179438, "encoding_time": 0.3139920234680176, "decoding_time": 0.22382307052612305}