{"MSE": 10.852470397949219, "PSNR": 37.77551750971302, "encoding_time": 0.3079230785369873, "decoding_time": 0.216386079788208}