{"MSE": 11.438796997070312, "PSNR": 37.5470000817718, "encoding_time": 0.31366920471191406, "decoding_time": 0.2213587760925293}