{"MSE": 10.26059341430664, "PSNR": 38.01907882245496, "encoding_time": 0.2994699478149414, "decoding_time": 0.1993701457977295}