{"MSE": 10.764030456542969, "PSNR": 37.81105442949564, "encoding_time": 0.3099062442779541, "decoding_time": 0.2172846794128418}