{"MSE": 11.288848876953125, "PSNR": 37.60430701659958, "encoding_time": 0.30576372146606445, "decoding_time": 0.21422791481018066}