{"MSE": 11.321041107177734, "PSNR": 37.59193993528774, "encoding_time": 0.3181767463684082, "decoding_time": 0.2244563102722168}