{"MSE": 10.577041625976562, "PSNR": 37.88716147344131, "encoding_time": 0.3029911518096924, "decoding_time": 0.2065877914428711}