{"MSE": 11.194232940673828, "PSNR": 37.640860209739294, "encoding_time": 0.3151412010192871, "decoding_time": 0.22299695014953613}