{"MSE": 10.587779998779297, "PSNR": 37.88275452257188, "encoding_time": 0.3091318607330322, "decoding_time": 0.21743392944335938}