{"MSE": 11.232002258300781, "PSNR": 37.62623178763139, "encoding_time": 0.30896806716918945, "decoding_time": 0.2163088321685791}