{"MSE": 8.588809967041016, "PSNR": 38.79147367065813, "encoding_time": 0.2912592887878418, "decoding_time": 0.1839308738708496}