{"MSE": 11.345195770263672, "PSNR": 37.58268366489911, "encoding_time": 0.31913089752197266, "decoding_time": 0.24046111106872559}