{"MSE": 8.359493255615234, "PSNR": 38.909004091418495, "encoding_time": 0.294694185256958, "decoding_time": 0.18378901481628418}