{"MSE": 11.296947479248047, "PSNR": 37.601192511905495, "encoding_time": 0.3184802532196045, "decoding_time": 0.23195767402648926}