{"MSE": 10.628128051757812, "PSNR": 37.866235825518764, "encoding_time": 0.30408501625061035, "decoding_time": 0.20796489715576172}