{"MSE": 10.081119537353516, "PSNR": 38.09571596427404, "encoding_time": 0.2969510555267334, "decoding_time": 0.1978588104248047}