{"MSE": 11.354923248291016, "PSNR": 37.57896157843318, "encoding_time": 0.31258487701416016, "decoding_time": 0.22034382820129395}