{"MSE": 11.17519760131836, "PSNR": 37.64825149743716, "encoding_time": 0.3074531555175781, "decoding_time": 0.213850736618042}