{"MSE": 11.15875244140625, "PSNR": 37.654647180673614, "encoding_time": 0.3062129020690918, "decoding_time": 0.2151801586151123}