{"MSE": 11.292984008789062, "PSNR": 37.602716477011896, "encoding_time": 0.3081388473510742, "decoding_time": 0.21579313278198242}