{"MSE": 8.21429443359375, "PSNR": 38.9851009519745, "encoding_time": 0.28972911834716797, "decoding_time": 0.18264079093933105}