{"MSE": 11.543998718261719, "PSNR": 37.507240910024905, "encoding_time": 0.32196617126464844, "decoding_time": 0.24387884140014648}