{"MSE": 11.432884216308594, "PSNR": 37.549245555631614, "encoding_time": 0.30971193313598633, "decoding_time": 0.21990108489990234}