{"MSE": 9.988117218017578, "PSNR": 38.1359673038849, "encoding_time": 0.3000199794769287, "decoding_time": 0.19849872589111328}