{"MSE": 11.005950927734375, "PSNR": 37.71452788778533, "encoding_time": 0.31362009048461914, "decoding_time": 0.21776986122131348}