{"MSE": 10.999481201171875, "PSNR": 37.71708159053474, "encoding_time": 0.30960988998413086, "decoding_time": 0.2187519073486328}