{"MSE": 11.16080093383789, "PSNR": 37.65384998823269, "encoding_time": 0.30605292320251465, "decoding_time": 0.21440815925598145}