{"MSE": 8.39847183227539, "PSNR": 38.888800908997155, "encoding_time": 0.28958797454833984, "decoding_time": 0.1842050552368164}