{"MSE": 11.246868133544922, "PSNR": 37.62048757680953, "encoding_time": 0.30864691734313965, "decoding_time": 0.2152087688446045}