{"MSE": 10.730953216552734, "PSNR": 37.82442059377088, "encoding_time": 0.31008005142211914, "decoding_time": 0.21909880638122559}