{"MSE": 9.084144592285156, "PSNR": 38.54796322602048, "encoding_time": 0.29016804695129395, "decoding_time": 0.1857280731201172}