{"MSE": 11.04062271118164, "PSNR": 37.700867917860336, "encoding_time": 0.30916523933410645, "decoding_time": 0.21975183486938477}