{"MSE": 8.147201538085938, "PSNR": 39.02071901241197, "encoding_time": 0.2899940013885498, "decoding_time": 0.18099570274353027}