{"MSE": 10.203842163085938, "PSNR": 38.04316628710536, "encoding_time": 0.2985849380493164, "decoding_time": 0.2003459930419922}