{"MSE": 8.217842102050781, "PSNR": 38.98322568413564, "encoding_time": 0.29010510444641113, "decoding_time": 0.18216586112976074}