{"MSE": 10.78823471069336, "PSNR": 37.80129974398688, "encoding_time": 0.31127095222473145, "decoding_time": 0.21814489364624023}