{"MSE": 10.457809448242188, "PSNR": 37.93639636582427, "encoding_time": 0.3035259246826172, "decoding_time": 0.20989489555358887}