{"MSE": 8.668205261230469, "PSNR": 38.75151174098732, "encoding_time": 0.28893613815307617, "decoding_time": 0.17898821830749512}