{"MSE": 11.372566223144531, "PSNR": 37.57221886435382, "encoding_time": 0.3144948482513428, "decoding_time": 0.22869515419006348}