{"MSE": 10.50655746459961, "PSNR": 37.91619920675664, "encoding_time": 0.3033621311187744, "decoding_time": 0.20636963844299316}