{"MSE": 10.17547607421875, "PSNR": 38.05525623406091, "encoding_time": 0.30158305168151855, "decoding_time": 0.2007770538330078}