{"MSE": 10.042259216308594, "PSNR": 38.1124893343728, "encoding_time": 0.29894399642944336, "decoding_time": 0.20029282569885254}