{"MSE": 8.370735168457031, "PSNR": 38.90316758838423, "encoding_time": 0.29603004455566406, "decoding_time": 0.18664002418518066}