{"MSE": 11.241348266601562, "PSNR": 37.62261958030845, "encoding_time": 0.30800795555114746, "decoding_time": 0.2147672176361084}