{"MSE": 8.672065734863281, "PSNR": 38.7495779967865, "encoding_time": 0.2933778762817383, "decoding_time": 0.18451809883117676}