{"MSE": 8.406726837158203, "PSNR": 38.8845342491051, "encoding_time": 0.29404211044311523, "decoding_time": 0.1967639923095703}