{"MSE": 10.463886260986328, "PSNR": 37.93387350500722, "encoding_time": 0.3021848201751709, "decoding_time": 0.20599818229675293}