{"MSE": 8.522602081298828, "PSNR": 38.82508149080296, "encoding_time": 0.2910289764404297, "decoding_time": 0.18161892890930176}