{"MSE": 9.224742889404297, "PSNR": 38.481260904562205, "encoding_time": 0.2929880619049072, "decoding_time": 0.18752503395080566}