{"MSE": 10.5877685546875, "PSNR": 37.88275921676518, "encoding_time": 0.30592918395996094, "decoding_time": 0.2097628116607666}