{"MSE": 11.181816101074219, "PSNR": 37.64568015401475, "encoding_time": 0.3051431179046631, "decoding_time": 0.21552276611328125}