{"MSE": 11.255081176757812, "PSNR": 37.617317291910034, "encoding_time": 0.31720614433288574, "decoding_time": 0.23133301734924316}