{"MSE": 11.39583969116211, "PSNR": 37.56334029613685, "encoding_time": 0.3111081123352051, "decoding_time": 0.2208869457244873}