{"MSE": 8.587471008300781, "PSNR": 38.79215076996081, "encoding_time": 0.29123806953430176, "decoding_time": 0.1833357810974121}