{"MSE": 11.0159912109375, "PSNR": 37.7105678011894, "encoding_time": 0.3137657642364502, "decoding_time": 0.22011590003967285}