{"MSE": 11.527626037597656, "PSNR": 37.51340481580547, "encoding_time": 0.3214390277862549, "decoding_time": 0.23297715187072754}