{"MSE": 8.427005767822266, "PSNR": 38.874070696958654, "encoding_time": 0.2933990955352783, "decoding_time": 0.19336295127868652}