{"MSE": 11.271072387695312, "PSNR": 37.611151218491536, "encoding_time": 0.30786681175231934, "decoding_time": 0.21511292457580566}