{"MSE": 10.866989135742188, "PSNR": 37.76971127992439, "encoding_time": 0.30882787704467773, "decoding_time": 0.21680402755737305}