{"MSE": 11.175899505615234, "PSNR": 37.647978729472705, "encoding_time": 0.3088831901550293, "decoding_time": 0.2144300937652588}