{"MSE": 9.522663116455078, "PSNR": 38.34321940315223, "encoding_time": 0.295210599899292, "decoding_time": 0.19472432136535645}