{"MSE": 9.045387268066406, "PSNR": 38.56653195445012, "encoding_time": 0.29001283645629883, "decoding_time": 0.18383526802062988}