{"MSE": 10.312488555908203, "PSNR": 37.99716881259861, "encoding_time": 0.3001420497894287, "decoding_time": 0.20158123970031738}