{"MSE": 8.275253295898438, "PSNR": 38.952990649666916, "encoding_time": 0.29409003257751465, "decoding_time": 0.18656301498413086}