{"MSE": 11.45218276977539, "PSNR": 37.54192090390903, "encoding_time": 0.31420207023620605, "decoding_time": 0.22420001029968262}