{"MSE": 10.733139038085938, "PSNR": 37.82353605579712, "encoding_time": 0.30812597274780273, "decoding_time": 0.21619510650634766}