{"MSE": 11.328670501708984, "PSNR": 37.58901415492664, "encoding_time": 0.3188469409942627, "decoding_time": 0.2363598346710205}