{"MSE": 8.45755386352539, "PSNR": 38.85835588512845, "encoding_time": 0.2950751781463623, "decoding_time": 0.18880677223205566}