{"MSE": 11.587417602539062, "PSNR": 37.4909370194749, "encoding_time": 0.3102109432220459, "decoding_time": 0.22057223320007324}