{"MSE": 11.3590087890625, "PSNR": 37.577399252871174, "encoding_time": 0.3074953556060791, "decoding_time": 0.21692585945129395}