{"MSE": 10.009410858154297, "PSNR": 38.12671844685528, "encoding_time": 0.29802584648132324, "decoding_time": 0.19881510734558105}