{"MSE": 9.399158477783203, "PSNR": 38.39991388631526, "encoding_time": 0.2949099540710449, "decoding_time": 0.19061493873596191}