{"MSE": 8.416168212890625, "PSNR": 38.879659537825674, "encoding_time": 0.29732608795166016, "decoding_time": 0.19734883308410645}