{"MSE": 9.416130065917969, "PSNR": 38.39207912039294, "encoding_time": 0.2948780059814453, "decoding_time": 0.1904010772705078}