{"MSE": 8.694198608398438, "PSNR": 38.738508039702694, "encoding_time": 0.29100990295410156, "decoding_time": 0.1837151050567627}