{"MSE": 10.780288696289062, "PSNR": 37.80449969448875, "encoding_time": 0.3089301586151123, "decoding_time": 0.21597075462341309}