{"MSE": 9.37032699584961, "PSNR": 38.41325614162078, "encoding_time": 0.29478979110717773, "decoding_time": 0.19036531448364258}