{"MSE": 11.493858337402344, "PSNR": 37.52614520746722, "encoding_time": 0.3209981918334961, "decoding_time": 0.2340250015258789}