{"MSE": 8.369293212890625, "PSNR": 38.90391577510522, "encoding_time": 0.29549598693847656, "decoding_time": 0.19031882286071777}