{"MSE": 10.29498291015625, "PSNR": 38.00454730849363, "encoding_time": 0.3013491630554199, "decoding_time": 0.20003294944763184}