{"MSE": 8.578128814697266, "PSNR": 38.79687797270735, "encoding_time": 0.2924768924713135, "decoding_time": 0.18488693237304688}