{"MSE": 8.24807357788086, "PSNR": 38.967278344017224, "encoding_time": 0.28943300247192383, "decoding_time": 0.1804370880126953}