{"MSE": 11.098953247070312, "PSNR": 37.6779833887922, "encoding_time": 0.309675931930542, "decoding_time": 0.22224998474121094}