{"MSE": 10.258560180664062, "PSNR": 38.019939503330704, "encoding_time": 0.29897093772888184, "decoding_time": 0.20082497596740723}