{"MSE": 11.127548217773438, "PSNR": 37.66680876029048, "encoding_time": 0.3055288791656494, "decoding_time": 0.21644902229309082}