{"MSE": 9.119304656982422, "PSNR": 38.531186360426005, "encoding_time": 0.28847265243530273, "decoding_time": 0.18498921394348145}