{"MSE": 11.313591003417969, "PSNR": 37.59479886319389, "encoding_time": 0.316619873046875, "decoding_time": 0.22671222686767578}