{"MSE": 10.497699737548828, "PSNR": 37.91986214248569, "encoding_time": 0.30312395095825195, "decoding_time": 0.20658206939697266}