{"MSE": 11.307106018066406, "PSNR": 37.59728896633076, "encoding_time": 0.31897592544555664, "decoding_time": 0.2238140106201172}