{"MSE": 10.449466705322266, "PSNR": 37.939862343295225, "encoding_time": 0.3032410144805908, "decoding_time": 0.20902585983276367}