{"MSE": 11.586341857910156, "PSNR": 37.491340225486766, "encoding_time": 0.32181882858276367, "decoding_time": 0.23319387435913086}