{"MSE": 10.513671875, "PSNR": 37.91325942028053, "encoding_time": 0.3038368225097656, "decoding_time": 0.20925021171569824}