{"MSE": 11.379344940185547, "PSNR": 37.56963098549717, "encoding_time": 0.3182871341705322, "decoding_time": 0.23443102836608887}