{"MSE": 11.023628234863281, "PSNR": 37.70755802373836, "encoding_time": 0.3097372055053711, "decoding_time": 0.2194356918334961}