{"MSE": 8.49593734741211, "PSNR": 38.83869059787476, "encoding_time": 0.2920041084289551, "decoding_time": 0.18123173713684082}