{"MSE": 8.725460052490234, "PSNR": 38.72292026326596, "encoding_time": 0.28801703453063965, "decoding_time": 0.1784229278564453}