{"MSE": 11.21463394165039, "PSNR": 37.63295258581189, "encoding_time": 0.3071329593658447, "decoding_time": 0.21354103088378906}