{"MSE": 16.360828399658203, "PSNR": 35.99275071294703, "encoding_time": 0.2995462417602539, "decoding_time": 0.20168185234069824}