{"MSE": 19.05038833618164, "PSNR": 35.331765278094565, "encoding_time": 0.2972710132598877, "decoding_time": 0.20841193199157715}