{"MSE": 13.790325164794922, "PSNR": 36.735058542561475, "encoding_time": 0.29434895515441895, "decoding_time": 0.19356679916381836}