{"MSE": 23.514957427978516, "PSNR": 34.417361640418505, "encoding_time": 0.3086388111114502, "decoding_time": 0.2271900177001953}