{"MSE": 11.309379577636719, "PSNR": 37.5964158029254, "encoding_time": 0.28226590156555176, "decoding_time": 0.1811509132385254}