{"MSE": 19.282333374023438, "PSNR": 35.279207737209326, "encoding_time": 0.30294203758239746, "decoding_time": 0.22355914115905762}