{"MSE": 15.654090881347656, "PSNR": 36.18452510037858, "encoding_time": 0.28754615783691406, "decoding_time": 0.18884897232055664}