{"MSE": 25.27505111694336, "PSNR": 34.10388318275139, "encoding_time": 0.32366394996643066, "decoding_time": 0.23984408378601074}