{"MSE": 16.716197967529297, "PSNR": 35.89942855078753, "encoding_time": 0.2989931106567383, "decoding_time": 0.20519590377807617}