{"MSE": 15.40860366821289, "PSNR": 36.25317076248527, "encoding_time": 0.2952120304107666, "decoding_time": 0.20043587684631348}