{"MSE": 12.859527587890625, "PSNR": 37.03855346380855, "encoding_time": 0.28574228286743164, "decoding_time": 0.18399381637573242}