{"MSE": 9.694244384765625, "PSNR": 38.265663970989365, "encoding_time": 0.27971816062927246, "decoding_time": 0.16734695434570312}