{"MSE": 23.45172882080078, "PSNR": 34.42905497200228, "encoding_time": 0.30859875679016113, "decoding_time": 0.22412800788879395}