{"MSE": 21.40948486328125, "PSNR": 34.824741430702424, "encoding_time": 0.3117337226867676, "decoding_time": 0.24281811714172363}