{"MSE": 9.605884552001953, "PSNR": 38.30542998087119, "encoding_time": 0.27297091484069824, "decoding_time": 0.15953397750854492}