{"MSE": 12.3187255859375, "PSNR": 37.225145799569745, "encoding_time": 0.28366804122924805, "decoding_time": 0.18835186958312988}