{"MSE": 15.895755767822266, "PSNR": 36.1179917948268, "encoding_time": 0.28608107566833496, "decoding_time": 0.19087576866149902}