{"MSE": 9.3988037109375, "PSNR": 38.40007781183222, "encoding_time": 0.27910304069519043, "decoding_time": 0.16365599632263184}