{"MSE": 16.73647689819336, "PSNR": 35.89416318483372, "encoding_time": 0.29509711265563965, "decoding_time": 0.19939589500427246}