{"MSE": 7.260921478271484, "PSNR": 39.52088620672868, "encoding_time": 0.2687981128692627, "decoding_time": 0.15138816833496094}