{"MSE": 7.179805755615234, "PSNR": 39.56967665985717, "encoding_time": 0.2819340229034424, "decoding_time": 0.17040300369262695}