{"MSE": 7.797458648681641, "PSNR": 39.21127280573965, "encoding_time": 0.2805798053741455, "decoding_time": 0.17309832572937012}