{"MSE": 7.160675048828125, "PSNR": 39.58126394962035, "encoding_time": 0.2785990238189697, "decoding_time": 0.16799187660217285}