{"MSE": 6.778545379638672, "PSNR": 39.81943853044176, "encoding_time": 0.2674539089202881, "decoding_time": 0.14843201637268066}