{"MSE": 7.550193786621094, "PSNR": 39.351222623009534, "encoding_time": 0.27918291091918945, "decoding_time": 0.16717314720153809}