{"MSE": 6.929744720458984, "PSNR": 39.72363124602141, "encoding_time": 0.2764439582824707, "decoding_time": 0.16643095016479492}