{"MSE": 7.344032287597656, "PSNR": 39.471457833208746, "encoding_time": 0.2819797992706299, "decoding_time": 0.17184019088745117}