{"MSE": 7.153564453125, "PSNR": 39.585578663972434, "encoding_time": 0.2723062038421631, "decoding_time": 0.1574878692626953}