{"MSE": 8.54681396484375, "PSNR": 38.81276109923992, "encoding_time": 0.2902071475982666, "decoding_time": 0.18868780136108398}