{"MSE": 8.477073669433594, "PSNR": 38.848344034874714, "encoding_time": 0.2898738384246826, "decoding_time": 0.18369722366333008}