{"MSE": 7.194965362548828, "PSNR": 39.560516533374845, "encoding_time": 0.2708771228790283, "decoding_time": 0.15236902236938477}