{"MSE": 7.254810333251953, "PSNR": 39.5245429796029, "encoding_time": 0.2813529968261719, "decoding_time": 0.1723010540008545}