{"MSE": 8.558486938476562, "PSNR": 38.806833686618845, "encoding_time": 0.2898581027984619, "decoding_time": 0.18932390213012695}