{"MSE": 7.21527099609375, "PSNR": 39.54827713602233, "encoding_time": 0.27132606506347656, "decoding_time": 0.1532750129699707}