{"MSE": 7.112541198730469, "PSNR": 39.610555658472805, "encoding_time": 0.2806971073150635, "decoding_time": 0.16993403434753418}