{"MSE": 7.2452545166015625, "PSNR": 39.53026714578438, "encoding_time": 0.27089929580688477, "decoding_time": 0.15394902229309082}