{"MSE": 7.627918243408203, "PSNR": 39.30674331269368, "encoding_time": 0.2728440761566162, "decoding_time": 0.15910983085632324}