{"MSE": 8.525657653808594, "PSNR": 38.82352471220517, "encoding_time": 0.28794193267822266, "decoding_time": 0.18745803833007812}