{"MSE": 7.258094787597656, "PSNR": 39.52257725267107, "encoding_time": 0.26870083808898926, "decoding_time": 0.14719104766845703}