{"MSE": 6.823738098144531, "PSNR": 39.790580110427605, "encoding_time": 0.27219581604003906, "decoding_time": 0.15955209732055664}