{"MSE": 6.785346984863281, "PSNR": 39.815082996225854, "encoding_time": 0.26700806617736816, "decoding_time": 0.14428997039794922}