{"MSE": 8.418109893798828, "PSNR": 38.87865769943089, "encoding_time": 0.2859690189361572, "decoding_time": 0.18338990211486816}