{"MSE": 7.1776885986328125, "PSNR": 39.570957481675755, "encoding_time": 0.268754243850708, "decoding_time": 0.14708995819091797}