{"MSE": 7.266460418701172, "PSNR": 39.517574486285405, "encoding_time": 0.2713131904602051, "decoding_time": 0.15611004829406738}