{"MSE": 8.417129516601562, "PSNR": 38.879163510363604, "encoding_time": 0.2861459255218506, "decoding_time": 0.18712687492370605}