{"MSE": 7.4842681884765625, "PSNR": 39.38931019414518, "encoding_time": 0.2804226875305176, "decoding_time": 0.1687941551208496}