{"MSE": 7.2052459716796875, "PSNR": 39.554315495805255, "encoding_time": 0.27953481674194336, "decoding_time": 0.1688551902770996}