{"MSE": 6.86248779296875, "PSNR": 39.76598775934501, "encoding_time": 0.26914310455322266, "decoding_time": 0.14876604080200195}