{"MSE": 8.620174407958984, "PSNR": 38.77564308077079, "encoding_time": 0.2866990566253662, "decoding_time": 0.1871168613433838}