{"MSE": 8.437881469726562, "PSNR": 38.86846940486334, "encoding_time": 0.2741360664367676, "decoding_time": 0.16544890403747559}