{"MSE": 10.135181427001953, "PSNR": 38.072488335872215, "encoding_time": 0.2915670871734619, "decoding_time": 0.18965506553649902}