{"MSE": 8.20547103881836, "PSNR": 38.98976843889796, "encoding_time": 0.28028416633605957, "decoding_time": 0.16524291038513184}