{"MSE": 10.176246643066406, "PSNR": 38.05492736381905, "encoding_time": 0.28932905197143555, "decoding_time": 0.18945717811584473}