{"MSE": 9.712066650390625, "PSNR": 38.25768706721001, "encoding_time": 0.28392505645751953, "decoding_time": 0.1777341365814209}