{"MSE": 8.06201171875, "PSNR": 39.06636935770207, "encoding_time": 0.2747039794921875, "decoding_time": 0.1621108055114746}