{"MSE": 7.781986236572266, "PSNR": 39.21989902504273, "encoding_time": 0.2701389789581299, "decoding_time": 0.15619206428527832}