{"MSE": 7.794841766357422, "PSNR": 39.21273057339883, "encoding_time": 0.27339601516723633, "decoding_time": 0.15695786476135254}