{"MSE": 10.543476104736328, "PSNR": 37.900965427601186, "encoding_time": 0.2877390384674072, "decoding_time": 0.18088412284851074}