{"MSE": 10.223087310791016, "PSNR": 38.03498290943678, "encoding_time": 0.28867506980895996, "decoding_time": 0.1858971118927002}