{"MSE": 10.417388916015625, "PSNR": 37.953214827363055, "encoding_time": 0.2910590171813965, "decoding_time": 0.1853039264678955}