{"MSE": 9.100730895996094, "PSNR": 38.54004088178557, "encoding_time": 0.2853240966796875, "decoding_time": 0.173903226852417}