{"MSE": 8.591785430908203, "PSNR": 38.78996938338331, "encoding_time": 0.29027509689331055, "decoding_time": 0.18294596672058105}