{"MSE": 10.56829833984375, "PSNR": 37.8907529608742, "encoding_time": 0.2908651828765869, "decoding_time": 0.18642497062683105}