{"MSE": 7.922576904296875, "PSNR": 39.142138972971885, "encoding_time": 0.27436089515686035, "decoding_time": 0.15839123725891113}