{"MSE": 10.602653503417969, "PSNR": 37.87665792048845, "encoding_time": 0.2904231548309326, "decoding_time": 0.19029784202575684}