{"MSE": 6.556221008300781, "PSNR": 39.96426775782186, "encoding_time": 0.2694380283355713, "decoding_time": 0.15011096000671387}