{"MSE": 7.939903259277344, "PSNR": 39.13265149904034, "encoding_time": 0.28029799461364746, "decoding_time": 0.17149710655212402}