{"MSE": 10.587944030761719, "PSNR": 37.88268723969199, "encoding_time": 0.2971768379211426, "decoding_time": 0.18465518951416016}