{"MSE": 8.876480102539062, "PSNR": 38.648395769694275, "encoding_time": 0.2747628688812256, "decoding_time": 0.16721487045288086}