{"MSE": 10.060173034667969, "PSNR": 38.10474910231978, "encoding_time": 0.28679680824279785, "decoding_time": 0.18007206916809082}