{"MSE": 7.851753234863281, "PSNR": 39.18113718745498, "encoding_time": 0.2739090919494629, "decoding_time": 0.15992498397827148}