{"MSE": 9.061790466308594, "PSNR": 38.55866344999806, "encoding_time": 0.29378628730773926, "decoding_time": 0.19210290908813477}