{"MSE": 8.1075439453125, "PSNR": 39.041910495105654, "encoding_time": 0.28117990493774414, "decoding_time": 0.17061710357666016}