{"MSE": 7.423851013183594, "PSNR": 39.42451113282306, "encoding_time": 0.2719581127166748, "decoding_time": 0.15300297737121582}