{"MSE": 9.523815155029297, "PSNR": 38.342694031491185, "encoding_time": 0.28272366523742676, "decoding_time": 0.17595219612121582}