{"MSE": 8.833438873291016, "PSNR": 38.6695055276615, "encoding_time": 0.2785458564758301, "decoding_time": 0.1694488525390625}