{"MSE": 7.981346130371094, "PSNR": 39.110042154208536, "encoding_time": 0.2764310836791992, "decoding_time": 0.16237807273864746}