{"MSE": 8.388763427734375, "PSNR": 38.89382413876072, "encoding_time": 0.2758967876434326, "decoding_time": 0.16110920906066895}