{"MSE": 9.145008087158203, "PSNR": 38.51896266997888, "encoding_time": 0.2814631462097168, "decoding_time": 0.17192697525024414}