{"MSE": 9.92010498046875, "PSNR": 38.165640927261265, "encoding_time": 0.2947251796722412, "decoding_time": 0.19835901260375977}