{"MSE": 10.19198989868164, "PSNR": 38.04821376307266, "encoding_time": 0.2943990230560303, "decoding_time": 0.19167113304138184}