{"MSE": 8.32562255859375, "PSNR": 38.926636425750885, "encoding_time": 0.27465081214904785, "decoding_time": 0.16053295135498047}