{"MSE": 8.236736297607422, "PSNR": 38.973251987724396, "encoding_time": 0.27166199684143066, "decoding_time": 0.1599569320678711}