{"MSE": 10.654170989990234, "PSNR": 37.85560698322111, "encoding_time": 0.29405903816223145, "decoding_time": 0.19568681716918945}