{"MSE": 10.507869720458984, "PSNR": 37.91565681226328, "encoding_time": 0.2904348373413086, "decoding_time": 0.18483805656433105}