{"MSE": 9.73019790649414, "PSNR": 38.24958687215771, "encoding_time": 0.2939598560333252, "decoding_time": 0.19394707679748535}