{"MSE": 9.980842590332031, "PSNR": 38.13913154561988, "encoding_time": 0.2949502468109131, "decoding_time": 0.20180177688598633}