{"MSE": 10.614639282226562, "PSNR": 37.87175120764418, "encoding_time": 0.3200509548187256, "decoding_time": 0.1927330493927002}