{"MSE": 7.821834564208984, "PSNR": 39.19771734704489, "encoding_time": 0.2719271183013916, "decoding_time": 0.15969204902648926}