{"MSE": 6.409351348876953, "PSNR": 40.062662814049105, "encoding_time": 0.2732517719268799, "decoding_time": 0.15270709991455078}