{"MSE": 7.9275360107421875, "PSNR": 39.139421373865574, "encoding_time": 0.27705979347229004, "decoding_time": 0.1585710048675537}