{"MSE": 10.827545166015625, "PSNR": 37.78550356846502, "encoding_time": 0.28998279571533203, "decoding_time": 0.18728899955749512}