{"MSE": 9.991691589355469, "PSNR": 38.1344134053668, "encoding_time": 0.29708003997802734, "decoding_time": 0.18173694610595703}