{"MSE": 10.593822479248047, "PSNR": 37.880276696828055, "encoding_time": 0.29907822608947754, "decoding_time": 0.20979690551757812}