{"MSE": 7.795783996582031, "PSNR": 39.21220563566516, "encoding_time": 0.2726469039916992, "decoding_time": 0.1553630828857422}