{"MSE": 10.680564880371094, "PSNR": 37.84486138330752, "encoding_time": 0.2920680046081543, "decoding_time": 0.18795394897460938}