{"MSE": 6.387031555175781, "PSNR": 40.07781299069583, "encoding_time": 0.26944875717163086, "decoding_time": 0.15115594863891602}