{"MSE": 8.945980072021484, "PSNR": 38.61452434460374, "encoding_time": 0.2774813175201416, "decoding_time": 0.16898369789123535}