{"MSE": 7.1981964111328125, "PSNR": 39.55856668160993, "encoding_time": 0.26824283599853516, "decoding_time": 0.14929509162902832}