{"MSE": 9.916133880615234, "PSNR": 38.167379791960954, "encoding_time": 0.2875030040740967, "decoding_time": 0.18040990829467773}