{"MSE": 7.996654510498047, "PSNR": 39.101720278149436, "encoding_time": 0.28450798988342285, "decoding_time": 0.16706299781799316}