{"MSE": 8.306560516357422, "PSNR": 38.93659127454548, "encoding_time": 0.2804880142211914, "decoding_time": 0.1718909740447998}