{"MSE": 8.102165222167969, "PSNR": 39.04479265646087, "encoding_time": 0.2827870845794678, "decoding_time": 0.2045440673828125}