{"MSE": 10.777381896972656, "PSNR": 37.805670884952306, "encoding_time": 0.2963080406188965, "decoding_time": 0.19422316551208496}