{"MSE": 10.549053192138672, "PSNR": 37.898668786637664, "encoding_time": 0.28800010681152344, "decoding_time": 0.18483781814575195}