{"MSE": 10.333423614501953, "PSNR": 37.98836127387938, "encoding_time": 0.29129791259765625, "decoding_time": 0.19595813751220703}