{"MSE": 7.9975433349609375, "PSNR": 39.10123758865949, "encoding_time": 0.28475213050842285, "decoding_time": 0.17277789115905762}