{"MSE": 10.030044555664062, "PSNR": 38.11777498611593, "encoding_time": 0.2875487804412842, "decoding_time": 0.18675994873046875}