{"MSE": 7.745048522949219, "PSNR": 39.240562178968844, "encoding_time": 0.27794814109802246, "decoding_time": 0.16542696952819824}