{"MSE": 8.007080078125, "PSNR": 39.09606188996945, "encoding_time": 0.27667713165283203, "decoding_time": 0.16208195686340332}