{"MSE": 8.940227508544922, "PSNR": 38.617317901202654, "encoding_time": 0.28252124786376953, "decoding_time": 0.17496275901794434}