{"MSE": 8.94192886352539, "PSNR": 38.61649150301372, "encoding_time": 0.2756831645965576, "decoding_time": 0.1685960292816162}