{"MSE": 9.513011932373047, "PSNR": 38.34762319376019, "encoding_time": 0.2884821891784668, "decoding_time": 0.1749250888824463}