{"MSE": 7.6999969482421875, "PSNR": 39.26589807820342, "encoding_time": 0.2860138416290283, "decoding_time": 0.16301512718200684}