{"MSE": 10.607120513916016, "PSNR": 37.87482857705744, "encoding_time": 0.2955820560455322, "decoding_time": 0.20647382736206055}