{"MSE": 9.019996643066406, "PSNR": 38.578739849554594, "encoding_time": 0.281141996383667, "decoding_time": 0.1721668243408203}