{"MSE": 8.220710754394531, "PSNR": 38.98170993039878, "encoding_time": 0.27258992195129395, "decoding_time": 0.16414594650268555}