{"MSE": 8.088985443115234, "PSNR": 39.05186307004404, "encoding_time": 0.277376651763916, "decoding_time": 0.16244125366210938}