{"MSE": 7.815280914306641, "PSNR": 39.20135767848514, "encoding_time": 0.2731950283050537, "decoding_time": 0.15828990936279297}