{"MSE": 10.303279876708984, "PSNR": 38.00104863773429, "encoding_time": 0.30243420600891113, "decoding_time": 0.20679473876953125}