{"MSE": 10.73074722290039, "PSNR": 37.824503962660295, "encoding_time": 0.3078029155731201, "decoding_time": 0.2280271053314209}