{"MSE": 10.361320495605469, "PSNR": 37.97665253392139, "encoding_time": 0.3001830577850342, "decoding_time": 0.20378613471984863}