{"MSE": 10.855766296386719, "PSNR": 37.774198756342614, "encoding_time": 0.3179140090942383, "decoding_time": 0.22530484199523926}