{"MSE": 10.597240447998047, "PSNR": 37.87887572417708, "encoding_time": 0.29979705810546875, "decoding_time": 0.20336580276489258}