{"MSE": 10.06259536743164, "PSNR": 38.10370351481744, "encoding_time": 0.30300164222717285, "decoding_time": 0.20543527603149414}