{"MSE": 10.97775650024414, "PSNR": 37.72566767485999, "encoding_time": 0.31795406341552734, "decoding_time": 0.22098207473754883}