{"MSE": 10.437885284423828, "PSNR": 37.944678413524436, "encoding_time": 0.3036201000213623, "decoding_time": 0.20782780647277832}