{"MSE": 9.403472900390625, "PSNR": 38.397920835527636, "encoding_time": 0.29707860946655273, "decoding_time": 0.19773411750793457}