{"MSE": 11.966289520263672, "PSNR": 37.35120854628988, "encoding_time": 0.33220386505126953, "decoding_time": 0.23793911933898926}