{"MSE": 10.457077026367188, "PSNR": 37.936700538432866, "encoding_time": 0.30013585090637207, "decoding_time": 0.2020730972290039}