{"MSE": 11.125255584716797, "PSNR": 37.66770363888456, "encoding_time": 0.30994200706481934, "decoding_time": 0.2502269744873047}