{"MSE": 10.254051208496094, "PSNR": 38.02184878901451, "encoding_time": 0.3018057346343994, "decoding_time": 0.2040560245513916}