{"MSE": 10.169921875, "PSNR": 38.05762744168048, "encoding_time": 0.30775904655456543, "decoding_time": 0.23395895957946777}