{"MSE": 9.905563354492188, "PSNR": 38.17201180863116, "encoding_time": 0.29555320739746094, "decoding_time": 0.1983931064605713}