{"MSE": 10.360763549804688, "PSNR": 37.97688598388475, "encoding_time": 0.29888415336608887, "decoding_time": 0.20205903053283691}