{"MSE": 11.017810821533203, "PSNR": 37.70985049707497, "encoding_time": 0.31491899490356445, "decoding_time": 0.2141399383544922}