{"MSE": 9.57080078125, "PSNR": 38.321320844987305, "encoding_time": 0.2970550060272217, "decoding_time": 0.19384312629699707}