{"MSE": 10.318828582763672, "PSNR": 37.994499628904116, "encoding_time": 0.3026919364929199, "decoding_time": 0.2049877643585205}