{"MSE": 10.121238708496094, "PSNR": 38.07846693093056, "encoding_time": 0.3046078681945801, "decoding_time": 0.20696210861206055}