{"MSE": 9.517158508300781, "PSNR": 38.345730583204414, "encoding_time": 0.29642510414123535, "decoding_time": 0.20051097869873047}