{"MSE": 10.553096771240234, "PSNR": 37.89700440256733, "encoding_time": 0.30667710304260254, "decoding_time": 0.21126484870910645}