{"MSE": 10.028343200683594, "PSNR": 38.118511724372794, "encoding_time": 0.2987060546875, "decoding_time": 0.2018587589263916}