{"MSE": 10.27349853515625, "PSNR": 38.013619975260774, "encoding_time": 0.30284905433654785, "decoding_time": 0.2064347267150879}