{"MSE": 11.035369873046875, "PSNR": 37.70293466856303, "encoding_time": 0.32132601737976074, "decoding_time": 0.24010014533996582}