{"MSE": 10.679519653320312, "PSNR": 37.84528641565244, "encoding_time": 0.2986412048339844, "decoding_time": 0.20385098457336426}