{"MSE": 9.414451599121094, "PSNR": 38.392853338505624, "encoding_time": 0.31096506118774414, "decoding_time": 0.1977062225341797}