{"MSE": 9.406307220458984, "PSNR": 38.396612016852416, "encoding_time": 0.29739999771118164, "decoding_time": 0.19919109344482422}