{"MSE": 10.068099975585938, "PSNR": 38.10132841453869, "encoding_time": 0.2957789897918701, "decoding_time": 0.1995232105255127}