{"MSE": 9.364936828613281, "PSNR": 38.415755086897235, "encoding_time": 0.3021118640899658, "decoding_time": 0.19879913330078125}