{"MSE": 11.03664779663086, "PSNR": 37.702431773748664, "encoding_time": 0.31858205795288086, "decoding_time": 0.22662901878356934}