{"MSE": 12.686317443847656, "PSNR": 37.09744786520758, "encoding_time": 0.32010793685913086, "decoding_time": 0.23101019859313965}