{"MSE": 10.498233795166016, "PSNR": 37.91964120610689, "encoding_time": 0.31093716621398926, "decoding_time": 0.20871186256408691}