{"MSE": 10.530326843261719, "PSNR": 37.906385097183104, "encoding_time": 0.29745912551879883, "decoding_time": 0.20060181617736816}