{"MSE": 9.38791275024414, "PSNR": 38.40511316185879, "encoding_time": 0.2976248264312744, "decoding_time": 0.1972348690032959}