{"MSE": 10.417984008789062, "PSNR": 37.95296674396304, "encoding_time": 0.30433106422424316, "decoding_time": 0.20090007781982422}