{"MSE": 10.194908142089844, "PSNR": 38.04697043805563, "encoding_time": 0.3024880886077881, "decoding_time": 0.20773673057556152}