{"MSE": 9.763076782226562, "PSNR": 38.2349365601187, "encoding_time": 0.30834102630615234, "decoding_time": 0.20783209800720215}