{"MSE": 11.201141357421875, "PSNR": 37.63818082842814, "encoding_time": 0.31789112091064453, "decoding_time": 0.23087191581726074}