{"MSE": 10.060394287109375, "PSNR": 38.10465358939226, "encoding_time": 0.3005180358886719, "decoding_time": 0.20262503623962402}