{"MSE": 10.092826843261719, "PSNR": 38.090675384876526, "encoding_time": 0.3038158416748047, "decoding_time": 0.20681095123291016}