{"MSE": 10.561782836914062, "PSNR": 37.89343127245777, "encoding_time": 0.2977640628814697, "decoding_time": 0.20100879669189453}