{"MSE": 10.66623306274414, "PSNR": 37.850692918568974, "encoding_time": 0.32390499114990234, "decoding_time": 0.21779489517211914}