{"MSE": 9.544425964355469, "PSNR": 38.33330547363954, "encoding_time": 0.31771326065063477, "decoding_time": 0.21945977210998535}