{"MSE": 10.328533172607422, "PSNR": 37.99041712172613, "encoding_time": 0.3038289546966553, "decoding_time": 0.20672988891601562}