{"MSE": 10.392269134521484, "PSNR": 37.96369975485381, "encoding_time": 0.2980637550354004, "decoding_time": 0.2003951072692871}