{"MSE": 9.921001434326172, "PSNR": 38.165248484465295, "encoding_time": 0.29507970809936523, "decoding_time": 0.20046305656433105}