{"MSE": 10.682670593261719, "PSNR": 37.84400524005809, "encoding_time": 0.29608583450317383, "decoding_time": 0.20360803604125977}