{"MSE": 9.776447296142578, "PSNR": 38.22899297490448, "encoding_time": 0.3042728900909424, "decoding_time": 0.2013251781463623}