{"MSE": 10.418880462646484, "PSNR": 37.952593055336, "encoding_time": 0.30299925804138184, "decoding_time": 0.20779681205749512}