{"MSE": 9.51333999633789, "PSNR": 38.347473426353176, "encoding_time": 0.29901790618896484, "decoding_time": 0.20152592658996582}