{"MSE": 9.51495361328125, "PSNR": 38.346736854855536, "encoding_time": 0.30687594413757324, "decoding_time": 0.20355677604675293}