{"MSE": 9.648681640625, "PSNR": 38.28612383826283, "encoding_time": 0.2931489944458008, "decoding_time": 0.19451403617858887}