{"MSE": 9.90298080444336, "PSNR": 38.1731442363682, "encoding_time": 0.29470205307006836, "decoding_time": 0.19812417030334473}