{"MSE": 10.583343505859375, "PSNR": 37.88457468523062, "encoding_time": 0.31376099586486816, "decoding_time": 0.21399998664855957}