{"MSE": 10.0811767578125, "PSNR": 38.09569131377866, "encoding_time": 0.3002889156341553, "decoding_time": 0.20053410530090332}