{"MSE": 10.216011047363281, "PSNR": 38.03799006976067, "encoding_time": 0.30132508277893066, "decoding_time": 0.207305908203125}