{"MSE": 10.43215560913086, "PSNR": 37.94706304366295, "encoding_time": 0.3048391342163086, "decoding_time": 0.20682978630065918}