{"MSE": 10.032463073730469, "PSNR": 38.11672790957385, "encoding_time": 0.29776501655578613, "decoding_time": 0.19861602783203125}