{"MSE": 10.195571899414062, "PSNR": 38.046687692242145, "encoding_time": 0.29815030097961426, "decoding_time": 0.19866681098937988}