{"MSE": 10.45931625366211, "PSNR": 37.935770661040905, "encoding_time": 0.3046379089355469, "decoding_time": 0.2087240219116211}