{"MSE": 11.085975646972656, "PSNR": 37.683064406433104, "encoding_time": 0.30818629264831543, "decoding_time": 0.23245882987976074}