{"MSE": 10.16659927368164, "PSNR": 38.05904655109494, "encoding_time": 0.30344200134277344, "decoding_time": 0.20747017860412598}