{"MSE": 10.240608215332031, "PSNR": 38.027546096267066, "encoding_time": 0.3106577396392822, "decoding_time": 0.20186328887939453}