{"MSE": 10.580451965332031, "PSNR": 37.8857614100832, "encoding_time": 0.30008506774902344, "decoding_time": 0.2031879425048828}