{"MSE": 10.397197723388672, "PSNR": 37.96164057844172, "encoding_time": 0.29541897773742676, "decoding_time": 0.20053911209106445}