{"MSE": 10.355594635009766, "PSNR": 37.97905319030146, "encoding_time": 0.30153822898864746, "decoding_time": 0.20056867599487305}