{"MSE": 10.720035552978516, "PSNR": 37.82884135171907, "encoding_time": 0.30974698066711426, "decoding_time": 0.21080708503723145}