{"MSE": 10.256061553955078, "PSNR": 38.02099742173783, "encoding_time": 0.30321407318115234, "decoding_time": 0.20128703117370605}