{"MSE": 10.110977172851562, "PSNR": 38.08287230967358, "encoding_time": 0.2993800640106201, "decoding_time": 0.19878292083740234}