{"MSE": 10.069293975830078, "PSNR": 38.10081340478194, "encoding_time": 0.29775094985961914, "decoding_time": 0.1984550952911377}