{"MSE": 11.07259750366211, "PSNR": 37.6883084756106, "encoding_time": 0.3148350715637207, "decoding_time": 0.2178328037261963}