{"MSE": 10.455154418945312, "PSNR": 37.93749909290441, "encoding_time": 0.3054020404815674, "decoding_time": 0.209852933883667}