{"MSE": 10.13443374633789, "PSNR": 38.07280873029904, "encoding_time": 0.2985529899597168, "decoding_time": 0.20642900466918945}