{"MSE": 10.134735107421875, "PSNR": 38.07267958888551, "encoding_time": 0.2993330955505371, "decoding_time": 0.19858384132385254}