{"MSE": 10.499408721923828, "PSNR": 37.91915518563324, "encoding_time": 0.3074212074279785, "decoding_time": 0.21516180038452148}