{"MSE": 21.304603576660156, "PSNR": 34.84606903348605, "encoding_time": 0.33516502380371094, "decoding_time": 0.28911495208740234}