{"MSE": 18.782764434814453, "PSNR": 35.39320849059705, "encoding_time": 0.3269081115722656, "decoding_time": 0.25215697288513184}