{"MSE": 21.91689682006836, "PSNR": 34.723012977948635, "encoding_time": 0.34090709686279297, "decoding_time": 0.2549870014190674}