{"MSE": 18.771652221679688, "PSNR": 35.395778613323834, "encoding_time": 0.324307918548584, "decoding_time": 0.24018311500549316}