{"MSE": 21.32442855834961, "PSNR": 34.842029588844184, "encoding_time": 0.33709096908569336, "decoding_time": 0.25341796875}