{"MSE": 21.811954498291016, "PSNR": 34.743857778297325, "encoding_time": 0.33574509620666504, "decoding_time": 0.25400209426879883}