{"MSE": 20.429290771484375, "PSNR": 35.02827071052752, "encoding_time": 0.3459291458129883, "decoding_time": 0.2552518844604492}