{"MSE": 21.897777557373047, "PSNR": 34.72680321075609, "encoding_time": 0.34227681159973145, "decoding_time": 0.2575950622558594}