{"MSE": 21.304702758789062, "PSNR": 34.846048815249716, "encoding_time": 0.33504199981689453, "decoding_time": 0.2476518154144287}