{"MSE": 22.350425720214844, "PSNR": 34.63794561087682, "encoding_time": 0.3402559757232666, "decoding_time": 0.2595250606536865}