{"MSE": 21.957427978515625, "PSNR": 34.714988939494724, "encoding_time": 0.3382730484008789, "decoding_time": 0.25525808334350586}