{"MSE": 21.640270233154297, "PSNR": 34.778176811415584, "encoding_time": 0.336881160736084, "decoding_time": 0.28955602645874023}