{"MSE": 19.064273834228516, "PSNR": 35.32860093392693, "encoding_time": 0.3249690532684326, "decoding_time": 0.23409295082092285}