{"MSE": 21.43288803100586, "PSNR": 34.81999665728013, "encoding_time": 0.33417820930480957, "decoding_time": 0.2663569450378418}