{"MSE": 20.41924285888672, "PSNR": 35.03040726364021, "encoding_time": 0.3308379650115967, "decoding_time": 0.24905896186828613}