{"MSE": 21.860435485839844, "PSNR": 34.734215515061315, "encoding_time": 0.3305947780609131, "decoding_time": 0.26494526863098145}