{"MSE": 21.122882843017578, "PSNR": 34.88327170615302, "encoding_time": 0.3322627544403076, "decoding_time": 0.2697300910949707}