{"MSE": 21.823841094970703, "PSNR": 34.74149170090417, "encoding_time": 0.33783698081970215, "decoding_time": 0.2523808479309082}