{"MSE": 21.822216033935547, "PSNR": 34.741815100123745, "encoding_time": 0.3347330093383789, "decoding_time": 0.2634098529815674}