{"MSE": 19.321895599365234, "PSNR": 35.27030629680776, "encoding_time": 0.32643699645996094, "decoding_time": 0.26033616065979004}