{"MSE": 21.517807006835938, "PSNR": 34.80282352858719, "encoding_time": 0.3367581367492676, "decoding_time": 0.26038503646850586}