{"MSE": 21.001026153564453, "PSNR": 34.908398450891, "encoding_time": 0.3369169235229492, "decoding_time": 0.25280213356018066}