{"MSE": 21.185436248779297, "PSNR": 34.870429494821934, "encoding_time": 0.3305039405822754, "decoding_time": 0.24980497360229492}