{"MSE": 21.463058471679688, "PSNR": 34.81388752150852, "encoding_time": 0.34508299827575684, "decoding_time": 0.2611391544342041}