{"MSE": 21.99002456665039, "PSNR": 34.70854646325003, "encoding_time": 0.32815122604370117, "decoding_time": 0.24285078048706055}