{"MSE": 21.989147186279297, "PSNR": 34.70871974593752, "encoding_time": 0.3297920227050781, "decoding_time": 0.24330496788024902}