{"MSE": 21.48556137084961, "PSNR": 34.80933655532313, "encoding_time": 0.3355529308319092, "decoding_time": 0.2504539489746094}