{"MSE": 20.162559509277344, "PSNR": 35.08534698659974, "encoding_time": 0.3326120376586914, "decoding_time": 0.2391500473022461}