{"MSE": 21.566791534423828, "PSNR": 34.79294820426403, "encoding_time": 0.3422667980194092, "decoding_time": 0.2588951587677002}