{"MSE": 22.966564178466797, "PSNR": 34.51984331712993, "encoding_time": 0.3378589153289795, "decoding_time": 0.2578411102294922}