{"MSE": 21.908279418945312, "PSNR": 34.72472089569158, "encoding_time": 0.33027029037475586, "decoding_time": 0.2442460060119629}