{"MSE": 21.558441162109375, "PSNR": 34.79463005984443, "encoding_time": 0.3553740978240967, "decoding_time": 0.28402209281921387}