{"MSE": 19.072174072265625, "PSNR": 35.32680158971808, "encoding_time": 0.33018994331359863, "decoding_time": 0.24139690399169922}