{"MSE": 21.228633880615234, "PSNR": 34.861583138144965, "encoding_time": 0.33585596084594727, "decoding_time": 0.2868080139160156}