{"MSE": 19.197044372558594, "PSNR": 35.29845992138188, "encoding_time": 0.3287968635559082, "decoding_time": 0.23597002029418945}