{"MSE": 21.380538940429688, "PSNR": 34.83061712572106, "encoding_time": 0.3339881896972656, "decoding_time": 0.28417086601257324}