{"MSE": 21.540138244628906, "PSNR": 34.798318745945814, "encoding_time": 0.3438119888305664, "decoding_time": 0.2826228141784668}