{"MSE": 18.546627044677734, "PSNR": 35.448154220693, "encoding_time": 0.3217658996582031, "decoding_time": 0.23839211463928223}