{"MSE": 20.722900390625, "PSNR": 34.966298214023006, "encoding_time": 0.33165502548217773, "decoding_time": 0.2710580825805664}