{"MSE": 22.196537017822266, "PSNR": 34.667951373796114, "encoding_time": 0.34723401069641113, "decoding_time": 0.27162909507751465}