{"MSE": 19.486034393310547, "PSNR": 35.23356896113426, "encoding_time": 0.3267061710357666, "decoding_time": 0.23679089546203613}