{"MSE": 21.711868286132812, "PSNR": 34.76383165168093, "encoding_time": 0.3473339080810547, "decoding_time": 0.28231215476989746}