{"MSE": 21.360347747802734, "PSNR": 34.834720421124, "encoding_time": 0.34048008918762207, "decoding_time": 0.27669501304626465}