{"MSE": 21.30367660522461, "PSNR": 34.84625800078428, "encoding_time": 0.3328418731689453, "decoding_time": 0.2964811325073242}