{"MSE": 20.95907211303711, "PSNR": 34.917083089449534, "encoding_time": 0.3495218753814697, "decoding_time": 0.26487016677856445}