{"MSE": 22.545242309570312, "PSNR": 34.60025453532094, "encoding_time": 0.34461331367492676, "decoding_time": 0.2843189239501953}