{"MSE": 21.114334106445312, "PSNR": 34.885029714582274, "encoding_time": 0.33881282806396484, "decoding_time": 0.25261712074279785}