{"MSE": 22.226520538330078, "PSNR": 34.66208879692801, "encoding_time": 0.33128786087036133, "decoding_time": 0.24668002128601074}