{"MSE": 21.95279312133789, "PSNR": 34.71590576152556, "encoding_time": 0.34331512451171875, "decoding_time": 0.2462470531463623}