{"MSE": 21.914169311523438, "PSNR": 34.7235534813023, "encoding_time": 0.35190391540527344, "decoding_time": 0.25681376457214355}