{"MSE": 21.204078674316406, "PSNR": 34.86660953930853, "encoding_time": 0.3327178955078125, "decoding_time": 0.2527580261230469}