{"MSE": 18.57764434814453, "PSNR": 35.44089716412693, "encoding_time": 0.321943998336792, "decoding_time": 0.243272066116333}