{"MSE": 12.476978302001953, "PSNR": 37.16970941039306, "encoding_time": 0.3372631072998047, "decoding_time": 0.2520279884338379}