{"MSE": 12.029216766357422, "PSNR": 37.328430099306125, "encoding_time": 0.3300926685333252, "decoding_time": 0.25043606758117676}