{"MSE": 12.257522583007812, "PSNR": 37.246776588137244, "encoding_time": 0.32953977584838867, "decoding_time": 0.24753427505493164}