{"MSE": 12.542388916015625, "PSNR": 37.14700097560394, "encoding_time": 0.3350698947906494, "decoding_time": 0.25211405754089355}