{"MSE": 12.607837677001953, "PSNR": 37.12439752127581, "encoding_time": 0.3398740291595459, "decoding_time": 0.2854447364807129}