{"MSE": 11.8836669921875, "PSNR": 37.38129887500817, "encoding_time": 0.32878804206848145, "decoding_time": 0.23599481582641602}