{"MSE": 12.15261459350586, "PSNR": 37.28410635906962, "encoding_time": 0.3300321102142334, "decoding_time": 0.2458040714263916}