{"MSE": 12.039966583251953, "PSNR": 37.324550793223025, "encoding_time": 0.3471071720123291, "decoding_time": 0.24860477447509766}