{"MSE": 11.71152114868164, "PSNR": 37.44467053876327, "encoding_time": 0.33905982971191406, "decoding_time": 0.24190616607666016}