{"MSE": 12.357830047607422, "PSNR": 37.21138142630054, "encoding_time": 0.3347179889678955, "decoding_time": 0.2548539638519287}