{"MSE": 12.137699127197266, "PSNR": 37.289439929974854, "encoding_time": 0.32031989097595215, "decoding_time": 0.24236226081848145}