{"MSE": 10.358253479003906, "PSNR": 37.97793826344201, "encoding_time": 0.3139362335205078, "decoding_time": 0.22030901908874512}