{"MSE": 12.13936996459961, "PSNR": 37.2888421350249, "encoding_time": 0.327451229095459, "decoding_time": 0.24896478652954102}