{"MSE": 12.51776123046875, "PSNR": 37.155536975041905, "encoding_time": 0.3532681465148926, "decoding_time": 0.2625467777252197}