{"MSE": 11.159889221191406, "PSNR": 37.65420477275675, "encoding_time": 0.32500195503234863, "decoding_time": 0.23704099655151367}