{"MSE": 11.17885971069336, "PSNR": 37.64682854867603, "encoding_time": 0.33783793449401855, "decoding_time": 0.26316308975219727}