{"MSE": 9.780643463134766, "PSNR": 38.22712933146155, "encoding_time": 0.31503772735595703, "decoding_time": 0.23534607887268066}