{"MSE": 12.523078918457031, "PSNR": 37.15369243422716, "encoding_time": 0.3432581424713135, "decoding_time": 0.2653369903564453}