{"MSE": 12.578479766845703, "PSNR": 37.13452205352149, "encoding_time": 0.33379697799682617, "decoding_time": 0.24422311782836914}