{"MSE": 12.80218505859375, "PSNR": 37.05796260133962, "encoding_time": 0.342303991317749, "decoding_time": 0.25166916847229004}