{"MSE": 9.777626037597656, "PSNR": 38.228469379742066, "encoding_time": 0.3082849979400635, "decoding_time": 0.21086716651916504}