{"MSE": 12.66720199584961, "PSNR": 37.10399664844648, "encoding_time": 0.3403959274291992, "decoding_time": 0.25834178924560547}