{"MSE": 12.042396545410156, "PSNR": 37.32367436830203, "encoding_time": 0.3285031318664551, "decoding_time": 0.2585568428039551}