{"MSE": 11.837337493896484, "PSNR": 37.398263309253, "encoding_time": 0.33024001121520996, "decoding_time": 0.2572591304779053}