{"MSE": 12.25638198852539, "PSNR": 37.24718072929617, "encoding_time": 0.327120304107666, "decoding_time": 0.25852370262145996}