{"MSE": 12.506011962890625, "PSNR": 37.15961521089476, "encoding_time": 0.36635327339172363, "decoding_time": 0.29086780548095703}