{"MSE": 12.192695617675781, "PSNR": 37.26980628796585, "encoding_time": 0.3318750858306885, "decoding_time": 0.24395990371704102}