{"MSE": 11.241897583007812, "PSNR": 37.62240736443384, "encoding_time": 0.3185460567474365, "decoding_time": 0.23172593116760254}