{"MSE": 12.25851058959961, "PSNR": 37.24642654308052, "encoding_time": 0.32210397720336914, "decoding_time": 0.2751331329345703}