{"MSE": 10.368938446044922, "PSNR": 37.97346064519728, "encoding_time": 0.3270609378814697, "decoding_time": 0.24131989479064941}