{"MSE": 12.985210418701172, "PSNR": 36.99631369325354, "encoding_time": 0.3573267459869385, "decoding_time": 0.263599157333374}