{"MSE": 11.06646728515625, "PSNR": 37.69071356377795, "encoding_time": 0.3169562816619873, "decoding_time": 0.23638463020324707}