{"MSE": 11.704673767089844, "PSNR": 37.44721047331393, "encoding_time": 0.34180402755737305, "decoding_time": 0.2612731456756592}