{"MSE": 11.863273620605469, "PSNR": 37.38875813560698, "encoding_time": 0.32727980613708496, "decoding_time": 0.23529601097106934}