{"MSE": 12.13815689086914, "PSNR": 37.28927614235263, "encoding_time": 0.3428053855895996, "decoding_time": 0.27145886421203613}