{"MSE": 12.438045501708984, "PSNR": 37.183282196217135, "encoding_time": 0.3348662853240967, "decoding_time": 0.25433874130249023}