{"MSE": 12.144462585449219, "PSNR": 37.2870205962202, "encoding_time": 0.33513617515563965, "decoding_time": 0.2539939880371094}