{"MSE": 11.877925872802734, "PSNR": 37.38339750242885, "encoding_time": 0.331223726272583, "decoding_time": 0.279649019241333}