{"MSE": 12.147499084472656, "PSNR": 37.285934858645795, "encoding_time": 0.32556605339050293, "decoding_time": 0.259052038192749}