{"MSE": 13.05789566040039, "PSNR": 36.972071668317675, "encoding_time": 0.34301114082336426, "decoding_time": 0.25953102111816406}