{"MSE": 12.425586700439453, "PSNR": 37.18763456842998, "encoding_time": 0.3415820598602295, "decoding_time": 0.27374696731567383}