{"MSE": 12.073780059814453, "PSNR": 37.312371005380434, "encoding_time": 0.3321962356567383, "decoding_time": 0.2521798610687256}