{"MSE": 10.230354309082031, "PSNR": 38.03189685922651, "encoding_time": 0.3087270259857178, "decoding_time": 0.21797609329223633}