{"MSE": 12.817752838134766, "PSNR": 37.0526846794262, "encoding_time": 0.344663143157959, "decoding_time": 0.2577948570251465}