{"MSE": 12.45721435546875, "PSNR": 37.17659423304244, "encoding_time": 0.3597838878631592, "decoding_time": 0.31682300567626953}