{"MSE": 12.562149047851562, "PSNR": 37.140164189360235, "encoding_time": 0.3493189811706543, "decoding_time": 0.25777506828308105}