{"MSE": 12.517234802246094, "PSNR": 37.15571961926677, "encoding_time": 0.349855899810791, "decoding_time": 0.26470518112182617}