{"MSE": 12.467121124267578, "PSNR": 37.17314181983536, "encoding_time": 0.3642768859863281, "decoding_time": 0.32158803939819336}