{"MSE": 10.724815368652344, "PSNR": 37.82690536474148, "encoding_time": 0.31977224349975586, "decoding_time": 0.22639203071594238}