{"MSE": 9.998298645019531, "PSNR": 38.13154256062163, "encoding_time": 0.30771708488464355, "decoding_time": 0.21199679374694824}