{"MSE": 12.180763244628906, "PSNR": 37.274058588973716, "encoding_time": 0.32710909843444824, "decoding_time": 0.24084782600402832}