{"MSE": 10.013031005859375, "PSNR": 38.12514799885518, "encoding_time": 0.30942201614379883, "decoding_time": 0.21154093742370605}