{"MSE": 12.289176940917969, "PSNR": 37.23557563578472, "encoding_time": 0.3339247703552246, "decoding_time": 0.24503231048583984}