{"MSE": 12.439834594726562, "PSNR": 37.182657550368326, "encoding_time": 0.3364830017089844, "decoding_time": 0.25646114349365234}