{"MSE": 10.258186340332031, "PSNR": 38.02009777091291, "encoding_time": 0.3111898899078369, "decoding_time": 0.2460010051727295}