{"MSE": 12.140335083007812, "PSNR": 37.28849687086418, "encoding_time": 0.32523012161254883, "decoding_time": 0.2504079341888428}