{"MSE": 13.260673522949219, "PSNR": 36.90514777985295, "encoding_time": 0.35002994537353516, "decoding_time": 0.28172802925109863}