{"MSE": 11.018413543701172, "PSNR": 37.709612925604105, "encoding_time": 0.32058215141296387, "decoding_time": 0.23244976997375488}