{"MSE": 12.084400177001953, "PSNR": 37.30855262291652, "encoding_time": 0.3337829113006592, "decoding_time": 0.24293112754821777}