{"MSE": 9.977409362792969, "PSNR": 38.14062569630357, "encoding_time": 0.3076591491699219, "decoding_time": 0.21381592750549316}