{"MSE": 12.862857818603516, "PSNR": 37.03742891738153, "encoding_time": 0.3536262512207031, "decoding_time": 0.30492687225341797}