{"MSE": 12.228946685791016, "PSNR": 37.25691309248533, "encoding_time": 0.32991528511047363, "decoding_time": 0.24842596054077148}