{"MSE": 12.537086486816406, "PSNR": 37.14883739023321, "encoding_time": 0.3355238437652588, "decoding_time": 0.2526969909667969}