{"MSE": 9.98941421508789, "PSNR": 38.13540339169849, "encoding_time": 0.31090784072875977, "decoding_time": 0.21719813346862793}