{"MSE": 12.514400482177734, "PSNR": 37.156703118392514, "encoding_time": 0.3471720218658447, "decoding_time": 0.2545809745788574}