{"MSE": 10.057689666748047, "PSNR": 38.10582129672297, "encoding_time": 0.31496310234069824, "decoding_time": 0.21421194076538086}