{"MSE": 12.556556701660156, "PSNR": 37.14209798734821, "encoding_time": 0.3597261905670166, "decoding_time": 0.24973368644714355}