{"MSE": 10.914543151855469, "PSNR": 37.7507479863132, "encoding_time": 0.32218194007873535, "decoding_time": 0.22992300987243652}