{"MSE": 12.386184692382812, "PSNR": 37.20142809311532, "encoding_time": 0.3357250690460205, "decoding_time": 0.2556018829345703}