{"MSE": 10.998870849609375, "PSNR": 37.71732258341919, "encoding_time": 0.3198220729827881, "decoding_time": 0.22501683235168457}