{"MSE": 12.15890884399414, "PSNR": 37.28185758323878, "encoding_time": 0.3285031318664551, "decoding_time": 0.23912787437438965}