{"MSE": 9.840492248535156, "PSNR": 38.200635372866195, "encoding_time": 0.31198787689208984, "decoding_time": 0.21008896827697754}