{"MSE": 12.531105041503906, "PSNR": 37.150909904111515, "encoding_time": 0.3397698402404785, "decoding_time": 0.26483702659606934}