{"MSE": 12.80276107788086, "PSNR": 37.05776720003194, "encoding_time": 0.34932923316955566, "decoding_time": 0.26425790786743164}