{"MSE": 10.825515747070312, "PSNR": 37.786317647782056, "encoding_time": 0.31899189949035645, "decoding_time": 0.22472405433654785}