{"MSE": 11.891674041748047, "PSNR": 37.37837364456292, "encoding_time": 0.3279411792755127, "decoding_time": 0.2693979740142822}