{"MSE": 12.021183013916016, "PSNR": 37.33133151842259, "encoding_time": 0.3196437358856201, "decoding_time": 0.23914432525634766}