{"MSE": 12.533390045166016, "PSNR": 37.15011805533826, "encoding_time": 0.35822010040283203, "decoding_time": 0.2659177780151367}