{"MSE": 12.513206481933594, "PSNR": 37.15711749897517, "encoding_time": 0.3328220844268799, "decoding_time": 0.27538418769836426}