{"MSE": 12.377151489257812, "PSNR": 37.204596543776674, "encoding_time": 0.33384013175964355, "decoding_time": 0.262650728225708}