{"MSE": 12.491222381591797, "PSNR": 37.164754206840215, "encoding_time": 0.34807801246643066, "decoding_time": 0.2851829528808594}