{"MSE": 12.765190124511719, "PSNR": 37.07053073305282, "encoding_time": 0.3451578617095947, "decoding_time": 0.29843997955322266}