{"MSE": 10.83426284790039, "PSNR": 37.782809931566945, "encoding_time": 0.32158803939819336, "decoding_time": 0.22692513465881348}