{"MSE": 12.707427978515625, "PSNR": 37.09022703923181, "encoding_time": 0.5591259002685547, "decoding_time": 0.2685730457305908}