{"MSE": 12.195751190185547, "PSNR": 37.268718052788394, "encoding_time": 0.3426358699798584, "decoding_time": 0.2561180591583252}