{"MSE": 12.356250762939453, "PSNR": 37.21193647394552, "encoding_time": 0.3362119197845459, "decoding_time": 0.25789594650268555}