{"MSE": 10.007270812988281, "PSNR": 38.12764708210605, "encoding_time": 0.3131399154663086, "decoding_time": 0.22771811485290527}