{"MSE": 9.788211822509766, "PSNR": 38.22377001705145, "encoding_time": 0.31075406074523926, "decoding_time": 0.21147704124450684}