{"MSE": 12.004291534423828, "PSNR": 37.33743826776366, "encoding_time": 0.35663485527038574, "decoding_time": 0.23934412002563477}