{"MSE": 12.61907958984375, "PSNR": 37.12052681366237, "encoding_time": 0.33546996116638184, "decoding_time": 0.25456690788269043}