{"MSE": 11.900466918945312, "PSNR": 37.3751635944653, "encoding_time": 0.33270692825317383, "decoding_time": 0.2445380687713623}