{"MSE": 12.04665756225586, "PSNR": 37.322137955859745, "encoding_time": 0.3499729633331299, "decoding_time": 0.24479293823242188}