{"MSE": 11.402320861816406, "PSNR": 37.560871029617985, "encoding_time": 0.3212587833404541, "decoding_time": 0.23880410194396973}