{"MSE": 10.401836395263672, "PSNR": 37.959703421532815, "encoding_time": 0.3155348300933838, "decoding_time": 0.23510408401489258}