{"MSE": 9.871238708496094, "PSNR": 38.18708706626899, "encoding_time": 0.30580878257751465, "decoding_time": 0.21108102798461914}