{"MSE": 10.772026062011719, "PSNR": 37.80782965388167, "encoding_time": 0.31787610054016113, "decoding_time": 0.25273895263671875}