{"MSE": 11.98614501953125, "PSNR": 37.344008329770595, "encoding_time": 0.3241090774536133, "decoding_time": 0.24761319160461426}