{"MSE": 11.883052825927734, "PSNR": 37.381523330902546, "encoding_time": 0.33536529541015625, "decoding_time": 0.24622368812561035}