{"MSE": 10.456111907958984, "PSNR": 37.93710138174823, "encoding_time": 0.31417179107666016, "decoding_time": 0.22490906715393066}