{"MSE": 11.738666534423828, "PSNR": 37.43461595270877, "encoding_time": 0.32459378242492676, "decoding_time": 0.2727789878845215}