{"MSE": 12.728263854980469, "PSNR": 37.083111912772864, "encoding_time": 0.34819698333740234, "decoding_time": 0.26473116874694824}