{"MSE": 12.32413101196289, "PSNR": 37.223240544208224, "encoding_time": 0.33884525299072266, "decoding_time": 0.24514198303222656}