{"MSE": 12.66196060180664, "PSNR": 37.10579403004886, "encoding_time": 0.3512461185455322, "decoding_time": 0.30190277099609375}