{"MSE": 12.662796020507812, "PSNR": 37.105507497990494, "encoding_time": 0.36504507064819336, "decoding_time": 0.29683494567871094}