{"MSE": 12.867183685302734, "PSNR": 37.03596860100052, "encoding_time": 0.35224080085754395, "decoding_time": 0.26050615310668945}