{"MSE": 10.000205993652344, "PSNR": 38.130714147694, "encoding_time": 0.30528998374938965, "decoding_time": 0.21143817901611328}