{"MSE": 10.014900207519531, "PSNR": 38.12433734701073, "encoding_time": 0.31720995903015137, "decoding_time": 0.21351003646850586}