{"MSE": 12.685066223144531, "PSNR": 37.09787622044006, "encoding_time": 0.35285520553588867, "decoding_time": 0.2606058120727539}