{"MSE": 12.448421478271484, "PSNR": 37.17966076644153, "encoding_time": 0.3449268341064453, "decoding_time": 0.23871898651123047}