{"MSE": 12.206901550292969, "PSNR": 37.264749189030496, "encoding_time": 0.32932186126708984, "decoding_time": 0.24679923057556152}