{"MSE": 11.243671417236328, "PSNR": 37.62172215480553, "encoding_time": 0.3288118839263916, "decoding_time": 0.23561596870422363}