{"MSE": 12.809783935546875, "PSNR": 37.0553855636843, "encoding_time": 0.34954285621643066, "decoding_time": 0.2552831172943115}