{"MSE": 12.273571014404297, "PSNR": 37.24109421106316, "encoding_time": 0.3527252674102783, "decoding_time": 0.25467991828918457}