{"MSE": 10.217391967773438, "PSNR": 38.03740306414585, "encoding_time": 0.30745601654052734, "decoding_time": 0.21615266799926758}