{"MSE": 12.54635238647461, "PSNR": 37.14562879567423, "encoding_time": 0.3339972496032715, "decoding_time": 0.24969792366027832}