{"MSE": 12.454769134521484, "PSNR": 37.17744679138511, "encoding_time": 0.3284459114074707, "decoding_time": 0.258134126663208}