{"MSE": 12.727531433105469, "PSNR": 37.083361825828206, "encoding_time": 0.3429560661315918, "decoding_time": 0.2608809471130371}