{"MSE": 11.07421875, "PSNR": 37.68767262950834, "encoding_time": 0.3225116729736328, "decoding_time": 0.23327898979187012}