{"MSE": 12.252330780029297, "PSNR": 37.248616477903234, "encoding_time": 0.3261702060699463, "decoding_time": 0.249755859375}