{"MSE": 12.201744079589844, "PSNR": 37.26658449045135, "encoding_time": 0.3206758499145508, "decoding_time": 0.23592209815979004}