{"MSE": 9.960128784179688, "PSNR": 38.148154069927045, "encoding_time": 0.3098900318145752, "decoding_time": 0.2198169231414795}