{"MSE": 11.161792755126953, "PSNR": 37.65346406308514, "encoding_time": 0.3188049793243408, "decoding_time": 0.23986196517944336}