{"MSE": 12.657402038574219, "PSNR": 37.107357859997315, "encoding_time": 0.3603029251098633, "decoding_time": 0.2804901599884033}