{"MSE": 12.131298065185547, "PSNR": 37.291730874221486, "encoding_time": 0.3299851417541504, "decoding_time": 0.24590682983398438}