{"MSE": 12.488971710205078, "PSNR": 37.16553679016434, "encoding_time": 0.3503119945526123, "decoding_time": 0.2758820056915283}