{"MSE": 10.359149932861328, "PSNR": 37.977562420044976, "encoding_time": 0.28965210914611816, "decoding_time": 0.18345904350280762}