{"MSE": 9.541698455810547, "PSNR": 38.33454673340752, "encoding_time": 0.28823304176330566, "decoding_time": 0.16624784469604492}