{"MSE": 8.168174743652344, "PSNR": 39.009553407273295, "encoding_time": 0.2885010242462158, "decoding_time": 0.17941808700561523}