{"MSE": 10.061443328857422, "PSNR": 38.10420075496274, "encoding_time": 0.3003530502319336, "decoding_time": 0.1875169277191162}