{"MSE": 10.049381256103516, "PSNR": 38.10941037950436, "encoding_time": 0.2903621196746826, "decoding_time": 0.18523597717285156}