{"MSE": 11.577644348144531, "PSNR": 37.494601564568406, "encoding_time": 0.3063380718231201, "decoding_time": 0.19426202774047852}