{"MSE": 9.971843719482422, "PSNR": 38.14304897323605, "encoding_time": 0.3127889633178711, "decoding_time": 0.179368257522583}