{"MSE": 8.65634536743164, "PSNR": 38.75745785450886, "encoding_time": 0.2840089797973633, "decoding_time": 0.17926669120788574}