{"MSE": 9.237506866455078, "PSNR": 38.475255866436534, "encoding_time": 0.2827470302581787, "decoding_time": 0.1633601188659668}