{"MSE": 8.61130142211914, "PSNR": 38.780115697239445, "encoding_time": 0.29234814643859863, "decoding_time": 0.1786057949066162}