{"MSE": 9.964771270751953, "PSNR": 38.146130264204984, "encoding_time": 0.29287004470825195, "decoding_time": 0.1741490364074707}