{"MSE": 11.109455108642578, "PSNR": 37.673876024772724, "encoding_time": 0.29837489128112793, "decoding_time": 0.20424604415893555}