{"MSE": 10.106346130371094, "PSNR": 38.08486192639955, "encoding_time": 0.2878859043121338, "decoding_time": 0.17478418350219727}