{"MSE": 9.477210998535156, "PSNR": 38.36399811098915, "encoding_time": 0.2901430130004883, "decoding_time": 0.16931986808776855}