{"MSE": 10.65578842163086, "PSNR": 37.854947721864335, "encoding_time": 0.30050206184387207, "decoding_time": 0.18728303909301758}