{"MSE": 11.485103607177734, "PSNR": 37.52945443546476, "encoding_time": 0.29802489280700684, "decoding_time": 0.1953263282775879}