{"MSE": 9.358078002929688, "PSNR": 38.41893699996709, "encoding_time": 0.2856431007385254, "decoding_time": 0.169996976852417}