{"MSE": 7.264141082763672, "PSNR": 39.51896090488313, "encoding_time": 0.2712697982788086, "decoding_time": 0.1515960693359375}