{"MSE": 8.855926513671875, "PSNR": 38.65846356750542, "encoding_time": 0.2833590507507324, "decoding_time": 0.16443800926208496}