{"MSE": 10.832115173339844, "PSNR": 37.78367091831121, "encoding_time": 0.2881479263305664, "decoding_time": 0.17643499374389648}