{"MSE": 11.058879852294922, "PSNR": 37.693692211147585, "encoding_time": 0.30026912689208984, "decoding_time": 0.2057018280029297}