{"MSE": 9.40936279296875, "PSNR": 38.395201470971486, "encoding_time": 0.2870321273803711, "decoding_time": 0.17203998565673828}