{"MSE": 9.996742248535156, "PSNR": 38.13221866267092, "encoding_time": 0.2817189693450928, "decoding_time": 0.1776719093322754}