{"MSE": 9.881793975830078, "PSNR": 38.18244565766329, "encoding_time": 0.2910780906677246, "decoding_time": 0.17938590049743652}