{"MSE": 10.011962890625, "PSNR": 38.125611296427365, "encoding_time": 0.2960827350616455, "decoding_time": 0.18670010566711426}