{"MSE": 10.48403549194336, "PSNR": 37.92551878359747, "encoding_time": 0.29472994804382324, "decoding_time": 0.1851799488067627}