{"MSE": 10.397087097167969, "PSNR": 37.96168678763585, "encoding_time": 0.2949378490447998, "decoding_time": 0.18204498291015625}