{"MSE": 10.367389678955078, "PSNR": 37.97410938204023, "encoding_time": 0.2910757064819336, "decoding_time": 0.178239107131958}