{"MSE": 8.435367584228516, "PSNR": 38.869763484746265, "encoding_time": 0.2897820472717285, "decoding_time": 0.17317414283752441}