{"MSE": 10.299720764160156, "PSNR": 38.002549101654814, "encoding_time": 0.2925100326538086, "decoding_time": 0.19058585166931152}