{"MSE": 8.959724426269531, "PSNR": 38.607857085708496, "encoding_time": 0.2860448360443115, "decoding_time": 0.17068910598754883}