{"MSE": 12.822315216064453, "PSNR": 37.051139117553326, "encoding_time": 0.3252992630004883, "decoding_time": 0.24386000633239746}