{"MSE": 10.675125122070312, "PSNR": 37.84707386818975, "encoding_time": 0.31117701530456543, "decoding_time": 0.21716594696044922}