{"MSE": 12.553230285644531, "PSNR": 37.14324864954163, "encoding_time": 0.32643818855285645, "decoding_time": 0.2506420612335205}