{"MSE": 12.92886734008789, "PSNR": 37.01519881578883, "encoding_time": 0.3195838928222656, "decoding_time": 0.23896408081054688}