{"MSE": 12.53451919555664, "PSNR": 37.14972681107491, "encoding_time": 0.32560205459594727, "decoding_time": 0.2420659065246582}