{"MSE": 11.032943725585938, "PSNR": 37.70388957837443, "encoding_time": 0.3121988773345947, "decoding_time": 0.22790813446044922}