{"MSE": 12.569347381591797, "PSNR": 37.13767631784287, "encoding_time": 0.3222489356994629, "decoding_time": 0.24116086959838867}