{"MSE": 10.833194732666016, "PSNR": 37.78323810967781, "encoding_time": 0.3118159770965576, "decoding_time": 0.22333312034606934}