{"MSE": 10.971199035644531, "PSNR": 37.72826266920581, "encoding_time": 0.3155510425567627, "decoding_time": 0.2266690731048584}