{"MSE": 12.726417541503906, "PSNR": 37.083741929502324, "encoding_time": 0.32557010650634766, "decoding_time": 0.24401211738586426}