{"MSE": 11.175224304199219, "PSNR": 37.64824112008155, "encoding_time": 0.3174400329589844, "decoding_time": 0.23021316528320312}