{"MSE": 12.60567855834961, "PSNR": 37.12514132337785, "encoding_time": 0.3264126777648926, "decoding_time": 0.24171113967895508}