{"MSE": 11.660865783691406, "PSNR": 37.46349564208145, "encoding_time": 0.31961798667907715, "decoding_time": 0.23623895645141602}