{"MSE": 13.124370574951172, "PSNR": 36.950018763998386, "encoding_time": 0.33206987380981445, "decoding_time": 0.2528371810913086}