{"MSE": 10.882953643798828, "PSNR": 37.76333581579494, "encoding_time": 0.31389904022216797, "decoding_time": 0.22060394287109375}