{"MSE": 12.686561584472656, "PSNR": 37.09736428862478, "encoding_time": 0.3277628421783447, "decoding_time": 0.25285816192626953}