{"MSE": 12.536575317382812, "PSNR": 37.149014466933124, "encoding_time": 0.32326197624206543, "decoding_time": 0.24180889129638672}