{"MSE": 10.665637969970703, "PSNR": 37.850935227841696, "encoding_time": 0.30584716796875, "decoding_time": 0.21632075309753418}