{"MSE": 10.82595443725586, "PSNR": 37.78614165906143, "encoding_time": 0.31583690643310547, "decoding_time": 0.226409912109375}