{"MSE": 12.43465805053711, "PSNR": 37.184465140690925, "encoding_time": 0.32122802734375, "decoding_time": 0.24279403686523438}