{"MSE": 12.96518325805664, "PSNR": 37.00301701127732, "encoding_time": 0.3277130126953125, "decoding_time": 0.24080300331115723}