{"MSE": 13.391029357910156, "PSNR": 36.86266398696987, "encoding_time": 0.32462096214294434, "decoding_time": 0.242448091506958}