{"MSE": 12.509708404541016, "PSNR": 37.15833174258, "encoding_time": 0.33098912239074707, "decoding_time": 0.24872207641601562}