{"MSE": 12.74570083618164, "PSNR": 37.077166402530345, "encoding_time": 0.32801008224487305, "decoding_time": 0.25105905532836914}