{"MSE": 12.430782318115234, "PSNR": 37.185818995030786, "encoding_time": 0.3200230598449707, "decoding_time": 0.236724853515625}