{"MSE": 13.505592346191406, "PSNR": 36.82566724063007, "encoding_time": 0.3294038772583008, "decoding_time": 0.2529914379119873}