{"MSE": 13.61490249633789, "PSNR": 36.79065825397879, "encoding_time": 0.32569408416748047, "decoding_time": 0.24643492698669434}