{"MSE": 12.841144561767578, "PSNR": 37.04476625709346, "encoding_time": 0.3220698833465576, "decoding_time": 0.24020099639892578}