{"MSE": 12.005378723144531, "PSNR": 37.337044959519574, "encoding_time": 0.32540392875671387, "decoding_time": 0.2422959804534912}