{"MSE": 10.56646728515625, "PSNR": 37.891505481117804, "encoding_time": 0.3056950569152832, "decoding_time": 0.21361088752746582}