{"MSE": 11.454421997070312, "PSNR": 37.54107181774292, "encoding_time": 0.3206510543823242, "decoding_time": 0.23448872566223145}