{"MSE": 13.62546157836914, "PSNR": 36.78729137438994, "encoding_time": 0.32764506340026855, "decoding_time": 0.24860382080078125}