{"MSE": 13.233722686767578, "PSNR": 36.91398331124672, "encoding_time": 0.3294222354888916, "decoding_time": 0.24962186813354492}