{"MSE": 12.60317611694336, "PSNR": 37.12600355731238, "encoding_time": 0.3236680030822754, "decoding_time": 0.2404928207397461}