{"MSE": 10.680217742919922, "PSNR": 37.845002539071494, "encoding_time": 0.309981107711792, "decoding_time": 0.2192368507385254}