{"MSE": 12.6185302734375, "PSNR": 37.12071586887432, "encoding_time": 0.32372021675109863, "decoding_time": 0.23914098739624023}