{"MSE": 13.003395080566406, "PSNR": 36.990236030031134, "encoding_time": 0.32788801193237305, "decoding_time": 0.24835801124572754}