{"MSE": 11.710609436035156, "PSNR": 37.44500863932182, "encoding_time": 0.3167581558227539, "decoding_time": 0.2328197956085205}