{"MSE": 13.590579986572266, "PSNR": 36.79842369949017, "encoding_time": 0.32935404777526855, "decoding_time": 0.25125598907470703}