{"MSE": 10.880786895751953, "PSNR": 37.76420056303068, "encoding_time": 0.3098428249359131, "decoding_time": 0.21959304809570312}