{"MSE": 11.568439483642578, "PSNR": 37.49805581808245, "encoding_time": 0.3125481605529785, "decoding_time": 0.2266218662261963}