{"MSE": 12.57595443725586, "PSNR": 37.13539405620749, "encoding_time": 0.3243420124053955, "decoding_time": 0.24424123764038086}