{"MSE": 12.85445785522461, "PSNR": 37.040265961433605, "encoding_time": 0.3314039707183838, "decoding_time": 0.25386691093444824}