{"MSE": 10.845649719238281, "PSNR": 37.77824786903315, "encoding_time": 0.3096771240234375, "decoding_time": 0.2203819751739502}