{"MSE": 10.967277526855469, "PSNR": 37.72981527441166, "encoding_time": 0.3094792366027832, "decoding_time": 0.21913385391235352}