{"MSE": 10.58132553100586, "PSNR": 37.88540285348085, "encoding_time": 0.30845093727111816, "decoding_time": 0.21469593048095703}