{"MSE": 12.711570739746094, "PSNR": 37.08881142221392, "encoding_time": 0.326096773147583, "decoding_time": 0.24133515357971191}