{"MSE": 12.698463439941406, "PSNR": 37.093291879376984, "encoding_time": 0.3189678192138672, "decoding_time": 0.24686312675476074}