{"MSE": 12.662677764892578, "PSNR": 37.10554805617439, "encoding_time": 0.3218040466308594, "decoding_time": 0.23580074310302734}