{"MSE": 13.16756820678711, "PSNR": 36.93574784227262, "encoding_time": 0.325164794921875, "decoding_time": 0.25017714500427246}