{"MSE": 10.751625061035156, "PSNR": 37.81606249946356, "encoding_time": 0.3148360252380371, "decoding_time": 0.2296428680419922}