{"MSE": 12.931076049804688, "PSNR": 37.01445694993863, "encoding_time": 0.3273630142211914, "decoding_time": 0.25140905380249023}