{"MSE": 10.702629089355469, "PSNR": 37.835898861035254, "encoding_time": 0.3067338466644287, "decoding_time": 0.21464920043945312}