{"MSE": 10.766674041748047, "PSNR": 37.809987957682914, "encoding_time": 0.30647993087768555, "decoding_time": 0.21504497528076172}