{"MSE": 13.328338623046875, "PSNR": 36.88304342872684, "encoding_time": 0.3256051540374756, "decoding_time": 0.24219274520874023}