{"MSE": 10.47171401977539, "PSNR": 37.93062587650783, "encoding_time": 0.3097841739654541, "decoding_time": 0.2210400104522705}