{"MSE": 12.687206268310547, "PSNR": 37.097143601941546, "encoding_time": 0.3215930461883545, "decoding_time": 0.23890018463134766}