{"MSE": 13.06723403930664, "PSNR": 36.96896691312737, "encoding_time": 0.3272111415863037, "decoding_time": 0.24552297592163086}