{"MSE": 10.32583236694336, "PSNR": 37.9915529058305, "encoding_time": 0.3087332248687744, "decoding_time": 0.22156977653503418}