{"MSE": 12.971424102783203, "PSNR": 37.00092701975163, "encoding_time": 0.3286900520324707, "decoding_time": 0.24556183815002441}