{"MSE": 10.9208984375, "PSNR": 37.7482199260924, "encoding_time": 0.3143918514251709, "decoding_time": 0.22805523872375488}