{"MSE": 13.40487289428711, "PSNR": 36.85817660532707, "encoding_time": 0.32734227180480957, "decoding_time": 0.24910378456115723}