{"MSE": 12.916542053222656, "PSNR": 37.019340986181845, "encoding_time": 0.3213181495666504, "decoding_time": 0.24266815185546875}