{"MSE": 11.477291107177734, "PSNR": 37.532409637492236, "encoding_time": 0.31079697608947754, "decoding_time": 0.22434687614440918}