{"MSE": 12.228008270263672, "PSNR": 37.25724637084004, "encoding_time": 0.32288384437561035, "decoding_time": 0.23796415328979492}