{"MSE": 11.140518188476562, "PSNR": 37.66174968848693, "encoding_time": 0.3088529109954834, "decoding_time": 0.2185962200164795}