{"MSE": 12.696285247802734, "PSNR": 37.094036897049975, "encoding_time": 0.3260319232940674, "decoding_time": 0.24182915687561035}