{"MSE": 13.072200775146484, "PSNR": 36.96731651325484, "encoding_time": 0.32288193702697754, "decoding_time": 0.24449992179870605}