{"MSE": 13.338645935058594, "PSNR": 36.87968616203393, "encoding_time": 0.32932305335998535, "decoding_time": 0.25032615661621094}