{"MSE": 12.71612548828125, "PSNR": 37.08725555796362, "encoding_time": 0.3306140899658203, "decoding_time": 0.24960064888000488}