{"MSE": 13.037044525146484, "PSNR": 36.979012121022336, "encoding_time": 0.3281548023223877, "decoding_time": 0.2437000274658203}