{"MSE": 10.978889465332031, "PSNR": 37.72521948210135, "encoding_time": 0.30677294731140137, "decoding_time": 0.2179861068725586}