{"MSE": 10.573101043701172, "PSNR": 37.888779782295494, "encoding_time": 0.31018924713134766, "decoding_time": 0.22329187393188477}