{"MSE": 12.536766052246094, "PSNR": 37.14894839269323, "encoding_time": 0.3237321376800537, "decoding_time": 0.24167394638061523}