{"MSE": 12.91574478149414, "PSNR": 37.01960906210915, "encoding_time": 0.3229391574859619, "decoding_time": 0.24090290069580078}