{"MSE": 11.820255279541016, "PSNR": 37.40453504855768, "encoding_time": 0.3209700584411621, "decoding_time": 0.23938894271850586}