{"MSE": 12.851699829101562, "PSNR": 37.0411978747483, "encoding_time": 0.32721400260925293, "decoding_time": 0.24579215049743652}