{"MSE": 11.927852630615234, "PSNR": 37.365180961260215, "encoding_time": 0.3177802562713623, "decoding_time": 0.2303769588470459}