{"MSE": 13.237178802490234, "PSNR": 36.91284925693707, "encoding_time": 0.3246798515319824, "decoding_time": 0.24443697929382324}