{"MSE": 13.572650909423828, "PSNR": 36.80415681749205, "encoding_time": 0.33198094367980957, "decoding_time": 0.25043296813964844}