{"MSE": 12.695976257324219, "PSNR": 37.09414259292095, "encoding_time": 0.327908992767334, "decoding_time": 0.24485397338867188}