{"MSE": 12.074718475341797, "PSNR": 37.31203346995572, "encoding_time": 0.31846189498901367, "decoding_time": 0.23073506355285645}