{"MSE": 11.356494903564453, "PSNR": 37.578360505255596, "encoding_time": 0.31299710273742676, "decoding_time": 0.22173380851745605}