{"MSE": 10.699005126953125, "PSNR": 37.837369652352486, "encoding_time": 0.30785417556762695, "decoding_time": 0.2168869972229004}