{"MSE": 11.358749389648438, "PSNR": 37.57749843143735, "encoding_time": 0.3159060478210449, "decoding_time": 0.2337360382080078}