{"MSE": 12.487010955810547, "PSNR": 37.166218681104965, "encoding_time": 0.32218503952026367, "decoding_time": 0.24181103706359863}