{"MSE": 12.48171615600586, "PSNR": 37.168060587071686, "encoding_time": 0.3208892345428467, "decoding_time": 0.2370319366455078}