{"MSE": 10.295913696289062, "PSNR": 38.004154673544974, "encoding_time": 0.30801892280578613, "decoding_time": 0.21882295608520508}