{"MSE": 12.673103332519531, "PSNR": 37.10197384882768, "encoding_time": 0.32864880561828613, "decoding_time": 0.26581716537475586}