{"MSE": 12.560638427734375, "PSNR": 37.140686467377805, "encoding_time": 0.32587385177612305, "decoding_time": 0.24206328392028809}