{"MSE": 13.501514434814453, "PSNR": 36.82697875795513, "encoding_time": 0.3345310688018799, "decoding_time": 0.25225114822387695}