{"MSE": 12.38018798828125, "PSNR": 37.203531215429905, "encoding_time": 0.31982994079589844, "decoding_time": 0.23481178283691406}