{"MSE": 13.203433990478516, "PSNR": 36.92393462301475, "encoding_time": 0.3293190002441406, "decoding_time": 0.2526381015777588}