{"MSE": 10.677635192871094, "PSNR": 37.84605281996282, "encoding_time": 0.3111600875854492, "decoding_time": 0.22393012046813965}