{"MSE": 13.722332000732422, "PSNR": 36.75652438346412, "encoding_time": 0.33070898056030273, "decoding_time": 0.25090503692626953}