{"MSE": 12.69491958618164, "PSNR": 37.09450406614309, "encoding_time": 0.32421016693115234, "decoding_time": 0.23993182182312012}