{"MSE": 12.241889953613281, "PSNR": 37.25231889703542, "encoding_time": 0.31717586517333984, "decoding_time": 0.23092007637023926}