{"MSE": 12.950599670410156, "PSNR": 37.007904822174055, "encoding_time": 0.32358670234680176, "decoding_time": 0.24152421951293945}