{"MSE": 13.589790344238281, "PSNR": 36.79867604138562, "encoding_time": 0.33127284049987793, "decoding_time": 0.25436902046203613}