{"MSE": 13.021656036376953, "PSNR": 36.98414141480161, "encoding_time": 0.33289599418640137, "decoding_time": 0.25599193572998047}