{"MSE": 12.720394134521484, "PSNR": 37.08579792967782, "encoding_time": 0.3209528923034668, "decoding_time": 0.24110913276672363}