{"MSE": 13.056011199951172, "PSNR": 36.97269846903368, "encoding_time": 0.3340580463409424, "decoding_time": 0.2564420700073242}