{"MSE": 11.610824584960938, "PSNR": 37.48217297030994, "encoding_time": 0.3203308582305908, "decoding_time": 0.2382209300994873}