{"MSE": 11.906986236572266, "PSNR": 37.372785092469776, "encoding_time": 0.32112884521484375, "decoding_time": 0.23830795288085938}