{"MSE": 12.984512329101562, "PSNR": 36.996547177810925, "encoding_time": 0.32430076599121094, "decoding_time": 0.24319219589233398}