{"MSE": 12.568790435791016, "PSNR": 37.137868757306606, "encoding_time": 0.3255140781402588, "decoding_time": 0.24915409088134766}