{"MSE": 12.067657470703125, "PSNR": 37.314573862372406, "encoding_time": 0.3121500015258789, "decoding_time": 0.22945070266723633}