{"MSE": 10.736896514892578, "PSNR": 37.82201593585541, "encoding_time": 0.30961108207702637, "decoding_time": 0.2167198657989502}