{"MSE": 12.52219009399414, "PSNR": 37.1540006853061, "encoding_time": 0.3248889446258545, "decoding_time": 0.2451930046081543}