{"MSE": 11.003490447998047, "PSNR": 37.715498900868795, "encoding_time": 0.31587982177734375, "decoding_time": 0.22811007499694824}