{"MSE": 10.593158721923828, "PSNR": 37.88054881312494, "encoding_time": 0.3072481155395508, "decoding_time": 0.21563076972961426}