{"MSE": 12.995193481445312, "PSNR": 36.992976109055604, "encoding_time": 0.33417296409606934, "decoding_time": 0.25499606132507324}