{"MSE": 12.797321319580078, "PSNR": 37.05961286366051, "encoding_time": 0.3234260082244873, "decoding_time": 0.24440503120422363}