{"MSE": 13.716758728027344, "PSNR": 36.75828861219835, "encoding_time": 0.32814693450927734, "decoding_time": 0.24480104446411133}