{"MSE": 12.689102172851562, "PSNR": 37.09649466525021, "encoding_time": 0.3214418888092041, "decoding_time": 0.2374730110168457}