{"MSE": 12.654796600341797, "PSNR": 37.10825191702288, "encoding_time": 0.3230278491973877, "decoding_time": 0.23920488357543945}