{"MSE": 13.186687469482422, "PSNR": 36.92944647535462, "encoding_time": 0.32779693603515625, "decoding_time": 0.25073719024658203}