{"MSE": 11.869281768798828, "PSNR": 37.386559210443, "encoding_time": 0.3168179988861084, "decoding_time": 0.23073291778564453}