{"MSE": 12.524173736572266, "PSNR": 37.15331277305395, "encoding_time": 0.32205700874328613, "decoding_time": 0.24175405502319336}