{"MSE": 12.512336730957031, "PSNR": 37.157419372981806, "encoding_time": 0.32125115394592285, "decoding_time": 0.2424309253692627}