{"MSE": 10.840858459472656, "PSNR": 37.78016686649856, "encoding_time": 0.30802416801452637, "decoding_time": 0.2179570198059082}