{"MSE": 12.731483459472656, "PSNR": 37.082013507156304, "encoding_time": 0.3252589702606201, "decoding_time": 0.24267220497131348}