{"MSE": 12.356197357177734, "PSNR": 37.21195524491269, "encoding_time": 0.3225388526916504, "decoding_time": 0.23871707916259766}