{"MSE": 12.494693756103516, "PSNR": 37.16354744796338, "encoding_time": 0.319943904876709, "decoding_time": 0.2344813346862793}