{"MSE": 13.217971801757812, "PSNR": 36.91915539824196, "encoding_time": 0.3193471431732178, "decoding_time": 0.2387537956237793}