{"MSE": 12.4423828125, "PSNR": 37.1817680179738, "encoding_time": 0.32335686683654785, "decoding_time": 0.23772716522216797}