{"MSE": 12.743179321289062, "PSNR": 37.07802566351058, "encoding_time": 0.3275933265686035, "decoding_time": 0.250823974609375}