{"MSE": 10.613258361816406, "PSNR": 37.87231624345223, "encoding_time": 0.3060147762298584, "decoding_time": 0.21860814094543457}