{"MSE": 12.897972106933594, "PSNR": 37.025589274678524, "encoding_time": 0.3257179260253906, "decoding_time": 0.2523789405822754}