{"MSE": 10.406723022460938, "PSNR": 37.95766365008752, "encoding_time": 0.3111848831176758, "decoding_time": 0.22537803649902344}