{"MSE": 9.525627136230469, "PSNR": 38.34186783046406, "encoding_time": 0.28058815002441406, "decoding_time": 0.14731478691101074}