{"MSE": 8.348686218261719, "PSNR": 38.914622222765736, "encoding_time": 0.2857189178466797, "decoding_time": 0.15049290657043457}