{"MSE": 8.876834869384766, "PSNR": 38.648222198410586, "encoding_time": 0.28145599365234375, "decoding_time": 0.1481339931488037}