{"MSE": 8.445842742919922, "PSNR": 38.86437370034992, "encoding_time": 0.26929187774658203, "decoding_time": 0.14123201370239258}