{"MSE": 10.62038803100586, "PSNR": 37.86939976265015, "encoding_time": 0.2851269245147705, "decoding_time": 0.16839194297790527}