{"MSE": 9.684341430664062, "PSNR": 38.27010268363453, "encoding_time": 0.2836880683898926, "decoding_time": 0.16193103790283203}