{"MSE": 9.547683715820312, "PSNR": 38.33182337080017, "encoding_time": 0.27704429626464844, "decoding_time": 0.1549828052520752}