{"MSE": 7.899044036865234, "PSNR": 39.155058258604775, "encoding_time": 0.278674840927124, "decoding_time": 0.14139914512634277}