{"MSE": 11.79019546508789, "PSNR": 37.41559355712991, "encoding_time": 0.28223204612731934, "decoding_time": 0.1663198471069336}