{"MSE": 9.893669128417969, "PSNR": 38.17722978602135, "encoding_time": 0.2858390808105469, "decoding_time": 0.16658592224121094}