{"MSE": 8.821548461914062, "PSNR": 38.67535536570589, "encoding_time": 0.2739229202270508, "decoding_time": 0.15296006202697754}