{"MSE": 9.742389678955078, "PSNR": 38.24414864246889, "encoding_time": 0.2836618423461914, "decoding_time": 0.1864149570465088}