{"MSE": 8.885746002197266, "PSNR": 38.643864660324624, "encoding_time": 0.27948999404907227, "decoding_time": 0.16222286224365234}