{"MSE": 9.622283935546875, "PSNR": 38.29802192896889, "encoding_time": 0.2771000862121582, "decoding_time": 0.14940381050109863}