{"MSE": 9.848812103271484, "PSNR": 38.19696508858116, "encoding_time": 0.27829623222351074, "decoding_time": 0.15718388557434082}