{"MSE": 9.822662353515625, "PSNR": 38.20851145104275, "encoding_time": 0.27745509147644043, "decoding_time": 0.1539750099182129}