{"MSE": 10.570343017578125, "PSNR": 37.889912800671794, "encoding_time": 0.29117321968078613, "decoding_time": 0.1680126190185547}