{"MSE": 8.73086166381836, "PSNR": 38.720232537746014, "encoding_time": 0.285980224609375, "decoding_time": 0.17532706260681152}