{"MSE": 7.705677032470703, "PSNR": 39.26269558365232, "encoding_time": 0.27602624893188477, "decoding_time": 0.16294503211975098}