{"MSE": 8.699344635009766, "PSNR": 38.73593824584877, "encoding_time": 0.2853529453277588, "decoding_time": 0.17403101921081543}