{"MSE": 7.680332183837891, "PSNR": 39.27700356658286, "encoding_time": 0.277846097946167, "decoding_time": 0.16278576850891113}