{"MSE": 9.535175323486328, "PSNR": 38.33751678029919, "encoding_time": 0.2904949188232422, "decoding_time": 0.18136286735534668}