{"MSE": 9.783546447753906, "PSNR": 38.225840496895806, "encoding_time": 0.28991198539733887, "decoding_time": 0.1905810832977295}