{"MSE": 7.783256530761719, "PSNR": 39.21919016136955, "encoding_time": 0.28328871726989746, "decoding_time": 0.17914223670959473}