{"MSE": 7.2541656494140625, "PSNR": 39.52492892363353, "encoding_time": 0.27109384536743164, "decoding_time": 0.15464305877685547}