{"MSE": 8.07120132446289, "PSNR": 39.06142180575081, "encoding_time": 0.28254127502441406, "decoding_time": 0.17331480979919434}