{"MSE": 7.601123809814453, "PSNR": 39.32202554334525, "encoding_time": 0.27820539474487305, "decoding_time": 0.16389870643615723}