{"MSE": 9.31072998046875, "PSNR": 38.440966289669774, "encoding_time": 0.2914278507232666, "decoding_time": 0.18795418739318848}