{"MSE": 9.755561828613281, "PSNR": 38.23828075139386, "encoding_time": 0.28981900215148926, "decoding_time": 0.18177485466003418}