{"MSE": 8.069194793701172, "PSNR": 39.06250161226323, "encoding_time": 0.2804579734802246, "decoding_time": 0.1667780876159668}