{"MSE": 8.369972229003906, "PSNR": 38.90356343831683, "encoding_time": 0.28181028366088867, "decoding_time": 0.1694347858428955}