{"MSE": 8.017654418945312, "PSNR": 39.09033027733596, "encoding_time": 0.28726887702941895, "decoding_time": 0.1791841983795166}