{"MSE": 8.97140884399414, "PSNR": 38.60219712123909, "encoding_time": 0.29279422760009766, "decoding_time": 0.19184398651123047}