{"MSE": 8.598945617675781, "PSNR": 38.78635158519476, "encoding_time": 0.2885150909423828, "decoding_time": 0.18361592292785645}