{"MSE": 8.860050201416016, "PSNR": 38.65644178243139, "encoding_time": 0.2904520034790039, "decoding_time": 0.19104576110839844}