{"MSE": 8.045352935791016, "PSNR": 39.07535260263262, "encoding_time": 0.27774524688720703, "decoding_time": 0.16567087173461914}