{"MSE": 8.898841857910156, "PSNR": 38.637468719137104, "encoding_time": 0.28984999656677246, "decoding_time": 0.18729591369628906}