{"MSE": 8.844245910644531, "PSNR": 38.66419551412702, "encoding_time": 0.29021215438842773, "decoding_time": 0.18608474731445312}