{"MSE": 7.7612762451171875, "PSNR": 39.23147219424364, "encoding_time": 0.2787058353424072, "decoding_time": 0.16621112823486328}