{"MSE": 8.426982879638672, "PSNR": 38.874082492637456, "encoding_time": 0.2961578369140625, "decoding_time": 0.19086384773254395}