{"MSE": 8.047683715820312, "PSNR": 39.07409461144768, "encoding_time": 0.28113698959350586, "decoding_time": 0.16760516166687012}