{"MSE": 8.675403594970703, "PSNR": 38.74790672795028, "encoding_time": 0.28824377059936523, "decoding_time": 0.18636417388916016}