{"MSE": 8.010814666748047, "PSNR": 39.094036765836236, "encoding_time": 0.28846287727355957, "decoding_time": 0.1872110366821289}