{"MSE": 8.459583282470703, "PSNR": 38.85731390568944, "encoding_time": 0.2857630252838135, "decoding_time": 0.18224000930786133}