{"MSE": 8.122394561767578, "PSNR": 39.03396278467354, "encoding_time": 0.28584980964660645, "decoding_time": 0.1849961280822754}