{"MSE": 8.46505355834961, "PSNR": 38.854506506353474, "encoding_time": 0.28523683547973633, "decoding_time": 0.18267130851745605}