{"MSE": 8.115596771240234, "PSNR": 39.03759900177341, "encoding_time": 0.28183507919311523, "decoding_time": 0.17002081871032715}