{"MSE": 9.936981201171875, "PSNR": 38.158258926473884, "encoding_time": 0.3254239559173584, "decoding_time": 0.20509099960327148}