{"MSE": 10.048118591308594, "PSNR": 38.109956087535515, "encoding_time": 0.29396629333496094, "decoding_time": 0.1942887306213379}