{"MSE": 8.765541076660156, "PSNR": 38.70301631612649, "encoding_time": 0.29152989387512207, "decoding_time": 0.18685412406921387}