{"MSE": 7.509452819824219, "PSNR": 39.37472067803625, "encoding_time": 0.2792072296142578, "decoding_time": 0.16553378105163574}