{"MSE": 9.498615264892578, "PSNR": 38.35420063647438, "encoding_time": 0.2891550064086914, "decoding_time": 0.18428301811218262}