{"MSE": 9.344001770019531, "PSNR": 38.425474488318585, "encoding_time": 0.2707855701446533, "decoding_time": 0.14237737655639648}