{"MSE": 5.805492401123047, "PSNR": 40.49241299924843, "encoding_time": 0.2625887393951416, "decoding_time": 0.13251924514770508}