{"MSE": 6.463130950927734, "PSNR": 40.026374055194026, "encoding_time": 0.26435279846191406, "decoding_time": 0.12839794158935547}