{"MSE": 7.525783538818359, "PSNR": 39.36528638147508, "encoding_time": 0.26668596267700195, "decoding_time": 0.13578176498413086}