{"MSE": 9.361228942871094, "PSNR": 38.41747494173357, "encoding_time": 0.274630069732666, "decoding_time": 0.15582990646362305}