{"MSE": 7.439582824707031, "PSNR": 39.41531777742378, "encoding_time": 0.2669031620025635, "decoding_time": 0.13973784446716309}