{"MSE": 8.807567596435547, "PSNR": 38.68224375872842, "encoding_time": 0.2777678966522217, "decoding_time": 0.1546611785888672}