{"MSE": 7.524105072021484, "PSNR": 39.36625509146332, "encoding_time": 0.2675039768218994, "decoding_time": 0.14903020858764648}