{"MSE": 7.096843719482422, "PSNR": 39.620151191889335, "encoding_time": 0.2685539722442627, "decoding_time": 0.13802599906921387}