{"MSE": 7.717144012451172, "PSNR": 39.256237560139276, "encoding_time": 0.26837801933288574, "decoding_time": 0.13843202590942383}