{"MSE": 7.478008270263672, "PSNR": 39.3929441974376, "encoding_time": 0.27921414375305176, "decoding_time": 0.17005705833435059}