{"MSE": 6.069507598876953, "PSNR": 40.29926901384873, "encoding_time": 0.25672078132629395, "decoding_time": 0.12489199638366699}