{"MSE": 6.796173095703125, "PSNR": 39.808159292301475, "encoding_time": 0.2709770202636719, "decoding_time": 0.13547587394714355}