{"MSE": 8.311641693115234, "PSNR": 38.93393547932955, "encoding_time": 0.2869570255279541, "decoding_time": 0.1485130786895752}