{"MSE": 6.598537445068359, "PSNR": 39.93632675314578, "encoding_time": 0.2597527503967285, "decoding_time": 0.12798285484313965}