{"MSE": 8.706924438476562, "PSNR": 38.73215585340876, "encoding_time": 0.2731761932373047, "decoding_time": 0.14400792121887207}