{"MSE": 8.528884887695312, "PSNR": 38.82188107986249, "encoding_time": 0.2797582149505615, "decoding_time": 0.15000486373901367}