{"MSE": 5.8044891357421875, "PSNR": 40.49316358204393, "encoding_time": 0.2576909065246582, "decoding_time": 0.12293100357055664}