{"MSE": 6.357696533203125, "PSNR": 40.09780566622386, "encoding_time": 0.30089807510375977, "decoding_time": 0.1405038833618164}