{"MSE": 10.022636413574219, "PSNR": 38.12098384919223, "encoding_time": 0.2812621593475342, "decoding_time": 0.15005970001220703}