{"MSE": 6.997020721435547, "PSNR": 39.681672008057355, "encoding_time": 0.2706112861633301, "decoding_time": 0.1365509033203125}