{"MSE": 7.761333465576172, "PSNR": 39.23144017574927, "encoding_time": 0.2889118194580078, "decoding_time": 0.15346097946166992}