{"MSE": 6.937664031982422, "PSNR": 39.7186709629139, "encoding_time": 0.2710888385772705, "decoding_time": 0.13269805908203125}