{"MSE": 7.330924987792969, "PSNR": 39.47921585169525, "encoding_time": 0.28250694274902344, "decoding_time": 0.13633203506469727}