{"MSE": 7.255893707275391, "PSNR": 39.52389448817233, "encoding_time": 0.27025699615478516, "decoding_time": 0.14347290992736816}