{"MSE": 7.170696258544922, "PSNR": 39.5751903413131, "encoding_time": 0.2700018882751465, "decoding_time": 0.1331949234008789}