{"MSE": 7.4827728271484375, "PSNR": 39.39017800385419, "encoding_time": 0.27532100677490234, "decoding_time": 0.13871502876281738}