{"MSE": 8.174407958984375, "PSNR": 39.006240526801776, "encoding_time": 0.26877522468566895, "decoding_time": 0.14895296096801758}