{"MSE": 6.91864013671875, "PSNR": 39.7305961889019, "encoding_time": 0.2715611457824707, "decoding_time": 0.13267993927001953}