{"MSE": 8.173599243164062, "PSNR": 39.00667020708529, "encoding_time": 0.2849860191345215, "decoding_time": 0.17714595794677734}