{"MSE": 10.042438507080078, "PSNR": 38.112411797738915, "encoding_time": 0.29578495025634766, "decoding_time": 0.18380522727966309}