{"MSE": 10.102279663085938, "PSNR": 38.08660973878884, "encoding_time": 0.29172301292419434, "decoding_time": 0.18621182441711426}