{"MSE": 8.09146499633789, "PSNR": 39.05053201156129, "encoding_time": 0.28355884552001953, "decoding_time": 0.1772911548614502}