{"MSE": 9.426746368408203, "PSNR": 38.38718538551796, "encoding_time": 0.2870011329650879, "decoding_time": 0.1857919692993164}