{"MSE": 10.099479675292969, "PSNR": 38.08781361339728, "encoding_time": 0.2912418842315674, "decoding_time": 0.1873459815979004}