{"MSE": 7.9886016845703125, "PSNR": 39.10609593296199, "encoding_time": 0.2828099727630615, "decoding_time": 0.17566490173339844}