{"MSE": 9.00091552734375, "PSNR": 38.5879367495621, "encoding_time": 0.28501296043395996, "decoding_time": 0.17386889457702637}