{"MSE": 8.859912872314453, "PSNR": 38.65650909777598, "encoding_time": 0.2848491668701172, "decoding_time": 0.17707085609436035}