{"MSE": 8.490985870361328, "PSNR": 38.84122242685139, "encoding_time": 0.28642821311950684, "decoding_time": 0.18003296852111816}