{"MSE": 8.483135223388672, "PSNR": 38.845239710437234, "encoding_time": 0.2843310832977295, "decoding_time": 0.18083405494689941}