{"MSE": 9.730724334716797, "PSNR": 38.2493519142565, "encoding_time": 0.290848970413208, "decoding_time": 0.1884291172027588}