{"MSE": 8.6226806640625, "PSNR": 38.774380583117, "encoding_time": 0.2857363224029541, "decoding_time": 0.18007302284240723}