{"MSE": 8.403484344482422, "PSNR": 38.88620965541493, "encoding_time": 0.2798757553100586, "decoding_time": 0.16789507865905762}