{"MSE": 11.168384552001953, "PSNR": 37.65090001618804, "encoding_time": 0.32035112380981445, "decoding_time": 0.2258138656616211}