{"MSE": 15.070980072021484, "PSNR": 36.34938865286475, "encoding_time": 0.3433060646057129, "decoding_time": 0.25902676582336426}