{"MSE": 14.733901977539062, "PSNR": 36.447625846361014, "encoding_time": 0.34037113189697266, "decoding_time": 0.2595059871673584}