{"MSE": 12.144351959228516, "PSNR": 37.28706015711118, "encoding_time": 0.3166029453277588, "decoding_time": 0.22619318962097168}