{"MSE": 12.377799987792969, "PSNR": 37.20436900195688, "encoding_time": 0.3359720706939697, "decoding_time": 0.23193907737731934}