{"MSE": 12.771038055419922, "PSNR": 37.06854161848939, "encoding_time": 0.32198619842529297, "decoding_time": 0.23117494583129883}