{"MSE": 14.505218505859375, "PSNR": 36.515560854903974, "encoding_time": 0.33980274200439453, "decoding_time": 0.2722470760345459}