{"MSE": 13.979972839355469, "PSNR": 36.675740332157226, "encoding_time": 0.330765962600708, "decoding_time": 0.2574639320373535}