{"MSE": 15.084526062011719, "PSNR": 36.34548691162106, "encoding_time": 0.343494176864624, "decoding_time": 0.2723429203033447}