{"MSE": 11.805198669433594, "PSNR": 37.41007060659202, "encoding_time": 0.31796717643737793, "decoding_time": 0.22379493713378906}