{"MSE": 15.148822784423828, "PSNR": 36.32701475758508, "encoding_time": 0.3436260223388672, "decoding_time": 0.2711670398712158}