{"MSE": 12.48257064819336, "PSNR": 37.16776328136861, "encoding_time": 0.2903761863708496, "decoding_time": 0.1892697811126709}