{"MSE": 14.332359313964844, "PSNR": 36.56762673422671, "encoding_time": 0.30819272994995117, "decoding_time": 0.21535205841064453}