{"MSE": 13.64889907836914, "PSNR": 36.7798273831689, "encoding_time": 0.29583287239074707, "decoding_time": 0.19678592681884766}