{"MSE": 13.275836944580078, "PSNR": 36.900184511554464, "encoding_time": 0.29642295837402344, "decoding_time": 0.19691991806030273}