{"MSE": 14.877094268798828, "PSNR": 36.40562245938778, "encoding_time": 0.3074049949645996, "decoding_time": 0.2188408374786377}