{"MSE": 16.482772827148438, "PSNR": 35.96050087837308, "encoding_time": 0.3118300437927246, "decoding_time": 0.22288990020751953}