{"MSE": 13.547603607177734, "PSNR": 36.812178798434914, "encoding_time": 0.30218505859375, "decoding_time": 0.20629596710205078}