{"MSE": 14.818527221679688, "PSNR": 36.42275318579638, "encoding_time": 0.3021519184112549, "decoding_time": 0.20884108543395996}