{"MSE": 12.582744598388672, "PSNR": 37.13304979382839, "encoding_time": 0.2899150848388672, "decoding_time": 0.1910228729248047}