{"MSE": 15.53885269165039, "PSNR": 36.21661411273004, "encoding_time": 0.3146829605102539, "decoding_time": 0.22291803359985352}