{"MSE": 13.426536560058594, "PSNR": 36.85116362111333, "encoding_time": 0.2990760803222656, "decoding_time": 0.19895720481872559}