{"MSE": 15.495990753173828, "PSNR": 36.22861012310623, "encoding_time": 0.3078799247741699, "decoding_time": 0.2163410186767578}