{"MSE": 16.54666519165039, "PSNR": 35.9436988147511, "encoding_time": 0.30828404426574707, "decoding_time": 0.22382092475891113}