{"MSE": 13.522720336914062, "PSNR": 36.820162943754504, "encoding_time": 0.2962641716003418, "decoding_time": 0.2010209560394287}