{"MSE": 14.846221923828125, "PSNR": 36.41464412695592, "encoding_time": 0.3062312602996826, "decoding_time": 0.2095017433166504}