{"MSE": 13.291561126708984, "PSNR": 36.89504367968972, "encoding_time": 0.29732203483581543, "decoding_time": 0.19715619087219238}