{"MSE": 13.7579345703125, "PSNR": 36.74527121157715, "encoding_time": 0.3024728298187256, "decoding_time": 0.20759201049804688}