{"MSE": 15.87057113647461, "PSNR": 36.12487804815259, "encoding_time": 0.30840325355529785, "decoding_time": 0.21329283714294434}