{"MSE": 12.91705322265625, "PSNR": 37.01916911845536, "encoding_time": 0.2957792282104492, "decoding_time": 0.1979668140411377}