{"MSE": 13.411758422851562, "PSNR": 36.85594638700406, "encoding_time": 0.2957780361175537, "decoding_time": 0.19459104537963867}