{"MSE": 13.185840606689453, "PSNR": 36.929725392746974, "encoding_time": 0.29637813568115234, "decoding_time": 0.19513487815856934}