{"MSE": 15.637256622314453, "PSNR": 36.18919797457138, "encoding_time": 0.3078489303588867, "decoding_time": 0.2193899154663086}