{"MSE": 14.76578140258789, "PSNR": 36.43823926170097, "encoding_time": 0.30703091621398926, "decoding_time": 0.21124601364135742}