{"MSE": 14.088035583496094, "PSNR": 36.642299209682804, "encoding_time": 0.2971479892730713, "decoding_time": 0.2048351764678955}