{"MSE": 14.167522430419922, "PSNR": 36.61786451966595, "encoding_time": 0.2987649440765381, "decoding_time": 0.20479273796081543}