{"MSE": 15.705638885498047, "PSNR": 36.17024753224578, "encoding_time": 0.3112201690673828, "decoding_time": 0.22030401229858398}