{"MSE": 16.217506408691406, "PSNR": 36.03096282644942, "encoding_time": 0.31028103828430176, "decoding_time": 0.2211599349975586}