{"MSE": 12.421672821044922, "PSNR": 37.189002748479346, "encoding_time": 0.29137420654296875, "decoding_time": 0.18986988067626953}