{"MSE": 15.600196838378906, "PSNR": 36.19950282687649, "encoding_time": 0.3079259395599365, "decoding_time": 0.21320295333862305}