{"MSE": 15.07150650024414, "PSNR": 36.3492369567718, "encoding_time": 0.30338191986083984, "decoding_time": 0.2111201286315918}