{"MSE": 13.309139251708984, "PSNR": 36.88930391818546, "encoding_time": 0.3006889820098877, "decoding_time": 0.20354485511779785}