{"MSE": 14.62691879272461, "PSNR": 36.47927510631207, "encoding_time": 0.30457210540771484, "decoding_time": 0.21021199226379395}