{"MSE": 14.821914672851562, "PSNR": 36.421760520866954, "encoding_time": 0.3059718608856201, "decoding_time": 0.20848894119262695}