{"MSE": 12.52859878540039, "PSNR": 37.1517785921113, "encoding_time": 0.29184818267822266, "decoding_time": 0.18884587287902832}