{"MSE": 13.411815643310547, "PSNR": 36.85592785813127, "encoding_time": 0.30196094512939453, "decoding_time": 0.20640897750854492}