{"MSE": 15.064231872558594, "PSNR": 36.351333690347076, "encoding_time": 0.3018362522125244, "decoding_time": 0.2090587615966797}