{"MSE": 15.59566879272461, "PSNR": 36.20076357423227, "encoding_time": 0.3098788261413574, "decoding_time": 0.21484112739562988}