{"MSE": 12.249114990234375, "PSNR": 37.24975649207546, "encoding_time": 0.2905409336090088, "decoding_time": 0.18918919563293457}