{"MSE": 13.214439392089844, "PSNR": 36.920316174702734, "encoding_time": 0.2941598892211914, "decoding_time": 0.19801115989685059}