{"MSE": 16.402000427246094, "PSNR": 35.98183541995007, "encoding_time": 0.3114609718322754, "decoding_time": 0.22240018844604492}