{"MSE": 14.66116714477539, "PSNR": 36.46911815913484, "encoding_time": 0.32489609718322754, "decoding_time": 0.21181678771972656}