{"MSE": 16.490177154541016, "PSNR": 35.958550395577554, "encoding_time": 0.3104739189147949, "decoding_time": 0.2226102352142334}