{"MSE": 13.213661193847656, "PSNR": 36.92057193822338, "encoding_time": 0.29155683517456055, "decoding_time": 0.19473624229431152}