{"MSE": 16.157958984375, "PSNR": 36.04693859491509, "encoding_time": 0.31317901611328125, "decoding_time": 0.22289586067199707}