{"MSE": 13.747268676757812, "PSNR": 36.74863940261063, "encoding_time": 0.30061793327331543, "decoding_time": 0.2028639316558838}