{"MSE": 12.585933685302734, "PSNR": 37.131949217277736, "encoding_time": 0.290485143661499, "decoding_time": 0.18963980674743652}