{"MSE": 14.57387924194336, "PSNR": 36.495051941953236, "encoding_time": 0.302030086517334, "decoding_time": 0.20277976989746094}