{"MSE": 16.114578247070312, "PSNR": 36.0586141728496, "encoding_time": 0.3120920658111572, "decoding_time": 0.22201895713806152}