{"MSE": 12.329795837402344, "PSNR": 37.22124475466312, "encoding_time": 0.28645825386047363, "decoding_time": 0.18786978721618652}