{"MSE": 14.906253814697266, "PSNR": 36.39711849006284, "encoding_time": 0.31057095527648926, "decoding_time": 0.2206730842590332}