{"MSE": 15.72848892211914, "PSNR": 36.16393360069693, "encoding_time": 0.3069932460784912, "decoding_time": 0.21402192115783691}