{"MSE": 15.23592758178711, "PSNR": 36.30211461128476, "encoding_time": 0.3051929473876953, "decoding_time": 0.20934319496154785}