{"MSE": 13.69186019897461, "PSNR": 36.76617904752338, "encoding_time": 0.2958400249481201, "decoding_time": 0.19890260696411133}