{"MSE": 16.780773162841797, "PSNR": 35.882683940879666, "encoding_time": 0.3122100830078125, "decoding_time": 0.2238757610321045}