{"MSE": 12.984710693359375, "PSNR": 36.99648083119555, "encoding_time": 0.2933619022369385, "decoding_time": 0.193101167678833}