{"MSE": 14.993091583251953, "PSNR": 36.37189167038389, "encoding_time": 0.3049919605255127, "decoding_time": 0.21020007133483887}