{"MSE": 15.791961669921875, "PSNR": 36.14644279655926, "encoding_time": 0.30988597869873047, "decoding_time": 0.21920299530029297}