{"MSE": 13.364814758300781, "PSNR": 36.8711741722955, "encoding_time": 0.2966430187225342, "decoding_time": 0.19673705101013184}