{"MSE": 13.333045959472656, "PSNR": 36.88150984726629, "encoding_time": 0.29593396186828613, "decoding_time": 0.1991438865661621}