{"MSE": 15.316581726074219, "PSNR": 36.279185083093736, "encoding_time": 0.304764986038208, "decoding_time": 0.21179890632629395}