{"MSE": 16.628292083740234, "PSNR": 35.922327163807054, "encoding_time": 0.3089721202850342, "decoding_time": 0.2234790325164795}