{"MSE": 13.53408432006836, "PSNR": 36.816514829700296, "encoding_time": 0.3055307865142822, "decoding_time": 0.2068929672241211}