{"MSE": 13.15728759765625, "PSNR": 36.939139930781124, "encoding_time": 0.29500412940979004, "decoding_time": 0.19679498672485352}