{"MSE": 12.439800262451172, "PSNR": 37.18266953633021, "encoding_time": 0.2918570041656494, "decoding_time": 0.1876389980316162}