{"MSE": 15.816234588623047, "PSNR": 36.1397726299749, "encoding_time": 0.3105919361114502, "decoding_time": 0.2213301658630371}