{"MSE": 14.099456787109375, "PSNR": 36.63877980049793, "encoding_time": 0.3025379180908203, "decoding_time": 0.20751285552978516}