{"MSE": 13.263011932373047, "PSNR": 36.90438200519201, "encoding_time": 0.29343104362487793, "decoding_time": 0.19741487503051758}