{"MSE": 13.490463256835938, "PSNR": 36.83053497450037, "encoding_time": 0.29465293884277344, "decoding_time": 0.19642186164855957}