{"MSE": 15.228355407714844, "PSNR": 36.3042735680437, "encoding_time": 0.3101680278778076, "decoding_time": 0.22313594818115234}