{"MSE": 14.308605194091797, "PSNR": 36.57483060164243, "encoding_time": 0.30124378204345703, "decoding_time": 0.20311307907104492}