{"MSE": 15.446372985839844, "PSNR": 36.242538432662236, "encoding_time": 0.30710339546203613, "decoding_time": 0.21158671379089355}