{"MSE": 13.905746459960938, "PSNR": 36.698860541301, "encoding_time": 0.29666900634765625, "decoding_time": 0.20081210136413574}