{"MSE": 13.476417541503906, "PSNR": 36.835059025509686, "encoding_time": 0.2983098030090332, "decoding_time": 0.20211505889892578}