{"MSE": 16.361698150634766, "PSNR": 35.99251984565794, "encoding_time": 0.31183910369873047, "decoding_time": 0.22603273391723633}