{"MSE": 13.854301452636719, "PSNR": 36.714957277480956, "encoding_time": 0.2993659973144531, "decoding_time": 0.20398187637329102}