{"MSE": 15.598373413085938, "PSNR": 36.20001048061666, "encoding_time": 0.3097848892211914, "decoding_time": 0.21522021293640137}