{"MSE": 13.025043487548828, "PSNR": 36.98301178887061, "encoding_time": 0.29557013511657715, "decoding_time": 0.1967020034790039}