{"MSE": 14.373741149902344, "PSNR": 36.555105412864656, "encoding_time": 0.29827308654785156, "decoding_time": 0.21951699256896973}