{"MSE": 13.547760009765625, "PSNR": 36.812128660867586, "encoding_time": 0.2996859550476074, "decoding_time": 0.2007291316986084}