{"MSE": 16.474468231201172, "PSNR": 35.96268955688794, "encoding_time": 0.3110849857330322, "decoding_time": 0.23259282112121582}