{"MSE": 13.301807403564453, "PSNR": 36.89169705459894, "encoding_time": 0.302523136138916, "decoding_time": 0.20617294311523438}