{"MSE": 15.057014465332031, "PSNR": 36.35341493237602, "encoding_time": 0.304368257522583, "decoding_time": 0.20792579650878906}