{"MSE": 14.095695495605469, "PSNR": 36.63993851610853, "encoding_time": 0.30260610580444336, "decoding_time": 0.20714282989501953}