{"MSE": 16.13211441040039, "PSNR": 36.05389067466041, "encoding_time": 0.31435394287109375, "decoding_time": 0.22440600395202637}