{"MSE": 12.519447326660156, "PSNR": 37.1549520358133, "encoding_time": 0.29138684272766113, "decoding_time": 0.18987512588500977}