{"MSE": 13.497451782226562, "PSNR": 36.828285761786276, "encoding_time": 0.29224514961242676, "decoding_time": 0.19635796546936035}