{"MSE": 13.627925872802734, "PSNR": 36.78650598249755, "encoding_time": 0.29894185066223145, "decoding_time": 0.19740009307861328}