{"MSE": 14.159122467041016, "PSNR": 36.62044022735303, "encoding_time": 0.29711389541625977, "decoding_time": 0.20569896697998047}