{"MSE": 13.104549407958984, "PSNR": 36.95658268282833, "encoding_time": 0.2933511734008789, "decoding_time": 0.19480490684509277}