{"MSE": 14.330924987792969, "PSNR": 36.56806138081895, "encoding_time": 0.3017232418060303, "decoding_time": 0.20431065559387207}