{"MSE": 14.790054321289062, "PSNR": 36.431105917802284, "encoding_time": 0.3008730411529541, "decoding_time": 0.20356297492980957}