{"MSE": 16.23462677001953, "PSNR": 36.026380521118774, "encoding_time": 0.3113718032836914, "decoding_time": 0.22292518615722656}