{"MSE": 14.461822509765625, "PSNR": 36.5285733374213, "encoding_time": 0.3043839931488037, "decoding_time": 0.20781302452087402}