{"MSE": 15.555213928222656, "PSNR": 36.2120437260366, "encoding_time": 0.3074338436126709, "decoding_time": 0.21833324432373047}