{"MSE": 16.43393325805664, "PSNR": 35.9733884199546, "encoding_time": 0.3134300708770752, "decoding_time": 0.22207164764404297}