{"MSE": 15.804840087890625, "PSNR": 36.14290254826954, "encoding_time": 0.3110997676849365, "decoding_time": 0.22003507614135742}