{"MSE": 14.013992309570312, "PSNR": 36.66518486037176, "encoding_time": 0.29843807220458984, "decoding_time": 0.20251798629760742}