{"MSE": 14.540599822998047, "PSNR": 36.504980386334, "encoding_time": 0.302170991897583, "decoding_time": 0.2082509994506836}