{"MSE": 15.43267822265625, "PSNR": 36.24639059795798, "encoding_time": 0.3047511577606201, "decoding_time": 0.2120671272277832}