{"MSE": 13.889942169189453, "PSNR": 36.70379923312741, "encoding_time": 0.2980470657348633, "decoding_time": 0.20325803756713867}