{"MSE": 13.55733871459961, "PSNR": 36.809059143306584, "encoding_time": 0.29591798782348633, "decoding_time": 0.19915103912353516}