{"MSE": 13.370094299316406, "PSNR": 36.86945890514801, "encoding_time": 0.30341625213623047, "decoding_time": 0.20486688613891602}