{"MSE": 15.421382904052734, "PSNR": 36.24957040287238, "encoding_time": 0.30845189094543457, "decoding_time": 0.21051907539367676}