{"MSE": 13.483932495117188, "PSNR": 36.83263791230745, "encoding_time": 0.3004610538482666, "decoding_time": 0.19985222816467285}