{"MSE": 14.19839859008789, "PSNR": 36.60840996957229, "encoding_time": 0.3037109375, "decoding_time": 0.20831894874572754}