{"MSE": 14.263980865478516, "PSNR": 36.588396132877314, "encoding_time": 0.3032948970794678, "decoding_time": 0.20734691619873047}