{"MSE": 15.897869110107422, "PSNR": 36.11741443826699, "encoding_time": 0.31043004989624023, "decoding_time": 0.2215101718902588}