{"MSE": 12.70767593383789, "PSNR": 37.090142297789406, "encoding_time": 0.294543981552124, "decoding_time": 0.19202303886413574}