{"MSE": 13.335670471191406, "PSNR": 36.88065505475028, "encoding_time": 0.2968480587005615, "decoding_time": 0.1977519989013672}