{"MSE": 13.40945053100586, "PSNR": 36.8566937841088, "encoding_time": 0.2953221797943115, "decoding_time": 0.19620990753173828}