{"MSE": 14.045246124267578, "PSNR": 36.65551006830156, "encoding_time": 0.2986738681793213, "decoding_time": 0.20139503479003906}