{"MSE": 15.503936767578125, "PSNR": 36.22638372416889, "encoding_time": 0.3063018321990967, "decoding_time": 0.21795988082885742}