{"MSE": 16.037506103515625, "PSNR": 36.079435262021406, "encoding_time": 0.31194090843200684, "decoding_time": 0.22239208221435547}