{"MSE": 16.049518585205078, "PSNR": 36.07618350851292, "encoding_time": 0.30771899223327637, "decoding_time": 0.22075581550598145}