{"MSE": 13.411148071289062, "PSNR": 36.85614403323283, "encoding_time": 0.29381513595581055, "decoding_time": 0.1950850486755371}