{"MSE": 14.926017761230469, "PSNR": 36.39136406794052, "encoding_time": 0.3049168586730957, "decoding_time": 0.21033501625061035}