{"MSE": 12.935188293457031, "PSNR": 37.01307605881511, "encoding_time": 0.290942907333374, "decoding_time": 0.1933732032775879}