{"MSE": 13.062850952148438, "PSNR": 36.97042389314483, "encoding_time": 0.2938380241394043, "decoding_time": 0.1965639591217041}