{"MSE": 14.546550750732422, "PSNR": 36.50320334385144, "encoding_time": 0.3070709705352783, "decoding_time": 0.21027302742004395}