{"MSE": 14.066261291503906, "PSNR": 36.649016803652174, "encoding_time": 0.29764699935913086, "decoding_time": 0.2043931484222412}