{"MSE": 13.5001220703125, "PSNR": 36.8274266539339, "encoding_time": 0.2981071472167969, "decoding_time": 0.204345703125}