{"MSE": 14.274261474609375, "PSNR": 36.58526713007744, "encoding_time": 0.30553102493286133, "decoding_time": 0.20981502532958984}