{"MSE": 16.757911682128906, "PSNR": 35.88860463604429, "encoding_time": 0.31072402000427246, "decoding_time": 0.22550296783447266}