{"MSE": 12.760009765625, "PSNR": 37.07229354103815, "encoding_time": 0.2955291271209717, "decoding_time": 0.19501519203186035}