{"MSE": 13.511260986328125, "PSNR": 36.82384477882292, "encoding_time": 0.30332374572753906, "decoding_time": 0.2082350254058838}