{"MSE": 14.261943817138672, "PSNR": 36.58901639592905, "encoding_time": 0.30264878273010254, "decoding_time": 0.20691919326782227}