{"MSE": 13.821033477783203, "PSNR": 36.725398419312455, "encoding_time": 0.29653000831604004, "decoding_time": 0.19959378242492676}