{"MSE": 14.441154479980469, "PSNR": 36.534784471188345, "encoding_time": 0.3070871829986572, "decoding_time": 0.21060991287231445}