{"MSE": 15.236011505126953, "PSNR": 36.30209068931294, "encoding_time": 0.30809998512268066, "decoding_time": 0.2132887840270996}