{"MSE": 13.531326293945312, "PSNR": 36.81739994136359, "encoding_time": 0.2997450828552246, "decoding_time": 0.20014405250549316}