{"MSE": 12.563732147216797, "PSNR": 37.13961691994174, "encoding_time": 0.28805088996887207, "decoding_time": 0.18819618225097656}