{"MSE": 14.333770751953125, "PSNR": 36.56719906594435, "encoding_time": 0.30122923851013184, "decoding_time": 0.2076127529144287}