{"MSE": 13.372486114501953, "PSNR": 36.86868205256048, "encoding_time": 0.29556918144226074, "decoding_time": 0.19501709938049316}