{"MSE": 14.76947021484375, "PSNR": 36.43715443544889, "encoding_time": 0.30510401725769043, "decoding_time": 0.20931506156921387}