{"MSE": 15.32675552368164, "PSNR": 36.27630130820509, "encoding_time": 0.3068661689758301, "decoding_time": 0.21479415893554688}