{"MSE": 13.2000732421875, "PSNR": 36.92504019920422, "encoding_time": 0.30134081840515137, "decoding_time": 0.2057631015777588}