{"MSE": 13.32204818725586, "PSNR": 36.88509360655202, "encoding_time": 0.2984590530395508, "decoding_time": 0.199692964553833}