{"MSE": 13.2725830078125, "PSNR": 36.90124910733247, "encoding_time": 0.29807591438293457, "decoding_time": 0.19941401481628418}