{"MSE": 14.035694122314453, "PSNR": 36.658464657330946, "encoding_time": 0.29627108573913574, "decoding_time": 0.20113468170166016}