{"MSE": 15.175846099853516, "PSNR": 36.31927447199434, "encoding_time": 0.3085010051727295, "decoding_time": 0.21362805366516113}