{"MSE": 13.186504364013672, "PSNR": 36.929506780300024, "encoding_time": 0.2965521812438965, "decoding_time": 0.1965320110321045}