{"MSE": 16.142051696777344, "PSNR": 36.051216270147115, "encoding_time": 0.31145477294921875, "decoding_time": 0.22069120407104492}