{"MSE": 16.146926879882812, "PSNR": 36.0499048225694, "encoding_time": 0.31168580055236816, "decoding_time": 0.22136306762695312}