{"MSE": 14.995986938476562, "PSNR": 36.3710530738927, "encoding_time": 0.3036530017852783, "decoding_time": 0.2069840431213379}