{"MSE": 14.453727722167969, "PSNR": 36.531004916035215, "encoding_time": 0.2986609935760498, "decoding_time": 0.20644092559814453}