{"MSE": 15.277774810791016, "PSNR": 36.29020256482153, "encoding_time": 0.3089280128479004, "decoding_time": 0.22259807586669922}