{"MSE": 12.073509216308594, "PSNR": 37.31246842901975, "encoding_time": 0.2911679744720459, "decoding_time": 0.18747901916503906}