{"MSE": 13.494098663330078, "PSNR": 36.82936479653409, "encoding_time": 0.2988400459289551, "decoding_time": 0.19852113723754883}