{"MSE": 8.599052429199219, "PSNR": 38.786297639781914, "encoding_time": 0.2896749973297119, "decoding_time": 0.18420815467834473}