{"MSE": 7.186122894287109, "PSNR": 39.565857207999514, "encoding_time": 0.2671208381652832, "decoding_time": 0.15659594535827637}