{"MSE": 11.005462646484375, "PSNR": 37.71472056768916, "encoding_time": 0.27863597869873047, "decoding_time": 0.19170618057250977}