{"MSE": 8.14398193359375, "PSNR": 39.02243559302197, "encoding_time": 0.27008986473083496, "decoding_time": 0.1684579849243164}