{"MSE": 10.957050323486328, "PSNR": 37.73386704588763, "encoding_time": 0.3150043487548828, "decoding_time": 0.24836373329162598}