{"MSE": 9.285579681396484, "PSNR": 38.45271339752437, "encoding_time": 0.2755258083343506, "decoding_time": 0.1826770305633545}