{"MSE": 11.748531341552734, "PSNR": 37.430967810792765, "encoding_time": 0.2844059467315674, "decoding_time": 0.20137500762939453}