{"MSE": 11.043079376220703, "PSNR": 37.69990167038016, "encoding_time": 0.3079378604888916, "decoding_time": 0.24127197265625}