{"MSE": 7.9895172119140625, "PSNR": 39.1055982417426, "encoding_time": 0.2699439525604248, "decoding_time": 0.16253399848937988}