{"MSE": 11.036388397216797, "PSNR": 37.70253384917966, "encoding_time": 0.3286128044128418, "decoding_time": 0.2279679775238037}