{"MSE": 11.314765930175781, "PSNR": 37.59434786782599, "encoding_time": 0.2880430221557617, "decoding_time": 0.19922995567321777}