{"MSE": 7.8525543212890625, "PSNR": 39.180694114860664, "encoding_time": 0.27367591857910156, "decoding_time": 0.17015504837036133}