{"MSE": 12.044960021972656, "PSNR": 37.32274997983567, "encoding_time": 0.2870941162109375, "decoding_time": 0.20200300216674805}