{"MSE": 7.801258087158203, "PSNR": 39.20915715068253, "encoding_time": 0.27341699600219727, "decoding_time": 0.168867826461792}