{"MSE": 11.0343017578125, "PSNR": 37.703355043238695, "encoding_time": 0.31963324546813965, "decoding_time": 0.23910093307495117}