{"MSE": 7.817901611328125, "PSNR": 39.19990160354459, "encoding_time": 0.26733970642089844, "decoding_time": 0.16042709350585938}