{"MSE": 12.174835205078125, "PSNR": 37.2761726942145, "encoding_time": 0.2889590263366699, "decoding_time": 0.20575690269470215}