{"MSE": 8.698173522949219, "PSNR": 38.736522935574904, "encoding_time": 0.2909061908721924, "decoding_time": 3926.572411775589}