{"MSE": 12.081314086914062, "PSNR": 37.3096618571717, "encoding_time": 0.2857217788696289, "decoding_time": 0.20334219932556152}