{"MSE": 12.204814910888672, "PSNR": 37.26549163250648, "encoding_time": 0.2901430130004883, "decoding_time": 0.20493412017822266}