{"MSE": 11.153350830078125, "PSNR": 37.65674997664088, "encoding_time": 0.3235459327697754, "decoding_time": 0.2499990463256836}