{"MSE": 10.226810455322266, "PSNR": 38.03340154100002, "encoding_time": 0.30223703384399414, "decoding_time": 0.19334077835083008}