{"MSE": 11.800498962402344, "PSNR": 37.41179989829866, "encoding_time": 0.3004138469696045, "decoding_time": 0.2066659927368164}