{"MSE": 10.017406463623047, "PSNR": 38.12325064918852, "encoding_time": 0.2885777950286865, "decoding_time": 0.18551921844482422}