{"MSE": 11.000072479248047, "PSNR": 37.71684814142978, "encoding_time": 0.29655003547668457, "decoding_time": 0.20016908645629883}