{"MSE": 9.81744384765625, "PSNR": 38.210819349308295, "encoding_time": 0.29420995712280273, "decoding_time": 0.19050192832946777}