{"MSE": 11.228092193603516, "PSNR": 37.627743909089915, "encoding_time": 0.30194520950317383, "decoding_time": 0.20613598823547363}