{"MSE": 10.582843780517578, "PSNR": 37.884779755662535, "encoding_time": 0.2946779727935791, "decoding_time": 0.19037318229675293}