{"MSE": 10.309494018554688, "PSNR": 37.99843009875568, "encoding_time": 0.30190014839172363, "decoding_time": 0.19067692756652832}