{"MSE": 11.082084655761719, "PSNR": 37.68458897466895, "encoding_time": 0.2962839603424072, "decoding_time": 0.1978161334991455}