{"MSE": 11.942955017089844, "PSNR": 37.359685643228744, "encoding_time": 0.3026580810546875, "decoding_time": 0.20793914794921875}