{"MSE": 9.575881958007812, "PSNR": 38.3190157698896, "encoding_time": 0.29366397857666016, "decoding_time": 0.202531099319458}