{"MSE": 10.334068298339844, "PSNR": 37.988090333762756, "encoding_time": 0.29007482528686523, "decoding_time": 0.18767094612121582}