{"MSE": 13.108833312988281, "PSNR": 36.955163196948476, "encoding_time": 0.3104860782623291, "decoding_time": 0.21532583236694336}