{"MSE": 10.793960571289062, "PSNR": 37.79899533548097, "encoding_time": 0.29247069358825684, "decoding_time": 0.19481515884399414}