{"MSE": 9.301704406738281, "PSNR": 38.44517826655883, "encoding_time": 0.2857201099395752, "decoding_time": 0.178757905960083}