{"MSE": 12.137001037597656, "PSNR": 37.28968971799202, "encoding_time": 0.3334219455718994, "decoding_time": 0.2097339630126953}