{"MSE": 11.137866973876953, "PSNR": 37.66278334318676, "encoding_time": 0.30092906951904297, "decoding_time": 0.20394587516784668}