{"MSE": 9.182975769042969, "PSNR": 38.5009692251463, "encoding_time": 0.28176093101501465, "decoding_time": 0.1789700984954834}