{"MSE": 11.311080932617188, "PSNR": 37.59576251022976, "encoding_time": 0.30259180068969727, "decoding_time": 0.2346630096435547}