{"MSE": 10.680702209472656, "PSNR": 37.844805542733305, "encoding_time": 0.2952461242675781, "decoding_time": 0.19760894775390625}