{"MSE": 12.59054183959961, "PSNR": 37.13035940300587, "encoding_time": 0.3031139373779297, "decoding_time": 0.20709514617919922}