{"MSE": 12.301116943359375, "PSNR": 37.231358136306156, "encoding_time": 0.29967784881591797, "decoding_time": 0.2043168544769287}