{"MSE": 10.954910278320312, "PSNR": 37.73471535866664, "encoding_time": 0.3003849983215332, "decoding_time": 0.19882607460021973}