{"MSE": 12.499309539794922, "PSNR": 37.16194337566981, "encoding_time": 0.30494022369384766, "decoding_time": 0.21184897422790527}