{"MSE": 10.632400512695312, "PSNR": 37.86449033153572, "encoding_time": 0.32550907135009766, "decoding_time": 0.19329404830932617}