{"MSE": 10.829483032226562, "PSNR": 37.784726356932, "encoding_time": 0.2983379364013672, "decoding_time": 0.20043611526489258}