{"MSE": 10.661876678466797, "PSNR": 37.85246705955189, "encoding_time": 0.29566478729248047, "decoding_time": 0.2302079200744629}