{"MSE": 12.52640151977539, "PSNR": 37.15254032456153, "encoding_time": 0.3055880069732666, "decoding_time": 0.20703601837158203}