{"MSE": 11.342689514160156, "PSNR": 37.583643166577446, "encoding_time": 0.30612707138061523, "decoding_time": 0.20989680290222168}