{"MSE": 10.943534851074219, "PSNR": 37.73922735547504, "encoding_time": 0.30100202560424805, "decoding_time": 0.2073061466217041}