{"MSE": 12.64773941040039, "PSNR": 37.110674519032, "encoding_time": 0.3197059631347656, "decoding_time": 0.21144914627075195}