{"MSE": 12.184913635253906, "PSNR": 37.27257905547051, "encoding_time": 0.29872608184814453, "decoding_time": 0.20623302459716797}