{"MSE": 9.060131072998047, "PSNR": 38.55945880203458, "encoding_time": 0.284008264541626, "decoding_time": 0.1769578456878662}