{"MSE": 11.373981475830078, "PSNR": 37.57167844262411, "encoding_time": 0.29891014099121094, "decoding_time": 0.20514297485351562}