{"MSE": 11.826030731201172, "PSNR": 37.40241357642862, "encoding_time": 0.3025369644165039, "decoding_time": 0.20567989349365234}