{"MSE": 12.448158264160156, "PSNR": 37.17975259627301, "encoding_time": 0.30121922492980957, "decoding_time": 0.20478582382202148}