{"MSE": 11.9742431640625, "PSNR": 37.34832287637978, "encoding_time": 0.30437421798706055, "decoding_time": 0.21114802360534668}