{"MSE": 10.989646911621094, "PSNR": 37.72096621747237, "encoding_time": 0.29927921295166016, "decoding_time": 0.20812392234802246}