{"MSE": 11.712688446044922, "PSNR": 37.44423769529679, "encoding_time": 0.3221862316131592, "decoding_time": 0.21886801719665527}