{"MSE": 10.836166381835938, "PSNR": 37.78204696164357, "encoding_time": 0.2977781295776367, "decoding_time": 0.19865894317626953}