{"MSE": 11.016353607177734, "PSNR": 37.710424932431025, "encoding_time": 0.3013310432434082, "decoding_time": 0.20499610900878906}