{"MSE": 11.249889373779297, "PSNR": 37.61932109051055, "encoding_time": 0.30072689056396484, "decoding_time": 0.2005472183227539}