{"MSE": 11.292373657226562, "PSNR": 37.60295120636142, "encoding_time": 0.3209989070892334, "decoding_time": 0.20839905738830566}