{"MSE": 11.239368438720703, "PSNR": 37.623384527740754, "encoding_time": 0.2955808639526367, "decoding_time": 0.1978142261505127}