{"MSE": 10.395477294921875, "PSNR": 37.96235926672083, "encoding_time": 0.2958049774169922, "decoding_time": 0.19502997398376465}