{"MSE": 11.145744323730469, "PSNR": 37.659712844720225, "encoding_time": 0.3011128902435303, "decoding_time": 0.2039189338684082}