{"MSE": 10.73409652709961, "PSNR": 37.82314864476403, "encoding_time": 0.2945239543914795, "decoding_time": 0.19632506370544434}