{"MSE": 11.05221176147461, "PSNR": 37.69631163418328, "encoding_time": 0.29697513580322266, "decoding_time": 0.2014467716217041}