{"MSE": 10.987293243408203, "PSNR": 37.72189645172135, "encoding_time": 0.2996227741241455, "decoding_time": 0.20452094078063965}