{"MSE": 9.305767059326172, "PSNR": 38.44328183733999, "encoding_time": 0.28687477111816406, "decoding_time": 0.18094801902770996}