{"MSE": 11.177631378173828, "PSNR": 37.6473057774447, "encoding_time": 0.29659390449523926, "decoding_time": 0.20162701606750488}