{"MSE": 10.864803314208984, "PSNR": 37.77058492183468, "encoding_time": 0.29459524154663086, "decoding_time": 0.19336175918579102}