{"MSE": 10.54513168334961, "PSNR": 37.90028353464286, "encoding_time": 0.28769898414611816, "decoding_time": 0.1910419464111328}