{"MSE": 10.843215942382812, "PSNR": 37.77922254044238, "encoding_time": 0.3039579391479492, "decoding_time": 0.22908329963684082}