{"MSE": 10.854686737060547, "PSNR": 37.774630665025406, "encoding_time": 0.2922370433807373, "decoding_time": 0.20006108283996582}