{"MSE": 13.170021057128906, "PSNR": 36.934938915258996, "encoding_time": 0.3085520267486572, "decoding_time": 0.21576905250549316}