{"MSE": 12.620662689208984, "PSNR": 37.11998201307612, "encoding_time": 0.31114816665649414, "decoding_time": 0.21425890922546387}