{"MSE": 12.343486785888672, "PSNR": 37.21642504414411, "encoding_time": 0.30544114112854004, "decoding_time": 0.21511006355285645}