{"MSE": 11.324310302734375, "PSNR": 37.59068599705144, "encoding_time": 0.3000319004058838, "decoding_time": 0.20368385314941406}