{"MSE": 11.335033416748047, "PSNR": 37.58657556062375, "encoding_time": 0.29393911361694336, "decoding_time": 0.19907808303833008}