{"MSE": 9.834823608398438, "PSNR": 38.20313785792645, "encoding_time": 0.2892329692840576, "decoding_time": 0.18245196342468262}