{"MSE": 11.270469665527344, "PSNR": 37.611383464281204, "encoding_time": 0.29389500617980957, "decoding_time": 0.19754505157470703}