{"MSE": 9.907707214355469, "PSNR": 38.17107196731723, "encoding_time": 0.2876451015472412, "decoding_time": 0.18370795249938965}