{"MSE": 11.148956298828125, "PSNR": 37.65846147732652, "encoding_time": 0.3057079315185547, "decoding_time": 0.20422625541687012}