{"MSE": 10.957412719726562, "PSNR": 37.733723408612924, "encoding_time": 0.2937188148498535, "decoding_time": 0.20012497901916504}