{"MSE": 9.95351791381836, "PSNR": 38.151037584601696, "encoding_time": 0.2896921634674072, "decoding_time": 0.18452095985412598}