{"MSE": 10.89278793334961, "PSNR": 37.759413122314605, "encoding_time": 0.2954542636871338, "decoding_time": 0.20226788520812988}