{"MSE": 11.274105072021484, "PSNR": 37.6099828284192, "encoding_time": 0.3009350299835205, "decoding_time": 0.2052440643310547}