{"MSE": 10.546279907226562, "PSNR": 37.89981067175068, "encoding_time": 0.29386210441589355, "decoding_time": 0.19500184059143066}