{"MSE": 11.497364044189453, "PSNR": 37.52482078104105, "encoding_time": 0.31835103034973145, "decoding_time": 0.21136689186096191}