{"MSE": 11.185283660888672, "PSNR": 37.64433358506197, "encoding_time": 0.30071496963500977, "decoding_time": 0.20308494567871094}