{"MSE": 12.508781433105469, "PSNR": 37.158653567424054, "encoding_time": 0.30938172340393066, "decoding_time": 0.21560192108154297}