{"MSE": 13.287788391113281, "PSNR": 36.896276575371225, "encoding_time": 0.3084268569946289, "decoding_time": 0.21569514274597168}