{"MSE": 12.099895477294922, "PSNR": 37.30298742107667, "encoding_time": 0.3014259338378906, "decoding_time": 0.2069559097290039}