{"MSE": 10.64047622680664, "PSNR": 37.86119295122612, "encoding_time": 0.2951691150665283, "decoding_time": 0.19533681869506836}