{"MSE": 12.891902923583984, "PSNR": 37.027633342657865, "encoding_time": 0.31021904945373535, "decoding_time": 0.2196030616760254}