{"MSE": 9.827262878417969, "PSNR": 38.20647787321295, "encoding_time": 0.2943089008331299, "decoding_time": 0.19005513191223145}