{"MSE": 10.693859100341797, "PSNR": 37.83945903223205, "encoding_time": 0.29984211921691895, "decoding_time": 0.1985950469970703}