{"MSE": 12.09054183959961, "PSNR": 37.30634596593143, "encoding_time": 0.3031008243560791, "decoding_time": 0.2072582244873047}