{"MSE": 9.256172180175781, "PSNR": 38.46648936250411, "encoding_time": 0.2868621349334717, "decoding_time": 0.17951297760009766}