{"MSE": 11.33663558959961, "PSNR": 37.585961741826864, "encoding_time": 0.2945559024810791, "decoding_time": 0.2006998062133789}