{"MSE": 12.353370666503906, "PSNR": 37.21294888119631, "encoding_time": 0.3070099353790283, "decoding_time": 0.2129039764404297}