{"MSE": 10.813484191894531, "PSNR": 37.79114711178202, "encoding_time": 0.2936210632324219, "decoding_time": 0.19684290885925293}