{"MSE": 9.87799072265625, "PSNR": 38.184117469287024, "encoding_time": 0.28725600242614746, "decoding_time": 0.18469500541687012}