{"MSE": 11.220027923583984, "PSNR": 37.63086423106114, "encoding_time": 0.3031802177429199, "decoding_time": 0.2024528980255127}