{"MSE": 12.279476165771484, "PSNR": 37.23900520379314, "encoding_time": 0.3066599369049072, "decoding_time": 0.21620988845825195}