{"MSE": 10.937416076660156, "PSNR": 37.741656271880075, "encoding_time": 0.297321081161499, "decoding_time": 0.20230913162231445}