{"MSE": 11.239429473876953, "PSNR": 37.62336094353339, "encoding_time": 0.2993311882019043, "decoding_time": 0.2035379409790039}