{"MSE": 11.87652587890625, "PSNR": 37.38390941457989, "encoding_time": 0.30011510848999023, "decoding_time": 0.2096550464630127}