{"MSE": 10.632240295410156, "PSNR": 37.864555774901035, "encoding_time": 0.2937197685241699, "decoding_time": 0.19801592826843262}