{"MSE": 10.830123901367188, "PSNR": 37.78446935694827, "encoding_time": 0.3115100860595703, "decoding_time": 0.23186087608337402}