{"MSE": 10.318187713623047, "PSNR": 37.99476936356681, "encoding_time": 0.28989124298095703, "decoding_time": 0.1867659091949463}