{"MSE": 10.73556137084961, "PSNR": 37.822556019058034, "encoding_time": 0.29636216163635254, "decoding_time": 0.21860814094543457}