{"MSE": 12.653926849365234, "PSNR": 37.108550413350166, "encoding_time": 0.31514978408813477, "decoding_time": 0.2183980941772461}