{"MSE": 9.163055419921875, "PSNR": 38.51040047598382, "encoding_time": 0.28813910484313965, "decoding_time": 0.18239998817443848}