{"MSE": 11.45614242553711, "PSNR": 37.5404195661639, "encoding_time": 0.2955446243286133, "decoding_time": 0.19781017303466797}