{"MSE": 11.270336151123047, "PSNR": 37.61143491281372, "encoding_time": 0.3023660182952881, "decoding_time": 0.20729422569274902}