{"MSE": 11.16556167602539, "PSNR": 37.65199786020873, "encoding_time": 0.3026430606842041, "decoding_time": 0.20325016975402832}