{"MSE": 9.54996109008789, "PSNR": 38.330787587495614, "encoding_time": 0.2865593433380127, "decoding_time": 0.17926883697509766}