{"MSE": 12.563915252685547, "PSNR": 37.13955362575951, "encoding_time": 0.3006598949432373, "decoding_time": 0.20695090293884277}