{"MSE": 10.982479095458984, "PSNR": 37.72379975585271, "encoding_time": 0.29860925674438477, "decoding_time": 0.19997692108154297}