{"MSE": 11.864784240722656, "PSNR": 37.388205158211306, "encoding_time": 0.30361223220825195, "decoding_time": 0.20834779739379883}