{"MSE": 11.213493347167969, "PSNR": 37.63339431140391, "encoding_time": 0.3063387870788574, "decoding_time": 0.23782801628112793}