{"MSE": 11.35556411743164, "PSNR": 37.578716470587636, "encoding_time": 0.30043816566467285, "decoding_time": 0.20442795753479004}