{"MSE": 12.064228057861328, "PSNR": 37.31580822516732, "encoding_time": 0.30709195137023926, "decoding_time": 0.21477603912353516}