{"MSE": 10.776901245117188, "PSNR": 37.805864576802044, "encoding_time": 0.2983968257904053, "decoding_time": 0.20361113548278809}