{"MSE": 9.516918182373047, "PSNR": 38.34584025201155, "encoding_time": 0.29009509086608887, "decoding_time": 0.18166089057922363}