{"MSE": 12.006534576416016, "PSNR": 37.33662684981559, "encoding_time": 0.317734956741333, "decoding_time": 0.2450568675994873}