{"MSE": 9.674873352050781, "PSNR": 38.27435072227657, "encoding_time": 0.28728294372558594, "decoding_time": 0.18239593505859375}