{"MSE": 11.329021453857422, "PSNR": 37.58887961643808, "encoding_time": 0.30373311042785645, "decoding_time": 0.20525288581848145}