{"MSE": 12.758975982666016, "PSNR": 37.0726454094386, "encoding_time": 0.3037102222442627, "decoding_time": 0.20818805694580078}