{"MSE": 11.18710708618164, "PSNR": 37.643625655763216, "encoding_time": 0.3126389980316162, "decoding_time": 0.19574499130249023}