{"MSE": 12.236442565917969, "PSNR": 37.254251847700274, "encoding_time": 0.30301690101623535, "decoding_time": 0.20766496658325195}