{"MSE": 11.316596984863281, "PSNR": 37.59364511125621, "encoding_time": 0.3029749393463135, "decoding_time": 0.20576000213623047}