{"MSE": 9.823657989501953, "PSNR": 38.208071267631645, "encoding_time": 0.2922952175140381, "decoding_time": 0.18231773376464844}