{"MSE": 9.606773376464844, "PSNR": 38.3050281504099, "encoding_time": 0.29347991943359375, "decoding_time": 0.21608996391296387}