{"MSE": 11.412731170654297, "PSNR": 37.55690773381612, "encoding_time": 0.3013732433319092, "decoding_time": 0.2077467441558838}