{"MSE": 11.31357192993164, "PSNR": 37.594806184933596, "encoding_time": 0.30138087272644043, "decoding_time": 0.21011090278625488}