{"MSE": 10.369266510009766, "PSNR": 37.97332324047015, "encoding_time": 0.29323601722717285, "decoding_time": 0.1892859935760498}