{"MSE": 9.388786315917969, "PSNR": 38.40470906021062, "encoding_time": 0.29364514350891113, "decoding_time": 0.20318889617919922}