{"MSE": 11.074630737304688, "PSNR": 37.687511064626015, "encoding_time": 0.2958090305328369, "decoding_time": 0.19434499740600586}