{"MSE": 11.144561767578125, "PSNR": 37.66017365275927, "encoding_time": 0.29918789863586426, "decoding_time": 0.1968529224395752}