{"MSE": 11.195728302001953, "PSNR": 37.640280104068566, "encoding_time": 0.3157989978790283, "decoding_time": 0.23963594436645508}