{"MSE": 13.05239486694336, "PSNR": 36.9739015708056, "encoding_time": 0.3089900016784668, "decoding_time": 0.2212679386138916}