{"MSE": 11.233718872070312, "PSNR": 37.62556809570288, "encoding_time": 0.3231847286224365, "decoding_time": 0.21586298942565918}