{"MSE": 11.383460998535156, "PSNR": 37.568060369420465, "encoding_time": 0.31642603874206543, "decoding_time": 0.2037818431854248}