{"MSE": 12.585018157958984, "PSNR": 37.132265143728254, "encoding_time": 0.30205798149108887, "decoding_time": 0.20712494850158691}