{"MSE": 11.544353485107422, "PSNR": 37.507107445945614, "encoding_time": 0.29967284202575684, "decoding_time": 0.20441699028015137}