{"MSE": 12.559822082519531, "PSNR": 37.140968734673116, "encoding_time": 0.30863094329833984, "decoding_time": 0.21472382545471191}