{"MSE": 12.410037994384766, "PSNR": 37.19307249737723, "encoding_time": 0.35975193977355957, "decoding_time": 0.2249300479888916}