{"MSE": 11.528373718261719, "PSNR": 37.51312314197638, "encoding_time": 0.29917097091674805, "decoding_time": 0.20210599899291992}