{"MSE": 9.68124771118164, "PSNR": 38.271490284395206, "encoding_time": 0.2844369411468506, "decoding_time": 0.18124628067016602}