{"MSE": 10.746212005615234, "PSNR": 37.8182495661359, "encoding_time": 0.29851508140563965, "decoding_time": 0.19951677322387695}