{"MSE": 11.54617691040039, "PSNR": 37.50642153398865, "encoding_time": 0.30510902404785156, "decoding_time": 0.20420098304748535}