{"MSE": 10.362892150878906, "PSNR": 37.97599382497485, "encoding_time": 0.29282402992248535, "decoding_time": 0.18818902969360352}