{"MSE": 12.237438201904297, "PSNR": 37.25389849203986, "encoding_time": 0.3041038513183594, "decoding_time": 0.2147350311279297}