{"MSE": 12.243118286132812, "PSNR": 37.25188315445335, "encoding_time": 0.3039219379425049, "decoding_time": 0.21279311180114746}