{"MSE": 12.642284393310547, "PSNR": 37.11254805135916, "encoding_time": 0.3075399398803711, "decoding_time": 0.21016192436218262}