{"MSE": 12.632823944091797, "PSNR": 37.115799171812576, "encoding_time": 0.311920166015625, "decoding_time": 0.22097206115722656}