{"MSE": 12.186275482177734, "PSNR": 37.27209369334724, "encoding_time": 0.30164504051208496, "decoding_time": 0.20769000053405762}