{"MSE": 11.727859497070312, "PSNR": 37.4386160650508, "encoding_time": 0.3013639450073242, "decoding_time": 0.20599603652954102}