{"MSE": 10.532047271728516, "PSNR": 37.905675611550365, "encoding_time": 0.2966880798339844, "decoding_time": 0.20851397514343262}