{"MSE": 9.942489624023438, "PSNR": 38.15585214439132, "encoding_time": 0.2910439968109131, "decoding_time": 0.1860370635986328}