{"MSE": 11.121822357177734, "PSNR": 37.66904406821291, "encoding_time": 0.2994413375854492, "decoding_time": 0.2020719051361084}