{"MSE": 10.950149536132812, "PSNR": 37.736603108905044, "encoding_time": 0.292194128036499, "decoding_time": 0.19737505912780762}