{"MSE": 11.611743927001953, "PSNR": 37.48182911069303, "encoding_time": 0.3095371723175049, "decoding_time": 0.2106938362121582}