{"MSE": 11.930706024169922, "PSNR": 37.36414216164174, "encoding_time": 0.30021190643310547, "decoding_time": 0.20868301391601562}