{"MSE": 11.04278564453125, "PSNR": 37.70001718865555, "encoding_time": 0.30241990089416504, "decoding_time": 0.20120811462402344}