{"MSE": 11.349689483642578, "PSNR": 37.58096381046725, "encoding_time": 0.29778504371643066, "decoding_time": 0.20298099517822266}