{"MSE": 9.814701080322266, "PSNR": 38.21203283742222, "encoding_time": 0.2984120845794678, "decoding_time": 0.18241095542907715}