{"MSE": 11.931388854980469, "PSNR": 37.36389360873414, "encoding_time": 0.29955196380615234, "decoding_time": 0.21297907829284668}