{"MSE": 11.13260269165039, "PSNR": 37.66483650937418, "encoding_time": 0.29910898208618164, "decoding_time": 0.20404696464538574}