{"MSE": 12.515937805175781, "PSNR": 37.15616964506256, "encoding_time": 0.3057730197906494, "decoding_time": 0.19988393783569336}