{"MSE": 12.562065124511719, "PSNR": 37.14019320315796, "encoding_time": 0.31355786323547363, "decoding_time": 0.2149062156677246}