{"MSE": 11.934707641601562, "PSNR": 37.36268576083521, "encoding_time": 0.31927990913391113, "decoding_time": 0.199174165725708}