{"MSE": 11.71396255493164, "PSNR": 37.44376529447486, "encoding_time": 0.2953379154205322, "decoding_time": 0.18978095054626465}