{"MSE": 11.619461059570312, "PSNR": 37.478943760393065, "encoding_time": 0.3119618892669678, "decoding_time": 0.21964216232299805}