{"MSE": 12.742561340332031, "PSNR": 37.07823627988871, "encoding_time": 0.3050718307495117, "decoding_time": 0.2122328281402588}