{"MSE": 13.443592071533203, "PSNR": 36.845650349765975, "encoding_time": 0.32657408714294434, "decoding_time": 0.22890186309814453}