{"MSE": 12.484859466552734, "PSNR": 37.16696702706308, "encoding_time": 0.3055408000946045, "decoding_time": 0.20866918563842773}