{"MSE": 10.06656265258789, "PSNR": 38.10199160011928, "encoding_time": 0.2957119941711426, "decoding_time": 0.20547008514404297}