{"MSE": 13.32241439819336, "PSNR": 36.88497422460624, "encoding_time": 0.3194868564605713, "decoding_time": 0.2211923599243164}