{"MSE": 12.259845733642578, "PSNR": 37.245953554040526, "encoding_time": 0.30630922317504883, "decoding_time": 0.21071791648864746}