{"MSE": 12.49941635131836, "PSNR": 37.16190626365423, "encoding_time": 0.3079659938812256, "decoding_time": 0.2045900821685791}