{"MSE": 12.74655532836914, "PSNR": 37.07687525431686, "encoding_time": 0.31731104850769043, "decoding_time": 0.21936988830566406}