{"MSE": 12.159904479980469, "PSNR": 37.28150197442734, "encoding_time": 0.3073878288269043, "decoding_time": 0.22646093368530273}