{"MSE": 13.454925537109375, "PSNR": 36.84199062254721, "encoding_time": 0.3159029483795166, "decoding_time": 0.21969318389892578}