{"MSE": 11.962921142578125, "PSNR": 37.352431209144974, "encoding_time": 0.29945898056030273, "decoding_time": 0.19332218170166016}