{"MSE": 12.382564544677734, "PSNR": 37.20269760427887, "encoding_time": 0.30316972732543945, "decoding_time": 0.20456695556640625}