{"MSE": 11.620006561279297, "PSNR": 37.478739875875576, "encoding_time": 0.2969701290130615, "decoding_time": 0.1930408477783203}