{"MSE": 12.997978210449219, "PSNR": 36.992045562788334, "encoding_time": 0.31511783599853516, "decoding_time": 0.22057700157165527}