{"MSE": 12.753971099853516, "PSNR": 37.07434932314868, "encoding_time": 0.30724120140075684, "decoding_time": 0.20780706405639648}