{"MSE": 11.960819244384766, "PSNR": 37.35319433629356, "encoding_time": 0.3004159927368164, "decoding_time": 0.21649694442749023}