{"MSE": 12.50747299194336, "PSNR": 37.159107871067974, "encoding_time": 0.3080558776855469, "decoding_time": 0.20964622497558594}