{"MSE": 12.260334014892578, "PSNR": 37.245780588055204, "encoding_time": 0.3144850730895996, "decoding_time": 0.20861315727233887}