{"MSE": 12.981452941894531, "PSNR": 36.99757057514994, "encoding_time": 0.32111310958862305, "decoding_time": 0.2341289520263672}