{"MSE": 12.241233825683594, "PSNR": 37.252551671857724, "encoding_time": 0.3027019500732422, "decoding_time": 0.20461010932922363}