{"MSE": 12.448646545410156, "PSNR": 37.17958224682123, "encoding_time": 0.3115389347076416, "decoding_time": 0.2147371768951416}