{"MSE": 12.478206634521484, "PSNR": 37.169281877568146, "encoding_time": 0.29798388481140137, "decoding_time": 0.20034289360046387}