{"MSE": 11.791446685791016, "PSNR": 37.415132691644764, "encoding_time": 0.29723310470581055, "decoding_time": 0.19369292259216309}