{"MSE": 12.34271240234375, "PSNR": 37.21669751257717, "encoding_time": 0.29972410202026367, "decoding_time": 0.1976180076599121}