{"MSE": 12.322647094726562, "PSNR": 37.22376349862063, "encoding_time": 0.3069722652435303, "decoding_time": 0.20168781280517578}