{"MSE": 12.231765747070312, "PSNR": 37.25591205642268, "encoding_time": 0.3125288486480713, "decoding_time": 0.20629119873046875}