{"MSE": 11.997207641601562, "PSNR": 37.34000185400456, "encoding_time": 0.30055809020996094, "decoding_time": 0.19920992851257324}