{"MSE": 12.202861785888672, "PSNR": 37.2661866854788, "encoding_time": 0.3031909465789795, "decoding_time": 0.19753813743591309}