{"MSE": 12.536624908447266, "PSNR": 37.14899728753405, "encoding_time": 0.29868602752685547, "decoding_time": 0.20479583740234375}