{"MSE": 12.45745849609375, "PSNR": 37.17650911940127, "encoding_time": 0.3028550148010254, "decoding_time": 0.1985790729522705}