{"MSE": 12.52573013305664, "PSNR": 37.15277310279477, "encoding_time": 0.3115851879119873, "decoding_time": 0.21230697631835938}