{"MSE": 12.294578552246094, "PSNR": 37.23366714785528, "encoding_time": 0.30883097648620605, "decoding_time": 0.2323751449584961}