{"MSE": 9.541481018066406, "PSNR": 38.334645702253425, "encoding_time": 0.2912719249725342, "decoding_time": 0.17580890655517578}