{"MSE": 9.212100982666016, "PSNR": 38.48721670831661, "encoding_time": 0.2865719795227051, "decoding_time": 0.16769719123840332}