{"MSE": 12.235767364501953, "PSNR": 37.254491496060645, "encoding_time": 0.30228090286254883, "decoding_time": 0.21166634559631348}