{"MSE": 12.470218658447266, "PSNR": 37.172062922069685, "encoding_time": 0.3097870349884033, "decoding_time": 0.20379900932312012}