{"MSE": 12.05447006225586, "PSNR": 37.31932238157495, "encoding_time": 0.31673192977905273, "decoding_time": 0.23331618309020996}