{"MSE": 12.001056671142578, "PSNR": 37.33860874300045, "encoding_time": 0.30486321449279785, "decoding_time": 0.2221357822418213}