{"MSE": 9.920478820800781, "PSNR": 38.16547726595476, "encoding_time": 0.29515695571899414, "decoding_time": 0.17421412467956543}