{"MSE": 12.31781005859375, "PSNR": 37.225468579102824, "encoding_time": 0.3131856918334961, "decoding_time": 0.22836804389953613}