{"MSE": 11.71097183227539, "PSNR": 37.444874244734535, "encoding_time": 0.2995188236236572, "decoding_time": 0.19371914863586426}