{"MSE": 13.479724884033203, "PSNR": 36.83399332360415, "encoding_time": 0.31595897674560547, "decoding_time": 0.22239017486572266}