{"MSE": 12.464298248291016, "PSNR": 37.17412528527439, "encoding_time": 0.3121938705444336, "decoding_time": 0.20713210105895996}