{"MSE": 12.25494384765625, "PSNR": 37.2476903521934, "encoding_time": 0.3105149269104004, "decoding_time": 0.2090599536895752}