{"MSE": 12.184215545654297, "PSNR": 37.272827875573036, "encoding_time": 0.30476903915405273, "decoding_time": 0.20058608055114746}