{"MSE": 12.167415618896484, "PSNR": 37.27882017776875, "encoding_time": 0.31247925758361816, "decoding_time": 0.23135900497436523}