{"MSE": 11.932083129882812, "PSNR": 37.363640904719155, "encoding_time": 0.3008139133453369, "decoding_time": 0.20004796981811523}