{"MSE": 11.56466293334961, "PSNR": 37.499473816358574, "encoding_time": 0.3015480041503906, "decoding_time": 0.18734312057495117}