{"MSE": 12.51230239868164, "PSNR": 37.15743128949151, "encoding_time": 0.32045793533325195, "decoding_time": 0.236220121383667}