{"MSE": 12.326797485351562, "PSNR": 37.222300997705155, "encoding_time": 0.30379700660705566, "decoding_time": 0.1985011100769043}