{"MSE": 12.382030487060547, "PSNR": 37.20288491868955, "encoding_time": 0.3082423210144043, "decoding_time": 0.20613384246826172}