{"MSE": 12.693714141845703, "PSNR": 37.0949164694487, "encoding_time": 0.3084578514099121, "decoding_time": 0.21416115760803223}