{"MSE": 10.943588256835938, "PSNR": 37.739206161435504, "encoding_time": 0.2975149154663086, "decoding_time": 0.1851181983947754}