{"MSE": 11.879756927490234, "PSNR": 37.382728062605864, "encoding_time": 0.3123788833618164, "decoding_time": 0.19739317893981934}