{"MSE": 11.819839477539062, "PSNR": 37.40468782333874, "encoding_time": 0.3026261329650879, "decoding_time": 0.19817686080932617}