{"MSE": 12.365310668945312, "PSNR": 37.208753287178055, "encoding_time": 0.3091597557067871, "decoding_time": 0.21219420433044434}