{"MSE": 12.231094360351562, "PSNR": 37.25615044191478, "encoding_time": 0.31991100311279297, "decoding_time": 0.23192906379699707}