{"MSE": 11.529094696044922, "PSNR": 37.51285154522751, "encoding_time": 0.2977170944213867, "decoding_time": 0.19482088088989258}