{"MSE": 12.18942642211914, "PSNR": 37.27097090653079, "encoding_time": 0.3009169101715088, "decoding_time": 0.2046511173248291}