{"MSE": 13.551105499267578, "PSNR": 36.81105634465799, "encoding_time": 0.32230710983276367, "decoding_time": 0.23957300186157227}