{"MSE": 12.233989715576172, "PSNR": 37.25512249792802, "encoding_time": 0.30838513374328613, "decoding_time": 0.2374420166015625}