{"MSE": 12.399978637695312, "PSNR": 37.19659423894307, "encoding_time": 0.3150179386138916, "decoding_time": 0.23431015014648438}