{"MSE": 12.351821899414062, "PSNR": 37.213493399114924, "encoding_time": 0.30622315406799316, "decoding_time": 0.207000732421875}