{"MSE": 13.218914031982422, "PSNR": 36.91884582669108, "encoding_time": 0.30208802223205566, "decoding_time": 0.21323919296264648}