{"MSE": 11.737361907958984, "PSNR": 37.4350986511146, "encoding_time": 0.300701379776001, "decoding_time": 0.19028568267822266}