{"MSE": 11.523056030273438, "PSNR": 37.51512687243124, "encoding_time": 0.29142093658447266, "decoding_time": 0.18185806274414062}