{"MSE": 12.734527587890625, "PSNR": 37.08097522269317, "encoding_time": 0.30553603172302246, "decoding_time": 0.20931506156921387}