{"MSE": 11.868606567382812, "PSNR": 37.38680627222463, "encoding_time": 0.2999129295349121, "decoding_time": 0.19783711433410645}