{"MSE": 13.442886352539062, "PSNR": 36.845878337872236, "encoding_time": 0.3254668712615967, "decoding_time": 0.23742198944091797}