{"MSE": 9.306514739990234, "PSNR": 38.4429329133442, "encoding_time": 0.294511079788208, "decoding_time": 0.19149994850158691}