{"MSE": 12.181697845458984, "PSNR": 37.27372537798819, "encoding_time": 0.30319786071777344, "decoding_time": 0.19996118545532227}