{"MSE": 12.080924987792969, "PSNR": 37.30980173129569, "encoding_time": 0.30662989616394043, "decoding_time": 0.20507597923278809}