{"MSE": 12.796058654785156, "PSNR": 37.060041387250536, "encoding_time": 0.308394193649292, "decoding_time": 0.21252894401550293}