{"MSE": 12.65386962890625, "PSNR": 37.10857005198572, "encoding_time": 0.32380080223083496, "decoding_time": 0.24445581436157227}