{"MSE": 9.118160247802734, "PSNR": 38.531731403933996, "encoding_time": 0.282153844833374, "decoding_time": 0.1686999797821045}