{"MSE": 9.251941680908203, "PSNR": 38.468474743114356, "encoding_time": 0.2861020565032959, "decoding_time": 0.1681830883026123}