{"MSE": 11.615055084228516, "PSNR": 37.48059087091556, "encoding_time": 0.29970479011535645, "decoding_time": 0.18779516220092773}