{"MSE": 13.309734344482422, "PSNR": 36.88910973603359, "encoding_time": 0.31551384925842285, "decoding_time": 0.22068119049072266}