{"MSE": 11.519691467285156, "PSNR": 37.51639513364911, "encoding_time": 0.3072528839111328, "decoding_time": 0.22331714630126953}