{"MSE": 13.231315612792969, "PSNR": 36.914773318754555, "encoding_time": 0.3050808906555176, "decoding_time": 0.20897412300109863}