{"MSE": 12.437366485595703, "PSNR": 37.18351929215054, "encoding_time": 0.29966115951538086, "decoding_time": 0.22170805931091309}