{"MSE": 12.957710266113281, "PSNR": 37.00552095957397, "encoding_time": 0.31712889671325684, "decoding_time": 0.2176380157470703}