{"MSE": 12.24148941040039, "PSNR": 37.252460996460954, "encoding_time": 0.3045358657836914, "decoding_time": 0.19393014907836914}