{"MSE": 10.170589447021484, "PSNR": 38.05734237230271, "encoding_time": 0.29070591926574707, "decoding_time": 0.1767711639404297}