{"MSE": 12.92205810546875, "PSNR": 37.0174867130602, "encoding_time": 0.31391119956970215, "decoding_time": 0.21924972534179688}