{"MSE": 12.178142547607422, "PSNR": 37.27499307615411, "encoding_time": 0.30953192710876465, "decoding_time": 0.20614910125732422}