{"MSE": 9.225746154785156, "PSNR": 38.48078859987893, "encoding_time": 0.2880072593688965, "decoding_time": 0.16681885719299316}