{"MSE": 9.26535415649414, "PSNR": 38.46218336536087, "encoding_time": 0.283876895904541, "decoding_time": 0.16765308380126953}