{"MSE": 13.0050048828125, "PSNR": 36.989698412773386, "encoding_time": 0.31955814361572266, "decoding_time": 0.24158692359924316}