{"MSE": 13.634666442871094, "PSNR": 36.784358429974795, "encoding_time": 0.31537485122680664, "decoding_time": 0.2232372760772705}