{"MSE": 12.005786895751953, "PSNR": 37.33689730562063, "encoding_time": 0.30396103858947754, "decoding_time": 0.19252300262451172}