{"MSE": 12.615306854248047, "PSNR": 37.12182542123243, "encoding_time": 0.3043630123138428, "decoding_time": 0.20878386497497559}