{"MSE": 7.949672698974609, "PSNR": 39.12731112457399, "encoding_time": 0.3149549961090088, "decoding_time": 0.21175193786621094}