{"MSE": 7.501056671142578, "PSNR": 39.37957914259957, "encoding_time": 0.2823796272277832, "decoding_time": 0.17165613174438477}