{"MSE": 8.897220611572266, "PSNR": 38.638260015910205, "encoding_time": 0.29422783851623535, "decoding_time": 0.192641019821167}