{"MSE": 7.400520324707031, "PSNR": 39.43818105163306, "encoding_time": 0.2803370952606201, "decoding_time": 0.17101073265075684}