{"MSE": 6.561397552490234, "PSNR": 39.96084008582014, "encoding_time": 0.27637290954589844, "decoding_time": 0.1630849838256836}