{"MSE": 6.057231903076172, "PSNR": 40.30806159782063, "encoding_time": 0.26840925216674805, "decoding_time": 0.15420079231262207}