{"MSE": 7.750907897949219, "PSNR": 39.23727784558268, "encoding_time": 0.2856273651123047, "decoding_time": 0.1836259365081787}