{"MSE": 6.395862579345703, "PSNR": 40.07181236887053, "encoding_time": 0.27779197692871094, "decoding_time": 0.16225409507751465}