{"MSE": 8.827384948730469, "PSNR": 38.67248294950771, "encoding_time": 0.2936098575592041, "decoding_time": 0.1950972080230713}