{"MSE": 7.326671600341797, "PSNR": 39.48173635052353, "encoding_time": 0.28232288360595703, "decoding_time": 0.17353606224060059}