{"MSE": 8.068233489990234, "PSNR": 39.063019029153025, "encoding_time": 0.3177940845489502, "decoding_time": 0.2171328067779541}