{"MSE": 7.997402191162109, "PSNR": 39.10131423533876, "encoding_time": 0.2861659526824951, "decoding_time": 0.17725706100463867}