{"MSE": 6.570529937744141, "PSNR": 39.95479962425846, "encoding_time": 0.2772860527038574, "decoding_time": 0.16892194747924805}