{"MSE": 7.8382110595703125, "PSNR": 39.188634073174775, "encoding_time": 0.28503894805908203, "decoding_time": 0.18030786514282227}