{"MSE": 7.717205047607422, "PSNR": 39.25620321177582, "encoding_time": 0.2890188694000244, "decoding_time": 0.1850450038909912}