{"MSE": 8.6055908203125, "PSNR": 38.782996685177345, "encoding_time": 0.28957605361938477, "decoding_time": 0.18914413452148438}