{"MSE": 7.331764221191406, "PSNR": 39.47871870628192, "encoding_time": 0.287830114364624, "decoding_time": 0.17898988723754883}