{"MSE": 7.7736968994140625, "PSNR": 39.22452757615903, "encoding_time": 0.28571319580078125, "decoding_time": 0.18127989768981934}