{"MSE": 7.615394592285156, "PSNR": 39.31387949609215, "encoding_time": 0.2914307117462158, "decoding_time": 0.18596410751342773}