{"MSE": 6.4586181640625, "PSNR": 40.02940751219093, "encoding_time": 0.27857303619384766, "decoding_time": 0.17018699645996094}