{"MSE": 6.644073486328125, "PSNR": 39.90645933577069, "encoding_time": 0.27740001678466797, "decoding_time": 0.16695404052734375}