{"MSE": 7.614013671875, "PSNR": 39.314667085610175, "encoding_time": 0.2819068431854248, "decoding_time": 0.1735670566558838}