{"MSE": 7.594753265380859, "PSNR": 39.32566691586047, "encoding_time": 0.2870051860809326, "decoding_time": 0.17638206481933594}