{"MSE": 7.707653045654297, "PSNR": 39.26158203891908, "encoding_time": 0.30392885208129883, "decoding_time": 0.18843317031860352}