{"MSE": 7.85162353515625, "PSNR": 39.18120892726979, "encoding_time": 0.2882258892059326, "decoding_time": 0.18010306358337402}