{"MSE": 6.518192291259766, "PSNR": 39.989531925569494, "encoding_time": 0.27762889862060547, "decoding_time": 0.1686558723449707}