{"MSE": 8.099117279052734, "PSNR": 39.04642673066655, "encoding_time": 0.2873530387878418, "decoding_time": 0.1826171875}