{"MSE": 7.791881561279297, "PSNR": 39.214380183415216, "encoding_time": 0.31399989128112793, "decoding_time": 0.20518016815185547}