{"MSE": 8.975868225097656, "PSNR": 38.60003892795065, "encoding_time": 0.3035550117492676, "decoding_time": 0.22485899925231934}