{"MSE": 8.941905975341797, "PSNR": 38.616502619434684, "encoding_time": 0.29625797271728516, "decoding_time": 0.19319915771484375}