{"MSE": 7.366943359375, "PSNR": 39.45793030066297, "encoding_time": 0.28742218017578125, "decoding_time": 0.17679286003112793}