{"MSE": 7.8802337646484375, "PSNR": 39.16541259978476, "encoding_time": 0.32468700408935547, "decoding_time": 0.21716690063476562}