{"MSE": 5.906257629394531, "PSNR": 40.41767974015325, "encoding_time": 0.27085113525390625, "decoding_time": 0.15389418601989746}