{"MSE": 8.893600463867188, "PSNR": 38.640027455633216, "encoding_time": 0.29581475257873535, "decoding_time": 0.1943511962890625}