{"MSE": 6.795894622802734, "PSNR": 39.8083372479246, "encoding_time": 0.2784700393676758, "decoding_time": 0.16618609428405762}