{"MSE": 8.703243255615234, "PSNR": 38.7339923864686, "encoding_time": 0.29120731353759766, "decoding_time": 0.19198894500732422}