{"MSE": 8.646392822265625, "PSNR": 38.762453983879595, "encoding_time": 0.2899320125579834, "decoding_time": 0.1902480125427246}