{"MSE": 6.320030212402344, "PSNR": 40.12361206470294, "encoding_time": 0.2752208709716797, "decoding_time": 0.16036105155944824}