{"MSE": 9.89312744140625, "PSNR": 38.17746757254666, "encoding_time": 0.2812831401824951, "decoding_time": 0.1703019142150879}