{"MSE": 11.958301544189453, "PSNR": 37.35410860343207, "encoding_time": 0.29427099227905273, "decoding_time": 0.1935281753540039}