{"MSE": 11.735172271728516, "PSNR": 37.4359089146573, "encoding_time": 0.2886230945587158, "decoding_time": 0.1855471134185791}