{"MSE": 11.881698608398438, "PSNR": 37.3820182901724, "encoding_time": 0.2923929691314697, "decoding_time": 0.19153714179992676}