{"MSE": 11.347606658935547, "PSNR": 37.58176087393586, "encoding_time": 0.283984899520874, "decoding_time": 0.18054699897766113}