{"MSE": 11.721549987792969, "PSNR": 37.440953168789434, "encoding_time": 0.28765106201171875, "decoding_time": 0.1845111846923828}