{"MSE": 12.287551879882812, "PSNR": 37.236149963675544, "encoding_time": 0.29001593589782715, "decoding_time": 0.1878809928894043}