{"MSE": 10.515068054199219, "PSNR": 37.91268273054553, "encoding_time": 0.2807469367980957, "decoding_time": 0.17358112335205078}