{"MSE": 9.59381103515625, "PSNR": 38.31089200750656, "encoding_time": 0.28675198554992676, "decoding_time": 0.17720603942871094}