{"MSE": 11.567283630371094, "PSNR": 37.498489762330166, "encoding_time": 0.2863118648529053, "decoding_time": 0.1871638298034668}