{"MSE": 12.059871673583984, "PSNR": 37.317376742703175, "encoding_time": 0.2871887683868408, "decoding_time": 0.18138813972473145}