{"MSE": 12.462860107421875, "PSNR": 37.1746264066902, "encoding_time": 0.29137682914733887, "decoding_time": 0.1939079761505127}