{"MSE": 9.679515838623047, "PSNR": 38.27226726067059, "encoding_time": 0.28188395500183105, "decoding_time": 0.16813015937805176}