{"MSE": 12.560806274414062, "PSNR": 37.14062843338521, "encoding_time": 0.29088497161865234, "decoding_time": 0.1932380199432373}