{"MSE": 11.93307876586914, "PSNR": 37.36327853616118, "encoding_time": 0.28931093215942383, "decoding_time": 0.19184303283691406}