{"MSE": 11.065006256103516, "PSNR": 37.69128697056467, "encoding_time": 0.2855958938598633, "decoding_time": 0.18451619148254395}