{"MSE": 11.25156021118164, "PSNR": 37.61867612276073, "encoding_time": 0.28584790229797363, "decoding_time": 0.18594598770141602}