{"MSE": 11.763992309570312, "PSNR": 37.42525628942455, "encoding_time": 0.28969502449035645, "decoding_time": 0.18639397621154785}