{"MSE": 10.811870574951172, "PSNR": 37.79179522594548, "encoding_time": 0.286452054977417, "decoding_time": 0.1835949420928955}