{"MSE": 9.892677307128906, "PSNR": 38.1776651797052, "encoding_time": 0.28137803077697754, "decoding_time": 0.17515301704406738}