{"MSE": 10.428070068359375, "PSNR": 37.94876420247376, "encoding_time": 0.27806997299194336, "decoding_time": 0.16894316673278809}