{"MSE": 11.450843811035156, "PSNR": 37.54242869914822, "encoding_time": 0.2905142307281494, "decoding_time": 0.18797779083251953}