{"MSE": 9.824779510498047, "PSNR": 38.20757548227419, "encoding_time": 0.28658485412597656, "decoding_time": 0.1763923168182373}