{"MSE": 11.66671371459961, "PSNR": 37.46131819870172, "encoding_time": 0.29118990898132324, "decoding_time": 0.18810081481933594}