{"MSE": 9.882614135742188, "PSNR": 38.182085220940564, "encoding_time": 0.28464388847351074, "decoding_time": 0.1748650074005127}