{"MSE": 12.752700805664062, "PSNR": 37.07478190154178, "encoding_time": 0.2943089008331299, "decoding_time": 0.1971421241760254}