{"MSE": 10.22171401977539, "PSNR": 38.03556634646939, "encoding_time": 0.28278112411499023, "decoding_time": 0.1736760139465332}