{"MSE": 10.685142517089844, "PSNR": 37.843000417638976, "encoding_time": 0.2811717987060547, "decoding_time": 0.17422699928283691}