{"MSE": 12.56393814086914, "PSNR": 37.139545714051586, "encoding_time": 0.3111391067504883, "decoding_time": 0.19156312942504883}