{"MSE": 11.912139892578125, "PSNR": 37.370905758704325, "encoding_time": 0.29283714294433594, "decoding_time": 0.19461774826049805}