{"MSE": 11.723148345947266, "PSNR": 37.44036100239198, "encoding_time": 0.2876899242401123, "decoding_time": 0.1854848861694336}