{"MSE": 12.4691162109375, "PSNR": 37.1724468832883, "encoding_time": 0.29226112365722656, "decoding_time": 0.19350504875183105}