{"MSE": 12.36532211303711, "PSNR": 37.20874926778562, "encoding_time": 0.2902059555053711, "decoding_time": 0.19255900382995605}