{"MSE": 10.653423309326172, "PSNR": 37.85591176993912, "encoding_time": 0.2808420658111572, "decoding_time": 0.1737651824951172}