{"MSE": 10.258121490478516, "PSNR": 38.020125226080545, "encoding_time": 0.2837817668914795, "decoding_time": 0.17815613746643066}