{"MSE": 11.952484130859375, "PSNR": 37.356221851062145, "encoding_time": 0.29082798957824707, "decoding_time": 0.19259381294250488}