{"MSE": 10.407600402832031, "PSNR": 37.957297516203525, "encoding_time": 0.27976298332214355, "decoding_time": 0.16991877555847168}