{"MSE": 9.610774993896484, "PSNR": 38.303219511388036, "encoding_time": 0.28188204765319824, "decoding_time": 0.1694929599761963}