{"MSE": 9.592147827148438, "PSNR": 38.31164497697454, "encoding_time": 0.27953600883483887, "decoding_time": 0.16704487800598145}