{"MSE": 12.245529174804688, "PSNR": 37.251028035238015, "encoding_time": 0.2945261001586914, "decoding_time": 0.19559693336486816}