{"MSE": 10.487403869628906, "PSNR": 37.92412367873208, "encoding_time": 0.2799098491668701, "decoding_time": 0.17202115058898926}