{"MSE": 10.257240295410156, "PSNR": 38.02049831056222, "encoding_time": 0.2836437225341797, "decoding_time": 0.17623519897460938}