{"MSE": 10.984115600585938, "PSNR": 37.7231526595163, "encoding_time": 0.2882370948791504, "decoding_time": 0.18561172485351562}