{"MSE": 12.117782592773438, "PSNR": 37.29657204389674, "encoding_time": 0.29200196266174316, "decoding_time": 0.19163775444030762}