{"MSE": 10.566654205322266, "PSNR": 37.89142865536663, "encoding_time": 0.2822580337524414, "decoding_time": 0.1746528148651123}