{"MSE": 12.213729858398438, "PSNR": 37.26232050767612, "encoding_time": 0.2910149097442627, "decoding_time": 0.19327211380004883}