{"MSE": 12.254386901855469, "PSNR": 37.24788772885009, "encoding_time": 0.2904477119445801, "decoding_time": 0.19187211990356445}