{"MSE": 10.132564544677734, "PSNR": 38.07360981979164, "encoding_time": 0.2842729091644287, "decoding_time": 0.17622709274291992}