{"MSE": 10.174510955810547, "PSNR": 38.05566817103047, "encoding_time": 0.28634214401245117, "decoding_time": 0.17669892311096191}