{"MSE": 12.461570739746094, "PSNR": 37.17507573712481, "encoding_time": 0.29503488540649414, "decoding_time": 0.19658899307250977}