{"MSE": 9.849193572998047, "PSNR": 38.19679687845878, "encoding_time": 0.2811737060546875, "decoding_time": 0.1695711612701416}