{"MSE": 11.017696380615234, "PSNR": 37.70989560705018, "encoding_time": 0.2867898941040039, "decoding_time": 0.1824638843536377}