{"MSE": 11.932365417480469, "PSNR": 37.36353816113744, "encoding_time": 0.28876805305480957, "decoding_time": 0.18688106536865234}