{"MSE": 12.312191009521484, "PSNR": 37.227450164114714, "encoding_time": 0.2928781509399414, "decoding_time": 0.19225811958312988}