{"MSE": 11.952808380126953, "PSNR": 37.35610403642539, "encoding_time": 0.2875559329986572, "decoding_time": 0.18296289443969727}