{"MSE": 11.395191192626953, "PSNR": 37.5635874454096, "encoding_time": 0.28356003761291504, "decoding_time": 0.17721009254455566}