{"MSE": 10.941143035888672, "PSNR": 37.74017665173273, "encoding_time": 0.28912997245788574, "decoding_time": 0.18728303909301758}