{"MSE": 10.565685272216797, "PSNR": 37.89182690971209, "encoding_time": 0.2842848300933838, "decoding_time": 0.18035626411437988}