{"MSE": 12.133308410644531, "PSNR": 37.29101124009726, "encoding_time": 0.29285192489624023, "decoding_time": 0.1960902214050293}