{"MSE": 11.770206451416016, "PSNR": 37.4229628035885, "encoding_time": 0.29092979431152344, "decoding_time": 0.19209814071655273}