{"MSE": 10.704315185546875, "PSNR": 37.83521472577148, "encoding_time": 0.28247809410095215, "decoding_time": 0.17770075798034668}