{"MSE": 12.01882553100586, "PSNR": 37.33218330000198, "encoding_time": 0.2927539348602295, "decoding_time": 0.19293618202209473}