{"MSE": 11.457778930664062, "PSNR": 37.53979922263002, "encoding_time": 0.2852752208709717, "decoding_time": 0.18701887130737305}