{"MSE": 9.818290710449219, "PSNR": 38.210444738583085, "encoding_time": 0.2831740379333496, "decoding_time": 0.17248797416687012}