{"MSE": 9.853065490722656, "PSNR": 38.1950899142793, "encoding_time": 0.2837951183319092, "decoding_time": 0.1723330020904541}