{"MSE": 10.915771484375, "PSNR": 37.7502592548912, "encoding_time": 0.290510892868042, "decoding_time": 0.18775105476379395}