{"MSE": 12.70492172241211, "PSNR": 37.09108367249267, "encoding_time": 0.29229116439819336, "decoding_time": 0.194993257522583}