{"MSE": 11.154029846191406, "PSNR": 37.65648558616358, "encoding_time": 0.286452054977417, "decoding_time": 0.18430685997009277}