{"MSE": 10.895149230957031, "PSNR": 37.75847177709471, "encoding_time": 0.28622007369995117, "decoding_time": 0.18195509910583496}