{"MSE": 11.12625503540039, "PSNR": 37.66731350274996, "encoding_time": 0.2878258228302002, "decoding_time": 0.18499398231506348}