{"MSE": 9.601638793945312, "PSNR": 38.30734996742262, "encoding_time": 0.2883419990539551, "decoding_time": 0.177595853805542}