{"MSE": 10.492027282714844, "PSNR": 37.9222094963992, "encoding_time": 0.28175926208496094, "decoding_time": 0.17276716232299805}