{"MSE": 11.28750991821289, "PSNR": 37.60482215936315, "encoding_time": 0.2899038791656494, "decoding_time": 0.1882009506225586}