{"MSE": 11.977535247802734, "PSNR": 37.347129032827326, "encoding_time": 0.28887391090393066, "decoding_time": 0.18666315078735352}