{"MSE": 10.312530517578125, "PSNR": 37.99715114112724, "encoding_time": 0.28005123138427734, "decoding_time": 0.17026686668395996}