{"MSE": 11.957515716552734, "PSNR": 37.35439400501609, "encoding_time": 0.29089808464050293, "decoding_time": 0.18689990043640137}