{"MSE": 11.36691665649414, "PSNR": 37.57437685157357, "encoding_time": 0.2856600284576416, "decoding_time": 0.18650412559509277}