{"MSE": 11.382564544677734, "PSNR": 37.56840239219736, "encoding_time": 0.2844710350036621, "decoding_time": 0.182358980178833}