{"MSE": 10.964763641357422, "PSNR": 37.730810864923605, "encoding_time": 0.2887699604034424, "decoding_time": 0.1843249797821045}