{"MSE": 11.8399658203125, "PSNR": 37.3972991220323, "encoding_time": 0.28890228271484375, "decoding_time": 0.1903238296508789}