{"MSE": 11.564884185791016, "PSNR": 37.499390728943226, "encoding_time": 0.2877659797668457, "decoding_time": 0.18846988677978516}