{"MSE": 12.230518341064453, "PSNR": 37.25635497626087, "encoding_time": 0.2939579486846924, "decoding_time": 0.19513297080993652}