{"MSE": 12.010753631591797, "PSNR": 37.335101021933056, "encoding_time": 0.2909507751464844, "decoding_time": 0.19272422790527344}