{"MSE": 9.885719299316406, "PSNR": 38.18072086170289, "encoding_time": 0.283825159072876, "decoding_time": 0.1720128059387207}