{"MSE": 11.618270874023438, "PSNR": 37.479388632566796, "encoding_time": 0.288485050201416, "decoding_time": 0.18988513946533203}