{"MSE": 10.603199005126953, "PSNR": 37.87643448369708, "encoding_time": 0.2817668914794922, "decoding_time": 0.17474889755249023}