{"MSE": 9.467777252197266, "PSNR": 38.36832329109762, "encoding_time": 0.2868649959564209, "decoding_time": 0.1757831573486328}