{"MSE": 10.327590942382812, "PSNR": 37.99081332905451, "encoding_time": 0.2846839427947998, "decoding_time": 0.18001008033752441}