{"MSE": 12.544147491455078, "PSNR": 37.14639209154102, "encoding_time": 0.28960108757019043, "decoding_time": 0.19234991073608398}