{"MSE": 11.536964416503906, "PSNR": 37.50988807731529, "encoding_time": 0.28429198265075684, "decoding_time": 0.17915105819702148}