{"MSE": 11.139091491699219, "PSNR": 37.662305897996426, "encoding_time": 0.2879171371459961, "decoding_time": 0.18511104583740234}