{"MSE": 12.071613311767578, "PSNR": 37.313150455695016, "encoding_time": 0.2911040782928467, "decoding_time": 0.18935918807983398}