{"MSE": 11.318973541259766, "PSNR": 37.59273316133957, "encoding_time": 0.28940510749816895, "decoding_time": 0.18829607963562012}