{"MSE": 11.324813842773438, "PSNR": 37.590492890546294, "encoding_time": 0.2842998504638672, "decoding_time": 0.1776719093322754}