{"MSE": 13.032119750976562, "PSNR": 36.98065298856179, "encoding_time": 0.29583311080932617, "decoding_time": 0.19805383682250977}