{"MSE": 12.751960754394531, "PSNR": 37.07503393404339, "encoding_time": 0.29257702827453613, "decoding_time": 0.19586610794067383}