{"MSE": 11.055309295654297, "PSNR": 37.6950946347675, "encoding_time": 0.28407907485961914, "decoding_time": 0.17972803115844727}