{"MSE": 10.420173645019531, "PSNR": 37.95205404625571, "encoding_time": 0.2826409339904785, "decoding_time": 0.17454195022583008}