{"MSE": 10.890419006347656, "PSNR": 37.760357714111294, "encoding_time": 0.2802581787109375, "decoding_time": 0.17543292045593262}