{"MSE": 11.683185577392578, "PSNR": 37.45519085723883, "encoding_time": 0.2899901866912842, "decoding_time": 0.18976068496704102}