{"MSE": 11.327709197998047, "PSNR": 37.58938269474004, "encoding_time": 0.2843058109283447, "decoding_time": 0.17678618431091309}