{"MSE": 11.59029769897461, "PSNR": 37.489857698256664, "encoding_time": 0.2848682403564453, "decoding_time": 0.17873001098632812}