{"MSE": 12.426948547363281, "PSNR": 37.187158606843845, "encoding_time": 0.29189300537109375, "decoding_time": 0.19431400299072266}