{"MSE": 11.372611999511719, "PSNR": 37.57220138335326, "encoding_time": 0.2845039367675781, "decoding_time": 0.1791219711303711}