{"MSE": 11.22119140625, "PSNR": 37.630413904281056, "encoding_time": 0.28455591201782227, "decoding_time": 0.18030500411987305}