{"MSE": 11.626182556152344, "PSNR": 37.47643222833543, "encoding_time": 0.2856471538543701, "decoding_time": 0.18028879165649414}