{"MSE": 10.979545593261719, "PSNR": 37.72495994380674, "encoding_time": 0.28534770011901855, "decoding_time": 0.17914628982543945}