{"MSE": 12.103500366210938, "PSNR": 37.30169373205403, "encoding_time": 0.2895379066467285, "decoding_time": 0.19014716148376465}