{"MSE": 11.273399353027344, "PSNR": 37.610254689871574, "encoding_time": 0.28429603576660156, "decoding_time": 0.17781972885131836}