{"MSE": 11.6234130859375, "PSNR": 37.47746688343766, "encoding_time": 0.2871668338775635, "decoding_time": 0.18861103057861328}