{"MSE": 12.690101623535156, "PSNR": 37.09615260887955, "encoding_time": 0.2922351360321045, "decoding_time": 0.19707274436950684}