{"MSE": 12.076370239257812, "PSNR": 37.31143941644224, "encoding_time": 0.2902371883392334, "decoding_time": 0.18991899490356445}