{"MSE": 10.533130645751953, "PSNR": 37.905228899576244, "encoding_time": 0.285412073135376, "decoding_time": 0.18214988708496094}