{"MSE": 12.143993377685547, "PSNR": 37.2871883914419, "encoding_time": 0.2905008792877197, "decoding_time": 0.18806815147399902}