{"MSE": 11.860553741455078, "PSNR": 37.389753951748794, "encoding_time": 0.28862500190734863, "decoding_time": 0.18798398971557617}