{"MSE": 11.952655792236328, "PSNR": 37.356159478209264, "encoding_time": 0.2923300266265869, "decoding_time": 0.19428205490112305}