{"MSE": 12.714027404785156, "PSNR": 37.08797217660986, "encoding_time": 0.2949099540710449, "decoding_time": 0.1985001564025879}