{"MSE": 12.691585540771484, "PSNR": 37.095644796247626, "encoding_time": 0.2928040027618408, "decoding_time": 0.1966540813446045}