{"MSE": 11.867340087890625, "PSNR": 37.38726972545311, "encoding_time": 0.28876805305480957, "decoding_time": 0.19051098823547363}