{"MSE": 12.527702331542969, "PSNR": 37.15208935223659, "encoding_time": 0.2895519733428955, "decoding_time": 0.1896519660949707}