{"MSE": 21.6285400390625, "PSNR": 34.78053156009413, "encoding_time": 0.3350977897644043, "decoding_time": 0.2506551742553711}