{"MSE": 21.426013946533203, "PSNR": 34.82138977602207, "encoding_time": 0.3372960090637207, "decoding_time": 0.26048898696899414}