{"MSE": 22.299575805664062, "PSNR": 34.647837591207164, "encoding_time": 0.3465290069580078, "decoding_time": 0.26886892318725586}