{"MSE": 22.306537628173828, "PSNR": 34.64648195589541, "encoding_time": 0.3322718143463135, "decoding_time": 0.24863123893737793}