{"MSE": 20.846847534179688, "PSNR": 34.940399707198914, "encoding_time": 0.3465909957885742, "decoding_time": 0.2887868881225586}