{"MSE": 20.624977111816406, "PSNR": 34.9868688559588, "encoding_time": 0.3283720016479492, "decoding_time": 0.24585819244384766}