{"MSE": 19.127010345458984, "PSNR": 35.31433268098188, "encoding_time": 0.3314187526702881, "decoding_time": 0.24273324012756348}