{"MSE": 21.386138916015625, "PSNR": 34.829479773636876, "encoding_time": 0.33402085304260254, "decoding_time": 0.24832701683044434}