{"MSE": 19.992115020751953, "PSNR": 35.12221619113353, "encoding_time": 0.33873510360717773, "decoding_time": 0.24309611320495605}