{"MSE": 21.910934448242188, "PSNR": 34.72419461305317, "encoding_time": 0.3392062187194824, "decoding_time": 0.25472593307495117}