{"MSE": 22.116851806640625, "PSNR": 34.683570528965745, "encoding_time": 0.337723970413208, "decoding_time": 0.24843621253967285}