{"MSE": 21.892112731933594, "PSNR": 34.72792685022025, "encoding_time": 0.334209680557251, "decoding_time": 0.2567710876464844}