{"MSE": 21.474956512451172, "PSNR": 34.81148067825474, "encoding_time": 0.34415483474731445, "decoding_time": 0.2620882987976074}