{"MSE": 21.774139404296875, "PSNR": 34.75139361796749, "encoding_time": 0.33949899673461914, "decoding_time": 0.2906010150909424}