{"MSE": 19.87264633178711, "PSNR": 35.14824657282661, "encoding_time": 0.339353084564209, "decoding_time": 0.2537508010864258}