{"MSE": 21.638023376464844, "PSNR": 34.77862775223666, "encoding_time": 0.3448169231414795, "decoding_time": 0.2751181125640869}