{"MSE": 21.638607025146484, "PSNR": 34.77851061030603, "encoding_time": 0.33739280700683594, "decoding_time": 0.2506589889526367}