{"MSE": 19.061065673828125, "PSNR": 35.32933183173936, "encoding_time": 0.338695764541626, "decoding_time": 0.24340200424194336}