{"MSE": 21.246719360351562, "PSNR": 34.857884793609884, "encoding_time": 0.33548498153686523, "decoding_time": 0.2581779956817627}