{"MSE": 21.82904052734375, "PSNR": 34.74045713699205, "encoding_time": 0.3362250328063965, "decoding_time": 0.2895228862762451}