{"MSE": 21.187423706054688, "PSNR": 34.87002209172038, "encoding_time": 0.33348989486694336, "decoding_time": 0.2885298728942871}