{"MSE": 22.174320220947266, "PSNR": 34.67230045952272, "encoding_time": 0.3331148624420166, "decoding_time": 0.25175905227661133}