{"MSE": 21.92498779296875, "PSNR": 34.72141000629047, "encoding_time": 0.35401082038879395, "decoding_time": 0.263002872467041}