{"MSE": 21.464824676513672, "PSNR": 34.813530153309806, "encoding_time": 0.33223915100097656, "decoding_time": 0.25733184814453125}