{"MSE": 19.00216293334961, "PSNR": 35.34277323254272, "encoding_time": 0.3316071033477783, "decoding_time": 0.23508405685424805}