{"MSE": 20.95507049560547, "PSNR": 34.91791234671993, "encoding_time": 0.3337059020996094, "decoding_time": 0.2532229423522949}