{"MSE": 22.441844940185547, "PSNR": 34.620218035419896, "encoding_time": 0.3335402011871338, "decoding_time": 0.24568700790405273}