{"MSE": 21.95639419555664, "PSNR": 34.71519341554004, "encoding_time": 0.3340427875518799, "decoding_time": 0.26064300537109375}