{"MSE": 21.138023376464844, "PSNR": 34.88015987018036, "encoding_time": 0.33303022384643555, "decoding_time": 0.27834177017211914}