{"MSE": 21.634929656982422, "PSNR": 34.77924873380037, "encoding_time": 0.3338301181793213, "decoding_time": 0.26860499382019043}