{"MSE": 21.333084106445312, "PSNR": 34.84026715283113, "encoding_time": 0.332477331161499, "decoding_time": 0.2539248466491699}