{"MSE": 19.44573974609375, "PSNR": 35.242558918346404, "encoding_time": 0.3390209674835205, "decoding_time": 0.2772688865661621}