{"MSE": 19.684539794921875, "PSNR": 35.189550949985716, "encoding_time": 0.3345608711242676, "decoding_time": 0.2697291374206543}