{"MSE": 20.597362518310547, "PSNR": 34.99268748123876, "encoding_time": 0.33399105072021484, "decoding_time": 0.25200486183166504}