{"MSE": 20.40597915649414, "PSNR": 35.033229221575525, "encoding_time": 0.32933688163757324, "decoding_time": 0.2429351806640625}