{"MSE": 21.63486099243164, "PSNR": 34.77926251738243, "encoding_time": 0.3367297649383545, "decoding_time": 0.2932610511779785}