{"MSE": 21.55599594116211, "PSNR": 34.79512267718419, "encoding_time": 0.33803319931030273, "decoding_time": 0.25330591201782227}