{"MSE": 21.569358825683594, "PSNR": 34.79243125482856, "encoding_time": 0.32874202728271484, "decoding_time": 0.2578561305999756}