{"MSE": 21.202255249023438, "PSNR": 34.866983022922945, "encoding_time": 0.3359050750732422, "decoding_time": 0.25812411308288574}