{"MSE": 22.66704559326172, "PSNR": 34.576854426892595, "encoding_time": 0.3477301597595215, "decoding_time": 0.2561349868774414}