{"MSE": 21.420276641845703, "PSNR": 34.82255285443445, "encoding_time": 0.3421311378479004, "decoding_time": 0.2917289733886719}