{"MSE": 21.92078399658203, "PSNR": 34.7222427824077, "encoding_time": 0.3495018482208252, "decoding_time": 0.25516796112060547}