{"MSE": 22.36612319946289, "PSNR": 34.6348964807172, "encoding_time": 0.3387269973754883, "decoding_time": 0.24709701538085938}