{"MSE": 21.926685333251953, "PSNR": 34.72107376718002, "encoding_time": 0.33556079864501953, "decoding_time": 0.26154088973999023}