{"MSE": 21.671585083007812, "PSNR": 34.77189683621551, "encoding_time": 0.32996106147766113, "decoding_time": 0.24261999130249023}