{"MSE": 21.8516845703125, "PSNR": 34.73595438033301, "encoding_time": 0.336442232131958, "decoding_time": 0.24585294723510742}