{"MSE": 22.03481674194336, "PSNR": 34.69970917925477, "encoding_time": 0.34870290756225586, "decoding_time": 0.24586200714111328}