{"MSE": 21.487720489501953, "PSNR": 34.80890014773372, "encoding_time": 0.3269631862640381, "decoding_time": 0.24136877059936523}