{"MSE": 21.190750122070312, "PSNR": 34.86934030485107, "encoding_time": 0.3341388702392578, "decoding_time": 0.2470719814300537}