{"MSE": 21.252517700195312, "PSNR": 34.856699743153385, "encoding_time": 0.3381381034851074, "decoding_time": 0.2651710510253906}