{"MSE": 10.50571060180664, "PSNR": 37.91654927637973, "encoding_time": 0.25629377365112305, "decoding_time": 0.14905405044555664}