{"MSE": 8.675769805908203, "PSNR": 38.74772340502944, "encoding_time": 0.26532888412475586, "decoding_time": 0.1472930908203125}