{"MSE": 10.484848022460938, "PSNR": 37.925182211056445, "encoding_time": 0.25228214263916016, "decoding_time": 0.14303112030029297}