{"MSE": 11.010616302490234, "PSNR": 37.71268732243142, "encoding_time": 0.28551387786865234, "decoding_time": 0.1591789722442627}