{"MSE": 11.623191833496094, "PSNR": 37.477549552468034, "encoding_time": 0.25731801986694336, "decoding_time": 0.15440607070922852}