{"MSE": 8.97983169555664, "PSNR": 38.59812163886129, "encoding_time": 0.266193151473999, "decoding_time": 0.15067172050476074}