{"MSE": 10.623603820800781, "PSNR": 37.86808494405739, "encoding_time": 0.2559359073638916, "decoding_time": 0.14809823036193848}