{"MSE": 11.05527114868164, "PSNR": 37.69510962037113, "encoding_time": 0.2541830539703369, "decoding_time": 0.1454019546508789}