{"MSE": 10.588611602783203, "PSNR": 37.88241342477108, "encoding_time": 0.254194974899292, "decoding_time": 0.14734220504760742}