{"MSE": 11.604175567626953, "PSNR": 37.48466069944904, "encoding_time": 0.2567870616912842, "decoding_time": 0.15246295928955078}