{"MSE": 9.809257507324219, "PSNR": 38.214442253203416, "encoding_time": 0.25734400749206543, "decoding_time": 0.15020489692687988}