{"MSE": 11.062824249267578, "PSNR": 37.692143478870946, "encoding_time": 0.25473594665527344, "decoding_time": 0.1468350887298584}