{"MSE": 9.172187805175781, "PSNR": 38.506074223202035, "encoding_time": 0.26812076568603516, "decoding_time": 0.15328431129455566}