{"MSE": 10.448501586914062, "PSNR": 37.940263478557284, "encoding_time": 0.26236605644226074, "decoding_time": 0.15652084350585938}