{"MSE": 11.432247161865234, "PSNR": 37.5494875566286, "encoding_time": 0.2571680545806885, "decoding_time": 0.1519482135772705}