{"MSE": 15.199840545654297, "PSNR": 36.31241328877459, "encoding_time": 0.29973816871643066, "decoding_time": 0.20525789260864258}