{"MSE": 14.05807876586914, "PSNR": 36.651543885762706, "encoding_time": 0.296464204788208, "decoding_time": 0.1998288631439209}