{"MSE": 18.21820831298828, "PSNR": 35.52574697234427, "encoding_time": 0.3110802173614502, "decoding_time": 0.22054576873779297}