{"MSE": 19.915592193603516, "PSNR": 35.13887136108481, "encoding_time": 0.3178377151489258, "decoding_time": 0.23168325424194336}