{"MSE": 18.196975708007812, "PSNR": 35.530811455456096, "encoding_time": 0.31020283699035645, "decoding_time": 0.2225480079650879}