{"MSE": 18.811687469482422, "PSNR": 35.38652605944128, "encoding_time": 0.31642818450927734, "decoding_time": 0.22759461402893066}