{"MSE": 14.157543182373047, "PSNR": 36.62092465911902, "encoding_time": 0.29700613021850586, "decoding_time": 0.1936330795288086}