{"MSE": 18.78386688232422, "PSNR": 35.39295359051501, "encoding_time": 0.31660008430480957, "decoding_time": 0.2304368019104004}