{"MSE": 18.389591217041016, "PSNR": 35.48508285471951, "encoding_time": 0.3079991340637207, "decoding_time": 0.22319579124450684}