{"MSE": 17.65386199951172, "PSNR": 35.66240633489413, "encoding_time": 0.3081698417663574, "decoding_time": 0.21714520454406738}