{"MSE": 14.567573547363281, "PSNR": 36.496931414760056, "encoding_time": 0.2999379634857178, "decoding_time": 0.20149993896484375}