{"MSE": 19.44898223876953, "PSNR": 35.2418348115226, "encoding_time": 0.33237314224243164, "decoding_time": 0.22855305671691895}