{"MSE": 16.069538116455078, "PSNR": 36.07076966765276, "encoding_time": 0.298297643661499, "decoding_time": 0.21279621124267578}