{"MSE": 18.56869888305664, "PSNR": 35.44298887268444, "encoding_time": 0.3101990222930908, "decoding_time": 0.2257227897644043}