{"MSE": 19.105270385742188, "PSNR": 35.319271724836355, "encoding_time": 0.3198559284210205, "decoding_time": 0.23756790161132812}