{"MSE": 11.441471099853516, "PSNR": 37.545984929254224, "encoding_time": 0.2878892421722412, "decoding_time": 0.18152809143066406}