{"MSE": 15.643470764160156, "PSNR": 36.187472459997814, "encoding_time": 0.3024420738220215, "decoding_time": 0.20714497566223145}