{"MSE": 13.978404998779297, "PSNR": 36.67622741657635, "encoding_time": 0.29410409927368164, "decoding_time": 0.19247794151306152}