{"MSE": 16.36297607421875, "PSNR": 35.99218065501709, "encoding_time": 0.30458593368530273, "decoding_time": 0.21219801902770996}