{"MSE": 14.0438232421875, "PSNR": 36.65595006140225, "encoding_time": 0.2940506935119629, "decoding_time": 0.19042110443115234}