{"MSE": 18.674888610839844, "PSNR": 35.418223407869995, "encoding_time": 0.3127319812774658, "decoding_time": 0.2251272201538086}