{"MSE": 18.188549041748047, "PSNR": 35.5328230547105, "encoding_time": 0.31211090087890625, "decoding_time": 0.22263312339782715}