{"MSE": 16.059532165527344, "PSNR": 36.07347471288218, "encoding_time": 0.3064398765563965, "decoding_time": 0.20830416679382324}