{"MSE": 17.382282257080078, "PSNR": 35.72973563059983, "encoding_time": 0.3073890209197998, "decoding_time": 0.21323108673095703}