{"MSE": 19.23548126220703, "PSNR": 35.28977304256467, "encoding_time": 0.3212931156158447, "decoding_time": 0.23617982864379883}