{"MSE": 19.040252685546875, "PSNR": 35.33407653205459, "encoding_time": 0.3165700435638428, "decoding_time": 0.22688889503479004}