{"MSE": 18.126174926757812, "PSNR": 35.547741940293086, "encoding_time": 0.31055712699890137, "decoding_time": 0.2225329875946045}