{"MSE": 16.917312622070312, "PSNR": 35.84748985977015, "encoding_time": 0.3037559986114502, "decoding_time": 0.2101879119873047}