{"MSE": 18.907669067382812, "PSNR": 35.36442368435853, "encoding_time": 0.3148069381713867, "decoding_time": 0.22559499740600586}