{"MSE": 20.267749786376953, "PSNR": 35.06274826758382, "encoding_time": 0.31715869903564453, "decoding_time": 0.2337501049041748}