{"MSE": 14.696487426757812, "PSNR": 36.45866813430202, "encoding_time": 0.295687198638916, "decoding_time": 0.2010340690612793}