{"MSE": 17.56061553955078, "PSNR": 35.68540626020773, "encoding_time": 0.30917811393737793, "decoding_time": 0.21857309341430664}