{"MSE": 20.152873992919922, "PSNR": 35.08743371419954, "encoding_time": 0.3202047348022461, "decoding_time": 0.23448586463928223}