{"MSE": 11.830001831054688, "PSNR": 37.400955490196175, "encoding_time": 0.2902090549468994, "decoding_time": 0.18440818786621094}