{"MSE": 15.994144439697266, "PSNR": 36.09119347148386, "encoding_time": 0.2979757785797119, "decoding_time": 0.2034621238708496}