{"MSE": 18.738178253173828, "PSNR": 35.403529948632276, "encoding_time": 0.3095121383666992, "decoding_time": 0.22231602668762207}