{"MSE": 18.877033233642578, "PSNR": 35.37146620455702, "encoding_time": 0.3152151107788086, "decoding_time": 0.2254018783569336}