{"MSE": 15.219703674316406, "PSNR": 36.30674164009048, "encoding_time": 0.29919004440307617, "decoding_time": 0.2056748867034912}