{"MSE": 19.540443420410156, "PSNR": 35.221459461703, "encoding_time": 0.32248878479003906, "decoding_time": 0.23770904541015625}