{"MSE": 13.98583984375, "PSNR": 36.67391810177894, "encoding_time": 0.29463982582092285, "decoding_time": 0.1915431022644043}