{"MSE": 16.33696746826172, "PSNR": 35.99908916629103, "encoding_time": 0.3089158535003662, "decoding_time": 0.2197871208190918}