{"MSE": 18.840267181396484, "PSNR": 35.37993303462889, "encoding_time": 0.314608097076416, "decoding_time": 0.22544479370117188}