{"MSE": 16.657737731933594, "PSNR": 35.914643408229665, "encoding_time": 0.3118746280670166, "decoding_time": 0.21980524063110352}