{"MSE": 19.49545669555664, "PSNR": 35.23146947553856, "encoding_time": 0.315701961517334, "decoding_time": 0.2292189598083496}