{"MSE": 14.11276626586914, "PSNR": 36.63468212014119, "encoding_time": 0.2962069511413574, "decoding_time": 0.19272923469543457}