{"MSE": 17.419021606445312, "PSNR": 35.720566030122775, "encoding_time": 0.30487704277038574, "decoding_time": 0.2140030860900879}