{"MSE": 16.67761993408203, "PSNR": 35.9094628838198, "encoding_time": 0.31128883361816406, "decoding_time": 0.22030305862426758}