{"MSE": 17.994136810302734, "PSNR": 35.57949342749988, "encoding_time": 0.307758092880249, "decoding_time": 0.22069978713989258}