{"MSE": 17.43024444580078, "PSNR": 35.71776883068417, "encoding_time": 0.3056662082672119, "decoding_time": 0.2143101692199707}