{"MSE": 18.544845581054688, "PSNR": 35.4485713946508, "encoding_time": 0.31557202339172363, "decoding_time": 0.22920894622802734}