{"MSE": 17.086410522460938, "PSNR": 35.80429524245527, "encoding_time": 0.3049442768096924, "decoding_time": 0.2136249542236328}