{"MSE": 19.445457458496094, "PSNR": 35.24262196394786, "encoding_time": 0.32245397567749023, "decoding_time": 0.2379450798034668}