{"MSE": 18.98675537109375, "PSNR": 35.34629605968961, "encoding_time": 0.3220670223236084, "decoding_time": 0.2370290756225586}