{"MSE": 20.20819091796875, "PSNR": 35.07552924616836, "encoding_time": 0.31821107864379883, "decoding_time": 0.23380088806152344}