{"MSE": 15.14706802368164, "PSNR": 36.32751785083497, "encoding_time": 0.29978418350219727, "decoding_time": 0.20537972450256348}