{"MSE": 14.895267486572266, "PSNR": 36.40032054263524, "encoding_time": 0.2971000671386719, "decoding_time": 0.20456695556640625}