{"MSE": 16.876686096191406, "PSNR": 35.85793188212749, "encoding_time": 0.3047521114349365, "decoding_time": 0.21387290954589844}