{"MSE": 19.567981719970703, "PSNR": 35.215343268849985, "encoding_time": 0.3198361396789551, "decoding_time": 0.23856115341186523}