{"MSE": 15.658256530761719, "PSNR": 36.183369569915826, "encoding_time": 0.3007829189300537, "decoding_time": 0.208482027053833}