{"MSE": 19.01351547241211, "PSNR": 35.34017938420237, "encoding_time": 0.311143159866333, "decoding_time": 0.22803282737731934}