{"MSE": 19.052997589111328, "PSNR": 35.33117048363024, "encoding_time": 0.31338024139404297, "decoding_time": 0.22530388832092285}