{"MSE": 15.882976531982422, "PSNR": 36.1214846666349, "encoding_time": 0.3031291961669922, "decoding_time": 0.20714497566223145}