{"MSE": 19.40628433227539, "PSNR": 35.25137970686363, "encoding_time": 0.3215210437774658, "decoding_time": 0.23690509796142578}