{"MSE": 17.02591323852539, "PSNR": 35.819699449048066, "encoding_time": 0.3048362731933594, "decoding_time": 0.21356892585754395}