{"MSE": 16.91478729248047, "PSNR": 35.848138200671634, "encoding_time": 0.3066990375518799, "decoding_time": 0.2165071964263916}