{"MSE": 19.04879379272461, "PSNR": 35.33212880370653, "encoding_time": 0.31822896003723145, "decoding_time": 0.22798800468444824}