{"MSE": 17.085037231445312, "PSNR": 35.8046443132437, "encoding_time": 0.30660390853881836, "decoding_time": 0.2142479419708252}