{"MSE": 15.614753723144531, "PSNR": 36.195452219669384, "encoding_time": 0.31351304054260254, "decoding_time": 0.2087111473083496}