{"MSE": 19.483734130859375, "PSNR": 35.23408166178837, "encoding_time": 0.31794309616088867, "decoding_time": 0.23022794723510742}