{"MSE": 11.082721710205078, "PSNR": 37.684339327345235, "encoding_time": 0.288236141204834, "decoding_time": 0.1806321144104004}