{"MSE": 16.4993896484375, "PSNR": 35.95612481939966, "encoding_time": 0.31003284454345703, "decoding_time": 0.22092008590698242}