{"MSE": 18.910579681396484, "PSNR": 35.36375519036454, "encoding_time": 0.3124420642852783, "decoding_time": 0.22483086585998535}