{"MSE": 18.642005920410156, "PSNR": 35.4258771930412, "encoding_time": 0.316525936126709, "decoding_time": 0.22703194618225098}