{"MSE": 15.974754333496094, "PSNR": 36.09646172749673, "encoding_time": 0.3072638511657715, "decoding_time": 0.20701193809509277}