{"MSE": 15.805171966552734, "PSNR": 36.14281135370032, "encoding_time": 0.2991459369659424, "decoding_time": 0.20572423934936523}