{"MSE": 15.008247375488281, "PSNR": 36.36750381455781, "encoding_time": 0.2996349334716797, "decoding_time": 0.20569705963134766}