{"MSE": 16.454204559326172, "PSNR": 35.96803468697883, "encoding_time": 0.3015768527984619, "decoding_time": 0.2102060317993164}