{"MSE": 16.331626892089844, "PSNR": 36.000509112773386, "encoding_time": 0.31047511100769043, "decoding_time": 0.21866583824157715}