{"MSE": 18.67241668701172, "PSNR": 35.41879830497234, "encoding_time": 0.3162119388580322, "decoding_time": 0.2297070026397705}