{"MSE": 14.37625503540039, "PSNR": 36.554345922953296, "encoding_time": 0.29779601097106934, "decoding_time": 0.19862890243530273}