{"MSE": 17.435901641845703, "PSNR": 35.7163595042615, "encoding_time": 0.30899810791015625, "decoding_time": 0.21581482887268066}