{"MSE": 18.79132843017578, "PSNR": 35.391228777603715, "encoding_time": 0.3097100257873535, "decoding_time": 0.2233288288116455}