{"MSE": 13.245716094970703, "PSNR": 36.91004918605551, "encoding_time": 0.2940540313720703, "decoding_time": 0.19323086738586426}