{"MSE": 18.524490356445312, "PSNR": 35.45334092309834, "encoding_time": 0.31824469566345215, "decoding_time": 0.23028111457824707}