{"MSE": 14.150245666503906, "PSNR": 36.623163810301534, "encoding_time": 0.29857587814331055, "decoding_time": 0.19685912132263184}