{"MSE": 15.939685821533203, "PSNR": 36.106006038654805, "encoding_time": 0.3050110340118408, "decoding_time": 0.20931601524353027}