{"MSE": 19.015865325927734, "PSNR": 35.33964267895239, "encoding_time": 0.32061219215393066, "decoding_time": 0.23672986030578613}