{"MSE": 15.236442565917969, "PSNR": 36.301967819443334, "encoding_time": 0.3014829158782959, "decoding_time": 0.20355701446533203}