{"MSE": 17.114582061767578, "PSNR": 35.79714062739286, "encoding_time": 0.304689884185791, "decoding_time": 0.21465015411376953}