{"MSE": 15.81546401977539, "PSNR": 36.13998422392227, "encoding_time": 0.31859922409057617, "decoding_time": 0.21677374839782715}