{"MSE": 17.944908142089844, "PSNR": 35.59139121296205, "encoding_time": 0.3084409236907959, "decoding_time": 0.21662497520446777}