{"MSE": 13.704051971435547, "PSNR": 36.762313638829546, "encoding_time": 0.27816104888916016, "decoding_time": 0.18961095809936523}