{"MSE": 13.430068969726562, "PSNR": 36.85002117886852, "encoding_time": 0.3336939811706543, "decoding_time": 0.23074889183044434}