{"MSE": 12.159561157226562, "PSNR": 37.281624594866265, "encoding_time": 0.28323817253112793, "decoding_time": 0.18117976188659668}