{"MSE": 10.454734802246094, "PSNR": 37.93767340010909, "encoding_time": 0.2720041275024414, "decoding_time": 0.16435790061950684}