{"MSE": 10.278327941894531, "PSNR": 38.01157890631904, "encoding_time": 0.2702949047088623, "decoding_time": 0.1633012294769287}