{"MSE": 11.75033187866211, "PSNR": 37.43030227788994, "encoding_time": 0.27821993827819824, "decoding_time": 0.1764819622039795}