{"MSE": 13.493938446044922, "PSNR": 36.82941636122, "encoding_time": 0.27465105056762695, "decoding_time": 0.18432998657226562}