{"MSE": 11.232257843017578, "PSNR": 37.62613296485097, "encoding_time": 0.27431225776672363, "decoding_time": 0.17326784133911133}