{"MSE": 12.487716674804688, "PSNR": 37.16597324109894, "encoding_time": 0.2861311435699463, "decoding_time": 0.1871330738067627}