{"MSE": 13.73208999633789, "PSNR": 36.75343719858382, "encoding_time": 0.27381014823913574, "decoding_time": 0.18371272087097168}