{"MSE": 10.500057220458984, "PSNR": 37.918886950873166, "encoding_time": 0.27303099632263184, "decoding_time": 0.16616582870483398}