{"MSE": 13.50677490234375, "PSNR": 36.825286986943226, "encoding_time": 0.27757883071899414, "decoding_time": 0.18783998489379883}