{"MSE": 12.317073822021484, "PSNR": 37.225728165048, "encoding_time": 0.2867238521575928, "decoding_time": 0.1833949089050293}