{"MSE": 12.455558776855469, "PSNR": 37.17717145393499, "encoding_time": 0.27399492263793945, "decoding_time": 0.17580914497375488}