{"MSE": 12.678417205810547, "PSNR": 37.100153219664136, "encoding_time": 0.2743370532989502, "decoding_time": 0.1811220645904541}