{"MSE": 12.963584899902344, "PSNR": 37.003552445990735, "encoding_time": 0.274000883102417, "decoding_time": 0.18427109718322754}