{"MSE": 13.163398742675781, "PSNR": 36.93712323822724, "encoding_time": 0.272982120513916, "decoding_time": 0.1800839900970459}