{"MSE": 10.246116638183594, "PSNR": 38.02521065444005, "encoding_time": 0.2679097652435303, "decoding_time": 0.1604752540588379}