{"MSE": 10.513614654541016, "PSNR": 37.91328305673933, "encoding_time": 0.2709391117095947, "decoding_time": 0.16543197631835938}