{"MSE": 14.242652893066406, "PSNR": 36.5948947061817, "encoding_time": 0.27817320823669434, "decoding_time": 0.19119501113891602}