{"MSE": 12.992965698242188, "PSNR": 36.993720689653, "encoding_time": 0.27837204933166504, "decoding_time": 0.1865978240966797}