{"MSE": 13.218849182128906, "PSNR": 36.91886713252797, "encoding_time": 0.2768547534942627, "decoding_time": 0.18690919876098633}