{"MSE": 13.28030014038086, "PSNR": 36.898724704866474, "encoding_time": 0.27568912506103516, "decoding_time": 0.18362092971801758}