{"MSE": 12.712150573730469, "PSNR": 37.088613324778244, "encoding_time": 0.2726099491119385, "decoding_time": 0.1754148006439209}