{"MSE": 12.97861099243164, "PSNR": 36.998521453373996, "encoding_time": 0.2702462673187256, "decoding_time": 0.17884373664855957}