{"MSE": 8.182140350341797, "PSNR": 39.00213436077567, "encoding_time": 0.28395771980285645, "decoding_time": 0.1636641025543213}