{"MSE": 9.364788055419922, "PSNR": 38.4158240803046, "encoding_time": 0.2975590229034424, "decoding_time": 0.17830872535705566}