{"MSE": 8.628173828125, "PSNR": 38.77161474804229, "encoding_time": 0.28270387649536133, "decoding_time": 0.1653759479522705}