{"MSE": 7.328876495361328, "PSNR": 39.480429577496515, "encoding_time": 0.2727999687194824, "decoding_time": 0.14716506004333496}