{"MSE": 7.732757568359375, "PSNR": 39.24745966152707, "encoding_time": 0.27767086029052734, "decoding_time": 0.15920519828796387}