{"MSE": 8.447376251220703, "PSNR": 38.86358522516939, "encoding_time": 0.28403306007385254, "decoding_time": 0.16633105278015137}