{"MSE": 7.669795989990234, "PSNR": 39.2829654862686, "encoding_time": 0.2829892635345459, "decoding_time": 0.15621495246887207}