{"MSE": 8.086124420166016, "PSNR": 39.05339941384993, "encoding_time": 0.2819216251373291, "decoding_time": 0.165574312210083}