{"MSE": 9.343696594238281, "PSNR": 38.42561633153035, "encoding_time": 0.2906489372253418, "decoding_time": 0.1808011531829834}