{"MSE": 8.318347930908203, "PSNR": 38.93043279256722, "encoding_time": 0.27866482734680176, "decoding_time": 0.1617720127105713}