{"MSE": 8.58022689819336, "PSNR": 38.795815882487624, "encoding_time": 0.28251004219055176, "decoding_time": 0.17095303535461426}