{"MSE": 7.535179138183594, "PSNR": 39.35986779359947, "encoding_time": 0.2938728332519531, "decoding_time": 0.15314602851867676}