{"MSE": 8.148780822753906, "PSNR": 39.01987724098191, "encoding_time": 0.27890586853027344, "decoding_time": 0.1620340347290039}