{"MSE": 8.190685272216797, "PSNR": 38.99760122417349, "encoding_time": 0.28383612632751465, "decoding_time": 0.1645498275756836}