{"MSE": 7.837352752685547, "PSNR": 39.18910966429057, "encoding_time": 0.29174304008483887, "decoding_time": 0.16141796112060547}