{"MSE": 7.843822479248047, "PSNR": 39.185526046783096, "encoding_time": 0.28331804275512695, "decoding_time": 0.16263699531555176}