{"MSE": 8.183601379394531, "PSNR": 39.00135893993906, "encoding_time": 0.2799952030181885, "decoding_time": 0.1625378131866455}