{"MSE": 9.117076873779297, "PSNR": 38.53224744149099, "encoding_time": 0.28972387313842773, "decoding_time": 0.18760013580322266}