{"MSE": 9.43014144897461, "PSNR": 38.385621538094334, "encoding_time": 0.28965306282043457, "decoding_time": 0.18886995315551758}