{"MSE": 8.41131591796875, "PSNR": 38.88216416056209, "encoding_time": 0.28673410415649414, "decoding_time": 0.1813960075378418}