{"MSE": 7.8029937744140625, "PSNR": 39.20819100452272, "encoding_time": 0.2838740348815918, "decoding_time": 0.17422103881835938}