{"MSE": 8.712379455566406, "PSNR": 38.72943578616306, "encoding_time": 0.28684520721435547, "decoding_time": 0.18358397483825684}