{"MSE": 9.3553466796875, "PSNR": 38.420204751477996, "encoding_time": 0.2877979278564453, "decoding_time": 0.18604707717895508}