{"MSE": 8.849750518798828, "PSNR": 38.6614933308943, "encoding_time": 0.28917813301086426, "decoding_time": 0.18835997581481934}