{"MSE": 8.851966857910156, "PSNR": 38.66040581624177, "encoding_time": 0.28995609283447266, "decoding_time": 0.186082124710083}