{"MSE": 8.589683532714844, "PSNR": 38.79103197330898, "encoding_time": 0.28662776947021484, "decoding_time": 0.17955923080444336}