{"MSE": 8.712886810302734, "PSNR": 38.72918288745948, "encoding_time": 0.28794121742248535, "decoding_time": 0.18603277206420898}