{"MSE": 8.102046966552734, "PSNR": 39.044856044622605, "encoding_time": 0.28265881538391113, "decoding_time": 0.17228007316589355}