{"MSE": 8.748558044433594, "PSNR": 38.71143883268608, "encoding_time": 0.2838013172149658, "decoding_time": 0.17949891090393066}