{"MSE": 8.8338623046875, "PSNR": 38.66929735334315, "encoding_time": 0.2892777919769287, "decoding_time": 0.18439817428588867}