{"MSE": 8.963348388671875, "PSNR": 38.60610083898489, "encoding_time": 0.29309988021850586, "decoding_time": 0.19275212287902832}