{"MSE": 11.168651580810547, "PSNR": 37.65079618044422, "encoding_time": 0.30805015563964844, "decoding_time": 0.21727490425109863}