{"MSE": 11.133331298828125, "PSNR": 37.66455228138984, "encoding_time": 0.3036487102508545, "decoding_time": 0.21182990074157715}