{"MSE": 9.798019409179688, "PSNR": 38.21942065440261, "encoding_time": 0.2998847961425781, "decoding_time": 0.20486903190612793}