{"MSE": 9.992534637451172, "PSNR": 38.13404698523925, "encoding_time": 0.30016088485717773, "decoding_time": 0.20891189575195312}