{"MSE": 11.054634094238281, "PSNR": 37.695359887594314, "encoding_time": 0.3038969039916992, "decoding_time": 0.21248602867126465}