{"MSE": 9.616268157958984, "PSNR": 38.300737953629415, "encoding_time": 0.29408788681030273, "decoding_time": 0.19720220565795898}