{"MSE": 9.693965911865234, "PSNR": 38.26578872643832, "encoding_time": 0.29652881622314453, "decoding_time": 0.1999680995941162}