{"MSE": 9.343624114990234, "PSNR": 38.425650019973936, "encoding_time": 0.2916078567504883, "decoding_time": 0.1919240951538086}