{"MSE": 9.653621673583984, "PSNR": 38.28390086096689, "encoding_time": 0.29530978202819824, "decoding_time": 0.19638299942016602}