{"MSE": 9.535144805908203, "PSNR": 38.337530680029964, "encoding_time": 0.2962789535522461, "decoding_time": 0.1988508701324463}