{"MSE": 10.508831024169922, "PSNR": 37.91525951974581, "encoding_time": 0.3034038543701172, "decoding_time": 0.21251511573791504}