{"MSE": 11.19491958618164, "PSNR": 37.64059382506502, "encoding_time": 0.30691003799438477, "decoding_time": 0.21734905242919922}