{"MSE": 10.680252075195312, "PSNR": 37.844988578406884, "encoding_time": 0.3056960105895996, "decoding_time": 0.21486735343933105}