{"MSE": 9.47744369506836, "PSNR": 38.36389147879567, "encoding_time": 0.3024570941925049, "decoding_time": 0.20810914039611816}