{"MSE": 10.666595458984375, "PSNR": 37.85054536505796, "encoding_time": 0.29908299446105957, "decoding_time": 0.20282602310180664}