{"MSE": 10.16244888305664, "PSNR": 38.06081986754077, "encoding_time": 0.29854702949523926, "decoding_time": 0.19817185401916504}