{"MSE": 9.82265853881836, "PSNR": 38.20851313765503, "encoding_time": 0.29976415634155273, "decoding_time": 0.20404696464538574}