{"MSE": 9.174942016601562, "PSNR": 38.50477032570438, "encoding_time": 0.29280591011047363, "decoding_time": 0.19135308265686035}