{"MSE": 10.465667724609375, "PSNR": 37.933134186984866, "encoding_time": 0.2975788116455078, "decoding_time": 0.20095610618591309}