{"MSE": 8.395923614501953, "PSNR": 38.89011882118958, "encoding_time": 0.28609633445739746, "decoding_time": 0.18357086181640625}