{"MSE": 11.226417541503906, "PSNR": 37.62839170071475, "encoding_time": 0.3085610866546631, "decoding_time": 0.2181110382080078}