{"MSE": 10.886943817138672, "PSNR": 37.76174379150007, "encoding_time": 0.302811861038208, "decoding_time": 0.21066021919250488}