{"MSE": 9.464221954345703, "PSNR": 38.36995444081378, "encoding_time": 0.30797600746154785, "decoding_time": 0.22690677642822266}