{"MSE": 9.109138488769531, "PSNR": 38.536030560426425, "encoding_time": 0.30797600746154785, "decoding_time": 0.1961362361907959}