{"MSE": 8.581268310546875, "PSNR": 38.79528879596797, "encoding_time": 0.28906702995300293, "decoding_time": 0.1852717399597168}