{"MSE": 9.233539581298828, "PSNR": 38.47712145654575, "encoding_time": 0.30158376693725586, "decoding_time": 0.2153620719909668}