{"MSE": 9.604804992675781, "PSNR": 38.30591809105343, "encoding_time": 0.29174208641052246, "decoding_time": 0.19110989570617676}