{"MSE": 10.19198226928711, "PSNR": 38.04821701406213, "encoding_time": 0.2992849349975586, "decoding_time": 0.2064802646636963}