{"MSE": 10.845203399658203, "PSNR": 37.77842659333666, "encoding_time": 0.3035240173339844, "decoding_time": 0.21330809593200684}