{"MSE": 11.144596099853516, "PSNR": 37.6601602737722, "encoding_time": 0.3069908618927002, "decoding_time": 0.21970105171203613}