{"MSE": 10.943778991699219, "PSNR": 37.7391304692815, "encoding_time": 0.3034651279449463, "decoding_time": 0.21463608741760254}