{"MSE": 9.927490234375, "PSNR": 38.162408923451984, "encoding_time": 0.2954370975494385, "decoding_time": 0.19650888442993164}