{"MSE": 9.501609802246094, "PSNR": 38.35283169368064, "encoding_time": 0.29118895530700684, "decoding_time": 0.1904618740081787}