{"MSE": 9.030189514160156, "PSNR": 38.57383496037202, "encoding_time": 0.2914907932281494, "decoding_time": 0.1896209716796875}