{"MSE": 9.498180389404297, "PSNR": 38.35439947424507, "encoding_time": 0.29294300079345703, "decoding_time": 0.1911451816558838}