{"MSE": 8.587299346923828, "PSNR": 38.79223758519878, "encoding_time": 0.2926819324493408, "decoding_time": 0.18880009651184082}