{"MSE": 9.131084442138672, "PSNR": 38.52558001814582, "encoding_time": 0.2929232120513916, "decoding_time": 0.19336605072021484}