{"MSE": 9.39468002319336, "PSNR": 38.40198367972392, "encoding_time": 0.3082740306854248, "decoding_time": 0.21295690536499023}