{"MSE": 9.250556945800781, "PSNR": 38.469124798903366, "encoding_time": 0.2900080680847168, "decoding_time": 0.190140962600708}