{"MSE": 11.173080444335938, "PSNR": 37.64907435242013, "encoding_time": 0.29961228370666504, "decoding_time": 0.2069079875946045}