{"MSE": 11.02462387084961, "PSNR": 37.70716579381185, "encoding_time": 0.30578088760375977, "decoding_time": 0.21432209014892578}