{"MSE": 8.457778930664062, "PSNR": 38.85824031493237, "encoding_time": 0.2876720428466797, "decoding_time": 0.18210220336914062}