{"MSE": 9.137195587158203, "PSNR": 38.52267439522474, "encoding_time": 0.2995579242706299, "decoding_time": 0.1983931064605713}