{"MSE": 9.708972930908203, "PSNR": 38.259070706129556, "encoding_time": 0.29645204544067383, "decoding_time": 0.20114994049072266}