{"MSE": 10.214889526367188, "PSNR": 38.038466867519716, "encoding_time": 0.304520845413208, "decoding_time": 0.20906996726989746}