{"MSE": 10.11300277709961, "PSNR": 38.0820023436703, "encoding_time": 0.30064988136291504, "decoding_time": 0.20824599266052246}