{"MSE": 9.324085235595703, "PSNR": 38.4347412592288, "encoding_time": 0.29581713676452637, "decoding_time": 0.19408583641052246}