{"MSE": 10.527156829833984, "PSNR": 37.90769267920097, "encoding_time": 0.3003859519958496, "decoding_time": 0.21001911163330078}