{"MSE": 10.963645935058594, "PSNR": 37.73125359076444, "encoding_time": 0.29907822608947754, "decoding_time": 0.20664191246032715}