{"MSE": 11.215953826904297, "PSNR": 37.632441481164, "encoding_time": 0.306779146194458, "decoding_time": 0.2192857265472412}