{"MSE": 10.964500427246094, "PSNR": 37.73091512052994, "encoding_time": 0.3002607822418213, "decoding_time": 0.20805597305297852}