{"MSE": 9.854988098144531, "PSNR": 38.19424256748975, "encoding_time": 0.29292893409729004, "decoding_time": 0.19658803939819336}