{"MSE": 9.704521179199219, "PSNR": 38.26106248692382, "encoding_time": 0.2940330505371094, "decoding_time": 0.19887804985046387}