{"MSE": 10.986366271972656, "PSNR": 37.72226287096008, "encoding_time": 0.29892516136169434, "decoding_time": 0.20427989959716797}