{"MSE": 10.846107482910156, "PSNR": 37.77806456969516, "encoding_time": 0.3032510280609131, "decoding_time": 0.21440720558166504}