{"MSE": 9.004772186279297, "PSNR": 38.58607630885409, "encoding_time": 0.29022741317749023, "decoding_time": 0.19034576416015625}