{"MSE": 11.022819519042969, "PSNR": 37.707876642703425, "encoding_time": 0.30278778076171875, "decoding_time": 0.21426701545715332}