{"MSE": 10.753089904785156, "PSNR": 37.815470839858236, "encoding_time": 0.3049750328063965, "decoding_time": 0.21359682083129883}