{"MSE": 8.674793243408203, "PSNR": 38.7482122833491, "encoding_time": 0.29076099395751953, "decoding_time": 0.19007301330566406}