{"MSE": 9.699851989746094, "PSNR": 38.26315253460115, "encoding_time": 0.2923400402069092, "decoding_time": 0.19557499885559082}