{"MSE": 10.9879150390625, "PSNR": 37.721650681653436, "encoding_time": 0.30712294578552246, "decoding_time": 0.2151501178741455}