{"MSE": 9.755996704101562, "PSNR": 38.238087159452355, "encoding_time": 0.294482946395874, "decoding_time": 0.19899797439575195}