{"MSE": 8.504737854003906, "PSNR": 38.83419429199645, "encoding_time": 0.28659987449645996, "decoding_time": 0.18213605880737305}