{"MSE": 10.224857330322266, "PSNR": 38.03423103952447, "encoding_time": 0.30269384384155273, "decoding_time": 0.19861698150634766}