{"MSE": 10.737995147705078, "PSNR": 37.82157157490029, "encoding_time": 0.3003866672515869, "decoding_time": 0.21081805229187012}