{"MSE": 9.56801986694336, "PSNR": 38.322582924578015, "encoding_time": 0.29260993003845215, "decoding_time": 0.1955571174621582}