{"MSE": 9.826435089111328, "PSNR": 38.206843712078346, "encoding_time": 0.2955741882324219, "decoding_time": 0.19669079780578613}