{"MSE": 9.131912231445312, "PSNR": 38.52518632116966, "encoding_time": 0.3115220069885254, "decoding_time": 0.19617581367492676}