{"MSE": 10.028682708740234, "PSNR": 38.118364697115375, "encoding_time": 0.3007369041442871, "decoding_time": 0.20264792442321777}