{"MSE": 10.817436218261719, "PSNR": 37.789560176755536, "encoding_time": 0.3041517734527588, "decoding_time": 0.2121109962463379}