{"MSE": 10.250701904296875, "PSNR": 38.023267566735825, "encoding_time": 0.29721808433532715, "decoding_time": 0.19658493995666504}