{"MSE": 8.852069854736328, "PSNR": 38.66035528431621, "encoding_time": 0.29221415519714355, "decoding_time": 0.1895921230316162}