{"MSE": 10.879322052001953, "PSNR": 37.76478527844728, "encoding_time": 0.3029651641845703, "decoding_time": 0.21184396743774414}