{"MSE": 9.872295379638672, "PSNR": 38.186622198687736, "encoding_time": 0.29558801651000977, "decoding_time": 0.19635391235351562}