{"MSE": 9.030498504638672, "PSNR": 38.573686358215056, "encoding_time": 0.30839967727661133, "decoding_time": 0.19741415977478027}