{"MSE": 8.630699157714844, "PSNR": 38.77034382297715, "encoding_time": 0.2906920909881592, "decoding_time": 0.18572115898132324}