{"MSE": 10.553779602050781, "PSNR": 37.89672340442441, "encoding_time": 0.30156397819519043, "decoding_time": 0.20999503135681152}