{"MSE": 10.167984008789062, "PSNR": 38.05845506337313, "encoding_time": 0.296983003616333, "decoding_time": 0.20549678802490234}