{"MSE": 9.77926254272461, "PSNR": 38.22774255129491, "encoding_time": 0.29598474502563477, "decoding_time": 0.2001640796661377}