{"MSE": 11.08663558959961, "PSNR": 37.68280588077883, "encoding_time": 0.31035900115966797, "decoding_time": 0.22118306159973145}