{"MSE": 10.022045135498047, "PSNR": 38.12124006559077, "encoding_time": 0.3139309883117676, "decoding_time": 0.23622870445251465}