{"MSE": 8.622825622558594, "PSNR": 38.77430757317005, "encoding_time": 0.2880513668060303, "decoding_time": 0.1862637996673584}