{"MSE": 8.610260009765625, "PSNR": 38.78064094536037, "encoding_time": 0.2891209125518799, "decoding_time": 0.18649506568908691}