{"MSE": 10.344505310058594, "PSNR": 37.98370633990732, "encoding_time": 0.2952439785003662, "decoding_time": 0.19983482360839844}