{"MSE": 10.236026763916016, "PSNR": 38.02948948110964, "encoding_time": 0.2950141429901123, "decoding_time": 0.20477890968322754}