{"MSE": 9.535137176513672, "PSNR": 38.3375341549696, "encoding_time": 0.29117393493652344, "decoding_time": 0.19356608390808105}