{"MSE": 10.704444885253906, "PSNR": 37.83516210444555, "encoding_time": 0.2984127998352051, "decoding_time": 0.20403599739074707}