{"MSE": 11.057086944580078, "PSNR": 37.694396362981394, "encoding_time": 0.3080582618713379, "decoding_time": 0.21849703788757324}