{"MSE": 10.46091079711914, "PSNR": 37.93510862097393, "encoding_time": 0.30342698097229004, "decoding_time": 0.21145415306091309}