{"MSE": 9.32986068725586, "PSNR": 38.432052019239556, "encoding_time": 0.291323184967041, "decoding_time": 0.19356107711791992}