{"MSE": 10.115257263183594, "PSNR": 38.08103428129824, "encoding_time": 0.301328182220459, "decoding_time": 0.2079617977142334}