{"MSE": 9.95559310913086, "PSNR": 38.15013222436204, "encoding_time": 0.3463878631591797, "decoding_time": 0.22002005577087402}