{"MSE": 10.376476287841797, "PSNR": 37.97030462900391, "encoding_time": 0.29883480072021484, "decoding_time": 0.2074120044708252}