{"MSE": 10.471138000488281, "PSNR": 37.930864776155005, "encoding_time": 0.298799991607666, "decoding_time": 0.20260214805603027}