{"MSE": 10.876991271972656, "PSNR": 37.76571580826091, "encoding_time": 0.30279994010925293, "decoding_time": 0.21209096908569336}