{"MSE": 9.205520629882812, "PSNR": 38.490320052585965, "encoding_time": 0.2931492328643799, "decoding_time": 0.1929948329925537}