{"MSE": 9.229625701904297, "PSNR": 38.47896271856477, "encoding_time": 0.2973802089691162, "decoding_time": 0.19592905044555664}