{"MSE": 9.713584899902344, "PSNR": 38.25700820464034, "encoding_time": 0.2984130382537842, "decoding_time": 0.20239806175231934}