{"MSE": 8.566295623779297, "PSNR": 38.80287302999666, "encoding_time": 0.2864861488342285, "decoding_time": 0.1822679042816162}