{"MSE": 10.662281036376953, "PSNR": 37.8523023539523, "encoding_time": 0.3024592399597168, "decoding_time": 0.2118849754333496}