{"MSE": 8.667789459228516, "PSNR": 38.75172007113272, "encoding_time": 0.28862619400024414, "decoding_time": 0.18507814407348633}