{"MSE": 10.4703369140625, "PSNR": 37.93119704254583, "encoding_time": 0.31311893463134766, "decoding_time": 0.20084309577941895}