{"MSE": 9.481929779052734, "PSNR": 38.361836261561, "encoding_time": 0.29837989807128906, "decoding_time": 0.19606494903564453}