{"MSE": 9.1741943359375, "PSNR": 38.50512425362836, "encoding_time": 0.2914283275604248, "decoding_time": 0.19186782836914062}