{"MSE": 10.158523559570312, "PSNR": 38.06249768719808, "encoding_time": 0.30346202850341797, "decoding_time": 0.20903491973876953}