{"MSE": 11.071968078613281, "PSNR": 37.68855535859824, "encoding_time": 0.3018631935119629, "decoding_time": 0.21026396751403809}