{"MSE": 10.087806701660156, "PSNR": 38.09283608992679, "encoding_time": 0.294605016708374, "decoding_time": 0.1984119415283203}