{"MSE": 11.08343505859375, "PSNR": 37.68405979916883, "encoding_time": 0.3063380718231201, "decoding_time": 0.2175748348236084}