{"MSE": 11.059024810791016, "PSNR": 37.69363528471091, "encoding_time": 0.29898715019226074, "decoding_time": 0.20857691764831543}