{"MSE": 10.875408172607422, "PSNR": 37.76634795123124, "encoding_time": 0.2985529899597168, "decoding_time": 0.20400500297546387}