{"MSE": 9.534305572509766, "PSNR": 38.337912940060505, "encoding_time": 0.2935140132904053, "decoding_time": 0.19641423225402832}