{"MSE": 9.493816375732422, "PSNR": 38.356395332935904, "encoding_time": 0.2935197353363037, "decoding_time": 0.1973271369934082}