{"MSE": 10.987476348876953, "PSNR": 37.72182407626882, "encoding_time": 0.3070869445800781, "decoding_time": 0.21870017051696777}