{"MSE": 9.551383972167969, "PSNR": 38.33014056516822, "encoding_time": 0.29285216331481934, "decoding_time": 0.19316387176513672}