{"MSE": 10.032501220703125, "PSNR": 38.116711396193125, "encoding_time": 0.3547670841217041, "decoding_time": 0.23034095764160156}