{"MSE": 9.912822723388672, "PSNR": 38.168830213538136, "encoding_time": 0.2996799945831299, "decoding_time": 0.20697712898254395}