{"MSE": 11.117717742919922, "PSNR": 37.67064716911763, "encoding_time": 0.3060488700866699, "decoding_time": 0.2124192714691162}