{"MSE": 8.707374572753906, "PSNR": 38.731931335806664, "encoding_time": 0.2872610092163086, "decoding_time": 0.18451189994812012}