{"MSE": 10.095962524414062, "PSNR": 38.089326310390064, "encoding_time": 0.30332493782043457, "decoding_time": 0.20729923248291016}