{"MSE": 8.968925476074219, "PSNR": 38.60339945445296, "encoding_time": 0.29350996017456055, "decoding_time": 0.19028186798095703}