{"MSE": 10.82210922241211, "PSNR": 37.78768448121143, "encoding_time": 0.30315613746643066, "decoding_time": 0.21348285675048828}