{"MSE": 11.061664581298828, "PSNR": 37.69259875483595, "encoding_time": 0.29878926277160645, "decoding_time": 0.20495390892028809}