{"MSE": 10.804576873779297, "PSNR": 37.79472597050868, "encoding_time": 0.2998640537261963, "decoding_time": 0.20399999618530273}