{"MSE": 9.73154067993164, "PSNR": 38.24898758438834, "encoding_time": 0.2944619655609131, "decoding_time": 0.19858813285827637}