{"MSE": 10.936126708984375, "PSNR": 37.74216827423183, "encoding_time": 0.29865193367004395, "decoding_time": 0.20528912544250488}