{"MSE": 8.56146240234375, "PSNR": 38.805324070526055, "encoding_time": 0.2868168354034424, "decoding_time": 0.18160724639892578}