{"MSE": 10.322128295898438, "PSNR": 37.99311108163189, "encoding_time": 0.29950594902038574, "decoding_time": 0.20721101760864258}