{"MSE": 8.546642303466797, "PSNR": 38.81284832746059, "encoding_time": 0.29539012908935547, "decoding_time": 0.2133188247680664}