{"MSE": 11.00656509399414, "PSNR": 37.714285544731595, "encoding_time": 0.2980690002441406, "decoding_time": 0.20738887786865234}