{"MSE": 9.562877655029297, "PSNR": 38.32491761306848, "encoding_time": 0.2925088405609131, "decoding_time": 0.19769906997680664}