{"MSE": 9.16204833984375, "PSNR": 38.51087782042556, "encoding_time": 0.297199010848999, "decoding_time": 0.19574809074401855}