{"MSE": 9.855140686035156, "PSNR": 38.194175324825196, "encoding_time": 0.29885315895080566, "decoding_time": 0.2062997817993164}