{"MSE": 9.584842681884766, "PSNR": 38.31495371765466, "encoding_time": 0.3934180736541748, "decoding_time": 0.1938948631286621}