{"MSE": 8.7803955078125, "PSNR": 38.69566281978676, "encoding_time": 0.28738975524902344, "decoding_time": 0.18357205390930176}