{"MSE": 9.36666488647461, "PSNR": 38.414953782228125, "encoding_time": 0.29015398025512695, "decoding_time": 0.1894381046295166}