{"MSE": 11.258232116699219, "PSNR": 37.616101623811375, "encoding_time": 0.3050529956817627, "decoding_time": 0.2146167755126953}