{"MSE": 9.832626342773438, "PSNR": 38.20410825352176, "encoding_time": 0.29589390754699707, "decoding_time": 0.1991879940032959}