{"MSE": 10.502403259277344, "PSNR": 37.91791671053551, "encoding_time": 0.2983710765838623, "decoding_time": 0.202239990234375}