{"MSE": 8.735328674316406, "PSNR": 38.71801110535046, "encoding_time": 0.2893049716949463, "decoding_time": 0.1843581199645996}