{"MSE": 10.059341430664062, "PSNR": 38.10510811797182, "encoding_time": 0.30445003509521484, "decoding_time": 0.20827102661132812}