{"MSE": 10.89278793334961, "PSNR": 37.759413122314605, "encoding_time": 0.2999410629272461, "decoding_time": 0.2093791961669922}