{"MSE": 9.631629943847656, "PSNR": 38.293805726302715, "encoding_time": 0.29354405403137207, "decoding_time": 0.19442987442016602}