{"MSE": 10.604663848876953, "PSNR": 37.875834542474465, "encoding_time": 0.3021378517150879, "decoding_time": 0.211777925491333}