{"MSE": 10.86746597290039, "PSNR": 37.76952071821435, "encoding_time": 0.3041250705718994, "decoding_time": 0.2126448154449463}