{"MSE": 10.021869659423828, "PSNR": 38.121316106914556, "encoding_time": 0.31740283966064453, "decoding_time": 0.23933005332946777}