{"MSE": 11.101978302001953, "PSNR": 37.67679986667783, "encoding_time": 0.30004191398620605, "decoding_time": 0.20876407623291016}