{"MSE": 9.44027328491211, "PSNR": 38.38095794068634, "encoding_time": 0.29795408248901367, "decoding_time": 0.19577288627624512}