{"MSE": 9.576068878173828, "PSNR": 38.31893099691022, "encoding_time": 0.2933809757232666, "decoding_time": 0.1968388557434082}