{"MSE": 8.568782806396484, "PSNR": 38.80161225993585, "encoding_time": 0.2874729633331299, "decoding_time": 0.18379592895507812}