{"MSE": 10.070613861083984, "PSNR": 38.100244167933404, "encoding_time": 0.30470705032348633, "decoding_time": 0.20922088623046875}