{"MSE": 10.434043884277344, "PSNR": 37.946277018896986, "encoding_time": 0.3000199794769287, "decoding_time": 0.20693016052246094}