{"MSE": 7.6854095458984375, "PSNR": 39.27413345403697, "encoding_time": 0.2727470397949219, "decoding_time": 0.15547490119934082}