{"MSE": 7.4067535400390625, "PSNR": 39.43452467138665, "encoding_time": 0.2704808712005615, "decoding_time": 0.17484807968139648}