{"MSE": 7.328159332275391, "PSNR": 39.48085457471254, "encoding_time": 0.272000789642334, "decoding_time": 0.15816807746887207}