{"MSE": 6.544330596923828, "PSNR": 39.97215130596881, "encoding_time": 0.26803112030029297, "decoding_time": 0.14674901962280273}