{"MSE": 7.322639465332031, "PSNR": 39.48412708961208, "encoding_time": 0.2695119380950928, "decoding_time": 0.15316295623779297}