{"MSE": 5.9682464599609375, "PSNR": 40.37233611753335, "encoding_time": 0.2644331455230713, "decoding_time": 0.14267396926879883}