{"MSE": 5.279666900634766, "PSNR": 40.90473837534784, "encoding_time": 0.26328277587890625, "decoding_time": 0.140916109085083}