{"MSE": 8.134410858154297, "PSNR": 39.02754256615057, "encoding_time": 0.27605605125427246, "decoding_time": 0.1599891185760498}