{"MSE": 6.322566986083984, "PSNR": 40.12186921581001, "encoding_time": 0.2731189727783203, "decoding_time": 0.15389108657836914}