{"MSE": 5.116382598876953, "PSNR": 41.04117347663284, "encoding_time": 0.2606470584869385, "decoding_time": 0.13811707496643066}