{"MSE": 7.632381439208984, "PSNR": 39.30420294139887, "encoding_time": 0.2725827693939209, "decoding_time": 0.1581270694732666}