{"MSE": 6.428020477294922, "PSNR": 40.05003109272866, "encoding_time": 0.2655448913574219, "decoding_time": 0.14660239219665527}