{"MSE": 7.986377716064453, "PSNR": 39.10730514548369, "encoding_time": 0.27727508544921875, "decoding_time": 0.16171598434448242}