{"MSE": 7.599483489990234, "PSNR": 39.32296285043691, "encoding_time": 0.27143287658691406, "decoding_time": 0.15088891983032227}