{"MSE": 7.757236480712891, "PSNR": 39.23373329678563, "encoding_time": 0.2725260257720947, "decoding_time": 0.15582013130187988}