{"MSE": 7.8987274169921875, "PSNR": 39.155232341720414, "encoding_time": 0.27482104301452637, "decoding_time": 0.16209697723388672}