{"MSE": 7.7220611572265625, "PSNR": 39.253471240382, "encoding_time": 0.2729787826538086, "decoding_time": 0.16019129753112793}