{"MSE": 7.715667724609375, "PSNR": 39.257068443942266, "encoding_time": 0.2767462730407715, "decoding_time": 0.16549181938171387}