{"MSE": 7.903251647949219, "PSNR": 39.152745503097094, "encoding_time": 0.26940298080444336, "decoding_time": 0.15082311630249023}