{"MSE": 7.2552642822265625, "PSNR": 39.52427124077312, "encoding_time": 0.2661750316619873, "decoding_time": 0.14637184143066406}