{"MSE": 7.978630065917969, "PSNR": 39.11152031658342, "encoding_time": 0.2825431823730469, "decoding_time": 0.17195391654968262}