{"MSE": 7.064170837402344, "PSNR": 39.64019167347662, "encoding_time": 0.26982998847961426, "decoding_time": 0.14975404739379883}