{"MSE": 12.62503433227539, "PSNR": 37.11847793063549, "encoding_time": 0.32125425338745117, "decoding_time": 0.23825883865356445}