{"MSE": 12.53823471069336, "PSNR": 37.14843965471455, "encoding_time": 0.31633734703063965, "decoding_time": 0.23784279823303223}