{"MSE": 13.013145446777344, "PSNR": 36.9869807698356, "encoding_time": 0.32100796699523926, "decoding_time": 0.2413489818572998}