{"MSE": 13.528362274169922, "PSNR": 36.818351362097516, "encoding_time": 0.3460710048675537, "decoding_time": 0.2876918315887451}