{"MSE": 12.89825439453125, "PSNR": 37.02549422515958, "encoding_time": 0.32656192779541016, "decoding_time": 0.2475600242614746}