{"MSE": 11.351795196533203, "PSNR": 37.580158136737644, "encoding_time": 0.3153250217437744, "decoding_time": 0.22899198532104492}