{"MSE": 11.524986267089844, "PSNR": 37.51439944301292, "encoding_time": 0.3180708885192871, "decoding_time": 0.23492693901062012}