{"MSE": 12.914299011230469, "PSNR": 37.02009523244112, "encoding_time": 0.3234860897064209, "decoding_time": 0.24294495582580566}