{"MSE": 10.86629867553711, "PSNR": 37.76998722810098, "encoding_time": 0.31355810165405273, "decoding_time": 0.22429490089416504}