{"MSE": 12.931468963623047, "PSNR": 37.014324990533154, "encoding_time": 0.32500410079956055, "decoding_time": 0.24854087829589844}