{"MSE": 13.42270278930664, "PSNR": 36.852403868907395, "encoding_time": 0.32647109031677246, "decoding_time": 0.24449396133422852}