{"MSE": 12.438186645507812, "PSNR": 37.18323291385587, "encoding_time": 0.3258199691772461, "decoding_time": 0.2530021667480469}