{"MSE": 12.442520141601562, "PSNR": 37.18172008427591, "encoding_time": 0.32027101516723633, "decoding_time": 0.23610305786132812}