{"MSE": 13.050872802734375, "PSNR": 36.97440803926477, "encoding_time": 0.3287830352783203, "decoding_time": 0.24895405769348145}