{"MSE": 12.144718170166016, "PSNR": 37.2869291982984, "encoding_time": 0.3236877918243408, "decoding_time": 0.2423081398010254}