{"MSE": 11.39227294921875, "PSNR": 37.56469979122226, "encoding_time": 0.3179640769958496, "decoding_time": 0.2338409423828125}