{"MSE": 12.565574645996094, "PSNR": 37.13898006428887, "encoding_time": 0.3236970901489258, "decoding_time": 0.24185395240783691}