{"MSE": 13.37564468383789, "PSNR": 36.86765637398127, "encoding_time": 0.32492780685424805, "decoding_time": 0.2446141242980957}