{"MSE": 12.58243179321289, "PSNR": 37.13315776013838, "encoding_time": 0.3231520652770996, "decoding_time": 0.23824572563171387}