{"MSE": 10.821273803710938, "PSNR": 37.78801975017723, "encoding_time": 0.31233692169189453, "decoding_time": 0.22573113441467285}