{"MSE": 12.57373046875, "PSNR": 37.13616214316854, "encoding_time": 0.32071709632873535, "decoding_time": 0.2383899688720703}