{"MSE": 12.78924560546875, "PSNR": 37.06235433202766, "encoding_time": 0.3266160488128662, "decoding_time": 0.2543220520019531}