{"MSE": 12.6939697265625, "PSNR": 37.09482902623589, "encoding_time": 0.3279402256011963, "decoding_time": 0.2479710578918457}