{"MSE": 13.298713684082031, "PSNR": 36.892707249325134, "encoding_time": 0.33156895637512207, "decoding_time": 0.24891209602355957}