{"MSE": 12.761177062988281, "PSNR": 37.07189626264559, "encoding_time": 0.3250288963317871, "decoding_time": 0.24452710151672363}