{"MSE": 13.031986236572266, "PSNR": 36.98069748237183, "encoding_time": 0.3274037837982178, "decoding_time": 0.24256300926208496}