{"MSE": 12.673213958740234, "PSNR": 37.10193593850197, "encoding_time": 0.32444286346435547, "decoding_time": 0.24821925163269043}