{"MSE": 10.432647705078125, "PSNR": 37.94685818713852, "encoding_time": 0.37091684341430664, "decoding_time": 0.21011710166931152}