{"MSE": 12.718097686767578, "PSNR": 37.086582044237126, "encoding_time": 0.33087897300720215, "decoding_time": 0.2487330436706543}