{"MSE": 13.383979797363281, "PSNR": 36.86495088464997, "encoding_time": 0.3252730369567871, "decoding_time": 0.2444150447845459}