{"MSE": 12.643077850341797, "PSNR": 37.112275487330145, "encoding_time": 0.32382893562316895, "decoding_time": 0.24076223373413086}