{"MSE": 12.940788269042969, "PSNR": 37.011196293212556, "encoding_time": 0.3267629146575928, "decoding_time": 0.24569916725158691}