{"MSE": 11.162445068359375, "PSNR": 37.653210261777666, "encoding_time": 0.3170199394226074, "decoding_time": 0.22947120666503906}