{"MSE": 13.575363159179688, "PSNR": 36.80328904491505, "encoding_time": 0.329758882522583, "decoding_time": 0.2528350353240967}