{"MSE": 12.470935821533203, "PSNR": 37.17181316621241, "encoding_time": 0.3242499828338623, "decoding_time": 0.2416551113128662}