{"MSE": 12.574203491210938, "PSNR": 37.13599876509943, "encoding_time": 0.32912373542785645, "decoding_time": 0.25077128410339355}