{"MSE": 12.706466674804688, "PSNR": 37.09055559091819, "encoding_time": 0.33173394203186035, "decoding_time": 0.25243186950683594}