{"MSE": 12.620307922363281, "PSNR": 37.120104094976874, "encoding_time": 0.32413792610168457, "decoding_time": 0.24114274978637695}