{"MSE": 12.88039779663086, "PSNR": 37.0315108493931, "encoding_time": 0.3307509422302246, "decoding_time": 0.2552299499511719}