{"MSE": 11.995250701904297, "PSNR": 37.34071031672369, "encoding_time": 0.32372403144836426, "decoding_time": 0.2420501708984375}