{"MSE": 12.620223999023438, "PSNR": 37.12013297506824, "encoding_time": 0.3232710361480713, "decoding_time": 0.2391819953918457}