{"MSE": 13.50701904296875, "PSNR": 36.825208487102394, "encoding_time": 0.3239779472351074, "decoding_time": 0.2413320541381836}