{"MSE": 12.733207702636719, "PSNR": 37.08142537570166, "encoding_time": 0.32712817192077637, "decoding_time": 0.24316692352294922}