{"MSE": 10.174320220947266, "PSNR": 38.05574958612298, "encoding_time": 0.3039979934692383, "decoding_time": 0.21556591987609863}