{"MSE": 13.45816421508789, "PSNR": 36.84094537653906, "encoding_time": 0.32622623443603516, "decoding_time": 0.24571800231933594}