{"MSE": 12.683605194091797, "PSNR": 37.098376457008044, "encoding_time": 0.32485485076904297, "decoding_time": 0.24253392219543457}