{"MSE": 12.443439483642578, "PSNR": 37.18139920842335, "encoding_time": 0.32128095626831055, "decoding_time": 0.23694896697998047}