{"MSE": 13.334064483642578, "PSNR": 36.881178098216964, "encoding_time": 0.3306238651275635, "decoding_time": 0.25379490852355957}