{"MSE": 13.027435302734375, "PSNR": 36.98221435830894, "encoding_time": 0.3326437473297119, "decoding_time": 0.254223108291626}