{"MSE": 13.57332992553711, "PSNR": 36.80393955295261, "encoding_time": 0.3321521282196045, "decoding_time": 0.2540416717529297}