{"MSE": 12.187217712402344, "PSNR": 37.27175791432356, "encoding_time": 0.32011914253234863, "decoding_time": 0.24004387855529785}