{"MSE": 13.005191802978516, "PSNR": 36.98963599233294, "encoding_time": 0.32673096656799316, "decoding_time": 0.2493429183959961}