{"MSE": 13.509742736816406, "PSNR": 36.82433281945423, "encoding_time": 0.33293581008911133, "decoding_time": 0.25012826919555664}