{"MSE": 10.924823760986328, "PSNR": 37.74665921197853, "encoding_time": 0.3075718879699707, "decoding_time": 0.21823596954345703}