{"MSE": 10.410316467285156, "PSNR": 37.95616428868749, "encoding_time": 0.3062410354614258, "decoding_time": 0.21996688842773438}