{"MSE": 11.406429290771484, "PSNR": 37.55930648265083, "encoding_time": 0.32048702239990234, "decoding_time": 0.23255205154418945}