{"MSE": 12.469951629638672, "PSNR": 37.17215591994159, "encoding_time": 0.321990966796875, "decoding_time": 0.23721098899841309}