{"MSE": 12.676952362060547, "PSNR": 37.100655025450465, "encoding_time": 0.32214999198913574, "decoding_time": 0.2405240535736084}