{"MSE": 12.974365234375, "PSNR": 36.999942415113274, "encoding_time": 0.3296172618865967, "decoding_time": 0.2473297119140625}