{"MSE": 12.989524841308594, "PSNR": 36.99487096059083, "encoding_time": 0.33058810234069824, "decoding_time": 0.2646629810333252}