{"MSE": 12.065780639648438, "PSNR": 37.3152493544995, "encoding_time": 0.31912684440612793, "decoding_time": 0.23464107513427734}