{"MSE": 13.905147552490234, "PSNR": 36.699047591893205, "encoding_time": 0.3314051628112793, "decoding_time": 0.255795955657959}