{"MSE": 13.05038070678711, "PSNR": 36.97457179734208, "encoding_time": 0.32669806480407715, "decoding_time": 0.24666094779968262}