{"MSE": 12.65704345703125, "PSNR": 37.107480896455264, "encoding_time": 0.3291041851043701, "decoding_time": 0.25138306617736816}