{"MSE": 10.90093994140625, "PSNR": 37.756164139578935, "encoding_time": 0.31746792793273926, "decoding_time": 0.2264549732208252}