{"MSE": 12.116130828857422, "PSNR": 37.2971640671022, "encoding_time": 0.31967806816101074, "decoding_time": 0.2347428798675537}