{"MSE": 13.275627136230469, "PSNR": 36.90025314702271, "encoding_time": 0.32764220237731934, "decoding_time": 0.24789905548095703}