{"MSE": 12.62872314453125, "PSNR": 37.11720918413679, "encoding_time": 0.32118916511535645, "decoding_time": 0.2450428009033203}