{"MSE": 10.815128326416016, "PSNR": 37.79048683960695, "encoding_time": 0.31415867805480957, "decoding_time": 0.22478127479553223}