{"MSE": 12.837230682373047, "PSNR": 37.04609015412423, "encoding_time": 0.32558393478393555, "decoding_time": 0.24428319931030273}