{"MSE": 12.405780792236328, "PSNR": 37.19456257871241, "encoding_time": 0.3238949775695801, "decoding_time": 0.24237322807312012}