{"MSE": 10.746932983398438, "PSNR": 37.81795820191433, "encoding_time": 0.31414079666137695, "decoding_time": 0.22580885887145996}