{"MSE": 12.517192840576172, "PSNR": 37.15573417819495, "encoding_time": 0.3230910301208496, "decoding_time": 0.23972082138061523}