{"MSE": 13.294841766357422, "PSNR": 36.89397188091394, "encoding_time": 0.3312201499938965, "decoding_time": 0.24866390228271484}