{"MSE": 11.104705810546875, "PSNR": 37.67573303300707, "encoding_time": 0.3141312599182129, "decoding_time": 0.22631096839904785}