{"MSE": 13.092674255371094, "PSNR": 36.96051998065821, "encoding_time": 0.3332400321960449, "decoding_time": 0.24947094917297363}