{"MSE": 13.031185150146484, "PSNR": 36.98096445480523, "encoding_time": 0.3227813243865967, "decoding_time": 0.24619483947753906}