{"MSE": 12.713897705078125, "PSNR": 37.08801648055273, "encoding_time": 0.32145094871520996, "decoding_time": 0.23691582679748535}