{"MSE": 10.525714874267578, "PSNR": 37.9082875940947, "encoding_time": 0.31145501136779785, "decoding_time": 0.22069406509399414}