{"MSE": 12.942405700683594, "PSNR": 37.01065351503911, "encoding_time": 0.3263070583343506, "decoding_time": 0.2507030963897705}