{"MSE": 12.659759521484375, "PSNR": 37.10654904750893, "encoding_time": 0.3297710418701172, "decoding_time": 0.251450777053833}