{"MSE": 11.047229766845703, "PSNR": 37.69826974050926, "encoding_time": 0.31212282180786133, "decoding_time": 0.2189021110534668}