{"MSE": 12.925411224365234, "PSNR": 37.01635991722306, "encoding_time": 0.3306729793548584, "decoding_time": 0.2554140090942383}