{"MSE": 13.560226440429688, "PSNR": 36.808134190501406, "encoding_time": 0.3293750286102295, "decoding_time": 0.2522697448730469}