{"MSE": 12.948566436767578, "PSNR": 37.008586714517264, "encoding_time": 0.33039402961730957, "decoding_time": 0.25068211555480957}