{"MSE": 11.363990783691406, "PSNR": 37.57549488033977, "encoding_time": 0.3145179748535156, "decoding_time": 0.2307891845703125}