{"MSE": 10.642658233642578, "PSNR": 37.860302449375084, "encoding_time": 0.3134880065917969, "decoding_time": 0.2217550277709961}