{"MSE": 12.47146224975586, "PSNR": 37.17162984392592, "encoding_time": 0.3186519145965576, "decoding_time": 0.23649311065673828}