{"MSE": 12.946578979492188, "PSNR": 37.00925335818004, "encoding_time": 0.3256380558013916, "decoding_time": 0.24682092666625977}