{"MSE": 12.859848022460938, "PSNR": 37.03844524736674, "encoding_time": 0.3287959098815918, "decoding_time": 0.24868416786193848}