{"MSE": 10.829475402832031, "PSNR": 37.78472941654722, "encoding_time": 0.31532716751098633, "decoding_time": 0.2220468521118164}