{"MSE": 12.548561096191406, "PSNR": 37.14486431370439, "encoding_time": 0.3305537700653076, "decoding_time": 0.24831938743591309}