{"MSE": 13.330265045166016, "PSNR": 36.88241576307111, "encoding_time": 0.33052587509155273, "decoding_time": 0.25176501274108887}