{"MSE": 12.805953979492188, "PSNR": 37.056684240925925, "encoding_time": 0.326977014541626, "decoding_time": 0.2479689121246338}