{"MSE": 12.848709106445312, "PSNR": 37.04220864026229, "encoding_time": 0.3254878520965576, "decoding_time": 0.24545907974243164}