{"MSE": 13.05661392211914, "PSNR": 36.97249798447075, "encoding_time": 0.3256549835205078, "decoding_time": 0.2437419891357422}