{"MSE": 13.062126159667969, "PSNR": 36.970664868188386, "encoding_time": 0.3219141960144043, "decoding_time": 0.2400059700012207}