{"MSE": 12.598731994628906, "PSNR": 37.12753523325495, "encoding_time": 0.32210612297058105, "decoding_time": 0.2378859519958496}