{"MSE": 11.286460876464844, "PSNR": 37.60522580393853, "encoding_time": 0.31494593620300293, "decoding_time": 0.2345879077911377}