{"MSE": 10.755088806152344, "PSNR": 37.814663601041964, "encoding_time": 0.31421637535095215, "decoding_time": 0.22449088096618652}