{"MSE": 12.383548736572266, "PSNR": 37.20235243174065, "encoding_time": 0.3182530403137207, "decoding_time": 0.23301911354064941}