{"MSE": 13.185012817382812, "PSNR": 36.92999804552949, "encoding_time": 0.32941579818725586, "decoding_time": 0.24909329414367676}