{"MSE": 12.815723419189453, "PSNR": 37.05337234694536, "encoding_time": 0.3264639377593994, "decoding_time": 0.24385714530944824}