{"MSE": 10.4031982421875, "PSNR": 37.959134864339454, "encoding_time": 0.3279280662536621, "decoding_time": 0.21999788284301758}