{"MSE": 12.576423645019531, "PSNR": 37.13523202433759, "encoding_time": 0.3182501792907715, "decoding_time": 0.2366499900817871}