{"MSE": 13.161197662353516, "PSNR": 36.937849492127356, "encoding_time": 0.32139015197753906, "decoding_time": 0.24063491821289062}