{"MSE": 10.733470916748047, "PSNR": 37.823401769971895, "encoding_time": 0.30750489234924316, "decoding_time": 0.21578311920166016}