{"MSE": 13.263084411621094, "PSNR": 36.90435827208249, "encoding_time": 0.3318519592285156, "decoding_time": 0.24925589561462402}