{"MSE": 12.881217956542969, "PSNR": 37.031234320989256, "encoding_time": 0.3256340026855469, "decoding_time": 0.2430891990661621}