{"MSE": 11.096412658691406, "PSNR": 37.67897761751837, "encoding_time": 0.3131568431854248, "decoding_time": 0.22079706192016602}