{"MSE": 12.457599639892578, "PSNR": 37.176459913838386, "encoding_time": 0.3290681838989258, "decoding_time": 0.24956774711608887}