{"MSE": 12.762214660644531, "PSNR": 37.07154315680317, "encoding_time": 0.32582807540893555, "decoding_time": 0.24530696868896484}