{"MSE": 10.27657699584961, "PSNR": 38.01231880388564, "encoding_time": 0.3105800151824951, "decoding_time": 0.2215430736541748}