{"MSE": 10.89676284790039, "PSNR": 37.75782861651921, "encoding_time": 0.30529308319091797, "decoding_time": 0.2139148712158203}