{"MSE": 13.474609375, "PSNR": 36.835641768971456, "encoding_time": 0.32605981826782227, "decoding_time": 0.24431514739990234}