{"MSE": 13.321537017822266, "PSNR": 36.88526024933875, "encoding_time": 0.32703685760498047, "decoding_time": 0.25255918502807617}