{"MSE": 12.820831298828125, "PSNR": 37.05164175249142, "encoding_time": 0.3232569694519043, "decoding_time": 0.24753904342651367}