{"MSE": 12.898197174072266, "PSNR": 37.02551349178586, "encoding_time": 0.3246188163757324, "decoding_time": 0.24213695526123047}