{"MSE": 13.245742797851562, "PSNR": 36.91004043084588, "encoding_time": 0.33194804191589355, "decoding_time": 0.251187801361084}