{"MSE": 11.132694244384766, "PSNR": 37.66480079384121, "encoding_time": 0.3095111846923828, "decoding_time": 0.21623873710632324}