{"MSE": 12.165355682373047, "PSNR": 37.279555498095604, "encoding_time": 0.3164181709289551, "decoding_time": 0.2323620319366455}