{"MSE": 12.957740783691406, "PSNR": 37.00551073122352, "encoding_time": 0.3305327892303467, "decoding_time": 0.2524580955505371}