{"MSE": 12.506301879882812, "PSNR": 37.1595145330041, "encoding_time": 0.32531213760375977, "decoding_time": 0.24105477333068848}