{"MSE": 13.281791687011719, "PSNR": 36.89823696431037, "encoding_time": 0.3206663131713867, "decoding_time": 0.2391507625579834}