{"MSE": 13.253318786621094, "PSNR": 36.90755716539384, "encoding_time": 0.32935500144958496, "decoding_time": 0.25057005882263184}