{"MSE": 12.152629852294922, "PSNR": 37.28410090608361, "encoding_time": 0.31899499893188477, "decoding_time": 0.23553705215454102}