{"MSE": 13.565086364746094, "PSNR": 36.80657797741673, "encoding_time": 0.32756900787353516, "decoding_time": 0.24789905548095703}