{"MSE": 12.755413055419922, "PSNR": 37.073858340424444, "encoding_time": 0.3243529796600342, "decoding_time": 0.24123907089233398}