{"MSE": 10.833362579345703, "PSNR": 37.78317082175039, "encoding_time": 0.30670905113220215, "decoding_time": 0.22008991241455078}