{"MSE": 12.841789245605469, "PSNR": 37.04454822699181, "encoding_time": 0.33179593086242676, "decoding_time": 0.2504618167877197}