{"MSE": 13.410327911376953, "PSNR": 36.856409634517746, "encoding_time": 0.3171992301940918, "decoding_time": 0.24048304557800293}