{"MSE": 12.556449890136719, "PSNR": 37.142134930479706, "encoding_time": 0.3242959976196289, "decoding_time": 0.2421870231628418}