{"MSE": 10.989273071289062, "PSNR": 37.72111395611782, "encoding_time": 0.31613612174987793, "decoding_time": 0.2258589267730713}