{"MSE": 13.326091766357422, "PSNR": 36.88377561279524, "encoding_time": 0.324800968170166, "decoding_time": 0.24455022811889648}