{"MSE": 10.268665313720703, "PSNR": 38.01566361725823, "encoding_time": 0.31247687339782715, "decoding_time": 0.22077727317810059}