{"MSE": 10.146839141845703, "PSNR": 38.06749585322621, "encoding_time": 0.30901312828063965, "decoding_time": 0.22134995460510254}