{"MSE": 13.936275482177734, "PSNR": 36.68933638301397, "encoding_time": 0.3339869976043701, "decoding_time": 0.2556591033935547}