{"MSE": 13.037895202636719, "PSNR": 36.978728749675085, "encoding_time": 0.3250110149383545, "decoding_time": 0.2510979175567627}