{"MSE": 10.28372573852539, "PSNR": 38.00929875144589, "encoding_time": 0.31046295166015625, "decoding_time": 0.2209627628326416}