{"MSE": 10.83298110961914, "PSNR": 37.783323750365994, "encoding_time": 0.3069889545440674, "decoding_time": 0.21990203857421875}