{"MSE": 12.749351501464844, "PSNR": 37.07592266019351, "encoding_time": 0.3216419219970703, "decoding_time": 0.24194884300231934}