{"MSE": 10.922065734863281, "PSNR": 37.74775574842852, "encoding_time": 0.3076941967010498, "decoding_time": 0.21693181991577148}