{"MSE": 11.697772979736328, "PSNR": 37.4497717217062, "encoding_time": 0.27571773529052734, "decoding_time": 0.17614316940307617}