{"MSE": 11.386405944824219, "PSNR": 37.566936977761515, "encoding_time": 0.2714560031890869, "decoding_time": 0.16988515853881836}