{"MSE": 11.380695343017578, "PSNR": 37.5691156327195, "encoding_time": 0.2742137908935547, "decoding_time": 0.17077016830444336}