{"MSE": 12.234512329101562, "PSNR": 37.25493697928053, "encoding_time": 0.2808248996734619, "decoding_time": 0.17973923683166504}