{"MSE": 11.440681457519531, "PSNR": 37.546284671428914, "encoding_time": 0.27022576332092285, "decoding_time": 0.16907215118408203}