{"MSE": 11.696430206298828, "PSNR": 37.450270271787474, "encoding_time": 0.27458810806274414, "decoding_time": 0.17311692237854004}