{"MSE": 12.395187377929688, "PSNR": 37.198272644888945, "encoding_time": 0.2768688201904297, "decoding_time": 0.17568302154541016}