{"MSE": 11.387210845947266, "PSNR": 37.566629987335205, "encoding_time": 0.27238917350769043, "decoding_time": 0.17092084884643555}