{"MSE": 9.904621124267578, "PSNR": 38.172424934907674, "encoding_time": 0.2728431224822998, "decoding_time": 0.16347098350524902}