{"MSE": 11.279052734375, "PSNR": 37.60807733694757, "encoding_time": 0.2734549045562744, "decoding_time": 0.17307209968566895}