{"MSE": 8.067558288574219, "PSNR": 39.06338248977937, "encoding_time": 0.2781088352203369, "decoding_time": 0.15447402000427246}