{"MSE": 7.4715423583984375, "PSNR": 39.39670097928128, "encoding_time": 0.2724170684814453, "decoding_time": 0.13781404495239258}