{"MSE": 7.901557922363281, "PSNR": 39.15367632820495, "encoding_time": 0.27311205863952637, "decoding_time": 0.14150190353393555}