{"MSE": 7.948829650878906, "PSNR": 39.1277717102672, "encoding_time": 0.27323198318481445, "decoding_time": 0.13955903053283691}