{"MSE": 7.877376556396484, "PSNR": 39.166987546449626, "encoding_time": 0.27585601806640625, "decoding_time": 0.15377593040466309}