{"MSE": 8.611473083496094, "PSNR": 38.78002912397711, "encoding_time": 0.2721059322357178, "decoding_time": 0.14485812187194824}