{"MSE": 10.268054962158203, "PSNR": 38.015921761998115, "encoding_time": 0.27416396141052246, "decoding_time": 0.14600515365600586}