{"MSE": 10.71780776977539, "PSNR": 37.82974397418991, "encoding_time": 0.2735559940338135, "decoding_time": 0.15072202682495117}