{"MSE": 6.588825225830078, "PSNR": 39.942723731965714, "encoding_time": 0.26574206352233887, "decoding_time": 0.16190695762634277}