{"MSE": 7.572612762451172, "PSNR": 39.338346118117535, "encoding_time": 0.2704191207885742, "decoding_time": 0.1425487995147705}