{"MSE": 8.049129486083984, "PSNR": 39.07331446938922, "encoding_time": 0.2939438819885254, "decoding_time": 0.15796208381652832}