{"MSE": 7.649864196777344, "PSNR": 39.29426635402361, "encoding_time": 0.2789740562438965, "decoding_time": 0.14618992805480957}