{"MSE": 6.348682403564453, "PSNR": 40.103967590777586, "encoding_time": 0.26900792121887207, "decoding_time": 0.14098405838012695}