{"MSE": 8.181278228759766, "PSNR": 39.002591984767065, "encoding_time": 0.27265000343322754, "decoding_time": 0.14288997650146484}