{"MSE": 8.148876190185547, "PSNR": 39.019826414597134, "encoding_time": 0.2744419574737549, "decoding_time": 0.14475321769714355}