{"MSE": 7.5647125244140625, "PSNR": 39.34287932333277, "encoding_time": 0.2780721187591553, "decoding_time": 0.14279460906982422}