{"MSE": 10.513080596923828, "PSNR": 37.913503669891746, "encoding_time": 0.2757871150970459, "decoding_time": 0.15069580078125}