{"MSE": 7.832981109619141, "PSNR": 39.19153281688773, "encoding_time": 0.27912187576293945, "decoding_time": 0.17522406578063965}