{"MSE": 8.122249603271484, "PSNR": 39.034040292896336, "encoding_time": 0.2731609344482422, "decoding_time": 0.13727712631225586}