{"MSE": 6.871204376220703, "PSNR": 39.76047494535581, "encoding_time": 0.2626230716705322, "decoding_time": 0.13289284706115723}