{"MSE": 8.265018463134766, "PSNR": 38.95836532793645, "encoding_time": 0.2792980670928955, "decoding_time": 0.14985013008117676}