{"MSE": 5.671596527099609, "PSNR": 40.593750329606735, "encoding_time": 0.2615358829498291, "decoding_time": 0.12166714668273926}