{"MSE": 9.102413177490234, "PSNR": 38.539238157191356, "encoding_time": 0.27390003204345703, "decoding_time": 0.13933372497558594}