{"MSE": 7.718082427978516, "PSNR": 39.25570948406947, "encoding_time": 0.2689700126647949, "decoding_time": 0.14021611213684082}