{"MSE": 7.958271026611328, "PSNR": 39.12261635487367, "encoding_time": 0.269561767578125, "decoding_time": 0.13864827156066895}