{"MSE": 7.684001922607422, "PSNR": 39.27492896013797, "encoding_time": 0.2653160095214844, "decoding_time": 0.13603901863098145}