{"MSE": 7.896125793457031, "PSNR": 39.15666302390591, "encoding_time": 0.27867817878723145, "decoding_time": 0.1541578769683838}