{"MSE": 8.346866607666016, "PSNR": 38.91556887826411, "encoding_time": 0.27661705017089844, "decoding_time": 0.14299488067626953}