{"MSE": 10.325572967529297, "PSNR": 37.99166200807543, "encoding_time": 0.323333740234375, "decoding_time": 0.19988727569580078}