{"MSE": 8.33919906616211, "PSNR": 38.919560198044806, "encoding_time": 0.2551701068878174, "decoding_time": 0.13933491706848145}