{"MSE": 10.632644653320312, "PSNR": 37.8643906102086, "encoding_time": 0.27956414222717285, "decoding_time": 0.1638340950012207}