{"MSE": 8.993328094482422, "PSNR": 38.59159923239608, "encoding_time": 0.26266908645629883, "decoding_time": 0.14853620529174805}