{"MSE": 10.511810302734375, "PSNR": 37.9140284590668, "encoding_time": 0.28679800033569336, "decoding_time": 0.18050098419189453}