{"MSE": 9.314239501953125, "PSNR": 38.439329598845376, "encoding_time": 0.2606337070465088, "decoding_time": 0.15144014358520508}