{"MSE": 8.398799896240234, "PSNR": 38.88863126672196, "encoding_time": 0.266787052154541, "decoding_time": 0.15071392059326172}