{"MSE": 8.104393005371094, "PSNR": 39.043598678141095, "encoding_time": 0.2510557174682617, "decoding_time": 0.13856816291809082}