{"MSE": 8.305843353271484, "PSNR": 38.936966247335064, "encoding_time": 0.2472689151763916, "decoding_time": 0.13745808601379395}