{"MSE": 10.62447738647461, "PSNR": 37.8677278438108, "encoding_time": 0.28402209281921387, "decoding_time": 0.1803138256072998}