{"MSE": 10.887012481689453, "PSNR": 37.76171640039567, "encoding_time": 0.27986598014831543, "decoding_time": 0.1674199104309082}