{"MSE": 9.028419494628906, "PSNR": 38.57468631023775, "encoding_time": 0.2580380439758301, "decoding_time": 0.148345947265625}