{"MSE": 8.763938903808594, "PSNR": 38.70381019572953, "encoding_time": 0.2523620128631592, "decoding_time": 0.14005780220031738}