{"MSE": 10.843929290771484, "PSNR": 37.7789368382297, "encoding_time": 0.29119300842285156, "decoding_time": 0.17483997344970703}