{"MSE": 8.44085693359375, "PSNR": 38.866938215124954, "encoding_time": 0.2623310089111328, "decoding_time": 0.15030598640441895}