{"MSE": 8.741863250732422, "PSNR": 38.71476352344661, "encoding_time": 0.2676410675048828, "decoding_time": 0.1509242057800293}