{"MSE": 8.450141906738281, "PSNR": 38.8621635856959, "encoding_time": 0.2672262191772461, "decoding_time": 0.14925789833068848}