{"MSE": 8.5902099609375, "PSNR": 38.790765819304745, "encoding_time": 0.26657819747924805, "decoding_time": 0.1500380039215088}