{"MSE": 11.032463073730469, "PSNR": 37.70407878354112, "encoding_time": 0.28269004821777344, "decoding_time": 0.16751694679260254}