{"MSE": 10.317981719970703, "PSNR": 37.99485606755207, "encoding_time": 0.2785952091217041, "decoding_time": 0.1641709804534912}