{"MSE": 10.281181335449219, "PSNR": 38.01037341734872, "encoding_time": 0.2859041690826416, "decoding_time": 0.1755979061126709}