{"MSE": 8.388919830322266, "PSNR": 38.893743168367095, "encoding_time": 0.2499561309814453, "decoding_time": 0.1383359432220459}