{"MSE": 8.281574249267578, "PSNR": 38.9496746094479, "encoding_time": 0.2502009868621826, "decoding_time": 0.13785982131958008}