{"MSE": 9.085891723632812, "PSNR": 38.54712803836032, "encoding_time": 0.26212310791015625, "decoding_time": 0.14977002143859863}