{"MSE": 10.835758209228516, "PSNR": 37.782210553123726, "encoding_time": 0.30654120445251465, "decoding_time": 0.22691679000854492}