{"MSE": 8.233821868896484, "PSNR": 38.974788936633445, "encoding_time": 0.2543919086456299, "decoding_time": 0.13967013359069824}