{"MSE": 10.499114990234375, "PSNR": 37.91927668565262, "encoding_time": 0.32558703422546387, "decoding_time": 0.2087540626525879}