{"MSE": 10.838939666748047, "PSNR": 37.78093562005387, "encoding_time": 0.28004884719848633, "decoding_time": 0.16661310195922852}