{"MSE": 8.342426300048828, "PSNR": 38.917879822355346, "encoding_time": 0.24987006187438965, "decoding_time": 0.13791298866271973}