{"MSE": 10.644790649414062, "PSNR": 37.85943236258276, "encoding_time": 0.2662210464477539, "decoding_time": 0.15794992446899414}