{"MSE": 9.362751007080078, "PSNR": 38.416768869530664, "encoding_time": 0.2650296688079834, "decoding_time": 0.1557323932647705}