{"MSE": 8.32486343383789, "PSNR": 38.927032430639784, "encoding_time": 0.2655799388885498, "decoding_time": 0.15035796165466309}