{"MSE": 9.646499633789062, "PSNR": 38.28710608716621, "encoding_time": 0.2637462615966797, "decoding_time": 0.15734171867370605}