{"MSE": 10.743309020996094, "PSNR": 37.81942292891792, "encoding_time": 0.26772189140319824, "decoding_time": 0.15921521186828613}