{"MSE": 8.658981323242188, "PSNR": 38.756135579633714, "encoding_time": 0.25205183029174805, "decoding_time": 0.13912391662597656}