{"MSE": 8.857475280761719, "PSNR": 38.65770411880055, "encoding_time": 0.2643289566040039, "decoding_time": 0.14861798286437988}