{"MSE": 9.068607330322266, "PSNR": 38.55539763465551, "encoding_time": 0.26507115364074707, "decoding_time": 0.1544027328491211}