{"MSE": 8.505531311035156, "PSNR": 38.833789132022545, "encoding_time": 0.2662661075592041, "decoding_time": 0.14905285835266113}