{"MSE": 10.341468811035156, "PSNR": 37.98498134370645, "encoding_time": 0.2809641361236572, "decoding_time": 0.16759085655212402}