{"MSE": 10.648021697998047, "PSNR": 37.85811433417142, "encoding_time": 0.2864539623260498, "decoding_time": 0.17377734184265137}