{"MSE": 8.62100601196289, "PSNR": 38.77522412914277, "encoding_time": 0.2543928623199463, "decoding_time": 0.13910222053527832}