{"MSE": 10.65408706665039, "PSNR": 37.85564119290948, "encoding_time": 0.289017915725708, "decoding_time": 0.18079876899719238}