{"MSE": 10.641563415527344, "PSNR": 37.86074923429811, "encoding_time": 0.2787199020385742, "decoding_time": 0.16389226913452148}