{"MSE": 9.129138946533203, "PSNR": 38.52650543728362, "encoding_time": 0.26464080810546875, "decoding_time": 0.15442514419555664}