{"MSE": 8.158527374267578, "PSNR": 39.014685858084306, "encoding_time": 0.2516007423400879, "decoding_time": 0.13819289207458496}