{"MSE": 10.897632598876953, "PSNR": 37.75748198790923, "encoding_time": 0.2803938388824463, "decoding_time": 0.167647123336792}