{"MSE": 8.20339584350586, "PSNR": 38.99086692532528, "encoding_time": 0.2512848377227783, "decoding_time": 0.13669204711914062}