{"MSE": 8.43221664428711, "PSNR": 38.87138604767732, "encoding_time": 0.25141024589538574, "decoding_time": 0.13858795166015625}