{"MSE": 8.404312133789062, "PSNR": 38.885781872595444, "encoding_time": 0.2506599426269531, "decoding_time": 0.13717126846313477}