{"MSE": 11.17850112915039, "PSNR": 37.64696785848683, "encoding_time": 0.2831239700317383, "decoding_time": 0.1744849681854248}