{"MSE": 8.377490997314453, "PSNR": 38.89966391065316, "encoding_time": 0.26016736030578613, "decoding_time": 0.14487886428833008}