{"MSE": 8.168937683105469, "PSNR": 39.00914777819257, "encoding_time": 0.2506277561187744, "decoding_time": 0.13628697395324707}