{"MSE": 14.067329406738281, "PSNR": 36.64868703660784, "encoding_time": 0.2894711494445801, "decoding_time": 0.19512677192687988}