{"MSE": 13.379798889160156, "PSNR": 36.86630775237631, "encoding_time": 0.3011336326599121, "decoding_time": 0.1902163028717041}