{"MSE": 14.472476959228516, "PSNR": 36.525374940429835, "encoding_time": 0.30713391304016113, "decoding_time": 0.19325900077819824}