{"MSE": 12.04129409790039, "PSNR": 37.32407197087674, "encoding_time": 0.2925541400909424, "decoding_time": 0.18142104148864746}