{"MSE": 18.179210662841797, "PSNR": 35.53505338539404, "encoding_time": 0.3149538040161133, "decoding_time": 0.20447802543640137}