{"MSE": 16.249576568603516, "PSNR": 36.02238312249318, "encoding_time": 0.3017578125, "decoding_time": 0.19257593154907227}