{"MSE": 18.022750854492188, "PSNR": 35.57259281786, "encoding_time": 0.31252121925354004, "decoding_time": 0.20391201972961426}