{"MSE": 16.990924835205078, "PSNR": 35.8286334221694, "encoding_time": 0.3105809688568115, "decoding_time": 0.20957398414611816}