{"MSE": 14.199485778808594, "PSNR": 36.608077437714435, "encoding_time": 0.3179299831390381, "decoding_time": 0.21225595474243164}