{"MSE": 11.39126205444336, "PSNR": 37.565085180076935, "encoding_time": 0.30922603607177734, "decoding_time": 0.18675494194030762}