{"MSE": 16.858078002929688, "PSNR": 35.862723018664376, "encoding_time": 0.31594395637512207, "decoding_time": 0.22657418251037598}