{"MSE": 17.555889129638672, "PSNR": 35.68657531377714, "encoding_time": 0.3094141483306885, "decoding_time": 0.20781397819519043}