{"MSE": 14.234378814697266, "PSNR": 36.59741841491409, "encoding_time": 0.30088210105895996, "decoding_time": 0.1977088451385498}