{"MSE": 13.382484436035156, "PSNR": 36.86543613901025, "encoding_time": 0.30028796195983887, "decoding_time": 0.1954481601715088}