{"MSE": 17.533401489257812, "PSNR": 35.69214183238907, "encoding_time": 0.3067290782928467, "decoding_time": 0.19315600395202637}