{"MSE": 15.493988037109375, "PSNR": 36.22917144555353, "encoding_time": 0.3117368221282959, "decoding_time": 0.19982194900512695}