{"MSE": 16.56072235107422, "PSNR": 35.94001084805304, "encoding_time": 0.33982419967651367, "decoding_time": 0.19752192497253418}