{"MSE": 14.135799407958984, "PSNR": 36.627599871192466, "encoding_time": 0.2991340160369873, "decoding_time": 0.18872976303100586}