{"MSE": 15.74200439453125, "PSNR": 36.16020331570222, "encoding_time": 0.326951265335083, "decoding_time": 0.23291492462158203}