{"MSE": 13.43191909790039, "PSNR": 36.84942293539082, "encoding_time": 0.30034518241882324, "decoding_time": 0.1900496482849121}