{"MSE": 11.264228820800781, "PSNR": 37.61378896750824, "encoding_time": 0.2893247604370117, "decoding_time": 0.20774006843566895}