{"MSE": 11.922416687011719, "PSNR": 37.36716064569932, "encoding_time": 0.2949819564819336, "decoding_time": 0.16612815856933594}