{"MSE": 18.120567321777344, "PSNR": 35.5490857034939, "encoding_time": 0.30974292755126953, "decoding_time": 0.20093417167663574}