{"MSE": 15.028934478759766, "PSNR": 36.36152169795215, "encoding_time": 0.30558109283447266, "decoding_time": 0.20427584648132324}