{"MSE": 13.43099594116211, "PSNR": 36.849721430082816, "encoding_time": 0.29608726501464844, "decoding_time": 0.18450284004211426}