{"MSE": 11.59063720703125, "PSNR": 37.48973048468554, "encoding_time": 0.32093095779418945, "decoding_time": 0.17790913581848145}