{"MSE": 12.412471771240234, "PSNR": 37.19222087046933, "encoding_time": 0.29645586013793945, "decoding_time": 0.200286865234375}