{"MSE": 11.49664306640625, "PSNR": 37.525093127371484, "encoding_time": 0.2903881072998047, "decoding_time": 0.18932390213012695}