{"MSE": 14.079307556152344, "PSNR": 36.64499064864161, "encoding_time": 0.3003966808319092, "decoding_time": 0.20970702171325684}