{"MSE": 14.003982543945312, "PSNR": 36.668288001254545, "encoding_time": 0.30269789695739746, "decoding_time": 0.20975708961486816}