{"MSE": 13.878299713134766, "PSNR": 36.707440986709116, "encoding_time": 0.29985690116882324, "decoding_time": 0.1997208595275879}