{"MSE": 13.940116882324219, "PSNR": 36.68813945704511, "encoding_time": 0.3014180660247803, "decoding_time": 0.20730328559875488}