{"MSE": 11.942768096923828, "PSNR": 37.35975361554533, "encoding_time": 0.29381608963012695, "decoding_time": 0.18946623802185059}