{"MSE": 11.543510437011719, "PSNR": 37.50742460922875, "encoding_time": 0.29281187057495117, "decoding_time": 0.1910381317138672}