{"MSE": 15.10628890991211, "PSNR": 36.33922574483939, "encoding_time": 0.30594706535339355, "decoding_time": 0.2143268585205078}