{"MSE": 10.251632690429688, "PSNR": 38.022873235758816, "encoding_time": 0.2845611572265625, "decoding_time": 0.17681884765625}