{"MSE": 12.492843627929688, "PSNR": 37.1641905689287, "encoding_time": 0.2955911159515381, "decoding_time": 0.19915509223937988}