{"MSE": 14.09329605102539, "PSNR": 36.640677858302844, "encoding_time": 0.30068516731262207, "decoding_time": 0.20854496955871582}