{"MSE": 13.606266021728516, "PSNR": 36.793414030895065, "encoding_time": 0.2994260787963867, "decoding_time": 0.2055816650390625}