{"MSE": 14.290088653564453, "PSNR": 36.58045437770823, "encoding_time": 0.304797887802124, "decoding_time": 0.21181011199951172}