{"MSE": 13.864151000976562, "PSNR": 36.71187081031225, "encoding_time": 0.3001718521118164, "decoding_time": 0.207625150680542}