{"MSE": 11.313312530517578, "PSNR": 37.59490576181908, "encoding_time": 0.28995800018310547, "decoding_time": 0.18575406074523926}