{"MSE": 10.955978393554688, "PSNR": 37.73429193763645, "encoding_time": 0.28484416007995605, "decoding_time": 0.18123388290405273}