{"MSE": 12.081829071044922, "PSNR": 37.30947673658132, "encoding_time": 0.2931540012359619, "decoding_time": 0.1913149356842041}