{"MSE": 11.053997039794922, "PSNR": 37.69561016924027, "encoding_time": 0.29329419136047363, "decoding_time": 0.19139790534973145}