{"MSE": 10.64876937866211, "PSNR": 37.85780939284426, "encoding_time": 0.28614306449890137, "decoding_time": 0.18064093589782715}