{"MSE": 11.284294128417969, "PSNR": 37.60605963224699, "encoding_time": 0.29256701469421387, "decoding_time": 0.202531099319458}