{"MSE": 10.94537353515625, "PSNR": 37.73849773448291, "encoding_time": 0.2875669002532959, "decoding_time": 0.1821269989013672}