{"MSE": 14.152935028076172, "PSNR": 36.6223384791087, "encoding_time": 0.303192138671875, "decoding_time": 0.21086907386779785}