{"MSE": 14.491958618164062, "PSNR": 36.51953275632975, "encoding_time": 0.30106306076049805, "decoding_time": 0.20890188217163086}