{"MSE": 14.102222442626953, "PSNR": 36.63792800091238, "encoding_time": 0.3025829792022705, "decoding_time": 0.2096881866455078}