{"MSE": 13.99575424194336, "PSNR": 36.67084052971942, "encoding_time": 0.30353307723999023, "decoding_time": 0.20972371101379395}