{"MSE": 14.085063934326172, "PSNR": 36.6432153821051, "encoding_time": 0.3031151294708252, "decoding_time": 0.20993804931640625}