{"MSE": 10.41103744506836, "PSNR": 37.95586352373795, "encoding_time": 0.28394007682800293, "decoding_time": 0.17674612998962402}