{"MSE": 10.777603149414062, "PSNR": 37.8055817281153, "encoding_time": 0.28644895553588867, "decoding_time": 0.18037199974060059}