{"MSE": 13.764827728271484, "PSNR": 36.743095804548894, "encoding_time": 0.29766106605529785, "decoding_time": 0.2066199779510498}