{"MSE": 13.81673812866211, "PSNR": 36.7267483446702, "encoding_time": 0.3017420768737793, "decoding_time": 0.21050310134887695}