{"MSE": 11.09539794921875, "PSNR": 37.67937477549056, "encoding_time": 0.2919020652770996, "decoding_time": 0.19522666931152344}