{"MSE": 10.241512298583984, "PSNR": 38.02716270005816, "encoding_time": 0.2867119312286377, "decoding_time": 0.1774899959564209}