{"MSE": 10.826286315917969, "PSNR": 37.786008524506656, "encoding_time": 0.2916991710662842, "decoding_time": 0.18725299835205078}