{"MSE": 14.232585906982422, "PSNR": 36.597965470025706, "encoding_time": 0.301954984664917, "decoding_time": 0.2077789306640625}