{"MSE": 11.348384857177734, "PSNR": 37.581463052884686, "encoding_time": 0.290844202041626, "decoding_time": 0.18586087226867676}