{"MSE": 11.526165008544922, "PSNR": 37.51395528219522, "encoding_time": 0.29551076889038086, "decoding_time": 0.19330906867980957}