{"MSE": 15.249763488769531, "PSNR": 36.29817252681421, "encoding_time": 0.30825018882751465, "decoding_time": 0.21405482292175293}