{"MSE": 11.35744857788086, "PSNR": 37.577995816936514, "encoding_time": 0.28845810890197754, "decoding_time": 0.18546509742736816}