{"MSE": 14.318859100341797, "PSNR": 36.57171945281908, "encoding_time": 0.309171199798584, "decoding_time": 0.20932579040527344}