{"MSE": 13.730308532714844, "PSNR": 36.75400064523358, "encoding_time": 0.3012580871582031, "decoding_time": 0.20465493202209473}