{"MSE": 10.365043640136719, "PSNR": 37.97509225916017, "encoding_time": 0.2872161865234375, "decoding_time": 0.17937898635864258}