{"MSE": 10.99163818359375, "PSNR": 37.72017936772422, "encoding_time": 0.2897489070892334, "decoding_time": 0.18344521522521973}