{"MSE": 13.487808227539062, "PSNR": 36.83138978432561, "encoding_time": 0.3016848564147949, "decoding_time": 0.20622587203979492}