{"MSE": 12.556636810302734, "PSNR": 37.14207028020582, "encoding_time": 0.2979559898376465, "decoding_time": 0.19942092895507812}