{"MSE": 14.850299835205078, "PSNR": 36.41345138496803, "encoding_time": 0.3023090362548828, "decoding_time": 0.2095797061920166}