{"MSE": 13.678260803222656, "PSNR": 36.77049480704658, "encoding_time": 0.30214810371398926, "decoding_time": 0.20644497871398926}