{"MSE": 13.562549591064453, "PSNR": 36.80739021687378, "encoding_time": 0.301926851272583, "decoding_time": 0.20743703842163086}