{"MSE": 10.079429626464844, "PSNR": 38.09644403866291, "encoding_time": 0.2842409610748291, "decoding_time": 0.17381501197814941}