{"MSE": 11.212841033935547, "PSNR": 37.63364695727334, "encoding_time": 0.2942979335784912, "decoding_time": 0.19773411750793457}