{"MSE": 14.97524642944336, "PSNR": 36.37706383090912, "encoding_time": 0.30527520179748535, "decoding_time": 0.22156882286071777}