{"MSE": 12.890090942382812, "PSNR": 37.02824379462086, "encoding_time": 0.29825592041015625, "decoding_time": 0.19898486137390137}