{"MSE": 13.506195068359375, "PSNR": 36.8254734297521, "encoding_time": 0.3006582260131836, "decoding_time": 0.2044086456298828}