{"MSE": 11.068290710449219, "PSNR": 37.68999803434244, "encoding_time": 0.2893869876861572, "decoding_time": 0.18306207656860352}