{"MSE": 13.967517852783203, "PSNR": 36.67961125735634, "encoding_time": 0.30181312561035156, "decoding_time": 0.20918989181518555}