{"MSE": 11.582866668701172, "PSNR": 37.49264303693725, "encoding_time": 0.29547619819641113, "decoding_time": 0.1930398941040039}