{"MSE": 14.356575012207031, "PSNR": 36.5602951641516, "encoding_time": 0.30481386184692383, "decoding_time": 0.21151208877563477}