{"MSE": 13.658432006835938, "PSNR": 36.776795158317064, "encoding_time": 0.2990891933441162, "decoding_time": 0.20754480361938477}