{"MSE": 10.623714447021484, "PSNR": 37.86803972013162, "encoding_time": 0.28557276725769043, "decoding_time": 0.1806809902191162}