{"MSE": 13.786872863769531, "PSNR": 36.736145901249245, "encoding_time": 0.29901695251464844, "decoding_time": 0.20686984062194824}