{"MSE": 15.104000091552734, "PSNR": 36.33988381281445, "encoding_time": 0.30280613899230957, "decoding_time": 0.21192002296447754}