{"MSE": 10.259674072265625, "PSNR": 38.01946796472703, "encoding_time": 0.28354406356811523, "decoding_time": 0.17637205123901367}