{"MSE": 15.384960174560547, "PSNR": 36.25983984495741, "encoding_time": 0.3039209842681885, "decoding_time": 0.20649003982543945}