{"MSE": 14.377483367919922, "PSNR": 36.55397486995976, "encoding_time": 0.3051011562347412, "decoding_time": 0.21179795265197754}