{"MSE": 14.19375991821289, "PSNR": 36.609829058308364, "encoding_time": 0.3013272285461426, "decoding_time": 0.2107529640197754}