{"MSE": 10.217548370361328, "PSNR": 38.0373365850862, "encoding_time": 0.2834510803222656, "decoding_time": 0.17411375045776367}