{"MSE": 10.577568054199219, "PSNR": 37.88694532681821, "encoding_time": 0.28670287132263184, "decoding_time": 0.1818699836730957}