{"MSE": 13.347042083740234, "PSNR": 36.87695331050735, "encoding_time": 0.2988698482513428, "decoding_time": 0.20517921447753906}