{"MSE": 10.622566223144531, "PSNR": 37.86850913621623, "encoding_time": 0.28664708137512207, "decoding_time": 0.17713189125061035}