{"MSE": 11.728988647460938, "PSNR": 37.43819794938476, "encoding_time": 0.2933659553527832, "decoding_time": 0.19066691398620605}