{"MSE": 11.180702209472656, "PSNR": 37.646112803835024, "encoding_time": 0.29311108589172363, "decoding_time": 0.19480395317077637}