{"MSE": 13.372867584228516, "PSNR": 36.86855816547404, "encoding_time": 0.2992818355560303, "decoding_time": 0.20528101921081543}