{"MSE": 13.49508285522461, "PSNR": 36.82904805546595, "encoding_time": 0.2995028495788574, "decoding_time": 0.20536303520202637}