{"MSE": 11.059932708740234, "PSNR": 37.693278762420604, "encoding_time": 0.2924489974975586, "decoding_time": 0.19657325744628906}