{"MSE": 14.185249328613281, "PSNR": 36.61243387243666, "encoding_time": 0.3038291931152344, "decoding_time": 0.2074880599975586}