{"MSE": 11.836708068847656, "PSNR": 37.39849424217472, "encoding_time": 0.29161691665649414, "decoding_time": 0.18870186805725098}