{"MSE": 15.22543716430664, "PSNR": 36.30510589591217, "encoding_time": 0.30147671699523926, "decoding_time": 0.2066352367401123}