{"MSE": 14.221931457519531, "PSNR": 36.60121779637264, "encoding_time": 0.30030393600463867, "decoding_time": 0.20790410041809082}