{"MSE": 10.76220703125, "PSNR": 37.81179018607664, "encoding_time": 0.2882568836212158, "decoding_time": 0.18159103393554688}