{"MSE": 12.121261596679688, "PSNR": 37.29532536750342, "encoding_time": 0.295428991317749, "decoding_time": 0.192047119140625}