{"MSE": 13.504772186279297, "PSNR": 36.82593098451534, "encoding_time": 0.3019218444824219, "decoding_time": 0.20511102676391602}