{"MSE": 13.89188003540039, "PSNR": 36.7031933660268, "encoding_time": 0.3034858703613281, "decoding_time": 0.20930099487304688}