{"MSE": 13.634346008300781, "PSNR": 36.78446049671883, "encoding_time": 0.2990269660949707, "decoding_time": 0.20623207092285156}