{"MSE": 11.656257629394531, "PSNR": 37.465212231193654, "encoding_time": 0.2947845458984375, "decoding_time": 0.1924591064453125}