{"MSE": 10.54892349243164, "PSNR": 37.898722183101135, "encoding_time": 0.28704118728637695, "decoding_time": 0.17859506607055664}