{"MSE": 10.971179962158203, "PSNR": 37.72827021944443, "encoding_time": 0.2856721878051758, "decoding_time": 0.18201971054077148}