{"MSE": 10.81741714477539, "PSNR": 37.78956783431597, "encoding_time": 0.28698110580444336, "decoding_time": 0.17965006828308105}