{"MSE": 12.53848648071289, "PSNR": 37.14835244847307, "encoding_time": 0.2990717887878418, "decoding_time": 0.19823718070983887}