{"MSE": 13.653865814208984, "PSNR": 36.77824730437424, "encoding_time": 0.30141592025756836, "decoding_time": 0.20622897148132324}