{"MSE": 11.061546325683594, "PSNR": 37.69264518368515, "encoding_time": 0.2907907962799072, "decoding_time": 0.18404197692871094}