{"MSE": 12.638965606689453, "PSNR": 37.11368828827342, "encoding_time": 0.2981879711151123, "decoding_time": 0.19827580451965332}