{"MSE": 13.791507720947266, "PSNR": 36.7346861397455, "encoding_time": 0.2986738681793213, "decoding_time": 0.206312894821167}