{"MSE": 15.620834350585938, "PSNR": 36.19376133876044, "encoding_time": 0.3079559803009033, "decoding_time": 0.2142479419708252}