{"MSE": 10.838375091552734, "PSNR": 37.781161839855294, "encoding_time": 0.2932112216949463, "decoding_time": 0.19140100479125977}