{"MSE": 12.362606048583984, "PSNR": 37.20970330793125, "encoding_time": 0.29221081733703613, "decoding_time": 0.19277215003967285}