{"MSE": 17.93326187133789, "PSNR": 35.59421070531525, "encoding_time": 0.2915830612182617, "decoding_time": 0.19045186042785645}