{"MSE": 18.544689178466797, "PSNR": 35.4486080221153, "encoding_time": 0.29367613792419434, "decoding_time": 0.19277596473693848}