{"MSE": 16.271312713623047, "PSNR": 36.01657769130488, "encoding_time": 0.2844538688659668, "decoding_time": 0.18027710914611816}