{"MSE": 20.722206115722656, "PSNR": 34.966443717212385, "encoding_time": 0.2989168167114258, "decoding_time": 0.20276093482971191}