{"MSE": 17.307586669921875, "PSNR": 35.7484384579463, "encoding_time": 0.3030099868774414, "decoding_time": 0.20250415802001953}