{"MSE": 18.146793365478516, "PSNR": 35.54280466851862, "encoding_time": 0.2994868755340576, "decoding_time": 0.20281195640563965}