{"MSE": 16.224063873291016, "PSNR": 36.02920713416639, "encoding_time": 0.29311203956604004, "decoding_time": 0.1964118480682373}