{"MSE": 18.21651840209961, "PSNR": 35.52614984017974, "encoding_time": 0.2931389808654785, "decoding_time": 0.1948249340057373}