{"MSE": 18.083045959472656, "PSNR": 35.55808774774302, "encoding_time": 0.2908060550689697, "decoding_time": 0.1944270133972168}