{"MSE": 16.63188934326172, "PSNR": 35.92138774020849, "encoding_time": 0.296842098236084, "decoding_time": 0.19611477851867676}