{"MSE": 20.394718170166016, "PSNR": 35.035626525870654, "encoding_time": 0.3007228374481201, "decoding_time": 0.20047926902770996}