{"MSE": 20.431041717529297, "PSNR": 35.027898502980705, "encoding_time": 0.29885411262512207, "decoding_time": 0.20149803161621094}