{"MSE": 16.39655303955078, "PSNR": 35.98327802652173, "encoding_time": 0.2929952144622803, "decoding_time": 0.19439291954040527}