{"MSE": 19.131263732910156, "PSNR": 35.31336702178707, "encoding_time": 0.2971830368041992, "decoding_time": 0.20293712615966797}