{"MSE": 18.024856567382812, "PSNR": 35.57208543356722, "encoding_time": 0.2952289581298828, "decoding_time": 0.19675326347351074}