{"MSE": 22.660762786865234, "PSNR": 34.57805836251792, "encoding_time": 0.30715203285217285, "decoding_time": 0.21628189086914062}