{"MSE": 22.547542572021484, "PSNR": 34.599811452777715, "encoding_time": 0.3055381774902344, "decoding_time": 0.2160649299621582}