{"MSE": 21.861122131347656, "PSNR": 34.73407910347338, "encoding_time": 0.3054020404815674, "decoding_time": 0.2121889591217041}