{"MSE": 18.123382568359375, "PSNR": 35.54841102754829, "encoding_time": 0.2942967414855957, "decoding_time": 0.19543719291687012}