{"MSE": 18.220943450927734, "PSNR": 35.52509500584171, "encoding_time": 0.29448771476745605, "decoding_time": 0.1969311237335205}