{"MSE": 23.464637756347656, "PSNR": 34.42666506842459, "encoding_time": 0.30876898765563965, "decoding_time": 0.21760797500610352}