{"MSE": 23.2578125, "PSNR": 34.465114958690535, "encoding_time": 0.3073232173919678, "decoding_time": 0.21654486656188965}