{"MSE": 17.040740966796875, "PSNR": 35.81591886000912, "encoding_time": 0.2935769557952881, "decoding_time": 0.19648408889770508}