{"MSE": 18.073726654052734, "PSNR": 35.560326511170246, "encoding_time": 0.2964780330657959, "decoding_time": 0.1954820156097412}