{"MSE": 17.12856674194336, "PSNR": 35.79359336612667, "encoding_time": 0.2987678050994873, "decoding_time": 0.19476628303527832}