{"MSE": 17.905155181884766, "PSNR": 35.601022715242216, "encoding_time": 0.29483604431152344, "decoding_time": 0.19515180587768555}