{"MSE": 22.824771881103516, "PSNR": 34.54673915133557, "encoding_time": 0.31340789794921875, "decoding_time": 0.22065997123718262}