{"MSE": 20.09398651123047, "PSNR": 35.100142544791936, "encoding_time": 0.3013339042663574, "decoding_time": 0.20684289932250977}