{"MSE": 16.875633239746094, "PSNR": 35.85820282631952, "encoding_time": 0.2856631278991699, "decoding_time": 0.18187594413757324}