{"MSE": 19.298160552978516, "PSNR": 35.275644456302196, "encoding_time": 0.29631996154785156, "decoding_time": 0.2032008171081543}