{"MSE": 16.554683685302734, "PSNR": 35.94159473879489, "encoding_time": 0.2991502285003662, "decoding_time": 0.19479799270629883}