{"MSE": 18.03384017944336, "PSNR": 35.56992144341884, "encoding_time": 0.29858875274658203, "decoding_time": 0.20134210586547852}