{"MSE": 21.260299682617188, "PSNR": 34.85510978874909, "encoding_time": 0.3009951114654541, "decoding_time": 0.2063589096069336}