{"MSE": 17.546672821044922, "PSNR": 35.68885582655759, "encoding_time": 0.2974972724914551, "decoding_time": 0.20115995407104492}