{"MSE": 22.05266571044922, "PSNR": 34.696192666847125, "encoding_time": 0.30816102027893066, "decoding_time": 0.21661806106567383}