{"MSE": 17.208255767822266, "PSNR": 35.773435084833686, "encoding_time": 0.28829288482666016, "decoding_time": 0.1836719512939453}