{"MSE": 16.409584045410156, "PSNR": 35.97982788289686, "encoding_time": 0.2969088554382324, "decoding_time": 0.1977369785308838}