{"MSE": 22.316612243652344, "PSNR": 34.644520933423216, "encoding_time": 0.307340145111084, "decoding_time": 0.21828389167785645}