{"MSE": 21.72479248046875, "PSNR": 34.761247241945135, "encoding_time": 0.3039679527282715, "decoding_time": 0.2129809856414795}