{"MSE": 16.989784240722656, "PSNR": 35.82892497223028, "encoding_time": 0.28795909881591797, "decoding_time": 0.18480992317199707}