{"MSE": 22.097434997558594, "PSNR": 34.68738495827902, "encoding_time": 0.3070540428161621, "decoding_time": 0.21720671653747559}