{"MSE": 18.391754150390625, "PSNR": 35.48457207948268, "encoding_time": 0.3005959987640381, "decoding_time": 0.20213818550109863}