{"MSE": 20.92544937133789, "PSNR": 34.92405567684245, "encoding_time": 0.3050827980041504, "decoding_time": 0.21175026893615723}