{"MSE": 16.335174560546875, "PSNR": 35.99956581084479, "encoding_time": 0.29706311225891113, "decoding_time": 0.19458699226379395}