{"MSE": 21.291873931884766, "PSNR": 34.84866474795376, "encoding_time": 0.3023190498352051, "decoding_time": 0.20712494850158691}