{"MSE": 21.071311950683594, "PSNR": 34.89388784196481, "encoding_time": 0.2976818084716797, "decoding_time": 0.2038102149963379}