{"MSE": 21.893402099609375, "PSNR": 34.727671073729304, "encoding_time": 0.3050088882446289, "decoding_time": 0.21455907821655273}