{"MSE": 16.85553741455078, "PSNR": 35.863377569356835, "encoding_time": 0.29549479484558105, "decoding_time": 0.19419217109680176}