{"MSE": 22.257667541503906, "PSNR": 34.65600709715977, "encoding_time": 0.30748987197875977, "decoding_time": 0.2125561237335205}