{"MSE": 19.183086395263672, "PSNR": 35.301618781273014, "encoding_time": 0.29703402519226074, "decoding_time": 0.20114707946777344}