{"MSE": 16.42681884765625, "PSNR": 35.97526893030764, "encoding_time": 0.29617810249328613, "decoding_time": 0.19546103477478027}