{"MSE": 17.146175384521484, "PSNR": 35.78913099150102, "encoding_time": 0.2962350845336914, "decoding_time": 0.19835495948791504}