{"MSE": 21.923667907714844, "PSNR": 34.72167145963426, "encoding_time": 0.30341029167175293, "decoding_time": 0.21638083457946777}