{"MSE": 20.823543548583984, "PSNR": 34.94525725383704, "encoding_time": 0.3042778968811035, "decoding_time": 0.21114397048950195}