{"MSE": 16.87610626220703, "PSNR": 35.85808109567829, "encoding_time": 0.2948601245880127, "decoding_time": 0.19210505485534668}