{"MSE": 19.31039047241211, "PSNR": 35.27289305198335, "encoding_time": 0.2958991527557373, "decoding_time": 0.20067381858825684}