{"MSE": 16.52669906616211, "PSNR": 35.94894241749459, "encoding_time": 0.29801273345947266, "decoding_time": 0.1969311237335205}