{"MSE": 17.932239532470703, "PSNR": 35.59445829484356, "encoding_time": 0.30110812187194824, "decoding_time": 0.20045185089111328}