{"MSE": 21.00863265991211, "PSNR": 34.90682573458587, "encoding_time": 0.30569911003112793, "decoding_time": 0.2136218547821045}