{"MSE": 18.292652130126953, "PSNR": 35.50803685354365, "encoding_time": 0.29752111434936523, "decoding_time": 0.20165014266967773}