{"MSE": 21.926639556884766, "PSNR": 34.72108283396058, "encoding_time": 0.30251383781433105, "decoding_time": 0.2110581398010254}