{"MSE": 21.15636444091797, "PSNR": 34.87639321271369, "encoding_time": 0.304502010345459, "decoding_time": 0.21325969696044922}