{"MSE": 16.659061431884766, "PSNR": 35.91429831170226, "encoding_time": 0.29972290992736816, "decoding_time": 0.19980597496032715}