{"MSE": 16.229080200195312, "PSNR": 36.02786454430429, "encoding_time": 0.29694700241088867, "decoding_time": 0.19666576385498047}