{"MSE": 16.913589477539062, "PSNR": 35.84844575573002, "encoding_time": 0.28861188888549805, "decoding_time": 0.18497705459594727}