{"MSE": 20.705078125, "PSNR": 34.97003487333913, "encoding_time": 0.29908204078674316, "decoding_time": 0.20444393157958984}