{"MSE": 16.65587615966797, "PSNR": 35.915128777704204, "encoding_time": 0.29324793815612793, "decoding_time": 0.194580078125}