{"MSE": 16.90981674194336, "PSNR": 35.849414598576324, "encoding_time": 0.28588175773620605, "decoding_time": 0.18469524383544922}