{"MSE": 18.84368133544922, "PSNR": 35.37914609571835, "encoding_time": 0.29514598846435547, "decoding_time": 0.19702601432800293}