{"MSE": 16.923683166503906, "PSNR": 35.845854746935885, "encoding_time": 0.30055999755859375, "decoding_time": 0.2003769874572754}