{"MSE": 16.794525146484375, "PSNR": 35.87912631891, "encoding_time": 0.29206299781799316, "decoding_time": 0.1946427822113037}