{"MSE": 19.085922241210938, "PSNR": 35.323672107514085, "encoding_time": 0.2978038787841797, "decoding_time": 0.2014920711517334}