{"MSE": 17.86553192138672, "PSNR": 35.61064409622258, "encoding_time": 0.3004748821258545, "decoding_time": 0.20137405395507812}