{"MSE": 18.123836517333984, "PSNR": 35.54830224814963, "encoding_time": 0.29851794242858887, "decoding_time": 0.20038890838623047}