{"MSE": 12.545303344726562, "PSNR": 37.14599193874267, "encoding_time": 0.28618884086608887, "decoding_time": 0.18197107315063477}