{"MSE": 13.041839599609375, "PSNR": 36.97741506311675, "encoding_time": 0.2913341522216797, "decoding_time": 0.18744182586669922}