{"MSE": 13.76956558227539, "PSNR": 36.74160122005083, "encoding_time": 0.29311466217041016, "decoding_time": 0.19453024864196777}