{"MSE": 12.829887390136719, "PSNR": 37.04857516344646, "encoding_time": 0.28632068634033203, "decoding_time": 0.18163013458251953}