{"MSE": 12.971614837646484, "PSNR": 37.000863160541584, "encoding_time": 0.29210400581359863, "decoding_time": 0.18613409996032715}