{"MSE": 14.944866180419922, "PSNR": 36.385883302423856, "encoding_time": 0.29792094230651855, "decoding_time": 0.20371198654174805}