{"MSE": 13.362201690673828, "PSNR": 36.87202338107792, "encoding_time": 0.28995823860168457, "decoding_time": 0.18819093704223633}