{"MSE": 12.914592742919922, "PSNR": 37.019996454643675, "encoding_time": 0.2847938537597656, "decoding_time": 0.1809389591217041}