{"MSE": 13.529014587402344, "PSNR": 36.81814195817871, "encoding_time": 0.2937469482421875, "decoding_time": 0.19373798370361328}