{"MSE": 10.41964340209961, "PSNR": 37.95227504778728, "encoding_time": 0.2838878631591797, "decoding_time": 0.1753830909729004}