{"MSE": 10.48276138305664, "PSNR": 37.92604660714899, "encoding_time": 0.27904701232910156, "decoding_time": 0.17052578926086426}