{"MSE": 11.037242889404297, "PSNR": 37.70219760976601, "encoding_time": 0.2838470935821533, "decoding_time": 0.17501187324523926}