{"MSE": 10.556682586669922, "PSNR": 37.89552897277452, "encoding_time": 0.28020596504211426, "decoding_time": 0.171555757522583}