{"MSE": 12.479488372802734, "PSNR": 37.16883580122727, "encoding_time": 0.2957420349121094, "decoding_time": 0.19162678718566895}