{"MSE": 9.022575378417969, "PSNR": 38.57749841841078, "encoding_time": 0.26955080032348633, "decoding_time": 0.15358209609985352}