{"MSE": 10.371829986572266, "PSNR": 37.972249716000086, "encoding_time": 0.2801508903503418, "decoding_time": 0.17136478424072266}