{"MSE": 9.962974548339844, "PSNR": 38.14691340007825, "encoding_time": 0.27547383308410645, "decoding_time": 0.165283203125}