{"MSE": 10.448497772216797, "PSNR": 37.94026506414567, "encoding_time": 0.2803950309753418, "decoding_time": 0.1726830005645752}