{"MSE": 10.33475112915039, "PSNR": 37.98780338011817, "encoding_time": 0.27756786346435547, "decoding_time": 0.16872501373291016}