{"MSE": 12.815910339355469, "PSNR": 37.053309004594716, "encoding_time": 0.30451202392578125, "decoding_time": 0.2047882080078125}