{"MSE": 10.280593872070312, "PSNR": 38.01062157890215, "encoding_time": 0.2745981216430664, "decoding_time": 0.1672039031982422}