{"MSE": 12.871238708496094, "PSNR": 37.03460016109811, "encoding_time": 0.29733991622924805, "decoding_time": 0.2037961483001709}