{"MSE": 9.931991577148438, "PSNR": 38.16044018289804, "encoding_time": 0.2805168628692627, "decoding_time": 0.1698012351989746}