{"MSE": 10.22140121459961, "PSNR": 38.035699251420716, "encoding_time": 0.2785630226135254, "decoding_time": 0.16843485832214355}