{"MSE": 10.965267181396484, "PSNR": 37.73061142638912, "encoding_time": 0.2791471481323242, "decoding_time": 0.1706857681274414}