{"MSE": 12.79439926147461, "PSNR": 37.06060461699926, "encoding_time": 0.29904985427856445, "decoding_time": 0.20348286628723145}