{"MSE": 9.313644409179688, "PSNR": 38.43960708125728, "encoding_time": 0.2722899913787842, "decoding_time": 0.16065001487731934}