{"MSE": 11.184864044189453, "PSNR": 37.64449651399693, "encoding_time": 0.2798421382904053, "decoding_time": 0.17286300659179688}