{"MSE": 10.664375305175781, "PSNR": 37.85144940319311, "encoding_time": 0.2856152057647705, "decoding_time": 0.17974495887756348}