{"MSE": 10.895545959472656, "PSNR": 37.75831363895027, "encoding_time": 0.28186702728271484, "decoding_time": 0.1765439510345459}