{"MSE": 10.438114166259766, "PSNR": 37.944583182521384, "encoding_time": 0.280163049697876, "decoding_time": 0.17161774635314941}