{"MSE": 10.13583755493164, "PSNR": 38.072207192887106, "encoding_time": 0.2768821716308594, "decoding_time": 0.16673588752746582}