{"MSE": 12.125381469726562, "PSNR": 37.29384950287118, "encoding_time": 0.28592729568481445, "decoding_time": 0.18537187576293945}