{"MSE": 11.435771942138672, "PSNR": 37.548148750125215, "encoding_time": 0.2816638946533203, "decoding_time": 0.17318296432495117}