{"MSE": 10.33779525756836, "PSNR": 37.98652434253959, "encoding_time": 0.2779231071472168, "decoding_time": 0.17034292221069336}