{"MSE": 12.808940887451172, "PSNR": 37.05567139456668, "encoding_time": 0.2981572151184082, "decoding_time": 0.20281481742858887}