{"MSE": 5.192607879638672, "PSNR": 40.97694832830712, "encoding_time": 0.27530431747436523, "decoding_time": 0.15674495697021484}