{"MSE": 4.963951110839844, "PSNR": 41.172528653170104, "encoding_time": 0.274554967880249, "decoding_time": 0.1492478847503662}