{"MSE": 5.008827209472656, "PSNR": 41.13344310864741, "encoding_time": 0.28797101974487305, "decoding_time": 0.14146089553833008}