{"MSE": 4.841007232666016, "PSNR": 41.28144629372529, "encoding_time": 0.2713449001312256, "decoding_time": 0.14268803596496582}