{"MSE": 3.917560577392578, "PSNR": 42.20064640162785, "encoding_time": 0.2613358497619629, "decoding_time": 0.1329360008239746}