{"MSE": 5.90936279296875, "PSNR": 40.415397074684094, "encoding_time": 0.27174925804138184, "decoding_time": 0.16126489639282227}