{"MSE": 5.91632080078125, "PSNR": 40.410286461462015, "encoding_time": 0.2699918746948242, "decoding_time": 0.14363908767700195}