{"MSE": 5.983570098876953, "PSNR": 40.36119977614511, "encoding_time": 0.27728915214538574, "decoding_time": 0.1564188003540039}