{"MSE": 5.182613372802734, "PSNR": 40.9853154954358, "encoding_time": 0.27747583389282227, "decoding_time": 0.15053129196166992}