{"MSE": 5.760364532470703, "PSNR": 40.52630393168465, "encoding_time": 0.27384281158447266, "decoding_time": 0.14361119270324707}