{"MSE": 5.959503173828125, "PSNR": 40.37870305466376, "encoding_time": 0.27464985847473145, "decoding_time": 0.14774823188781738}