{"MSE": 5.135139465332031, "PSNR": 41.025281177638995, "encoding_time": 0.2779390811920166, "decoding_time": 0.15573692321777344}