{"MSE": 5.816188812255859, "PSNR": 40.48441864187866, "encoding_time": 0.2770118713378906, "decoding_time": 0.15587615966796875}