{"MSE": 6.195522308349609, "PSNR": 40.21002435777745, "encoding_time": 0.2778348922729492, "decoding_time": 0.15566611289978027}