{"MSE": 5.399604797363281, "PSNR": 40.80718386342211, "encoding_time": 0.2652571201324463, "decoding_time": 0.16772079467773438}