{"MSE": 6.009380340576172, "PSNR": 40.34250668988777, "encoding_time": 0.276777982711792, "decoding_time": 0.15938687324523926}