{"MSE": 5.2625885009765625, "PSNR": 40.918809484303466, "encoding_time": 0.2948882579803467, "decoding_time": 0.15973186492919922}