{"MSE": 5.983989715576172, "PSNR": 40.3608952241397, "encoding_time": 0.27895283699035645, "decoding_time": 0.149522066116333}