{"MSE": 5.998870849609375, "PSNR": 40.35010848806393, "encoding_time": 0.2704179286956787, "decoding_time": 0.15329408645629883}