{"MSE": 5.098896026611328, "PSNR": 41.056042046622224, "encoding_time": 0.28012895584106445, "decoding_time": 0.14559221267700195}