{"MSE": 5.013710021972656, "PSNR": 41.12921148816306, "encoding_time": 0.2696850299835205, "decoding_time": 0.14862990379333496}