{"MSE": 6.160518646240234, "PSNR": 40.23463084463488, "encoding_time": 0.27352190017700195, "decoding_time": 0.15593194961547852}