{"MSE": 16.603862762451172, "PSNR": 35.928712257637216, "encoding_time": 0.3099095821380615, "decoding_time": 0.21308636665344238}