{"MSE": 16.831199645996094, "PSNR": 35.869652893918634, "encoding_time": 0.305588960647583, "decoding_time": 0.21952319145202637}