{"MSE": 12.78167724609375, "PSNR": 37.064925140151146, "encoding_time": 0.29245495796203613, "decoding_time": 0.19475102424621582}