{"MSE": 13.109024047851562, "PSNR": 36.95510000711761, "encoding_time": 0.2891089916229248, "decoding_time": 0.18968772888183594}