{"MSE": 17.258228302001953, "PSNR": 35.76084151073735, "encoding_time": 0.30686306953430176, "decoding_time": 0.21853017807006836}