{"MSE": 12.783222198486328, "PSNR": 37.064400229579, "encoding_time": 0.2955639362335205, "decoding_time": 0.1994338035583496}