{"MSE": 12.830242156982422, "PSNR": 37.048455075756976, "encoding_time": 0.2931818962097168, "decoding_time": 0.1993849277496338}