{"MSE": 17.199695587158203, "PSNR": 35.77559600354973, "encoding_time": 0.30411410331726074, "decoding_time": 0.21643972396850586}