{"MSE": 13.040542602539062, "PSNR": 36.97784698583514, "encoding_time": 0.2878379821777344, "decoding_time": 0.18987298011779785}