{"MSE": 17.280803680419922, "PSNR": 35.75516424469527, "encoding_time": 0.3053622245788574, "decoding_time": 0.2178339958190918}