{"MSE": 14.813549041748047, "PSNR": 36.42421241266618, "encoding_time": 0.3039119243621826, "decoding_time": 0.20818805694580078}