{"MSE": 17.371299743652344, "PSNR": 35.7324804671682, "encoding_time": 0.3080861568450928, "decoding_time": 0.2173008918762207}