{"MSE": 13.849590301513672, "PSNR": 36.716434345738385, "encoding_time": 0.29601311683654785, "decoding_time": 0.19813919067382812}