{"MSE": 15.617778778076172, "PSNR": 36.19461094003999, "encoding_time": 0.29987502098083496, "decoding_time": 0.2059190273284912}