{"MSE": 17.228912353515625, "PSNR": 35.768224991932954, "encoding_time": 0.30732202529907227, "decoding_time": 0.21821904182434082}