{"MSE": 17.074134826660156, "PSNR": 35.80741654343148, "encoding_time": 0.3041679859161377, "decoding_time": 0.2127070426940918}