{"MSE": 12.617286682128906, "PSNR": 37.12114389927608, "encoding_time": 0.2929799556732178, "decoding_time": 0.19423317909240723}