{"MSE": 17.362789154052734, "PSNR": 35.73460869467733, "encoding_time": 0.30522918701171875, "decoding_time": 0.2160329818725586}