{"MSE": 12.519275665283203, "PSNR": 37.15501158484764, "encoding_time": 0.2931339740753174, "decoding_time": 0.19473910331726074}