{"MSE": 16.231395721435547, "PSNR": 36.02724494889141, "encoding_time": 0.3003678321838379, "decoding_time": 0.2079780101776123}