{"MSE": 13.36544418334961, "PSNR": 36.87096964316906, "encoding_time": 0.29058384895324707, "decoding_time": 0.19053292274475098}