{"MSE": 17.110736846923828, "PSNR": 35.79811648716488, "encoding_time": 0.3086559772491455, "decoding_time": 0.21669816970825195}