{"MSE": 12.691024780273438, "PSNR": 37.095836687614934, "encoding_time": 0.2961552143096924, "decoding_time": 0.19676899909973145}