{"MSE": 16.88115692138672, "PSNR": 35.856781539244366, "encoding_time": 0.31087207794189453, "decoding_time": 0.22223591804504395}