{"MSE": 15.94814682006836, "PSNR": 36.10370135705243, "encoding_time": 0.2984631061553955, "decoding_time": 0.20713281631469727}