{"MSE": 12.802722930908203, "PSNR": 37.05778014024406, "encoding_time": 0.2944169044494629, "decoding_time": 0.1997239589691162}