{"MSE": 15.555240631103516, "PSNR": 36.212036270720404, "encoding_time": 0.29835009574890137, "decoding_time": 0.2035200595855713}