{"MSE": 17.056991577148438, "PSNR": 35.81177925868608, "encoding_time": 0.3071427345275879, "decoding_time": 0.2169182300567627}