{"MSE": 17.304847717285156, "PSNR": 35.74912579013767, "encoding_time": 0.3093860149383545, "decoding_time": 0.2182319164276123}