{"MSE": 12.832054138183594, "PSNR": 37.04784177644094, "encoding_time": 0.2974519729614258, "decoding_time": 0.20028901100158691}