{"MSE": 17.73660659790039, "PSNR": 35.64209827490396, "encoding_time": 0.30826401710510254, "decoding_time": 0.2234039306640625}