{"MSE": 15.58453369140625, "PSNR": 36.20386548690653, "encoding_time": 0.29549503326416016, "decoding_time": 0.22464418411254883}