{"MSE": 17.079330444335938, "PSNR": 35.806095196923195, "encoding_time": 0.30521702766418457, "decoding_time": 0.21806621551513672}