{"MSE": 16.96706771850586, "PSNR": 35.834735676785805, "encoding_time": 0.311722993850708, "decoding_time": 0.2224879264831543}