{"MSE": 13.436931610107422, "PSNR": 36.847802541246764, "encoding_time": 0.29058289527893066, "decoding_time": 0.19251585006713867}