{"MSE": 13.175968170166016, "PSNR": 36.93297823851473, "encoding_time": 0.2863309383392334, "decoding_time": 0.18778514862060547}