{"MSE": 17.372467041015625, "PSNR": 35.73218864457629, "encoding_time": 0.31411099433898926, "decoding_time": 0.2236950397491455}