{"MSE": 17.742992401123047, "PSNR": 35.64053494318077, "encoding_time": 0.3080430030822754, "decoding_time": 0.22217965126037598}