{"MSE": 14.285655975341797, "PSNR": 36.581801735568945, "encoding_time": 0.2941160202026367, "decoding_time": 0.198106050491333}