{"MSE": 15.447555541992188, "PSNR": 36.242205954640674, "encoding_time": 0.29810500144958496, "decoding_time": 0.20280909538269043}