{"MSE": 17.342735290527344, "PSNR": 35.739627655421245, "encoding_time": 0.31496500968933105, "decoding_time": 0.22481513023376465}