{"MSE": 14.35470962524414, "PSNR": 36.56085949087955, "encoding_time": 0.2956349849700928, "decoding_time": 0.19957900047302246}