{"MSE": 12.647293090820312, "PSNR": 37.110827777685294, "encoding_time": 0.2955777645111084, "decoding_time": 0.19651317596435547}