{"MSE": 13.295486450195312, "PSNR": 36.89376129108508, "encoding_time": 0.29099011421203613, "decoding_time": 0.19168305397033691}