{"MSE": 12.7025146484375, "PSNR": 37.091906564603924, "encoding_time": 0.29225897789001465, "decoding_time": 0.19409584999084473}