{"MSE": 17.125247955322266, "PSNR": 35.794434925371036, "encoding_time": 0.3102278709411621, "decoding_time": 0.2210521697998047}