{"MSE": 13.288135528564453, "PSNR": 36.89616311938756, "encoding_time": 0.2917160987854004, "decoding_time": 0.19282102584838867}