{"MSE": 17.22079086303711, "PSNR": 35.77027268363167, "encoding_time": 0.30582308769226074, "decoding_time": 0.21831607818603516}