{"MSE": 16.83588409423828, "PSNR": 35.86844433659234, "encoding_time": 0.30814695358276367, "decoding_time": 0.2184908390045166}