{"MSE": 12.599559783935547, "PSNR": 37.12724989301734, "encoding_time": 0.29540085792541504, "decoding_time": 0.19566798210144043}