{"MSE": 17.461360931396484, "PSNR": 35.710022714432476, "encoding_time": 0.30889391899108887, "decoding_time": 0.21987009048461914}