{"MSE": 7.270801544189453, "PSNR": 39.514980700872904, "encoding_time": 0.26848912239074707, "decoding_time": 0.14749884605407715}