{"MSE": 7.0032501220703125, "PSNR": 39.677807233539745, "encoding_time": 0.2754209041595459, "decoding_time": 0.16516613960266113}