{"MSE": 7.231395721435547, "PSNR": 39.5385823292089, "encoding_time": 0.2770719528198242, "decoding_time": 0.16254401206970215}