{"MSE": 6.962459564208984, "PSNR": 39.70317674925536, "encoding_time": 0.27493786811828613, "decoding_time": 0.16013503074645996}