{"MSE": 8.54061508178711, "PSNR": 38.81591211840871, "encoding_time": 0.2890486717224121, "decoding_time": 0.18639111518859863}