{"MSE": 7.111297607421875, "PSNR": 39.61131506646638, "encoding_time": 0.27837491035461426, "decoding_time": 0.16721606254577637}