{"MSE": 8.120319366455078, "PSNR": 39.03507250794021, "encoding_time": 0.2775132656097412, "decoding_time": 0.16365385055541992}