{"MSE": 8.666351318359375, "PSNR": 38.75244070292303, "encoding_time": 0.28881263732910156, "decoding_time": 0.186690092086792}