{"MSE": 7.55230712890625, "PSNR": 39.35000717809225, "encoding_time": 0.27913808822631836, "decoding_time": 0.17022204399108887}