{"MSE": 7.625762939453125, "PSNR": 39.307970605449476, "encoding_time": 0.27802491188049316, "decoding_time": 0.16389703750610352}