{"MSE": 8.293632507324219, "PSNR": 38.94335573097342, "encoding_time": 0.2828681468963623, "decoding_time": 0.18000292778015137}