{"MSE": 7.276798248291016, "PSNR": 39.51140026741918, "encoding_time": 0.27091407775878906, "decoding_time": 0.15430188179016113}