{"MSE": 6.692668914794922, "PSNR": 39.874810198079544, "encoding_time": 0.2644181251525879, "decoding_time": 0.14293980598449707}