{"MSE": 8.402114868164062, "PSNR": 38.88691746238087, "encoding_time": 0.2878849506378174, "decoding_time": 0.18719482421875}