{"MSE": 7.253761291503906, "PSNR": 39.525171012541, "encoding_time": 0.27091097831726074, "decoding_time": 0.15607380867004395}