{"MSE": 7.293663024902344, "PSNR": 39.501346663000845, "encoding_time": 0.27710890769958496, "decoding_time": 0.16689300537109375}