{"MSE": 8.111030578613281, "PSNR": 39.04004322172223, "encoding_time": 0.2857818603515625, "decoding_time": 0.17975521087646484}