{"MSE": 6.964206695556641, "PSNR": 39.70208708501947, "encoding_time": 0.2770848274230957, "decoding_time": 0.1668381690979004}