{"MSE": 7.490100860595703, "PSNR": 39.385926949834996, "encoding_time": 0.2802250385284424, "decoding_time": 0.17094182968139648}