{"MSE": 6.898853302001953, "PSNR": 39.74303450710187, "encoding_time": 0.27402210235595703, "decoding_time": 0.16533803939819336}