{"MSE": 7.1705169677734375, "PSNR": 39.575298930442194, "encoding_time": 0.2774379253387451, "decoding_time": 0.16783499717712402}