{"MSE": 7.207271575927734, "PSNR": 39.55309473926451, "encoding_time": 0.2704589366912842, "decoding_time": 0.15403199195861816}