{"MSE": 7.565860748291016, "PSNR": 39.34222017144775, "encoding_time": 0.2730391025543213, "decoding_time": 0.15963292121887207}