{"MSE": 7.660961151123047, "PSNR": 39.28797100838072, "encoding_time": 0.27887916564941406, "decoding_time": 0.16806888580322266}