{"MSE": 7.34368896484375, "PSNR": 39.47166086426441, "encoding_time": 0.2807340621948242, "decoding_time": 0.16878008842468262}