{"MSE": 7.3950042724609375, "PSNR": 39.44141931621453, "encoding_time": 0.27529096603393555, "decoding_time": 0.15775513648986816}