{"MSE": 6.7277069091796875, "PSNR": 39.85213297593296, "encoding_time": 0.27098989486694336, "decoding_time": 0.15803313255310059}