{"MSE": 7.973606109619141, "PSNR": 39.11425582845276, "encoding_time": 0.28308606147766113, "decoding_time": 0.17319107055664062}