{"MSE": 6.938137054443359, "PSNR": 39.71837486318834, "encoding_time": 0.2736480236053467, "decoding_time": 0.1619110107421875}