{"MSE": 7.291225433349609, "PSNR": 39.50279834715102, "encoding_time": 0.2674579620361328, "decoding_time": 0.1513049602508545}