{"MSE": 8.276081085205078, "PSNR": 38.95255623837406, "encoding_time": 0.2799947261810303, "decoding_time": 0.16364431381225586}