{"MSE": 6.704010009765625, "PSNR": 39.86745706799579, "encoding_time": 0.2656688690185547, "decoding_time": 0.14396405220031738}