{"MSE": 6.866630554199219, "PSNR": 39.7633667922132, "encoding_time": 0.2691481113433838, "decoding_time": 0.14972710609436035}