{"MSE": 7.233772277832031, "PSNR": 39.537155279985186, "encoding_time": 0.2698211669921875, "decoding_time": 0.15340280532836914}