{"MSE": 7.414665222167969, "PSNR": 39.42988813790407, "encoding_time": 0.2763559818267822, "decoding_time": 0.16309094429016113}