{"MSE": 7.6298980712890625, "PSNR": 39.30561624665636, "encoding_time": 0.2735157012939453, "decoding_time": 0.16065311431884766}