{"MSE": 7.52685546875, "PSNR": 39.36466784109176, "encoding_time": 0.28143906593322754, "decoding_time": 0.17041397094726562}