{"MSE": 7.262363433837891, "PSNR": 39.52002382146049, "encoding_time": 0.2822418212890625, "decoding_time": 0.1723029613494873}