{"MSE": 8.528301239013672, "PSNR": 38.82217828644747, "encoding_time": 0.28464484214782715, "decoding_time": 0.1830291748046875}