{"MSE": 9.427204132080078, "PSNR": 38.3869744968379, "encoding_time": 0.30202174186706543, "decoding_time": 0.19936895370483398}