{"MSE": 7.705295562744141, "PSNR": 39.26291058656179, "encoding_time": 0.2845919132232666, "decoding_time": 0.17475199699401855}