{"MSE": 7.742275238037109, "PSNR": 39.242117544331556, "encoding_time": 0.2793600559234619, "decoding_time": 0.16704416275024414}