{"MSE": 8.295646667480469, "PSNR": 38.942301147906115, "encoding_time": 0.2872169017791748, "decoding_time": 0.17750310897827148}