{"MSE": 9.231182098388672, "PSNR": 38.47823042730891, "encoding_time": 0.2992100715637207, "decoding_time": 0.19667696952819824}