{"MSE": 9.080169677734375, "PSNR": 38.54986396772461, "encoding_time": 0.2911958694458008, "decoding_time": 0.18859219551086426}