{"MSE": 9.247699737548828, "PSNR": 38.47046640617867, "encoding_time": 0.2935481071472168, "decoding_time": 0.19428706169128418}