{"MSE": 7.929347991943359, "PSNR": 39.13842882899954, "encoding_time": 0.2818610668182373, "decoding_time": 0.17412090301513672}