{"MSE": 7.933135986328125, "PSNR": 39.136354620329186, "encoding_time": 0.2831871509552002, "decoding_time": 0.1713700294494629}