{"MSE": 7.816276550292969, "PSNR": 39.2008044396714, "encoding_time": 0.2855558395385742, "decoding_time": 0.17249321937561035}