{"MSE": 21.02399444580078, "PSNR": 34.90365127721785, "encoding_time": 0.33359694480895996, "decoding_time": 0.2663390636444092}