{"MSE": 21.111675262451172, "PSNR": 34.88557663876179, "encoding_time": 0.3342459201812744, "decoding_time": 0.26921701431274414}