{"MSE": 21.447521209716797, "PSNR": 34.817032548902404, "encoding_time": 0.32767295837402344, "decoding_time": 0.24925899505615234}