{"MSE": 14.479705810546875, "PSNR": 36.52320622636204, "encoding_time": 0.29497504234313965, "decoding_time": 0.19103693962097168}