{"MSE": 21.22249984741211, "PSNR": 34.862838217365, "encoding_time": 0.3262922763824463, "decoding_time": 0.24428391456604004}