{"MSE": 17.689056396484375, "PSNR": 35.653756943081, "encoding_time": 0.3114640712738037, "decoding_time": 0.2233572006225586}