{"MSE": 16.417064666748047, "PSNR": 35.97784851993906, "encoding_time": 0.2985107898712158, "decoding_time": 0.20145297050476074}