{"MSE": 21.009803771972656, "PSNR": 34.906583646803035, "encoding_time": 0.324448823928833, "decoding_time": 0.24317407608032227}