{"MSE": 21.271560668945312, "PSNR": 34.85281006129915, "encoding_time": 0.3316218852996826, "decoding_time": 0.24617600440979004}