{"MSE": 19.22124481201172, "PSNR": 35.29298850715322, "encoding_time": 0.3082540035247803, "decoding_time": 0.2172551155090332}