{"MSE": 21.173542022705078, "PSNR": 34.8728684568069, "encoding_time": 0.333482027053833, "decoding_time": 0.25331926345825195}