{"MSE": 21.441959381103516, "PSNR": 34.818158919031525, "encoding_time": 0.32842302322387695, "decoding_time": 0.24461007118225098}