{"MSE": 21.006298065185547, "PSNR": 34.907308373300616, "encoding_time": 0.33236098289489746, "decoding_time": 0.2530229091644287}