{"MSE": 18.805908203125, "PSNR": 35.387860490025346, "encoding_time": 0.30658698081970215, "decoding_time": 0.21685314178466797}