{"MSE": 21.827068328857422, "PSNR": 34.740849528775406, "encoding_time": 0.32514405250549316, "decoding_time": 0.24254703521728516}