{"MSE": 14.614200592041016, "PSNR": 36.483052967653315, "encoding_time": 0.29607701301574707, "decoding_time": 0.19187307357788086}