{"MSE": 21.404457092285156, "PSNR": 34.825761441058944, "encoding_time": 0.32668519020080566, "decoding_time": 0.2473161220550537}