{"MSE": 15.170379638671875, "PSNR": 36.320839117280286, "encoding_time": 0.29596424102783203, "decoding_time": 0.19379568099975586}