{"MSE": 21.242389678955078, "PSNR": 34.85876989418644, "encoding_time": 0.32870912551879883, "decoding_time": 0.24974703788757324}