{"MSE": 21.04095458984375, "PSNR": 34.9001492178843, "encoding_time": 0.33460378646850586, "decoding_time": 0.25519728660583496}