{"MSE": 21.892494201660156, "PSNR": 34.727851175133104, "encoding_time": 0.3296799659729004, "decoding_time": 0.24982690811157227}