{"MSE": 21.215648651123047, "PSNR": 34.864240463633465, "encoding_time": 0.3232598304748535, "decoding_time": 0.23886418342590332}