{"MSE": 15.243927001953125, "PSNR": 36.299835004532206, "encoding_time": 0.2948329448699951, "decoding_time": 0.1972639560699463}