{"MSE": 21.544158935546875, "PSNR": 34.79750816575838, "encoding_time": 0.32465100288391113, "decoding_time": 0.24193692207336426}