{"MSE": 21.382644653320312, "PSNR": 34.83018942160142, "encoding_time": 0.3340718746185303, "decoding_time": 0.2528369426727295}