{"MSE": 21.181495666503906, "PSNR": 34.87123737637731, "encoding_time": 0.32589173316955566, "decoding_time": 0.2452232837677002}