{"MSE": 21.07720184326172, "PSNR": 34.892674063526584, "encoding_time": 0.3212909698486328, "decoding_time": 0.234846830368042}