{"MSE": 13.110034942626953, "PSNR": 36.954765116362665, "encoding_time": 0.28531622886657715, "decoding_time": 0.18408870697021484}