{"MSE": 17.431304931640625, "PSNR": 35.71750460654224, "encoding_time": 0.3064539432525635, "decoding_time": 0.21230316162109375}