{"MSE": 18.017486572265625, "PSNR": 35.57386153799153, "encoding_time": 0.3408632278442383, "decoding_time": 0.2530786991119385}