{"MSE": 14.216026306152344, "PSNR": 36.60302142426445, "encoding_time": 0.29151010513305664, "decoding_time": 0.18820405006408691}