{"MSE": 19.337425231933594, "PSNR": 35.26681713354872, "encoding_time": 0.32401418685913086, "decoding_time": 0.24039483070373535}