{"MSE": 21.147457122802734, "PSNR": 34.87822207782336, "encoding_time": 0.3233668804168701, "decoding_time": 0.23752617835998535}