{"MSE": 17.20180892944336, "PSNR": 35.77506241473909, "encoding_time": 0.31855106353759766, "decoding_time": 0.2205371856689453}