{"MSE": 14.360065460205078, "PSNR": 36.559239412303576, "encoding_time": 0.2920660972595215, "decoding_time": 0.18894314765930176}