{"MSE": 17.44062042236328, "PSNR": 35.71518430660341, "encoding_time": 0.31958484649658203, "decoding_time": 0.2294299602508545}