{"MSE": 18.138980865478516, "PSNR": 35.54467478195244, "encoding_time": 0.3420259952545166, "decoding_time": 0.23822522163391113}