{"MSE": 17.868648529052734, "PSNR": 35.609886543930635, "encoding_time": 0.3196449279785156, "decoding_time": 0.2238171100616455}