{"MSE": 21.41341781616211, "PSNR": 34.82394369881986, "encoding_time": 0.32806897163391113, "decoding_time": 0.24482297897338867}