{"MSE": 17.963211059570312, "PSNR": 35.58696388180151, "encoding_time": 0.3221111297607422, "decoding_time": 0.22965502738952637}