{"MSE": 16.840511322021484, "PSNR": 35.867250871863966, "encoding_time": 0.3003499507904053, "decoding_time": 0.20512795448303223}