{"MSE": 21.16912841796875, "PSNR": 34.87377383389779, "encoding_time": 0.33460497856140137, "decoding_time": 0.24646711349487305}