{"MSE": 18.220062255859375, "PSNR": 35.52530504294048, "encoding_time": 0.34071779251098633, "decoding_time": 0.23005104064941406}