{"MSE": 21.504226684570312, "PSNR": 34.80556531399911, "encoding_time": 0.327578067779541, "decoding_time": 0.245866060256958}