{"MSE": 12.162117004394531, "PSNR": 37.28071183685808, "encoding_time": 0.28392696380615234, "decoding_time": 0.17511510848999023}