{"MSE": 18.157672882080078, "PSNR": 35.540201730282284, "encoding_time": 0.31832194328308105, "decoding_time": 0.22736620903015137}