{"MSE": 20.66024398803711, "PSNR": 34.97944914834721, "encoding_time": 0.3120250701904297, "decoding_time": 0.22464776039123535}