{"MSE": 20.983142852783203, "PSNR": 34.91209823559607, "encoding_time": 0.33206987380981445, "decoding_time": 0.254504919052124}