{"MSE": 20.48874282836914, "PSNR": 35.015650495849314, "encoding_time": 0.32351016998291016, "decoding_time": 0.24033689498901367}