{"MSE": 15.846363067626953, "PSNR": 36.13150758724484, "encoding_time": 0.2981419563293457, "decoding_time": 0.2009279727935791}