{"MSE": 21.102123260498047, "PSNR": 34.887542053841855, "encoding_time": 0.3259730339050293, "decoding_time": 0.2445371150970459}