{"MSE": 21.029674530029297, "PSNR": 34.90247809575127, "encoding_time": 0.3253791332244873, "decoding_time": 0.2453620433807373}