{"MSE": 21.096664428710938, "PSNR": 34.88866565983426, "encoding_time": 0.32843995094299316, "decoding_time": 0.245499849319458}