{"MSE": 20.819019317626953, "PSNR": 34.94620092704637, "encoding_time": 0.3218541145324707, "decoding_time": 0.2389240264892578}