{"MSE": 13.532608032226562, "PSNR": 36.8169885807266, "encoding_time": 0.28928518295288086, "decoding_time": 0.18294978141784668}