{"MSE": 21.508804321289062, "PSNR": 34.80464092326072, "encoding_time": 0.3176999092102051, "decoding_time": 0.23451900482177734}