{"MSE": 18.084278106689453, "PSNR": 35.557791837137984, "encoding_time": 0.3043231964111328, "decoding_time": 0.21111488342285156}