{"MSE": 21.64966583251953, "PSNR": 34.7762916356018, "encoding_time": 0.3303980827331543, "decoding_time": 0.2498159408569336}