{"MSE": 19.797122955322266, "PSNR": 35.164782804758175, "encoding_time": 0.3085489273071289, "decoding_time": 0.22187113761901855}