{"MSE": 21.264522552490234, "PSNR": 34.85424724824061, "encoding_time": 0.3256559371948242, "decoding_time": 0.24432921409606934}