{"MSE": 16.708560943603516, "PSNR": 35.90141313797075, "encoding_time": 0.2996799945831299, "decoding_time": 0.20098567008972168}