{"MSE": 21.922351837158203, "PSNR": 34.7219321730053, "encoding_time": 0.3350830078125, "decoding_time": 0.25880908966064453}