{"MSE": 21.816917419433594, "PSNR": 34.74286973107956, "encoding_time": 0.33718204498291016, "decoding_time": 0.26068878173828125}