{"MSE": 21.877918243408203, "PSNR": 34.730743658030875, "encoding_time": 0.33305788040161133, "decoding_time": 0.2495720386505127}