{"MSE": 17.826705932617188, "PSNR": 35.620092603988866, "encoding_time": 0.30367588996887207, "decoding_time": 0.20875000953674316}