{"MSE": 16.59933853149414, "PSNR": 35.92989578722176, "encoding_time": 0.2962040901184082, "decoding_time": 0.2009279727935791}