{"MSE": 17.177181243896484, "PSNR": 35.781284627614276, "encoding_time": 0.3023369312286377, "decoding_time": 0.20669198036193848}