{"MSE": 20.676006317138672, "PSNR": 34.97613704682276, "encoding_time": 0.32193589210510254, "decoding_time": 0.23836708068847656}