{"MSE": 17.94603729248047, "PSNR": 35.591117949731945, "encoding_time": 0.32262706756591797, "decoding_time": 0.23543477058410645}