{"MSE": 17.888263702392578, "PSNR": 35.605121724002984, "encoding_time": 0.30463528633117676, "decoding_time": 0.21331787109375}