{"MSE": 19.20950698852539, "PSNR": 35.29564142019257, "encoding_time": 0.30975985527038574, "decoding_time": 0.21790695190429688}