{"MSE": 20.961349487304688, "PSNR": 34.91661121868066, "encoding_time": 0.3233661651611328, "decoding_time": 0.239210844039917}