{"MSE": 21.41655731201172, "PSNR": 34.82330701120947, "encoding_time": 0.3323090076446533, "decoding_time": 0.2508208751678467}