{"MSE": 16.068500518798828, "PSNR": 36.071050097296784, "encoding_time": 0.3007700443267822, "decoding_time": 0.2035229206085205}