{"MSE": 19.325946807861328, "PSNR": 35.269395810016384, "encoding_time": 0.3270859718322754, "decoding_time": 0.24860501289367676}