{"MSE": 19.82269287109375, "PSNR": 35.15917708719869, "encoding_time": 0.30830907821655273, "decoding_time": 0.2211158275604248}