{"MSE": 16.3687744140625, "PSNR": 35.990641973469586, "encoding_time": 0.30090808868408203, "decoding_time": 0.2034618854522705}