{"MSE": 18.267833709716797, "PSNR": 35.51393311254662, "encoding_time": 0.3086719512939453, "decoding_time": 0.21528983116149902}