{"MSE": 18.243953704833984, "PSNR": 35.51961399346842, "encoding_time": 0.30719900131225586, "decoding_time": 0.21307086944580078}