{"MSE": 17.43822479248047, "PSNR": 35.71578089105683, "encoding_time": 0.31902217864990234, "decoding_time": 0.2254650592803955}