{"MSE": 14.421649932861328, "PSNR": 36.54065411459106, "encoding_time": 0.2919192314147949, "decoding_time": 0.19260287284851074}