{"MSE": 16.656818389892578, "PSNR": 35.914883102358594, "encoding_time": 0.2982289791107178, "decoding_time": 0.20401215553283691}