{"MSE": 21.67791748046875, "PSNR": 34.77062802105897, "encoding_time": 0.33338117599487305, "decoding_time": 0.2506849765777588}