{"MSE": 17.284351348876953, "PSNR": 35.754272749871305, "encoding_time": 0.3180699348449707, "decoding_time": 0.22420501708984375}