{"MSE": 20.75338363647461, "PSNR": 34.95991446574025, "encoding_time": 0.3239407539367676, "decoding_time": 0.2416062355041504}