{"MSE": 21.05712890625, "PSNR": 34.896812050903726, "encoding_time": 0.33041882514953613, "decoding_time": 0.24654507637023926}