{"MSE": 21.463871002197266, "PSNR": 34.813723113047665, "encoding_time": 0.32662487030029297, "decoding_time": 0.24440789222717285}