{"MSE": 15.869796752929688, "PSNR": 36.125089961575696, "encoding_time": 0.2953190803527832, "decoding_time": 0.20020699501037598}