{"MSE": 13.75589370727539, "PSNR": 36.745915495279164, "encoding_time": 0.29130983352661133, "decoding_time": 0.19664502143859863}