{"MSE": 12.218753814697266, "PSNR": 37.26053446205108, "encoding_time": 0.2820911407470703, "decoding_time": 0.18461298942565918}