{"MSE": 20.76335906982422, "PSNR": 34.9578274639866, "encoding_time": 0.3269331455230713, "decoding_time": 0.2455458641052246}