{"MSE": 20.807025909423828, "PSNR": 34.94870352901951, "encoding_time": 0.3173828125, "decoding_time": 0.23727202415466309}