{"MSE": 18.25762176513672, "PSNR": 35.51636155114569, "encoding_time": 0.31799888610839844, "decoding_time": 0.2294161319732666}