{"MSE": 12.11496353149414, "PSNR": 37.29758249707195, "encoding_time": 0.2826848030090332, "decoding_time": 0.17536520957946777}