{"MSE": 15.376106262207031, "PSNR": 36.26233989182183, "encoding_time": 0.2953500747680664, "decoding_time": 0.19477605819702148}