{"MSE": 20.79535675048828, "PSNR": 34.95113985652917, "encoding_time": 0.3279712200164795, "decoding_time": 0.2464749813079834}