{"MSE": 11.2908935546875, "PSNR": 37.60352047772526, "encoding_time": 0.28556203842163086, "decoding_time": 0.17688393592834473}