{"MSE": 8.746295928955078, "PSNR": 38.71256193354387, "encoding_time": 0.2812001705169678, "decoding_time": 0.16289210319519043}