{"MSE": 9.537986755371094, "PSNR": 38.336236458391795, "encoding_time": 0.27860093116760254, "decoding_time": 0.16524505615234375}