{"MSE": 9.029125213623047, "PSNR": 38.57434685116949, "encoding_time": 0.27332520484924316, "decoding_time": 0.15878772735595703}