{"MSE": 11.896194458007812, "PSNR": 37.37672306215687, "encoding_time": 0.2886819839477539, "decoding_time": 0.18712973594665527}