{"MSE": 10.464275360107422, "PSNR": 37.93371201580976, "encoding_time": 0.2828099727630615, "decoding_time": 0.17441606521606445}