{"MSE": 10.975852966308594, "PSNR": 37.72642080321245, "encoding_time": 0.2863290309906006, "decoding_time": 0.17745614051818848}