{"MSE": 9.249443054199219, "PSNR": 38.469647779418594, "encoding_time": 0.2713789939880371, "decoding_time": 0.16237998008728027}