{"MSE": 10.779193878173828, "PSNR": 37.804940775080446, "encoding_time": 0.28096485137939453, "decoding_time": 0.1743910312652588}