{"MSE": 8.762931823730469, "PSNR": 38.70430928005331, "encoding_time": 0.27938079833984375, "decoding_time": 0.16032624244689941}