{"MSE": 8.633522033691406, "PSNR": 38.76892359155513, "encoding_time": 0.2707231044769287, "decoding_time": 0.15265679359436035}