{"MSE": 11.074623107910156, "PSNR": 37.687514056513656, "encoding_time": 0.28528308868408203, "decoding_time": 0.17911100387573242}