{"MSE": 8.100631713867188, "PSNR": 39.045614729585154, "encoding_time": 0.2582528591156006, "decoding_time": 0.13697504997253418}