{"MSE": 7.997039794921875, "PSNR": 39.10151103706221, "encoding_time": 0.2691199779510498, "decoding_time": 0.14670681953430176}