{"MSE": 7.779056549072266, "PSNR": 39.221534323071936, "encoding_time": 0.2655332088470459, "decoding_time": 0.1464226245880127}