{"MSE": 8.022693634033203, "PSNR": 39.087601529343, "encoding_time": 0.26481008529663086, "decoding_time": 0.1442708969116211}