{"MSE": 9.288578033447266, "PSNR": 38.45131126905991, "encoding_time": 0.2716810703277588, "decoding_time": 0.15620183944702148}