{"MSE": 7.919094085693359, "PSNR": 39.144048580773116, "encoding_time": 0.2703728675842285, "decoding_time": 0.15075922012329102}