{"MSE": 8.040706634521484, "PSNR": 39.077861437129854, "encoding_time": 0.26949000358581543, "decoding_time": 0.14925909042358398}