{"MSE": 7.211132049560547, "PSNR": 39.550769124751454, "encoding_time": 0.26026272773742676, "decoding_time": 0.13866806030273438}