{"MSE": 8.247184753417969, "PSNR": 38.96774637131602, "encoding_time": 0.26761794090270996, "decoding_time": 0.15298700332641602}