{"MSE": 7.876373291015625, "PSNR": 39.16754070061749, "encoding_time": 0.269179105758667, "decoding_time": 0.1486818790435791}