{"MSE": 8.029167175292969, "PSNR": 39.084098604126666, "encoding_time": 0.26680803298950195, "decoding_time": 0.14472389221191406}