{"MSE": 7.059200286865234, "PSNR": 39.64324856795375, "encoding_time": 0.25993776321411133, "decoding_time": 0.13907623291015625}