{"MSE": 6.516517639160156, "PSNR": 39.99064785706908, "encoding_time": 0.2578151226043701, "decoding_time": 0.13460993766784668}