{"MSE": 9.26535415649414, "PSNR": 38.46218336536087, "encoding_time": 0.2723240852355957, "decoding_time": 0.15675091743469238}