{"MSE": 9.229728698730469, "PSNR": 38.478914254298594, "encoding_time": 0.2718799114227295, "decoding_time": 0.15611791610717773}