{"MSE": 7.665382385253906, "PSNR": 39.28546536489839, "encoding_time": 0.2674589157104492, "decoding_time": 0.14665794372558594}