{"MSE": 6.6045379638671875, "PSNR": 39.93237919956209, "encoding_time": 0.25777578353881836, "decoding_time": 0.1336519718170166}