{"MSE": 8.07480239868164, "PSNR": 39.05948457507148, "encoding_time": 0.2669539451599121, "decoding_time": 0.14518404006958008}