{"MSE": 9.328140258789062, "PSNR": 38.43285293311443, "encoding_time": 0.2774808406829834, "decoding_time": 0.15880990028381348}