{"MSE": 7.707733154296875, "PSNR": 39.261536901235246, "encoding_time": 0.2574918270111084, "decoding_time": 0.13475298881530762}