{"MSE": 8.315986633300781, "PSNR": 38.93166578271054, "encoding_time": 0.2722039222717285, "decoding_time": 0.15543508529663086}