{"MSE": 7.6756591796875, "PSNR": 39.27964678242094, "encoding_time": 0.26575517654418945, "decoding_time": 0.14733076095581055}