{"MSE": 7.309452056884766, "PSNR": 39.49195538984006, "encoding_time": 0.261030912399292, "decoding_time": 0.13982510566711426}