{"MSE": 7.745220184326172, "PSNR": 39.240465922938455, "encoding_time": 0.26648712158203125, "decoding_time": 0.1467750072479248}