{"MSE": 7.893947601318359, "PSNR": 39.15786121571755, "encoding_time": 0.26577186584472656, "decoding_time": 0.14922499656677246}