{"MSE": 8.3048095703125, "PSNR": 38.93750682359925, "encoding_time": 0.26716065406799316, "decoding_time": 0.15289711952209473}