{"MSE": 6.542686462402344, "PSNR": 39.9732425226314, "encoding_time": 0.25498080253601074, "decoding_time": 0.13186001777648926}