{"MSE": 8.176834106445312, "PSNR": 39.00495174096143, "encoding_time": 0.2655787467956543, "decoding_time": 0.14626598358154297}