{"MSE": 6.8636932373046875, "PSNR": 39.76522495747969, "encoding_time": 0.26138901710510254, "decoding_time": 0.13807415962219238}