{"MSE": 7.570850372314453, "PSNR": 39.33935697845771, "encoding_time": 0.2624070644378662, "decoding_time": 0.14270687103271484}