{"MSE": 13.841163635253906, "PSNR": 36.71907757804531, "encoding_time": 0.2865006923675537, "decoding_time": 0.17682719230651855}