{"MSE": 14.523868560791016, "PSNR": 36.509980509204645, "encoding_time": 0.2906510829925537, "decoding_time": 0.18803191184997559}