{"MSE": 13.820323944091797, "PSNR": 36.72562137982938, "encoding_time": 0.2889890670776367, "decoding_time": 0.18294906616210938}