{"MSE": 14.97384262084961, "PSNR": 36.3774709660479, "encoding_time": 0.29204297065734863, "decoding_time": 0.18648886680603027}