{"MSE": 15.817848205566406, "PSNR": 36.139329573073525, "encoding_time": 0.2948920726776123, "decoding_time": 0.20223689079284668}