{"MSE": 15.578365325927734, "PSNR": 36.205584766697015, "encoding_time": 0.29300498962402344, "decoding_time": 0.19262218475341797}