{"MSE": 20.949432373046875, "PSNR": 34.919081006583504, "encoding_time": 0.30600500106811523, "decoding_time": 0.21637701988220215}