{"MSE": 14.896045684814453, "PSNR": 36.40009365287007, "encoding_time": 0.2888801097869873, "decoding_time": 0.18486499786376953}