{"MSE": 22.893375396728516, "PSNR": 34.53370531142215, "encoding_time": 0.31104207038879395, "decoding_time": 0.22834205627441406}