{"MSE": 14.59780502319336, "PSNR": 36.48792802205367, "encoding_time": 0.2924811840057373, "decoding_time": 0.1888890266418457}