{"MSE": 15.890827178955078, "PSNR": 36.11933856366277, "encoding_time": 0.29812097549438477, "decoding_time": 0.19488000869750977}