{"MSE": 20.801925659179688, "PSNR": 34.94976820883717, "encoding_time": 0.3023049831390381, "decoding_time": 0.2149810791015625}