{"MSE": 14.17934799194336, "PSNR": 36.614240996972654, "encoding_time": 0.2882070541381836, "decoding_time": 0.18346810340881348}