{"MSE": 14.511192321777344, "PSNR": 36.513772628688706, "encoding_time": 0.2981541156768799, "decoding_time": 0.20531702041625977}