{"MSE": 18.40369415283203, "PSNR": 35.48175353664907, "encoding_time": 0.30241823196411133, "decoding_time": 0.21395397186279297}