{"MSE": 13.49703598022461, "PSNR": 36.828419552445034, "encoding_time": 0.28762292861938477, "decoding_time": 0.18448734283447266}