{"MSE": 21.552696228027344, "PSNR": 34.795787530204315, "encoding_time": 0.3223118782043457, "decoding_time": 0.24809694290161133}