{"MSE": 20.21881866455078, "PSNR": 35.07324583621565, "encoding_time": 0.3054201602935791, "decoding_time": 0.21167993545532227}