{"MSE": 21.23379135131836, "PSNR": 34.86052815314789, "encoding_time": 0.3266429901123047, "decoding_time": 0.25044918060302734}