{"MSE": 15.026775360107422, "PSNR": 36.36214566812163, "encoding_time": 0.2927079200744629, "decoding_time": 0.19100403785705566}