{"MSE": 14.708915710449219, "PSNR": 36.45499701622694, "encoding_time": 0.2923288345336914, "decoding_time": 0.18884515762329102}