{"MSE": 15.086429595947266, "PSNR": 36.34493890492562, "encoding_time": 0.2902991771697998, "decoding_time": 0.2015218734741211}