{"MSE": 15.380126953125, "PSNR": 36.2612044056413, "encoding_time": 0.2991158962249756, "decoding_time": 0.195648193359375}