{"MSE": 19.444847106933594, "PSNR": 35.24275828189065, "encoding_time": 0.30286693572998047, "decoding_time": 0.2151169776916504}