{"MSE": 14.755626678466797, "PSNR": 36.44122701947517, "encoding_time": 0.29871606826782227, "decoding_time": 0.21853399276733398}