{"MSE": 14.603164672851562, "PSNR": 36.48633378301171, "encoding_time": 0.2940387725830078, "decoding_time": 0.1901102066040039}