{"MSE": 20.84563446044922, "PSNR": 34.9406524296094, "encoding_time": 0.30590200424194336, "decoding_time": 0.2182309627532959}