{"MSE": 16.80291748046875, "PSNR": 35.87695666304899, "encoding_time": 0.2930600643157959, "decoding_time": 0.19487690925598145}