{"MSE": 14.515609741210938, "PSNR": 36.51245077387679, "encoding_time": 0.3239631652832031, "decoding_time": 0.18819904327392578}