{"MSE": 16.143863677978516, "PSNR": 36.05072879229265, "encoding_time": 0.2926023006439209, "decoding_time": 0.18958163261413574}