{"MSE": 15.141864776611328, "PSNR": 36.32900997439558, "encoding_time": 0.29624295234680176, "decoding_time": 0.1914820671081543}