{"MSE": 16.414684295654297, "PSNR": 35.97847826527117, "encoding_time": 0.29325389862060547, "decoding_time": 0.19264006614685059}