{"MSE": 13.059005737304688, "PSNR": 36.971702481891626, "encoding_time": 0.29351091384887695, "decoding_time": 0.20050692558288574}