{"MSE": 13.657978057861328, "PSNR": 36.776939501980294, "encoding_time": 0.290632963180542, "decoding_time": 0.18911314010620117}