{"MSE": 14.380584716796875, "PSNR": 36.55303815981291, "encoding_time": 0.296295166015625, "decoding_time": 0.19278693199157715}