{"MSE": 21.420574188232422, "PSNR": 34.82249252754954, "encoding_time": 0.3084249496459961, "decoding_time": 0.2191910743713379}