{"MSE": 15.443260192871094, "PSNR": 36.24341372231452, "encoding_time": 0.2918708324432373, "decoding_time": 0.1870419979095459}