{"MSE": 17.010395050048828, "PSNR": 35.82365961066981, "encoding_time": 0.30198025703430176, "decoding_time": 0.19880175590515137}