{"MSE": 18.053016662597656, "PSNR": 35.56530577869824, "encoding_time": 0.30353808403015137, "decoding_time": 0.20810198783874512}