{"MSE": 13.921871185302734, "PSNR": 36.69382749814856, "encoding_time": 0.2932720184326172, "decoding_time": 0.1880030632019043}