{"MSE": 13.264228820800781, "PSNR": 36.90398355596426, "encoding_time": 0.2830469608306885, "decoding_time": 0.17601394653320312}