{"MSE": 16.46551513671875, "PSNR": 35.965050383596314, "encoding_time": 0.29514002799987793, "decoding_time": 0.19144988059997559}