{"MSE": 22.0672607421875, "PSNR": 34.6933193429375, "encoding_time": 0.30884480476379395, "decoding_time": 0.22069406509399414}