{"MSE": 10.702857971191406, "PSNR": 37.8358059856729, "encoding_time": 0.2945239543914795, "decoding_time": 0.20020103454589844}