{"MSE": 15.493770599365234, "PSNR": 36.229232393499814, "encoding_time": 0.2949397563934326, "decoding_time": 0.19085431098937988}