{"MSE": 16.95562744140625, "PSNR": 35.837664954297956, "encoding_time": 0.3015420436859131, "decoding_time": 0.2074120044708252}