{"MSE": 16.93044662475586, "PSNR": 35.84411945930356, "encoding_time": 0.3064708709716797, "decoding_time": 0.21082019805908203}