{"MSE": 9.802265167236328, "PSNR": 38.217539141593804, "encoding_time": 0.29138684272766113, "decoding_time": 0.18178820610046387}