{"MSE": 17.709720611572266, "PSNR": 35.64868651050482, "encoding_time": 0.30857181549072266, "decoding_time": 0.21779108047485352}