{"MSE": 15.667613983154297, "PSNR": 36.18077497957054, "encoding_time": 0.29891204833984375, "decoding_time": 0.206298828125}