{"MSE": 14.338600158691406, "PSNR": 36.56573606539677, "encoding_time": 0.2947540283203125, "decoding_time": 0.19640398025512695}