{"MSE": 16.284496307373047, "PSNR": 36.01306030838464, "encoding_time": 0.306088924407959, "decoding_time": 0.21257686614990234}