{"MSE": 17.37590789794922, "PSNR": 35.731328549572254, "encoding_time": 0.3089778423309326, "decoding_time": 0.216414213180542}