{"MSE": 15.501487731933594, "PSNR": 36.22706979938688, "encoding_time": 0.295565128326416, "decoding_time": 0.20007801055908203}