{"MSE": 16.31442642211914, "PSNR": 36.00508551275274, "encoding_time": 0.2975952625274658, "decoding_time": 0.2018899917602539}