{"MSE": 10.027740478515625, "PSNR": 38.118772751316975, "encoding_time": 0.2910447120666504, "decoding_time": 0.18435907363891602}