{"MSE": 10.222286224365234, "PSNR": 38.03532323818041, "encoding_time": 0.2905910015106201, "decoding_time": 0.1821908950805664}