{"MSE": 15.574028015136719, "PSNR": 36.20679409282126, "encoding_time": 0.3017120361328125, "decoding_time": 0.2081139087677002}