{"MSE": 12.004440307617188, "PSNR": 37.337384444531885, "encoding_time": 0.2944941520690918, "decoding_time": 0.19353079795837402}