{"MSE": 15.447559356689453, "PSNR": 36.24220488217212, "encoding_time": 0.3007688522338867, "decoding_time": 0.2077932357788086}