{"MSE": 18.04552459716797, "PSNR": 35.56710849016931, "encoding_time": 0.3112149238586426, "decoding_time": 0.22130608558654785}