{"MSE": 17.169944763183594, "PSNR": 35.78311462858022, "encoding_time": 0.3065168857574463, "decoding_time": 0.21485328674316406}