{"MSE": 16.66332244873047, "PSNR": 35.913187625191895, "encoding_time": 0.30148983001708984, "decoding_time": 0.20955324172973633}