{"MSE": 15.957901000976562, "PSNR": 36.101045943821894, "encoding_time": 0.29734015464782715, "decoding_time": 0.20357108116149902}