{"MSE": 10.54312515258789, "PSNR": 37.90110999009339, "encoding_time": 0.28903698921203613, "decoding_time": 0.18503403663635254}