{"MSE": 16.458343505859375, "PSNR": 35.96694238525478, "encoding_time": 0.3042891025543213, "decoding_time": 0.21350502967834473}