{"MSE": 7.248798370361328, "PSNR": 39.528143411070275, "encoding_time": 0.2661440372467041, "decoding_time": 0.14471817016601562}