{"MSE": 7.045219421386719, "PSNR": 39.651858372318316, "encoding_time": 0.27091407775878906, "decoding_time": 0.14990901947021484}