{"MSE": 8.092647552490234, "PSNR": 39.049897342702096, "encoding_time": 0.26847004890441895, "decoding_time": 0.1493687629699707}