{"MSE": 6.866001129150391, "PSNR": 39.763764903561366, "encoding_time": 0.27260708808898926, "decoding_time": 0.15098285675048828}