{"MSE": 6.891845703125, "PSNR": 39.747448151086786, "encoding_time": 0.2684600353240967, "decoding_time": 0.1469271183013916}