{"MSE": 6.998584747314453, "PSNR": 39.68070134935579, "encoding_time": 0.26837873458862305, "decoding_time": 0.1462540626525879}