{"MSE": 7.4763641357421875, "PSNR": 39.39389915366536, "encoding_time": 0.26728391647338867, "decoding_time": 0.14752674102783203}