{"MSE": 6.4948272705078125, "PSNR": 40.00512755337667, "encoding_time": 0.2695748805999756, "decoding_time": 0.14665484428405762}