{"MSE": 7.6285247802734375, "PSNR": 39.30639799548787, "encoding_time": 0.2767679691314697, "decoding_time": 0.16023993492126465}