{"MSE": 7.891437530517578, "PSNR": 39.15924237924071, "encoding_time": 0.2700181007385254, "decoding_time": 0.14807891845703125}