{"MSE": 7.603668212890625, "PSNR": 39.32057202760576, "encoding_time": 0.27370309829711914, "decoding_time": 0.15532493591308594}