{"MSE": 7.3628082275390625, "PSNR": 39.46036871922675, "encoding_time": 0.2672841548919678, "decoding_time": 0.17017889022827148}