{"MSE": 7.2166748046875, "PSNR": 39.547432251574655, "encoding_time": 0.2680230140686035, "decoding_time": 0.14574384689331055}