{"MSE": 7.879692077636719, "PSNR": 39.165711143930906, "encoding_time": 0.2754950523376465, "decoding_time": 0.15949201583862305}