{"MSE": 7.5508880615234375, "PSNR": 39.35082328770064, "encoding_time": 0.26662397384643555, "decoding_time": 0.1463167667388916}