{"MSE": 8.13730239868164, "PSNR": 39.02599905307531, "encoding_time": 0.26864099502563477, "decoding_time": 0.14965581893920898}