{"MSE": 6.2314605712890625, "PSNR": 40.18490509440264, "encoding_time": 0.2616438865661621, "decoding_time": 0.13812708854675293}