{"MSE": 8.577529907226562, "PSNR": 38.79718119884867, "encoding_time": 0.28043699264526367, "decoding_time": 0.16417789459228516}