{"MSE": 8.548316955566406, "PSNR": 38.811997442521616, "encoding_time": 0.278364896774292, "decoding_time": 0.16455698013305664}