{"MSE": 8.035331726074219, "PSNR": 39.08076550231557, "encoding_time": 0.2687711715698242, "decoding_time": 0.1497819423675537}