{"MSE": 8.177383422851562, "PSNR": 39.004659993485625, "encoding_time": 0.2752840518951416, "decoding_time": 0.18109488487243652}