{"MSE": 6.4590301513671875, "PSNR": 40.02913048992073, "encoding_time": 0.29367804527282715, "decoding_time": 0.2020409107208252}