{"MSE": 6.411857604980469, "PSNR": 40.06096491923469, "encoding_time": 0.29010510444641113, "decoding_time": 0.1822819709777832}