{"MSE": 6.507484436035156, "PSNR": 39.99667222788463, "encoding_time": 0.30217528343200684, "decoding_time": 0.21018290519714355}