{"MSE": 6.782649993896484, "PSNR": 39.81680954187866, "encoding_time": 0.2869412899017334, "decoding_time": 0.17871904373168945}