{"MSE": 7.176795959472656, "PSNR": 39.57149761707458, "encoding_time": 0.2789120674133301, "decoding_time": 0.17766499519348145}