{"MSE": 7.258842468261719, "PSNR": 39.52212989441472, "encoding_time": 0.285567045211792, "decoding_time": 0.17846083641052246}