{"MSE": 6.554912567138672, "PSNR": 39.96513457650724, "encoding_time": 0.27549171447753906, "decoding_time": 0.1689300537109375}