{"MSE": 7.368206024169922, "PSNR": 39.457186000975206, "encoding_time": 0.2938249111175537, "decoding_time": 0.17864418029785156}