{"MSE": 8.621810913085938, "PSNR": 38.774818668575634, "encoding_time": 0.28057193756103516, "decoding_time": 0.18862104415893555}