{"MSE": 7.838474273681641, "PSNR": 39.188488235666796, "encoding_time": 0.2895998954772949, "decoding_time": 0.18368005752563477}