{"MSE": 6.4432220458984375, "PSNR": 40.03977262635523, "encoding_time": 0.263293981552124, "decoding_time": 0.1585991382598877}