{"MSE": 6.513912200927734, "PSNR": 39.99238460324898, "encoding_time": 0.26592206954956055, "decoding_time": 0.15810775756835938}