{"MSE": 6.253898620605469, "PSNR": 40.1692952407428, "encoding_time": 0.255403995513916, "decoding_time": 0.14991998672485352}