{"MSE": 7.718364715576172, "PSNR": 39.255550644480486, "encoding_time": 0.28029584884643555, "decoding_time": 0.1850278377532959}