{"MSE": 6.429935455322266, "PSNR": 40.04873747436389, "encoding_time": 0.2996962070465088, "decoding_time": 0.20296883583068848}