{"MSE": 6.346832275390625, "PSNR": 40.105233392886, "encoding_time": 0.2849619388580322, "decoding_time": 0.19428014755249023}