{"MSE": 7.680301666259766, "PSNR": 39.277020823182966, "encoding_time": 0.3144187927246094, "decoding_time": 0.19099807739257812}