{"MSE": 7.978904724121094, "PSNR": 39.111370816621665, "encoding_time": 0.2729198932647705, "decoding_time": 0.17619609832763672}