{"MSE": 6.842964172363281, "PSNR": 39.778360946967716, "encoding_time": 0.2774021625518799, "decoding_time": 0.17303180694580078}