{"MSE": 6.341991424560547, "PSNR": 40.10854710415653, "encoding_time": 0.2547316551208496, "decoding_time": 0.151475191116333}