{"MSE": 6.491130828857422, "PSNR": 40.00759998435559, "encoding_time": 0.2787199020385742, "decoding_time": 0.17350101470947266}