{"MSE": 6.333019256591797, "PSNR": 40.114695522944295, "encoding_time": 0.2910170555114746, "decoding_time": 0.17972993850708008}