{"MSE": 6.397247314453125, "PSNR": 40.07087220213486, "encoding_time": 0.26302266120910645, "decoding_time": 0.15735197067260742}