{"MSE": 6.428749084472656, "PSNR": 40.04953885387256, "encoding_time": 0.2570638656616211, "decoding_time": 0.15194392204284668}