{"MSE": 7.424652099609375, "PSNR": 39.42404252341248, "encoding_time": 0.2875330448150635, "decoding_time": 0.1781620979309082}