{"MSE": 7.283634185791016, "PSNR": 39.507322352609364, "encoding_time": 0.2855398654937744, "decoding_time": 0.1783149242401123}