{"MSE": 6.6486053466796875, "PSNR": 39.903498063563, "encoding_time": 0.2891509532928467, "decoding_time": 0.17684292793273926}