{"MSE": 6.277412414550781, "PSNR": 40.152996989242325, "encoding_time": 0.26117491722106934, "decoding_time": 0.15656304359436035}