{"MSE": 8.026924133300781, "PSNR": 39.08531202618251, "encoding_time": 0.2864348888397217, "decoding_time": 0.18470096588134766}