{"MSE": 7.2684173583984375, "PSNR": 39.516405039758084, "encoding_time": 0.2836720943450928, "decoding_time": 0.1762537956237793}