{"MSE": 6.527587890625, "PSNR": 39.98327632780975, "encoding_time": 0.2580702304840088, "decoding_time": 0.15272068977355957}