{"MSE": 6.359283447265625, "PSNR": 40.09672177991558, "encoding_time": 0.2871286869049072, "decoding_time": 0.19235825538635254}