{"MSE": 7.328395843505859, "PSNR": 39.48071441145987, "encoding_time": 0.28064584732055664, "decoding_time": 0.18060684204101562}