{"MSE": 6.422233581542969, "PSNR": 40.053942637279924, "encoding_time": 0.26373791694641113, "decoding_time": 0.1591048240661621}