{"MSE": 8.11129379272461, "PSNR": 39.03990228946925, "encoding_time": 0.27533888816833496, "decoding_time": 0.18132519721984863}