{"MSE": 10.977195739746094, "PSNR": 37.72588952475277, "encoding_time": 0.29161691665649414, "decoding_time": 0.19284892082214355}