{"MSE": 8.159259796142578, "PSNR": 39.014295992993375, "encoding_time": 0.2883918285369873, "decoding_time": 0.18115925788879395}