{"MSE": 10.545528411865234, "PSNR": 37.90012014762283, "encoding_time": 0.29209327697753906, "decoding_time": 0.19188380241394043}