{"MSE": 8.659969329833984, "PSNR": 38.755640069461116, "encoding_time": 0.28650522232055664, "decoding_time": 0.1760389804840088}