{"MSE": 9.18442153930664, "PSNR": 38.50028552452354, "encoding_time": 0.2907710075378418, "decoding_time": 0.1864619255065918}