{"MSE": 8.830364227294922, "PSNR": 38.67101743514348, "encoding_time": 0.3263089656829834, "decoding_time": 0.1804659366607666}