{"MSE": 9.359333038330078, "PSNR": 38.418354595756796, "encoding_time": 0.2943918704986572, "decoding_time": 0.19615602493286133}