{"MSE": 8.99270248413086, "PSNR": 38.59190135478204, "encoding_time": 0.2901308536529541, "decoding_time": 0.18218493461608887}