{"MSE": 11.037242889404297, "PSNR": 37.70219760976601, "encoding_time": 0.29655003547668457, "decoding_time": 0.19535517692565918}