{"MSE": 9.740436553955078, "PSNR": 38.24501939027793, "encoding_time": 0.29677391052246094, "decoding_time": 0.19741320610046387}