{"MSE": 6.908466339111328, "PSNR": 39.736987149969536, "encoding_time": 0.27550172805786133, "decoding_time": 0.16246509552001953}