{"MSE": 7.002712249755859, "PSNR": 39.678140798591606, "encoding_time": 0.2687201499938965, "decoding_time": 0.14807510375976562}