{"MSE": 6.791446685791016, "PSNR": 39.81118065124416, "encoding_time": 0.26724815368652344, "decoding_time": 0.14615583419799805}