{"MSE": 7.314167022705078, "PSNR": 39.48915487418393, "encoding_time": 0.2845587730407715, "decoding_time": 0.17374300956726074}