{"MSE": 6.578529357910156, "PSNR": 39.94951543717404, "encoding_time": 0.2750370502471924, "decoding_time": 0.15996885299682617}