{"MSE": 6.3562774658203125, "PSNR": 40.098775139869815, "encoding_time": 0.27445459365844727, "decoding_time": 0.1574552059173584}