{"MSE": 7.494235992431641, "PSNR": 39.38352996022979, "encoding_time": 0.2823779582977295, "decoding_time": 0.172163724899292}