{"MSE": 7.238517761230469, "PSNR": 39.53430716497063, "encoding_time": 0.2714991569519043, "decoding_time": 0.155167818069458}