{"MSE": 7.94708251953125, "PSNR": 39.128726382762075, "encoding_time": 0.2827589511871338, "decoding_time": 0.17673897743225098}