{"MSE": 7.385303497314453, "PSNR": 39.4471201362338, "encoding_time": 0.28077101707458496, "decoding_time": 0.17055177688598633}