{"MSE": 7.450660705566406, "PSNR": 39.40885574286236, "encoding_time": 0.2837228775024414, "decoding_time": 0.17409110069274902}