{"MSE": 8.05550765991211, "PSNR": 39.06987445913889, "encoding_time": 0.2839198112487793, "decoding_time": 0.17789697647094727}