{"MSE": 6.544193267822266, "PSNR": 39.97224244118257, "encoding_time": 0.27337121963500977, "decoding_time": 0.15865182876586914}