{"MSE": 7.765834808349609, "PSNR": 39.228922126935814, "encoding_time": 0.281735897064209, "decoding_time": 0.17516708374023438}