{"MSE": 7.2763519287109375, "PSNR": 39.511666648413666, "encoding_time": 0.27744364738464355, "decoding_time": 0.16826915740966797}