{"MSE": 7.957145690917969, "PSNR": 39.1232305104329, "encoding_time": 0.2884058952331543, "decoding_time": 0.18460607528686523}