{"MSE": 6.9894256591796875, "PSNR": 39.68638870858569, "encoding_time": 0.269665002822876, "decoding_time": 0.1522970199584961}