{"MSE": 6.3002777099609375, "PSNR": 40.13720667724577, "encoding_time": 0.2730281352996826, "decoding_time": 0.15649986267089844}