{"MSE": 6.714942932128906, "PSNR": 39.860380347592034, "encoding_time": 0.2668342590332031, "decoding_time": 0.14755582809448242}