{"MSE": 6.266075134277344, "PSNR": 40.16084762820401, "encoding_time": 0.27356696128845215, "decoding_time": 0.15749216079711914}