{"MSE": 7.333759307861328, "PSNR": 39.47753708445261, "encoding_time": 0.27995800971984863, "decoding_time": 0.17001771926879883}