{"MSE": 7.6576995849609375, "PSNR": 39.28982036092188, "encoding_time": 0.2819640636444092, "decoding_time": 0.17371296882629395}