{"MSE": 8.081451416015625, "PSNR": 39.05590994479595, "encoding_time": 0.28624391555786133, "decoding_time": 0.183027982711792}