{"MSE": 8.1268310546875, "PSNR": 39.03159129388687, "encoding_time": 0.2850649356842041, "decoding_time": 0.17845606803894043}