{"MSE": 8.21535873413086, "PSNR": 38.98453828659589, "encoding_time": 0.2853970527648926, "decoding_time": 0.17867493629455566}