{"MSE": 7.922588348388672, "PSNR": 39.14213269963129, "encoding_time": 0.2840280532836914, "decoding_time": 0.18213891983032227}