{"MSE": 7.302619934082031, "PSNR": 39.49601662557852, "encoding_time": 0.2775380611419678, "decoding_time": 0.16372919082641602}