{"MSE": 7.932380676269531, "PSNR": 39.13676812970023, "encoding_time": 0.2863647937774658, "decoding_time": 0.18405818939208984}