{"MSE": 8.020217895507812, "PSNR": 39.08894193390332, "encoding_time": 0.286060094833374, "decoding_time": 0.18465614318847656}