{"MSE": 7.092250823974609, "PSNR": 39.62296274443563, "encoding_time": 0.2793698310852051, "decoding_time": 0.16862106323242188}