{"MSE": 7.577350616455078, "PSNR": 39.33562977634749, "encoding_time": 0.2824232578277588, "decoding_time": 0.17225003242492676}