{"MSE": 8.147628784179688, "PSNR": 39.02049127070824, "encoding_time": 0.28297996520996094, "decoding_time": 0.17960619926452637}