{"MSE": 7.958179473876953, "PSNR": 39.122666316826354, "encoding_time": 0.2906622886657715, "decoding_time": 0.1870739459991455}