{"MSE": 7.098457336425781, "PSNR": 39.61916384412592, "encoding_time": 0.2770991325378418, "decoding_time": 0.16460680961608887}