{"MSE": 8.81093978881836, "PSNR": 38.68058127446726, "encoding_time": 0.28655171394348145, "decoding_time": 0.18288040161132812}