{"MSE": 6.677806854248047, "PSNR": 39.884465072977086, "encoding_time": 0.27675771713256836, "decoding_time": 0.1596071720123291}