{"MSE": 7.057842254638672, "PSNR": 39.64408413376342, "encoding_time": 0.27469897270202637, "decoding_time": 0.15677380561828613}