{"MSE": 8.091354370117188, "PSNR": 39.050591388553784, "encoding_time": 0.2844359874725342, "decoding_time": 0.17831778526306152}