{"MSE": 7.231868743896484, "PSNR": 39.538298256349464, "encoding_time": 0.2799680233001709, "decoding_time": 0.17004895210266113}