{"MSE": 6.638668060302734, "PSNR": 39.909994068139774, "encoding_time": 0.2745327949523926, "decoding_time": 0.16024327278137207}