{"MSE": 6.8516845703125, "PSNR": 39.7728299964594, "encoding_time": 0.2713589668273926, "decoding_time": 0.15179824829101562}