{"MSE": 8.364677429199219, "PSNR": 38.90631163139127, "encoding_time": 0.2781660556793213, "decoding_time": 0.16703319549560547}