{"MSE": 9.35445785522461, "PSNR": 38.42061738172135, "encoding_time": 0.29135799407958984, "decoding_time": 0.18832182884216309}