{"MSE": 9.390960693359375, "PSNR": 38.40370338092417, "encoding_time": 0.28413891792297363, "decoding_time": 0.17336797714233398}