{"MSE": 9.364471435546875, "PSNR": 38.41597091607651, "encoding_time": 0.28742408752441406, "decoding_time": 0.18334388732910156}