{"MSE": 9.266830444335938, "PSNR": 38.46149144082142, "encoding_time": 0.28983283042907715, "decoding_time": 0.185211181640625}