{"MSE": 9.616260528564453, "PSNR": 38.300741399254264, "encoding_time": 0.2902650833129883, "decoding_time": 0.18821287155151367}