{"MSE": 7.975502014160156, "PSNR": 39.11322331819844, "encoding_time": 0.28249597549438477, "decoding_time": 0.16627907752990723}