{"MSE": 9.46683120727539, "PSNR": 38.36875727111935, "encoding_time": 0.2850058078765869, "decoding_time": 0.17857098579406738}