{"MSE": 9.172443389892578, "PSNR": 38.505953207924065, "encoding_time": 0.2842130661010742, "decoding_time": 0.17571020126342773}