{"MSE": 7.571372985839844, "PSNR": 39.339057196629156, "encoding_time": 0.27397990226745605, "decoding_time": 0.15742993354797363}