{"MSE": 8.310600280761719, "PSNR": 38.93447966541446, "encoding_time": 0.2769801616668701, "decoding_time": 0.16739606857299805}