{"MSE": 7.477199554443359, "PSNR": 39.393413894445686, "encoding_time": 0.2722609043121338, "decoding_time": 0.15521001815795898}