{"MSE": 9.153377532958984, "PSNR": 38.514989855702474, "encoding_time": 0.2860097885131836, "decoding_time": 0.18593311309814453}