{"MSE": 9.570720672607422, "PSNR": 38.321357196059516, "encoding_time": 0.283862829208374, "decoding_time": 0.17755413055419922}