{"MSE": 7.59478759765625, "PSNR": 39.32564728351228, "encoding_time": 0.27577900886535645, "decoding_time": 0.15799283981323242}