{"MSE": 7.751804351806641, "PSNR": 39.23677557867904, "encoding_time": 0.2785670757293701, "decoding_time": 0.16840696334838867}