{"MSE": 7.713653564453125, "PSNR": 39.25820230930175, "encoding_time": 0.27623677253723145, "decoding_time": 0.16665005683898926}