{"MSE": 7.470775604248047, "PSNR": 39.397146689374736, "encoding_time": 0.2762300968170166, "decoding_time": 0.16457080841064453}