{"MSE": 7.781684875488281, "PSNR": 39.220067210883855, "encoding_time": 0.27465200424194336, "decoding_time": 0.1820831298828125}