{"MSE": 11.484664916992188, "PSNR": 37.52962032370753, "encoding_time": 0.3216841220855713, "decoding_time": 0.23122286796569824}