{"MSE": 11.580848693847656, "PSNR": 37.49339973363465, "encoding_time": 0.3207249641418457, "decoding_time": 0.2262418270111084}