{"MSE": 10.709419250488281, "PSNR": 37.83314440283185, "encoding_time": 0.3191800117492676, "decoding_time": 0.2230079174041748}