{"MSE": 12.270362854003906, "PSNR": 37.242229551774514, "encoding_time": 0.3210902214050293, "decoding_time": 0.23177862167358398}