{"MSE": 12.287639617919922, "PSNR": 37.236118953422476, "encoding_time": 0.32877683639526367, "decoding_time": 0.228193998336792}