{"MSE": 11.714378356933594, "PSNR": 37.44361113885991, "encoding_time": 0.32919907569885254, "decoding_time": 0.2512640953063965}