{"MSE": 10.160667419433594, "PSNR": 38.0615812466636, "encoding_time": 0.3108029365539551, "decoding_time": 0.213118314743042}