{"MSE": 12.105926513671875, "PSNR": 37.300823275712105, "encoding_time": 0.3218080997467041, "decoding_time": 0.22489190101623535}