{"MSE": 9.616729736328125, "PSNR": 38.30052949841112, "encoding_time": 0.304415225982666, "decoding_time": 0.20281696319580078}