{"MSE": 9.9149169921875, "PSNR": 38.16791278230353, "encoding_time": 0.3070719242095947, "decoding_time": 0.20928215980529785}