{"MSE": 9.953922271728516, "PSNR": 38.15086115769047, "encoding_time": 0.3112499713897705, "decoding_time": 0.2109220027923584}