{"MSE": 10.3656005859375, "PSNR": 37.974858905593905, "encoding_time": 0.3091921806335449, "decoding_time": 0.23404407501220703}