{"MSE": 10.614971160888672, "PSNR": 37.871615422701716, "encoding_time": 0.3167548179626465, "decoding_time": 0.2142353057861328}