{"MSE": 11.64529800415039, "PSNR": 37.46929754222876, "encoding_time": 0.32364416122436523, "decoding_time": 0.23247694969177246}