{"MSE": 9.502616882324219, "PSNR": 38.352371407315474, "encoding_time": 0.30989599227905273, "decoding_time": 0.21120572090148926}