{"MSE": 10.448173522949219, "PSNR": 37.94039984127423, "encoding_time": 0.32198309898376465, "decoding_time": 0.2179100513458252}