{"MSE": 10.569404602050781, "PSNR": 37.89029837640605, "encoding_time": 0.3259248733520508, "decoding_time": 0.2277519702911377}