{"MSE": 10.956230163574219, "PSNR": 37.73419213726268, "encoding_time": 0.31797194480895996, "decoding_time": 0.22009992599487305}