{"MSE": 9.979263305664062, "PSNR": 38.139818791090086, "encoding_time": 0.3148159980773926, "decoding_time": 0.23868489265441895}