{"MSE": 10.126869201660156, "PSNR": 38.076051601868286, "encoding_time": 0.30896711349487305, "decoding_time": 0.20999407768249512}