{"MSE": 12.242515563964844, "PSNR": 37.25209696056784, "encoding_time": 0.3287627696990967, "decoding_time": 0.2253098487854004}