{"MSE": 9.599834442138672, "PSNR": 38.308166175664255, "encoding_time": 0.30147790908813477, "decoding_time": 0.19922709465026855}