{"MSE": 12.111076354980469, "PSNR": 37.29897618694654, "encoding_time": 0.3255772590637207, "decoding_time": 0.2284529209136963}