{"MSE": 9.177722930908203, "PSNR": 38.50345418360652, "encoding_time": 0.30928492546081543, "decoding_time": 0.20893216133117676}