{"MSE": 10.056327819824219, "PSNR": 38.10640938670103, "encoding_time": 0.3202171325683594, "decoding_time": 0.20834994316101074}