{"MSE": 10.485221862792969, "PSNR": 37.92502736484543, "encoding_time": 0.31241393089294434, "decoding_time": 0.2077617645263672}