{"MSE": 11.898906707763672, "PSNR": 37.37573301374362, "encoding_time": 0.32695865631103516, "decoding_time": 0.22750210762023926}