{"MSE": 9.633892059326172, "PSNR": 38.29278584812438, "encoding_time": 0.3066370487213135, "decoding_time": 0.20401501655578613}