{"MSE": 12.329631805419922, "PSNR": 37.22130253230975, "encoding_time": 0.32674717903137207, "decoding_time": 0.23070287704467773}