{"MSE": 11.428180694580078, "PSNR": 37.55103262335483, "encoding_time": 0.31528282165527344, "decoding_time": 0.23204994201660156}