{"MSE": 10.278472900390625, "PSNR": 38.01151765683236, "encoding_time": 0.3094351291656494, "decoding_time": 0.20865201950073242}