{"MSE": 10.043449401855469, "PSNR": 38.11197464900533, "encoding_time": 0.3126709461212158, "decoding_time": 0.23114919662475586}