{"MSE": 12.241966247558594, "PSNR": 37.252291831005316, "encoding_time": 0.331406831741333, "decoding_time": 0.23379731178283691}