{"MSE": 10.514312744140625, "PSNR": 37.912994700730344, "encoding_time": 0.31522178649902344, "decoding_time": 0.2149181365966797}