{"MSE": 10.45083236694336, "PSNR": 37.93929479227122, "encoding_time": 0.31510210037231445, "decoding_time": 0.21955394744873047}