{"MSE": 9.828533172607422, "PSNR": 38.20591653063877, "encoding_time": 0.30802202224731445, "decoding_time": 0.20106983184814453}