{"MSE": 9.96307373046875, "PSNR": 38.146870165965105, "encoding_time": 0.3104362487792969, "decoding_time": 0.20759797096252441}