{"MSE": 9.857872009277344, "PSNR": 38.19297185720886, "encoding_time": 0.31730103492736816, "decoding_time": 0.20923972129821777}