{"MSE": 10.270881652832031, "PSNR": 38.01472635817322, "encoding_time": 0.3154160976409912, "decoding_time": 0.21421599388122559}