{"MSE": 12.301811218261719, "PSNR": 37.23111302746617, "encoding_time": 0.32013487815856934, "decoding_time": 0.23048806190490723}