{"MSE": 10.57979965209961, "PSNR": 37.88602917253, "encoding_time": 0.31327009201049805, "decoding_time": 0.2156670093536377}