{"MSE": 9.534618377685547, "PSNR": 38.33777045738858, "encoding_time": 0.30390501022338867, "decoding_time": 0.2028181552886963}