{"MSE": 10.395240783691406, "PSNR": 37.962458075739264, "encoding_time": 0.31165409088134766, "decoding_time": 0.2156379222869873}