{"MSE": 9.731040954589844, "PSNR": 38.24921060511861, "encoding_time": 0.32020020484924316, "decoding_time": 0.2062058448791504}