{"MSE": 9.851570129394531, "PSNR": 38.195749076099915, "encoding_time": 0.30747294425964355, "decoding_time": 0.21234416961669922}