{"MSE": 10.431346893310547, "PSNR": 37.9473997280891, "encoding_time": 0.3175039291381836, "decoding_time": 0.21619510650634766}