{"MSE": 10.245063781738281, "PSNR": 38.025656943756196, "encoding_time": 0.3158440589904785, "decoding_time": 0.21184015274047852}