{"MSE": 11.40108871459961, "PSNR": 37.56134035832593, "encoding_time": 0.3515639305114746, "decoding_time": 0.23807787895202637}