{"MSE": 10.52261734008789, "PSNR": 37.909565835047715, "encoding_time": 0.31369972229003906, "decoding_time": 0.22401833534240723}