{"MSE": 11.235774993896484, "PSNR": 37.62477327373577, "encoding_time": 0.3212699890136719, "decoding_time": 0.22321295738220215}