{"MSE": 12.176998138427734, "PSNR": 37.27540121224214, "encoding_time": 0.32714176177978516, "decoding_time": 0.22873187065124512}