{"MSE": 9.601150512695312, "PSNR": 38.30757082893305, "encoding_time": 0.31064295768737793, "decoding_time": 0.21056318283081055}