{"MSE": 9.525691986083984, "PSNR": 38.34183826407724, "encoding_time": 0.3123030662536621, "decoding_time": 0.20696401596069336}