{"MSE": 11.998085021972656, "PSNR": 37.33968425716654, "encoding_time": 0.3588118553161621, "decoding_time": 0.2265939712524414}