{"MSE": 10.573471069335938, "PSNR": 37.88862779540088, "encoding_time": 0.3133049011230469, "decoding_time": 0.23746204376220703}