{"MSE": 9.489086151123047, "PSNR": 38.358559712683025, "encoding_time": 0.31737709045410156, "decoding_time": 0.20718073844909668}