{"MSE": 12.251842498779297, "PSNR": 37.24878955687236, "encoding_time": 0.3300800323486328, "decoding_time": 0.23494172096252441}