{"MSE": 9.51165771484375, "PSNR": 38.348241474352875, "encoding_time": 0.31217479705810547, "decoding_time": 0.20450997352600098}