{"MSE": 12.039108276367188, "PSNR": 37.32486040473938, "encoding_time": 0.3257131576538086, "decoding_time": 0.23205995559692383}