{"MSE": 11.373207092285156, "PSNR": 37.571974136748736, "encoding_time": 0.3209841251373291, "decoding_time": 0.21964693069458008}