{"MSE": 10.026527404785156, "PSNR": 38.11929815691242, "encoding_time": 0.30857181549072266, "decoding_time": 0.20810818672180176}