{"MSE": 12.185222625732422, "PSNR": 37.27246892653372, "encoding_time": 0.3458518981933594, "decoding_time": 0.2370591163635254}