{"MSE": 12.043067932128906, "PSNR": 37.32343224754282, "encoding_time": 0.32483410835266113, "decoding_time": 0.22756600379943848}