{"MSE": 9.252918243408203, "PSNR": 38.468016360065675, "encoding_time": 0.31288886070251465, "decoding_time": 0.1984851360321045}