{"MSE": 9.589889526367188, "PSNR": 38.312667566550644, "encoding_time": 0.3038160800933838, "decoding_time": 0.19634795188903809}