{"MSE": 11.723003387451172, "PSNR": 37.44041470389121, "encoding_time": 0.32478809356689453, "decoding_time": 0.22518301010131836}