{"MSE": 11.545234680175781, "PSNR": 37.50677595613894, "encoding_time": 0.3204078674316406, "decoding_time": 0.22425198554992676}