{"MSE": 10.044055938720703, "PSNR": 38.11171238088467, "encoding_time": 0.3117361068725586, "decoding_time": 0.20781278610229492}