{"MSE": 10.518653869628906, "PSNR": 37.911201965633865, "encoding_time": 0.3107128143310547, "decoding_time": 0.2099928855895996}