{"MSE": 10.120086669921875, "PSNR": 38.07896128985904, "encoding_time": 0.3116629123687744, "decoding_time": 0.2070620059967041}