{"MSE": 11.668899536132812, "PSNR": 37.46050460085633, "encoding_time": 0.3231179714202881, "decoding_time": 0.25620293617248535}