{"MSE": 10.504634857177734, "PSNR": 37.91699400010651, "encoding_time": 0.3245859146118164, "decoding_time": 0.23459410667419434}