{"MSE": 10.099822998046875, "PSNR": 38.08766598139239, "encoding_time": 0.30492305755615234, "decoding_time": 0.20322704315185547}