{"MSE": 10.439590454101562, "PSNR": 37.943968992718325, "encoding_time": 0.33017516136169434, "decoding_time": 0.21216583251953125}