{"MSE": 9.58803939819336, "PSNR": 38.313505509440475, "encoding_time": 0.3114910125732422, "decoding_time": 0.20354509353637695}