{"MSE": 10.896228790283203, "PSNR": 37.758041472358435, "encoding_time": 0.3126869201660156, "decoding_time": 0.23233413696289062}