{"MSE": 10.392295837402344, "PSNR": 37.963688595694286, "encoding_time": 0.31243419647216797, "decoding_time": 0.2081747055053711}