{"MSE": 11.90179443359375, "PSNR": 37.37467915958029, "encoding_time": 0.32209205627441406, "decoding_time": 0.21921205520629883}