{"MSE": 9.875194549560547, "PSNR": 38.185347005219874, "encoding_time": 0.31204986572265625, "decoding_time": 0.20415616035461426}