{"MSE": 11.980640411376953, "PSNR": 37.34600327481267, "encoding_time": 0.32380104064941406, "decoding_time": 0.23161602020263672}