{"MSE": 11.992565155029297, "PSNR": 37.34168274222548, "encoding_time": 0.3256978988647461, "decoding_time": 0.23307204246520996}