{"MSE": 9.740921020507812, "PSNR": 38.24480338772291, "encoding_time": 0.3034548759460449, "decoding_time": 0.2039330005645752}