{"MSE": 9.615718841552734, "PSNR": 38.30098604560673, "encoding_time": 0.3115832805633545, "decoding_time": 0.19933199882507324}