{"MSE": 9.603069305419922, "PSNR": 38.3067029768642, "encoding_time": 0.3137238025665283, "decoding_time": 0.20017409324645996}