{"MSE": 10.507255554199219, "PSNR": 37.91591065706713, "encoding_time": 0.31436896324157715, "decoding_time": 0.23689603805541992}