{"MSE": 12.224472045898438, "PSNR": 37.25850249105316, "encoding_time": 0.3249640464782715, "decoding_time": 0.23858404159545898}