{"MSE": 9.247871398925781, "PSNR": 38.47038579056728, "encoding_time": 0.311629056930542, "decoding_time": 0.20018410682678223}