{"MSE": 11.561771392822266, "PSNR": 37.50055982908674, "encoding_time": 0.3231511116027832, "decoding_time": 0.2498917579650879}