{"MSE": 11.490188598632812, "PSNR": 37.52753203661496, "encoding_time": 0.3284730911254883, "decoding_time": 0.23315668106079102}