{"MSE": 12.201427459716797, "PSNR": 37.26669718585531, "encoding_time": 0.3273308277130127, "decoding_time": 0.23264098167419434}