{"MSE": 12.10976791381836, "PSNR": 37.299445409877706, "encoding_time": 0.3278200626373291, "decoding_time": 0.23187708854675293}