{"MSE": 12.316356658935547, "PSNR": 37.22598104088773, "encoding_time": 0.323868989944458, "decoding_time": 0.23087286949157715}