{"MSE": 11.930458068847656, "PSNR": 37.3642324218049, "encoding_time": 0.32139110565185547, "decoding_time": 0.22829413414001465}