{"MSE": 9.539554595947266, "PSNR": 38.33552263002185, "encoding_time": 0.3125159740447998, "decoding_time": 0.19972515106201172}