{"MSE": 10.283226013183594, "PSNR": 38.009509796778296, "encoding_time": 0.3143620491027832, "decoding_time": 0.2212841510772705}