{"MSE": 11.504974365234375, "PSNR": 37.52194705533796, "encoding_time": 0.32679080963134766, "decoding_time": 0.24593615531921387}