{"MSE": 10.686943054199219, "PSNR": 37.84226865626707, "encoding_time": 0.3223869800567627, "decoding_time": 0.24777579307556152}