{"MSE": 9.613727569580078, "PSNR": 38.301885497847096, "encoding_time": 0.30663108825683594, "decoding_time": 0.1985468864440918}