{"MSE": 10.33639144897461, "PSNR": 37.98711412760393, "encoding_time": 0.316180944442749, "decoding_time": 0.21160316467285156}