{"MSE": 11.0858154296875, "PSNR": 37.683127172208415, "encoding_time": 0.3296687602996826, "decoding_time": 0.22743821144104004}