{"MSE": 9.903160095214844, "PSNR": 38.17306560924633, "encoding_time": 0.30680084228515625, "decoding_time": 0.2511711120605469}