{"MSE": 12.022415161132812, "PSNR": 37.330886398076025, "encoding_time": 0.32225489616394043, "decoding_time": 0.2670481204986572}