{"MSE": 9.5255126953125, "PSNR": 38.34192000693184, "encoding_time": 0.3143281936645508, "decoding_time": 0.20168185234069824}