{"MSE": 11.354122161865234, "PSNR": 37.57926798269465, "encoding_time": 0.3251028060913086, "decoding_time": 0.22589898109436035}