{"MSE": 10.343856811523438, "PSNR": 37.98397860828099, "encoding_time": 0.34375619888305664, "decoding_time": 0.21508502960205078}