{"MSE": 9.745662689208984, "PSNR": 38.24268985091908, "encoding_time": 0.3164041042327881, "decoding_time": 0.2041609287261963}