{"MSE": 11.943534851074219, "PSNR": 37.35947479709667, "encoding_time": 0.32413482666015625, "decoding_time": 0.23008108139038086}