{"MSE": 12.165111541748047, "PSNR": 37.27964265542413, "encoding_time": 0.3248608112335205, "decoding_time": 0.22857904434204102}