{"MSE": 12.098377227783203, "PSNR": 37.30353239169833, "encoding_time": 0.3252711296081543, "decoding_time": 0.22692465782165527}