{"MSE": 10.132217407226562, "PSNR": 38.07375860982538, "encoding_time": 0.30600810050964355, "decoding_time": 0.2156212329864502}