{"MSE": 9.879154205322266, "PSNR": 38.18360596410339, "encoding_time": 0.31301212310791016, "decoding_time": 0.2087078094482422}