{"MSE": 10.234397888183594, "PSNR": 38.0301806360376, "encoding_time": 0.3111379146575928, "decoding_time": 0.21220088005065918}