{"MSE": 10.428764343261719, "PSNR": 37.948475069661775, "encoding_time": 0.3288426399230957, "decoding_time": 0.2309250831604004}