{"MSE": 10.842601776123047, "PSNR": 37.779468534410526, "encoding_time": 0.3227558135986328, "decoding_time": 0.22614502906799316}