{"MSE": 10.220020294189453, "PSNR": 38.03628602677265, "encoding_time": 0.3140690326690674, "decoding_time": 0.22001290321350098}