{"MSE": 11.291221618652344, "PSNR": 37.603394292584, "encoding_time": 0.326524019241333, "decoding_time": 0.22762298583984375}