{"MSE": 11.252479553222656, "PSNR": 37.61832128409194, "encoding_time": 0.3171417713165283, "decoding_time": 0.22571897506713867}