{"MSE": 11.068798065185547, "PSNR": 37.68979896447862, "encoding_time": 0.320117712020874, "decoding_time": 0.25160813331604004}