{"MSE": 12.156147003173828, "PSNR": 37.28284417544803, "encoding_time": 0.3269519805908203, "decoding_time": 0.22549819946289062}