{"MSE": 11.391387939453125, "PSNR": 37.56503718639305, "encoding_time": 0.3238391876220703, "decoding_time": 0.2574489116668701}