{"MSE": 10.216079711914062, "PSNR": 38.03796087976161, "encoding_time": 0.31407690048217773, "decoding_time": 0.21294498443603516}