{"MSE": 12.12302017211914, "PSNR": 37.294695330599886, "encoding_time": 0.31863927841186523, "decoding_time": 0.2262859344482422}