{"MSE": 10.459136962890625, "PSNR": 37.93584510726492, "encoding_time": 0.31209874153137207, "decoding_time": 0.24670720100402832}