{"MSE": 12.126304626464844, "PSNR": 37.293518868641485, "encoding_time": 0.3218820095062256, "decoding_time": 0.23458290100097656}