{"MSE": 9.588737487792969, "PSNR": 38.31318931818173, "encoding_time": 0.31658077239990234, "decoding_time": 0.21518898010253906}