{"MSE": 10.532665252685547, "PSNR": 37.905420791343985, "encoding_time": 0.3247072696685791, "decoding_time": 0.21407270431518555}