{"MSE": 9.888427734375, "PSNR": 38.17953116850815, "encoding_time": 0.3063521385192871, "decoding_time": 0.2159719467163086}