{"MSE": 12.069530487060547, "PSNR": 37.31389984792499, "encoding_time": 0.3228020668029785, "decoding_time": 0.23267006874084473}