{"MSE": 9.648113250732422, "PSNR": 38.286379682402114, "encoding_time": 0.3087179660797119, "decoding_time": 0.2012012004852295}