{"MSE": 12.14077377319336, "PSNR": 37.288339941682736, "encoding_time": 0.3248472213745117, "decoding_time": 0.2333979606628418}