{"MSE": 11.211822509765625, "PSNR": 37.63404146881295, "encoding_time": 0.385343074798584, "decoding_time": 0.22460293769836426}