{"MSE": 11.36661148071289, "PSNR": 37.574493451299766, "encoding_time": 0.3173248767852783, "decoding_time": 0.2479231357574463}