{"MSE": 12.075599670410156, "PSNR": 37.31171653984032, "encoding_time": 0.32505106925964355, "decoding_time": 0.23197007179260254}