{"MSE": 9.335189819335938, "PSNR": 38.429572076613326, "encoding_time": 0.3100290298461914, "decoding_time": 0.1998460292816162}