{"MSE": 9.929386138916016, "PSNR": 38.16157960783618, "encoding_time": 0.30863165855407715, "decoding_time": 0.20668315887451172}