{"MSE": 10.479480743408203, "PSNR": 37.92740596909078, "encoding_time": 0.3385891914367676, "decoding_time": 0.2116696834564209}