{"MSE": 9.860057830810547, "PSNR": 38.1920089871288, "encoding_time": 0.30660510063171387, "decoding_time": 0.20327305793762207}