{"MSE": 10.382171630859375, "PSNR": 37.96792156810628, "encoding_time": 0.3178727626800537, "decoding_time": 0.23258709907531738}