{"MSE": 11.702217102050781, "PSNR": 37.44812209893753, "encoding_time": 0.32432103157043457, "decoding_time": 0.23272299766540527}