{"MSE": 9.655250549316406, "PSNR": 38.28316812863969, "encoding_time": 0.3324098587036133, "decoding_time": 0.19956398010253906}