{"MSE": 23.725692749023438, "PSNR": 34.37861458938825, "encoding_time": 0.3608260154724121, "decoding_time": 0.32906293869018555}