{"MSE": 23.942123413085938, "PSNR": 34.33917695762818, "encoding_time": 0.371614933013916, "decoding_time": 0.30556702613830566}