{"MSE": 17.068714141845703, "PSNR": 35.8087955575407, "encoding_time": 0.3372960090637207, "decoding_time": 0.27111387252807617}