{"MSE": 22.474082946777344, "PSNR": 34.613983814539594, "encoding_time": 0.35362696647644043, "decoding_time": 0.29143309593200684}