{"MSE": 22.78131103515625, "PSNR": 34.55501647316653, "encoding_time": 0.34886980056762695, "decoding_time": 0.27754807472229004}