{"MSE": 18.49770736694336, "PSNR": 35.459624562262945, "encoding_time": 0.3285677433013916, "decoding_time": 0.23648619651794434}