{"MSE": 17.368831634521484, "PSNR": 35.733097555322765, "encoding_time": 0.32246875762939453, "decoding_time": 0.23627209663391113}