{"MSE": 20.584003448486328, "PSNR": 34.99550514907242, "encoding_time": 0.3324747085571289, "decoding_time": 0.2508993148803711}