{"MSE": 21.58525848388672, "PSNR": 34.78923107159686, "encoding_time": 0.3461308479309082, "decoding_time": 0.27102208137512207}