{"MSE": 21.03469467163086, "PSNR": 34.90144148455388, "encoding_time": 0.340134859085083, "decoding_time": 0.302048921585083}