{"MSE": 22.196510314941406, "PSNR": 34.66795659844931, "encoding_time": 0.34716010093688965, "decoding_time": 0.27820324897766113}