{"MSE": 23.430057525634766, "PSNR": 34.43307005986907, "encoding_time": 0.4019768238067627, "decoding_time": 0.30777788162231445}