{"MSE": 23.628841400146484, "PSNR": 34.39637933601137, "encoding_time": 0.34367799758911133, "decoding_time": 0.26762890815734863}