{"MSE": 18.076732635498047, "PSNR": 35.55960426244474, "encoding_time": 0.32291197776794434, "decoding_time": 0.2355790138244629}