{"MSE": 22.116680145263672, "PSNR": 34.68360423714389, "encoding_time": 0.3615410327911377, "decoding_time": 0.2656857967376709}