{"MSE": 22.905384063720703, "PSNR": 34.531427827057655, "encoding_time": 0.35574913024902344, "decoding_time": 0.30473971366882324}