{"MSE": 22.007293701171875, "PSNR": 34.70513721445472, "encoding_time": 0.36440181732177734, "decoding_time": 0.27704429626464844}