{"MSE": 22.768898010253906, "PSNR": 34.55738349121771, "encoding_time": 0.38541722297668457, "decoding_time": 0.3232886791229248}