{"MSE": 23.253063201904297, "PSNR": 34.46600188843844, "encoding_time": 0.35495710372924805, "decoding_time": 0.31573987007141113}