{"MSE": 18.012786865234375, "PSNR": 35.574994505713995, "encoding_time": 0.32620811462402344, "decoding_time": 0.23504090309143066}