{"MSE": 21.90526580810547, "PSNR": 34.72531833401967, "encoding_time": 0.3558220863342285, "decoding_time": 0.27591681480407715}