{"MSE": 23.13296890258789, "PSNR": 34.48848986840575, "encoding_time": 0.36587977409362793, "decoding_time": 0.2829000949859619}