{"MSE": 17.14461898803711, "PSNR": 35.78952522815703, "encoding_time": 0.3285191059112549, "decoding_time": 0.2342832088470459}