{"MSE": 17.65959930419922, "PSNR": 35.66099515643882, "encoding_time": 0.3232860565185547, "decoding_time": 0.24014997482299805}