{"MSE": 21.59435272216797, "PSNR": 34.78740170007139, "encoding_time": 0.3621339797973633, "decoding_time": 0.29167795181274414}