{"MSE": 24.441463470458984, "PSNR": 34.24953154464484, "encoding_time": 0.3730039596557617, "decoding_time": 0.33878612518310547}