{"MSE": 17.151912689208984, "PSNR": 35.78767803599827, "encoding_time": 0.31517887115478516, "decoding_time": 0.22909307479858398}