{"MSE": 22.21691131591797, "PSNR": 34.66396679426524, "encoding_time": 0.35398411750793457, "decoding_time": 0.2691609859466553}