{"MSE": 22.613445281982422, "PSNR": 34.58713626343623, "encoding_time": 0.356935977935791, "decoding_time": 0.2745542526245117}