{"MSE": 23.498027801513672, "PSNR": 34.420489475690516, "encoding_time": 0.3614997863769531, "decoding_time": 0.29526615142822266}