{"MSE": 23.80164337158203, "PSNR": 34.36473417148774, "encoding_time": 0.3458900451660156, "decoding_time": 0.276745080947876}