{"MSE": 21.798324584960938, "PSNR": 34.74657245771019, "encoding_time": 0.355330228805542, "decoding_time": 0.2679779529571533}