{"MSE": 23.908607482910156, "PSNR": 34.34526078775532, "encoding_time": 0.37540102005004883, "decoding_time": 0.2929189205169678}