{"MSE": 19.39957046508789, "PSNR": 35.25288246747338, "encoding_time": 0.3452012538909912, "decoding_time": 0.25945091247558594}