{"MSE": 24.30852508544922, "PSNR": 34.273217519498246, "encoding_time": 0.36293506622314453, "decoding_time": 0.2927730083465576}