{"MSE": 24.816036224365234, "PSNR": 34.18347946451312, "encoding_time": 0.38808488845825195, "decoding_time": 0.30059123039245605}