{"MSE": 21.045406341552734, "PSNR": 34.89923045410124, "encoding_time": 0.3429291248321533, "decoding_time": 0.26645469665527344}