{"MSE": 18.459007263183594, "PSNR": 35.46872020175559, "encoding_time": 0.3303408622741699, "decoding_time": 0.24702215194702148}