{"MSE": 23.409832000732422, "PSNR": 34.43682063848632, "encoding_time": 0.3665618896484375, "decoding_time": 0.29131007194519043}