{"MSE": 23.60595703125, "PSNR": 34.400587486036876, "encoding_time": 0.3750779628753662, "decoding_time": 0.34941911697387695}