{"MSE": 23.4921875, "PSNR": 34.42156902415261, "encoding_time": 0.3706529140472412, "decoding_time": 0.30637693405151367}