{"MSE": 24.362213134765625, "PSNR": 34.26363622532764, "encoding_time": 0.37303996086120605, "decoding_time": 0.3158910274505615}