{"MSE": 19.446800231933594, "PSNR": 35.242322079534254, "encoding_time": 0.33030009269714355, "decoding_time": 0.24708890914916992}