{"MSE": 16.75322723388672, "PSNR": 35.889818817418856, "encoding_time": 0.3161768913269043, "decoding_time": 0.2293241024017334}