{"MSE": 21.272560119628906, "PSNR": 34.85260601152266, "encoding_time": 0.3424839973449707, "decoding_time": 0.26612019538879395}