{"MSE": 23.857624053955078, "PSNR": 34.354531701352485, "encoding_time": 0.35494208335876465, "decoding_time": 0.2755777835845947}