{"MSE": 21.276424407958984, "PSNR": 34.851817161155736, "encoding_time": 0.33387207984924316, "decoding_time": 0.2543928623199463}