{"MSE": 22.346759796142578, "PSNR": 34.63865800051873, "encoding_time": 0.35123395919799805, "decoding_time": 0.29024291038513184}