{"MSE": 23.03778839111328, "PSNR": 34.50639576031547, "encoding_time": 0.3517012596130371, "decoding_time": 0.2912108898162842}