{"MSE": 22.275184631347656, "PSNR": 34.6525904842642, "encoding_time": 0.35680723190307617, "decoding_time": 0.2861199378967285}