{"MSE": 22.53619384765625, "PSNR": 34.60199791240328, "encoding_time": 0.3457660675048828, "decoding_time": 0.3025500774383545}