{"MSE": 22.06686782836914, "PSNR": 34.693396670986665, "encoding_time": 0.3510770797729492, "decoding_time": 0.264847993850708}