{"MSE": 18.207176208496094, "PSNR": 35.528377655486906, "encoding_time": 0.3213310241699219, "decoding_time": 0.23489880561828613}