{"MSE": 18.50577163696289, "PSNR": 35.45773162239903, "encoding_time": 0.3380739688873291, "decoding_time": 0.24437999725341797}