{"MSE": 22.589542388916016, "PSNR": 34.591729276448284, "encoding_time": 0.34499502182006836, "decoding_time": 0.2913999557495117}