{"MSE": 22.49252700805664, "PSNR": 34.610421102342805, "encoding_time": 0.34926295280456543, "decoding_time": 0.2667272090911865}