{"MSE": 23.33370590209961, "PSNR": 34.45096641147563, "encoding_time": 0.3625221252441406, "decoding_time": 0.27761101722717285}