{"MSE": 23.03887176513672, "PSNR": 34.506191533985394, "encoding_time": 0.35930418968200684, "decoding_time": 0.2707951068878174}