{"MSE": 23.021129608154297, "PSNR": 34.50953730950684, "encoding_time": 0.36316418647766113, "decoding_time": 0.2842240333557129}