{"MSE": 22.298248291015625, "PSNR": 34.64809613847861, "encoding_time": 0.34130263328552246, "decoding_time": 0.26752614974975586}