{"MSE": 22.67303466796875, "PSNR": 34.575707087894905, "encoding_time": 0.3599121570587158, "decoding_time": 0.28444886207580566}