{"MSE": 21.491622924804688, "PSNR": 34.80811148695486, "encoding_time": 0.34189295768737793, "decoding_time": 0.2590980529785156}