{"MSE": 23.698143005371094, "PSNR": 34.38366044989348, "encoding_time": 0.357450008392334, "decoding_time": 0.2842061519622803}