{"MSE": 20.75448989868164, "PSNR": 34.95968297058945, "encoding_time": 0.33263611793518066, "decoding_time": 0.2529580593109131}