{"MSE": 23.09775161743164, "PSNR": 34.49510654034918, "encoding_time": 0.3600311279296875, "decoding_time": 0.2872800827026367}