{"MSE": 22.469573974609375, "PSNR": 34.614855226379355, "encoding_time": 0.3548600673675537, "decoding_time": 0.27048707008361816}