{"MSE": 23.645008087158203, "PSNR": 34.39340893977341, "encoding_time": 0.3576979637145996, "decoding_time": 0.3020632266998291}