{"MSE": 22.711578369140625, "PSNR": 34.568330437688886, "encoding_time": 0.3669009208679199, "decoding_time": 0.27173709869384766}