{"MSE": 23.116268157958984, "PSNR": 34.491626370546, "encoding_time": 0.3572268486022949, "decoding_time": 0.2698221206665039}