{"MSE": 23.443737030029297, "PSNR": 34.4305351964134, "encoding_time": 0.3727071285247803, "decoding_time": 0.33761072158813477}