{"MSE": 19.11901092529297, "PSNR": 35.316149394967674, "encoding_time": 0.32576680183410645, "decoding_time": 0.24177813529968262}