{"MSE": 24.380992889404297, "PSNR": 34.26028973055231, "encoding_time": 0.37166404724121094, "decoding_time": 0.35188984870910645}