{"MSE": 21.928028106689453, "PSNR": 34.720807816704564, "encoding_time": 0.3543398380279541, "decoding_time": 0.2795982360839844}