{"MSE": 23.729598999023438, "PSNR": 34.37789961630041, "encoding_time": 0.34415578842163086, "decoding_time": 0.26908016204833984}