{"MSE": 22.051734924316406, "PSNR": 34.696375975213435, "encoding_time": 0.3431277275085449, "decoding_time": 0.2601583003997803}