{"MSE": 23.712261199951172, "PSNR": 34.381073906165554, "encoding_time": 0.3782057762145996, "decoding_time": 0.28328514099121094}