{"MSE": 22.666343688964844, "PSNR": 34.57698891194558, "encoding_time": 0.34335803985595703, "decoding_time": 0.28377318382263184}