{"MSE": 19.492393493652344, "PSNR": 35.2321519095175, "encoding_time": 0.3463480472564697, "decoding_time": 0.2624471187591553}