{"MSE": 17.681102752685547, "PSNR": 35.65571012833895, "encoding_time": 0.33455491065979004, "decoding_time": 0.23994803428649902}