{"MSE": 24.24993896484375, "PSNR": 34.28369711012717, "encoding_time": 0.40267181396484375, "decoding_time": 0.3146858215332031}