{"MSE": 24.223617553710938, "PSNR": 34.28841359703484, "encoding_time": 0.36425089836120605, "decoding_time": 0.29070425033569336}