{"MSE": 22.480594635009766, "PSNR": 34.61272566280139, "encoding_time": 0.3552560806274414, "decoding_time": 0.2915198802947998}