{"MSE": 22.784873962402344, "PSNR": 34.5543373030119, "encoding_time": 0.3539419174194336, "decoding_time": 0.2693178653717041}