{"MSE": 16.81673812866211, "PSNR": 35.873385994952564, "encoding_time": 0.3224759101867676, "decoding_time": 0.23806428909301758}