{"MSE": 23.857494354248047, "PSNR": 34.354555311423645, "encoding_time": 0.340770959854126, "decoding_time": 0.26784491539001465}