{"MSE": 22.902305603027344, "PSNR": 34.532011553721716, "encoding_time": 0.3660099506378174, "decoding_time": 0.2997760772705078}