{"MSE": 24.71776580810547, "PSNR": 34.20071147730325, "encoding_time": 0.37662506103515625, "decoding_time": 0.2906920909881592}