{"MSE": 24.524028778076172, "PSNR": 34.23488543783275, "encoding_time": 0.3738212585449219, "decoding_time": 0.2945699691772461}