{"MSE": 25.142654418945312, "PSNR": 34.12669234747667, "encoding_time": 0.38237714767456055, "decoding_time": 0.30956077575683594}