{"MSE": 22.03438949584961, "PSNR": 34.69979338799678, "encoding_time": 0.35135841369628906, "decoding_time": 0.26957058906555176}