{"MSE": 17.744415283203125, "PSNR": 35.64018667889411, "encoding_time": 0.32643890380859375, "decoding_time": 0.24463486671447754}