{"MSE": 22.19192886352539, "PSNR": 34.66885309272258, "encoding_time": 0.345599889755249, "decoding_time": 0.288067102432251}