{"MSE": 21.59066390991211, "PSNR": 34.78814363833439, "encoding_time": 0.34186506271362305, "decoding_time": 0.2842869758605957}