{"MSE": 22.63045883178711, "PSNR": 34.583870015179905, "encoding_time": 0.35328221321105957, "decoding_time": 0.2711906433105469}