{"MSE": 24.207565307617188, "PSNR": 34.29129248693349, "encoding_time": 0.36849403381347656, "decoding_time": 0.300400972366333}