{"MSE": 23.062397003173828, "PSNR": 34.50175916922635, "encoding_time": 0.3532109260559082, "decoding_time": 0.2784130573272705}