{"MSE": 21.987178802490234, "PSNR": 34.70910852703699, "encoding_time": 0.35129594802856445, "decoding_time": 0.27085304260253906}