{"MSE": 21.79721450805664, "PSNR": 34.746793627253744, "encoding_time": 0.3413980007171631, "decoding_time": 0.2592031955718994}