{"MSE": 22.677547454833984, "PSNR": 34.57484276450663, "encoding_time": 0.3388669490814209, "decoding_time": 0.2634308338165283}