{"MSE": 16.667823791503906, "PSNR": 35.91201460322292, "encoding_time": 0.31380605697631836, "decoding_time": 0.22800517082214355}