{"MSE": 23.883983612060547, "PSNR": 34.349735963482075, "encoding_time": 0.3742191791534424, "decoding_time": 0.2829418182373047}