{"MSE": 23.115245819091797, "PSNR": 34.491818445643936, "encoding_time": 0.34812307357788086, "decoding_time": 0.2765951156616211}