{"MSE": 19.30413818359375, "PSNR": 35.2742994317328, "encoding_time": 0.33468198776245117, "decoding_time": 0.2507939338684082}