{"MSE": 22.91982650756836, "PSNR": 34.52869034967448, "encoding_time": 0.35518407821655273, "decoding_time": 0.27357983589172363}