{"MSE": 24.81871795654297, "PSNR": 34.18301017177375, "encoding_time": 0.3715682029724121, "decoding_time": 0.2905747890472412}