{"MSE": 18.5062255859375, "PSNR": 35.457625090706856, "encoding_time": 0.3211240768432617, "decoding_time": 0.23723387718200684}