{"MSE": 22.57497787475586, "PSNR": 34.59453027524721, "encoding_time": 0.3526918888092041, "decoding_time": 0.2720823287963867}