{"MSE": 17.870235443115234, "PSNR": 35.60950086427618, "encoding_time": 0.3234989643096924, "decoding_time": 0.2572751045227051}