{"MSE": 17.585464477539062, "PSNR": 35.67926517224435, "encoding_time": 0.3275320529937744, "decoding_time": 0.24354100227355957}