{"MSE": 24.548797607421875, "PSNR": 34.23050135498534, "encoding_time": 0.36796116828918457, "decoding_time": 0.31218600273132324}