{"MSE": 18.917091369628906, "PSNR": 35.36225999374441, "encoding_time": 0.3273141384124756, "decoding_time": 0.24266386032104492}