{"MSE": 16.89720916748047, "PSNR": 35.8526538070698, "encoding_time": 0.31650495529174805, "decoding_time": 0.22786903381347656}