{"MSE": 22.772655487060547, "PSNR": 34.55666684836239, "encoding_time": 0.340529203414917, "decoding_time": 0.2633819580078125}