{"MSE": 23.770061492919922, "PSNR": 34.37050055622639, "encoding_time": 0.39824509620666504, "decoding_time": 0.30045008659362793}