{"MSE": 20.932689666748047, "PSNR": 34.92255325917764, "encoding_time": 0.3351938724517822, "decoding_time": 0.2561161518096924}