{"MSE": 22.048072814941406, "PSNR": 34.69709726357222, "encoding_time": 0.3485109806060791, "decoding_time": 0.27447509765625}