{"MSE": 17.035598754882812, "PSNR": 35.81722958427954, "encoding_time": 0.3148810863494873, "decoding_time": 0.22809386253356934}