{"MSE": 24.456130981445312, "PSNR": 34.24692609161711, "encoding_time": 0.37436985969543457, "decoding_time": 0.3092782497406006}