{"MSE": 21.624195098876953, "PSNR": 34.781404098465224, "encoding_time": 0.3360283374786377, "decoding_time": 0.2575387954711914}