{"MSE": 21.646984100341797, "PSNR": 34.77682962710462, "encoding_time": 0.34677791595458984, "decoding_time": 0.2635030746459961}