{"MSE": 23.155197143554688, "PSNR": 34.4843187793517, "encoding_time": 0.34331631660461426, "decoding_time": 0.30505990982055664}