{"MSE": 16.828292846679688, "PSNR": 35.87040299845841, "encoding_time": 0.32271790504455566, "decoding_time": 0.24492907524108887}