{"MSE": 17.59479522705078, "PSNR": 35.67696144103031, "encoding_time": 0.3247659206390381, "decoding_time": 0.2427980899810791}