{"MSE": 24.555770874023438, "PSNR": 34.229267884732, "encoding_time": 0.36890387535095215, "decoding_time": 0.31435608863830566}