{"MSE": 17.552127838134766, "PSNR": 35.68750587510888, "encoding_time": 0.32745909690856934, "decoding_time": 0.2447528839111328}