{"MSE": 23.958404541015625, "PSNR": 34.33622467104876, "encoding_time": 0.35968828201293945, "decoding_time": 0.2992739677429199}