{"MSE": 17.574954986572266, "PSNR": 35.681861395008454, "encoding_time": 0.3187410831451416, "decoding_time": 0.2314620018005371}