{"MSE": 22.34526824951172, "PSNR": 34.63894788240589, "encoding_time": 0.34690308570861816, "decoding_time": 0.26541590690612793}