{"MSE": 22.730045318603516, "PSNR": 34.56480059256454, "encoding_time": 0.3692648410797119, "decoding_time": 0.2819840908050537}