{"MSE": 23.827537536621094, "PSNR": 34.360011984843545, "encoding_time": 0.35720396041870117, "decoding_time": 0.2883729934692383}