{"MSE": 23.647308349609375, "PSNR": 34.39298646467998, "encoding_time": 0.35127902030944824, "decoding_time": 0.2737009525299072}