{"MSE": 23.605270385742188, "PSNR": 34.40071381461226, "encoding_time": 0.3742399215698242, "decoding_time": 0.3017280101776123}