{"MSE": 10.373188018798828, "PSNR": 37.97168111113994, "encoding_time": 0.2857530117034912, "decoding_time": 0.17770814895629883}