{"MSE": 10.900691986083984, "PSNR": 37.75626292633819, "encoding_time": 0.27936720848083496, "decoding_time": 0.16987180709838867}