{"MSE": 7.610382080078125, "PSNR": 39.31673899747258, "encoding_time": 0.2657642364501953, "decoding_time": 0.14288783073425293}