{"MSE": 10.2255859375, "PSNR": 38.03392157916437, "encoding_time": 0.2846488952636719, "decoding_time": 0.17707395553588867}