{"MSE": 11.047748565673828, "PSNR": 37.69806579238592, "encoding_time": 0.28226304054260254, "decoding_time": 0.16607427597045898}