{"MSE": 10.29693603515625, "PSNR": 38.003723459667526, "encoding_time": 0.2859499454498291, "decoding_time": 0.17671895027160645}