{"MSE": 8.947647094726562, "PSNR": 38.61371514168767, "encoding_time": 0.27019691467285156, "decoding_time": 0.15465307235717773}