{"MSE": 10.632328033447266, "PSNR": 37.864519936745495, "encoding_time": 0.2814939022064209, "decoding_time": 0.17256402969360352}