{"MSE": 7.991413116455078, "PSNR": 39.10456778748578, "encoding_time": 0.26807093620300293, "decoding_time": 0.14598393440246582}