{"MSE": 8.432994842529297, "PSNR": 38.8709852614756, "encoding_time": 0.2694993019104004, "decoding_time": 0.15214991569519043}