{"MSE": 7.747154235839844, "PSNR": 39.239381585726235, "encoding_time": 0.2690088748931885, "decoding_time": 0.15059804916381836}