{"MSE": 10.456249237060547, "PSNR": 37.93704434249704, "encoding_time": 0.28469395637512207, "decoding_time": 0.17689204216003418}