{"MSE": 9.41143798828125, "PSNR": 38.39424375839888, "encoding_time": 0.279202938079834, "decoding_time": 0.16610002517700195}