{"MSE": 9.395061492919922, "PSNR": 38.4018073386102, "encoding_time": 0.27497196197509766, "decoding_time": 0.16062712669372559}