{"MSE": 9.249134063720703, "PSNR": 38.469792863939354, "encoding_time": 0.27786898612976074, "decoding_time": 0.16363978385925293}