{"MSE": 10.39691162109375, "PSNR": 37.96176008598676, "encoding_time": 0.28127002716064453, "decoding_time": 0.1711111068725586}