{"MSE": 10.362438201904297, "PSNR": 37.976184072880585, "encoding_time": 0.28722572326660156, "decoding_time": 0.17544913291931152}