{"MSE": 6.719657897949219, "PSNR": 39.85733197459146, "encoding_time": 0.26216888427734375, "decoding_time": 0.1354670524597168}