{"MSE": 10.668380737304688, "PSNR": 37.84981854303777, "encoding_time": 0.27877187728881836, "decoding_time": 0.166762113571167}