{"MSE": 7.847221374511719, "PSNR": 39.183644563951965, "encoding_time": 0.27102184295654297, "decoding_time": 0.14912796020507812}