{"MSE": 9.33304214477539, "PSNR": 38.43057133912139, "encoding_time": 0.25086212158203125, "decoding_time": 0.1419389247894287}