{"MSE": 10.973548889160156, "PSNR": 37.727332580218224, "encoding_time": 0.25652599334716797, "decoding_time": 0.15005803108215332}