{"MSE": 11.172321319580078, "PSNR": 37.649369432093486, "encoding_time": 0.25769591331481934, "decoding_time": 0.15081787109375}