{"MSE": 8.705123901367188, "PSNR": 38.73305403990421, "encoding_time": 0.26406192779541016, "decoding_time": 0.14595317840576172}