{"MSE": 10.660594940185547, "PSNR": 37.85298918651112, "encoding_time": 0.25591397285461426, "decoding_time": 0.14749598503112793}