{"MSE": 10.440597534179688, "PSNR": 37.94355006035876, "encoding_time": 0.26057004928588867, "decoding_time": 0.15529298782348633}