{"MSE": 10.192100524902344, "PSNR": 38.0481666239988, "encoding_time": 0.26040220260620117, "decoding_time": 0.15407276153564453}