{"MSE": 9.778640747070312, "PSNR": 38.22801869789163, "encoding_time": 0.26748085021972656, "decoding_time": 0.15177392959594727}