{"MSE": 11.635665893554688, "PSNR": 37.47289118443177, "encoding_time": 0.2565600872039795, "decoding_time": 0.15399503707885742}