{"MSE": 11.215072631835938, "PSNR": 37.63278270331588, "encoding_time": 0.25900912284851074, "decoding_time": 0.15167474746704102}