{"MSE": 8.431549072265625, "PSNR": 38.87172988884569, "encoding_time": 0.26344823837280273, "decoding_time": 0.14635777473449707}