{"MSE": 10.937488555908203, "PSNR": 37.74162749247462, "encoding_time": 0.2511911392211914, "decoding_time": 0.14442896842956543}