{"MSE": 10.854774475097656, "PSNR": 37.77459556130266, "encoding_time": 0.2563650608062744, "decoding_time": 0.1501460075378418}