{"MSE": 10.395652770996094, "PSNR": 37.96228595825659, "encoding_time": 0.27072906494140625, "decoding_time": 0.15480303764343262}