{"MSE": 10.282367706298828, "PSNR": 38.00987230315583, "encoding_time": 0.2501258850097656, "decoding_time": 0.14088010787963867}