{"MSE": 9.413475036621094, "PSNR": 38.393303856200504, "encoding_time": 0.257814884185791, "decoding_time": 0.1432492733001709}