{"MSE": 9.147903442382812, "PSNR": 38.51758788958302, "encoding_time": 0.25104260444641113, "decoding_time": 0.1440591812133789}