{"MSE": 10.143199920654297, "PSNR": 38.06905375431643, "encoding_time": 0.26656627655029297, "decoding_time": 0.14861488342285156}