{"MSE": 11.271575927734375, "PSNR": 37.61095719988524, "encoding_time": 0.25701093673706055, "decoding_time": 0.15285205841064453}