{"MSE": 7.225582122802734, "PSNR": 39.54207519468816, "encoding_time": 0.29678893089294434, "decoding_time": 0.187575101852417}