{"MSE": 11.973373413085938, "PSNR": 37.34863833829533, "encoding_time": 0.340958833694458, "decoding_time": 0.25305604934692383}