{"MSE": 12.82253646850586, "PSNR": 37.05106417953801, "encoding_time": 0.3290748596191406, "decoding_time": 0.2586650848388672}