{"MSE": 13.225543975830078, "PSNR": 36.91666816958966, "encoding_time": 0.3361678123474121, "decoding_time": 0.2666900157928467}