{"MSE": 7.686622619628906, "PSNR": 39.27344801281137, "encoding_time": 0.30822110176086426, "decoding_time": 0.2133469581604004}