{"MSE": 11.31955337524414, "PSNR": 37.592510692182614, "encoding_time": 0.32259202003479004, "decoding_time": 0.23742318153381348}