{"MSE": 12.840126037597656, "PSNR": 37.045110741160315, "encoding_time": 0.3315870761871338, "decoding_time": 0.25482892990112305}