{"MSE": 13.584522247314453, "PSNR": 36.800359915040275, "encoding_time": 0.3346529006958008, "decoding_time": 0.2648141384124756}