{"MSE": 6.899005889892578, "PSNR": 39.7429384515066, "encoding_time": 0.29831600189208984, "decoding_time": 0.173720121383667}