{"MSE": 10.165885925292969, "PSNR": 38.059351288332884, "encoding_time": 0.27988505363464355, "decoding_time": 0.16457486152648926}