{"MSE": 20.28287124633789, "PSNR": 35.05950927061829, "encoding_time": 0.3112959861755371, "decoding_time": 0.2285628318786621}