{"MSE": 20.62854766845703, "PSNR": 34.98611707871868, "encoding_time": 0.3125779628753662, "decoding_time": 0.22976398468017578}