{"MSE": 19.607295989990234, "PSNR": 35.20662655909863, "encoding_time": 0.31295204162597656, "decoding_time": 0.22514104843139648}