{"MSE": 10.964229583740234, "PSNR": 37.731022400650595, "encoding_time": 0.2809309959411621, "decoding_time": 0.16943788528442383}