{"MSE": 19.284130096435547, "PSNR": 35.27880308168251, "encoding_time": 0.3159759044647217, "decoding_time": 0.24162983894348145}