{"MSE": 18.939350128173828, "PSNR": 35.3571528802696, "encoding_time": 0.3118479251861572, "decoding_time": 0.22508621215820312}