{"MSE": 10.337471008300781, "PSNR": 37.98666056295471, "encoding_time": 0.279865026473999, "decoding_time": 0.16601085662841797}