{"MSE": 16.906951904296875, "PSNR": 35.85015043658463, "encoding_time": 0.3018960952758789, "decoding_time": 0.20897889137268066}