{"MSE": 11.029178619384766, "PSNR": 37.70537190617341, "encoding_time": 0.28167009353637695, "decoding_time": 0.17004704475402832}