{"MSE": 19.13501739501953, "PSNR": 35.31251499504279, "encoding_time": 0.31487107276916504, "decoding_time": 0.2271721363067627}