{"MSE": 21.166431427001953, "PSNR": 34.87432716934463, "encoding_time": 0.31236815452575684, "decoding_time": 0.22975993156433105}