{"MSE": 16.302677154541016, "PSNR": 36.008214326618315, "encoding_time": 0.2985217571258545, "decoding_time": 0.20440125465393066}