{"MSE": 20.78221893310547, "PSNR": 34.953884452234746, "encoding_time": 0.3182821273803711, "decoding_time": 0.23348402976989746}