{"MSE": 11.914531707763672, "PSNR": 37.3700338348723, "encoding_time": 0.2846651077270508, "decoding_time": 0.17728495597839355}