{"MSE": 20.70681381225586, "PSNR": 34.96967082361201, "encoding_time": 0.31859588623046875, "decoding_time": 0.23785614967346191}