{"MSE": 18.993343353271484, "PSNR": 35.34478941572003, "encoding_time": 0.3102090358734131, "decoding_time": 0.22457599639892578}