{"MSE": 11.303108215332031, "PSNR": 37.5988247533582, "encoding_time": 0.2867708206176758, "decoding_time": 0.17500996589660645}