{"MSE": 10.515373229980469, "PSNR": 37.9125566883422, "encoding_time": 0.28143787384033203, "decoding_time": 0.16569805145263672}