{"MSE": 14.905937194824219, "PSNR": 36.397210738407615, "encoding_time": 0.2917320728302002, "decoding_time": 0.1948390007019043}