{"MSE": 20.77216339111328, "PSNR": 34.955986308280124, "encoding_time": 0.31522178649902344, "decoding_time": 0.23069119453430176}