{"MSE": 17.95415496826172, "PSNR": 35.589153914647035, "encoding_time": 0.3045918941497803, "decoding_time": 0.21408724784851074}