{"MSE": 20.549945831298828, "PSNR": 35.00269679434362, "encoding_time": 0.31754517555236816, "decoding_time": 0.230360746383667}