{"MSE": 20.92202377319336, "PSNR": 34.92476669629616, "encoding_time": 0.31728696823120117, "decoding_time": 0.2313230037689209}