{"MSE": 20.69482421875, "PSNR": 34.97218619000477, "encoding_time": 0.31458425521850586, "decoding_time": 0.23018479347229004}