{"MSE": 11.04111099243164, "PSNR": 37.700675851553065, "encoding_time": 0.28397202491760254, "decoding_time": 0.17051482200622559}