{"MSE": 10.745437622070312, "PSNR": 37.818562534666846, "encoding_time": 0.2834510803222656, "decoding_time": 0.17423582077026367}