{"MSE": 11.614265441894531, "PSNR": 37.480886133368955, "encoding_time": 0.2833220958709717, "decoding_time": 0.17365193367004395}