{"MSE": 21.36910629272461, "PSNR": 34.83294001560852, "encoding_time": 0.3147768974304199, "decoding_time": 0.23139595985412598}