{"MSE": 16.093074798583984, "PSNR": 36.06441331033651, "encoding_time": 0.29848194122314453, "decoding_time": 0.203110933303833}