{"MSE": 18.966957092285156, "PSNR": 35.35082699142703, "encoding_time": 0.31177210807800293, "decoding_time": 0.22296380996704102}