{"MSE": 20.94622039794922, "PSNR": 34.91974691961809, "encoding_time": 0.31862497329711914, "decoding_time": 0.2329859733581543}