{"MSE": 10.919891357421875, "PSNR": 37.74862043296526, "encoding_time": 0.2786409854888916, "decoding_time": 0.17006206512451172}