{"MSE": 20.138980865478516, "PSNR": 35.090428715965785, "encoding_time": 0.31699299812316895, "decoding_time": 0.22954487800598145}