{"MSE": 20.911575317382812, "PSNR": 34.926936104090814, "encoding_time": 0.315187931060791, "decoding_time": 0.23080110549926758}