{"MSE": 20.069225311279297, "PSNR": 35.105497521836135, "encoding_time": 0.311460018157959, "decoding_time": 0.22602295875549316}