{"MSE": 12.422470092773438, "PSNR": 37.18872401017584, "encoding_time": 0.2863020896911621, "decoding_time": 0.18247199058532715}