{"MSE": 10.036243438720703, "PSNR": 38.11509173867938, "encoding_time": 0.2792651653289795, "decoding_time": 0.16361594200134277}