{"MSE": 10.744869232177734, "PSNR": 37.81879226483836, "encoding_time": 0.2799239158630371, "decoding_time": 0.16697287559509277}