{"MSE": 20.107891082763672, "PSNR": 35.09713836722994, "encoding_time": 0.31186366081237793, "decoding_time": 0.22602605819702148}