{"MSE": 20.091983795166016, "PSNR": 35.10057541652786, "encoding_time": 0.31258392333984375, "decoding_time": 0.22525691986083984}