{"MSE": 10.7457275390625, "PSNR": 37.81844536154107, "encoding_time": 0.28188395500183105, "decoding_time": 0.16944599151611328}