{"MSE": 20.517414093017578, "PSNR": 35.00957737171872, "encoding_time": 0.31370091438293457, "decoding_time": 0.2281169891357422}