{"MSE": 20.038211822509766, "PSNR": 35.11221397678027, "encoding_time": 0.313845157623291, "decoding_time": 0.2290940284729004}