{"MSE": 18.72132110595703, "PSNR": 35.40743868560758, "encoding_time": 0.31220102310180664, "decoding_time": 0.22241783142089844}