{"MSE": 14.487739562988281, "PSNR": 36.52079730531378, "encoding_time": 0.29189610481262207, "decoding_time": 0.19237995147705078}