{"MSE": 13.964038848876953, "PSNR": 36.68069312488199, "encoding_time": 0.29016995429992676, "decoding_time": 0.19011187553405762}