{"MSE": 21.199970245361328, "PSNR": 34.86745109480878, "encoding_time": 0.31547999382019043, "decoding_time": 0.22667288780212402}