{"MSE": 11.093376159667969, "PSNR": 37.680166213578666, "encoding_time": 0.28157782554626465, "decoding_time": 0.1708669662475586}