{"MSE": 17.39535140991211, "PSNR": 35.72647154352616, "encoding_time": 0.30463409423828125, "decoding_time": 0.21211600303649902}