{"MSE": 10.430282592773438, "PSNR": 37.94784285728096, "encoding_time": 0.2819859981536865, "decoding_time": 0.16738605499267578}