{"MSE": 20.186416625976562, "PSNR": 35.080211284861356, "encoding_time": 0.316878080368042, "decoding_time": 0.2320108413696289}