{"MSE": 7.515510559082031, "PSNR": 39.37121871559057, "encoding_time": 0.2587409019470215, "decoding_time": 0.1353931427001953}