{"MSE": 6.997112274169922, "PSNR": 39.681615183033095, "encoding_time": 0.2584879398345947, "decoding_time": 0.13730168342590332}