{"MSE": 5.418598175048828, "PSNR": 40.791934144743365, "encoding_time": 0.2486729621887207, "decoding_time": 0.1203300952911377}