{"MSE": 6.993869781494141, "PSNR": 39.68362818926285, "encoding_time": 0.25566911697387695, "decoding_time": 0.1317911148071289}