{"MSE": 6.2128143310546875, "PSNR": 40.19791985880786, "encoding_time": 0.2529439926147461, "decoding_time": 0.12818503379821777}