{"MSE": 7.639030456542969, "PSNR": 39.300421193201124, "encoding_time": 0.25869178771972656, "decoding_time": 0.1336050033569336}