{"MSE": 7.9659423828125, "PSNR": 39.118432000093996, "encoding_time": 0.26054978370666504, "decoding_time": 0.13922882080078125}