{"MSE": 6.696819305419922, "PSNR": 39.872117799723064, "encoding_time": 0.2587459087371826, "decoding_time": 0.13297104835510254}