{"MSE": 7.192127227783203, "PSNR": 39.562229994626115, "encoding_time": 0.2630140781402588, "decoding_time": 0.13950610160827637}