{"MSE": 7.273185729980469, "PSNR": 39.51355682896952, "encoding_time": 0.2612330913543701, "decoding_time": 0.1366899013519287}