{"MSE": 7.151432037353516, "PSNR": 39.58687345130099, "encoding_time": 0.257565975189209, "decoding_time": 0.13013291358947754}