{"MSE": 7.114173889160156, "PSNR": 39.609558845866374, "encoding_time": 0.2598133087158203, "decoding_time": 0.13450980186462402}