{"MSE": 6.572223663330078, "PSNR": 39.95368026114443, "encoding_time": 0.2589437961578369, "decoding_time": 0.1320781707763672}