{"MSE": 5.383411407470703, "PSNR": 40.820227904211634, "encoding_time": 0.24727177619934082, "decoding_time": 0.11968708038330078}