{"MSE": 6.816432952880859, "PSNR": 39.79523193564148, "encoding_time": 0.2604961395263672, "decoding_time": 0.13611602783203125}