{"MSE": 5.489894866943359, "PSNR": 40.735163332017066, "encoding_time": 0.25098133087158203, "decoding_time": 0.12149572372436523}