{"MSE": 7.124031066894531, "PSNR": 39.60354556175603, "encoding_time": 0.25710415840148926, "decoding_time": 0.13071894645690918}