{"MSE": 7.156562805175781, "PSNR": 39.58375873917931, "encoding_time": 0.25689196586608887, "decoding_time": 0.13056206703186035}