{"MSE": 6.191699981689453, "PSNR": 40.21270456386459, "encoding_time": 0.25258898735046387, "decoding_time": 0.1280510425567627}