{"MSE": 7.453468322753906, "PSNR": 39.40721950814655, "encoding_time": 0.26416492462158203, "decoding_time": 0.14187288284301758}