{"MSE": 6.391834259033203, "PSNR": 40.074548557197545, "encoding_time": 0.256821870803833, "decoding_time": 0.13076305389404297}