{"MSE": 6.565975189208984, "PSNR": 39.95781123536116, "encoding_time": 0.25926780700683594, "decoding_time": 0.13414812088012695}