{"MSE": 7.025726318359375, "PSNR": 39.663891326822295, "encoding_time": 0.2609431743621826, "decoding_time": 0.13826489448547363}