{"MSE": 11.903800964355469, "PSNR": 37.37394704158443, "encoding_time": 0.3089878559112549, "decoding_time": 0.21985411643981934}