{"MSE": 11.306427001953125, "PSNR": 37.597549777368954, "encoding_time": 0.3062620162963867, "decoding_time": 0.2147200107574463}