{"MSE": 10.339191436767578, "PSNR": 37.98593784226094, "encoding_time": 0.3048250675201416, "decoding_time": 0.21039915084838867}