{"MSE": 10.61690902709961, "PSNR": 37.870822648254084, "encoding_time": 0.2996978759765625, "decoding_time": 0.2067399024963379}