{"MSE": 9.54708480834961, "PSNR": 38.332095803754214, "encoding_time": 0.30234789848327637, "decoding_time": 0.20673203468322754}