{"MSE": 11.343505859375, "PSNR": 37.58333061154877, "encoding_time": 0.3056309223175049, "decoding_time": 0.22003507614135742}