{"MSE": 11.702018737792969, "PSNR": 37.44819571681009, "encoding_time": 0.31076502799987793, "decoding_time": 0.21918177604675293}