{"MSE": 12.25311279296875, "PSNR": 37.24833929548579, "encoding_time": 0.3070790767669678, "decoding_time": 0.21801209449768066}