{"MSE": 11.080509185791016, "PSNR": 37.68520642759051, "encoding_time": 0.30857086181640625, "decoding_time": 0.2509911060333252}