{"MSE": 9.916271209716797, "PSNR": 38.16731964668786, "encoding_time": 0.30204224586486816, "decoding_time": 0.2046198844909668}