{"MSE": 9.608078002929688, "PSNR": 38.304438406503685, "encoding_time": 0.2952921390533447, "decoding_time": 0.19805407524108887}