{"MSE": 10.137367248535156, "PSNR": 38.07155180810832, "encoding_time": 0.3012080192565918, "decoding_time": 0.23285198211669922}