{"MSE": 11.581291198730469, "PSNR": 37.49323379263806, "encoding_time": 0.3027210235595703, "decoding_time": 0.21723079681396484}