{"MSE": 11.301353454589844, "PSNR": 37.599499029897096, "encoding_time": 0.30399179458618164, "decoding_time": 0.2128591537475586}