{"MSE": 9.827774047851562, "PSNR": 38.206251978888545, "encoding_time": 0.2981293201446533, "decoding_time": 0.20145893096923828}