{"MSE": 11.796764373779297, "PSNR": 37.41317455875958, "encoding_time": 0.3088688850402832, "decoding_time": 0.2200009822845459}