{"MSE": 11.507144927978516, "PSNR": 37.52112777970916, "encoding_time": 0.31040501594543457, "decoding_time": 0.22273898124694824}