{"MSE": 11.458595275878906, "PSNR": 37.539489806996386, "encoding_time": 0.3087611198425293, "decoding_time": 0.21756696701049805}