{"MSE": 8.118671417236328, "PSNR": 39.035953960813906, "encoding_time": 0.28307199478149414, "decoding_time": 0.18038296699523926}