{"MSE": 12.145145416259766, "PSNR": 37.286776418007726, "encoding_time": 0.30847811698913574, "decoding_time": 0.22285914421081543}