{"MSE": 12.11611557006836, "PSNR": 37.29716953651497, "encoding_time": 0.329470157623291, "decoding_time": 0.26790785789489746}