{"MSE": 11.643627166748047, "PSNR": 37.46992070148571, "encoding_time": 0.30884504318237305, "decoding_time": 0.21929192543029785}