{"MSE": 9.040290832519531, "PSNR": 38.56897958608622, "encoding_time": 0.2649722099304199, "decoding_time": 0.15817689895629883}