{"MSE": 7.645343780517578, "PSNR": 39.296833421954425, "encoding_time": 0.2699909210205078, "decoding_time": 0.14630389213562012}