{"MSE": 8.302467346191406, "PSNR": 38.93873184685024, "encoding_time": 0.2594258785247803, "decoding_time": 0.1495499610900879}