{"MSE": 8.7291259765625, "PSNR": 38.72109599700559, "encoding_time": 0.2720491886138916, "decoding_time": 0.15630388259887695}