{"MSE": 9.093860626220703, "PSNR": 38.543320670057604, "encoding_time": 59.623098850250244, "decoding_time": 0.16414308547973633}