{"MSE": 8.020805358886719, "PSNR": 39.08862383436584, "encoding_time": 0.2731959819793701, "decoding_time": 0.15462589263916016}