{"MSE": 9.017864227294922, "PSNR": 38.579766685733944, "encoding_time": 0.2743380069732666, "decoding_time": 0.15944981575012207}