{"MSE": 8.723983764648438, "PSNR": 38.72365512183411, "encoding_time": 0.26049089431762695, "decoding_time": 0.1550590991973877}