{"MSE": 8.134326934814453, "PSNR": 39.02758737287604, "encoding_time": 0.2668299674987793, "decoding_time": 0.15242600440979004}