{"MSE": 7.565845489501953, "PSNR": 39.34222893028537, "encoding_time": 0.25665712356567383, "decoding_time": 0.14391875267028809}