{"MSE": 9.330032348632812, "PSNR": 38.43197211354167, "encoding_time": 0.2754979133605957, "decoding_time": 0.16893529891967773}