{"MSE": 8.91973876953125, "PSNR": 38.62728225394519, "encoding_time": 0.2636399269104004, "decoding_time": 0.1607530117034912}