{"MSE": 9.111518859863281, "PSNR": 38.53489582415759, "encoding_time": 0.28301501274108887, "decoding_time": 0.1725599765777588}