{"MSE": 9.183597564697266, "PSNR": 38.50067516656855, "encoding_time": 0.2710590362548828, "decoding_time": 0.1568307876586914}