{"MSE": 7.537860870361328, "PSNR": 39.35832243646069, "encoding_time": 0.27234506607055664, "decoding_time": 0.1545732021331787}