{"MSE": 8.265766143798828, "PSNR": 38.95797246868074, "encoding_time": 0.2650148868560791, "decoding_time": 0.15195298194885254}