{"MSE": 7.344757080078125, "PSNR": 39.47102924325872, "encoding_time": 0.26900601387023926, "decoding_time": 0.1496131420135498}