{"MSE": 8.368194580078125, "PSNR": 38.90448590865774, "encoding_time": 0.2650761604309082, "decoding_time": 0.15230488777160645}