{"MSE": 7.954868316650391, "PSNR": 39.12447366052556, "encoding_time": 0.27195191383361816, "decoding_time": 0.1538560390472412}