{"MSE": 8.605052947998047, "PSNR": 38.783268139262795, "encoding_time": 0.26546716690063477, "decoding_time": 0.15531492233276367}