{"MSE": 8.860450744628906, "PSNR": 38.65624545196909, "encoding_time": 0.2759099006652832, "decoding_time": 0.173051118850708}