{"MSE": 7.485065460205078, "PSNR": 39.388847580750735, "encoding_time": 0.25414395332336426, "decoding_time": 0.14282608032226562}