{"MSE": 9.549152374267578, "PSNR": 38.331155375057115, "encoding_time": 0.2718842029571533, "decoding_time": 0.16200494766235352}