{"MSE": 8.075183868408203, "PSNR": 39.059279410566006, "encoding_time": 0.2594571113586426, "decoding_time": 0.15365910530090332}