{"MSE": 9.614154815673828, "PSNR": 38.301692496228675, "encoding_time": 0.27519798278808594, "decoding_time": 0.16294503211975098}