{"MSE": 9.477043151855469, "PSNR": 38.36407502763933, "encoding_time": 0.29106569290161133, "decoding_time": 0.19078302383422852}