{"MSE": 9.313575744628906, "PSNR": 38.439639099599525, "encoding_time": 0.2918269634246826, "decoding_time": 0.19142794609069824}