{"MSE": 9.395797729492188, "PSNR": 38.40146702050437, "encoding_time": 0.301807165145874, "decoding_time": 0.19805097579956055}