{"MSE": 8.555671691894531, "PSNR": 38.808262498976156, "encoding_time": 0.28645873069763184, "decoding_time": 0.18286800384521484}