{"MSE": 9.588497161865234, "PSNR": 38.313298168311775, "encoding_time": 0.29287028312683105, "decoding_time": 0.19699978828430176}