{"MSE": 10.362442016601562, "PSNR": 37.97618247412396, "encoding_time": 0.2981719970703125, "decoding_time": 0.20190215110778809}