{"MSE": 10.176185607910156, "PSNR": 38.05495341203897, "encoding_time": 0.3022940158843994, "decoding_time": 0.2083578109741211}