{"MSE": 8.590892791748047, "PSNR": 38.790420614858306, "encoding_time": 0.28806304931640625, "decoding_time": 0.18267178535461426}