{"MSE": 10.322067260742188, "PSNR": 37.99313676171372, "encoding_time": 0.2973287105560303, "decoding_time": 0.20598196983337402}