{"MSE": 11.138618469238281, "PSNR": 37.66249032543084, "encoding_time": 0.30379199981689453, "decoding_time": 0.21066498756408691}