{"MSE": 10.914783477783203, "PSNR": 37.75065236062025, "encoding_time": 0.3040807247161865, "decoding_time": 0.2101900577545166}