{"MSE": 10.991138458251953, "PSNR": 37.72037682045004, "encoding_time": 0.29979395866394043, "decoding_time": 0.20855712890625}