{"MSE": 10.642635345458984, "PSNR": 37.86031178935605, "encoding_time": 0.3020946979522705, "decoding_time": 0.21408510208129883}