{"MSE": 10.543594360351562, "PSNR": 37.90091671741052, "encoding_time": 0.29882121086120605, "decoding_time": 0.20270013809204102}