{"MSE": 10.251579284667969, "PSNR": 38.02289586033846, "encoding_time": 0.2971467971801758, "decoding_time": 0.1992051601409912}