{"MSE": 9.009418487548828, "PSNR": 38.58383600499154, "encoding_time": 0.3042287826538086, "decoding_time": 0.1972353458404541}