{"MSE": 9.429290771484375, "PSNR": 38.386013325647454, "encoding_time": 0.2903921604156494, "decoding_time": 0.1913299560546875}