{"MSE": 9.34585952758789, "PSNR": 38.424611117691626, "encoding_time": 0.30658984184265137, "decoding_time": 0.2037801742553711}