{"MSE": 8.574073791503906, "PSNR": 38.79893143985686, "encoding_time": 0.2918119430541992, "decoding_time": 0.18398213386535645}