{"MSE": 10.005043029785156, "PSNR": 38.12861400073784, "encoding_time": 0.30143189430236816, "decoding_time": 0.20561814308166504}