{"MSE": 9.156654357910156, "PSNR": 38.51343539963365, "encoding_time": 0.2946202754974365, "decoding_time": 0.20975494384765625}