{"MSE": 9.677051544189453, "PSNR": 38.27337306570193, "encoding_time": 0.298947811126709, "decoding_time": 0.20375394821166992}