{"MSE": 10.77777099609375, "PSNR": 37.80551409311504, "encoding_time": 0.3059239387512207, "decoding_time": 0.21385407447814941}