{"MSE": 10.025062561035156, "PSNR": 38.11993269368451, "encoding_time": 0.3001430034637451, "decoding_time": 0.20713400840759277}