{"MSE": 8.47109603881836, "PSNR": 38.851407553996104, "encoding_time": 0.28642892837524414, "decoding_time": 0.18194913864135742}