{"MSE": 11.10702133178711, "PSNR": 37.67482754907548, "encoding_time": 0.3080880641937256, "decoding_time": 0.2123279571533203}