{"MSE": 10.158187866210938, "PSNR": 38.06264120429645, "encoding_time": 0.3011319637298584, "decoding_time": 0.20707201957702637}