{"MSE": 11.009056091308594, "PSNR": 37.71330276402002, "encoding_time": 0.30347704887390137, "decoding_time": 0.20768094062805176}