{"MSE": 8.61245346069336, "PSNR": 38.779534727526546, "encoding_time": 0.28745293617248535, "decoding_time": 0.181959867477417}