{"MSE": 10.170257568359375, "PSNR": 38.05748409016876, "encoding_time": 0.29712891578674316, "decoding_time": 0.20027375221252441}