{"MSE": 8.659889221191406, "PSNR": 38.75568024385552, "encoding_time": 0.2872779369354248, "decoding_time": 0.18427586555480957}