{"MSE": 9.08932876586914, "PSNR": 38.545485484977306, "encoding_time": 0.2976090908050537, "decoding_time": 0.19741606712341309}