{"MSE": 9.970516204833984, "PSNR": 38.14362717189408, "encoding_time": 0.30568599700927734, "decoding_time": 0.2004101276397705}