{"MSE": 9.512699127197266, "PSNR": 38.347766000051465, "encoding_time": 0.29317402839660645, "decoding_time": 0.19250082969665527}