{"MSE": 9.077392578125, "PSNR": 38.55119242694007, "encoding_time": 0.2982947826385498, "decoding_time": 0.19306421279907227}