{"MSE": 9.39981460571289, "PSNR": 38.399610728543685, "encoding_time": 0.302764892578125, "decoding_time": 0.206956148147583}