{"MSE": 8.71792984008789, "PSNR": 38.726669912751746, "encoding_time": 0.29204773902893066, "decoding_time": 0.1867372989654541}