{"MSE": 8.66293716430664, "PSNR": 38.75415196566315, "encoding_time": 0.29158997535705566, "decoding_time": 0.18806695938110352}