{"MSE": 9.730453491210938, "PSNR": 38.24947279680648, "encoding_time": 0.2937798500061035, "decoding_time": 0.19385814666748047}