{"MSE": 9.378177642822266, "PSNR": 38.40961905917119, "encoding_time": 0.30289602279663086, "decoding_time": 0.19897913932800293}