{"MSE": 8.91854476928711, "PSNR": 38.62786364140556, "encoding_time": 0.29185986518859863, "decoding_time": 0.18890714645385742}