{"MSE": 9.720699310302734, "PSNR": 38.25382851530012, "encoding_time": 0.3005828857421875, "decoding_time": 0.2051858901977539}