{"MSE": 11.080978393554688, "PSNR": 37.685022528073894, "encoding_time": 0.3037421703338623, "decoding_time": 0.21146202087402344}