{"MSE": 9.174114227294922, "PSNR": 38.50516217618815, "encoding_time": 0.29001593589782715, "decoding_time": 0.19064807891845703}