{"MSE": 9.178764343261719, "PSNR": 38.50296140998132, "encoding_time": 0.2924332618713379, "decoding_time": 0.19362688064575195}