{"MSE": 8.669055938720703, "PSNR": 38.7510855554025, "encoding_time": 0.28653693199157715, "decoding_time": 0.1839761734008789}