{"MSE": 8.868217468261719, "PSNR": 38.65244026435829, "encoding_time": 0.2869267463684082, "decoding_time": 0.18311238288879395}