{"MSE": 9.71535873413086, "PSNR": 38.25621519557727, "encoding_time": 0.2939879894256592, "decoding_time": 0.19885993003845215}