{"MSE": 10.96148681640625, "PSNR": 37.73210895007299, "encoding_time": 0.2995891571044922, "decoding_time": 0.20856404304504395}