{"MSE": 10.302330017089844, "PSNR": 38.00144903237789, "encoding_time": 0.29676008224487305, "decoding_time": 0.20188403129577637}