{"MSE": 9.684619903564453, "PSNR": 38.26997780420304, "encoding_time": 0.29503893852233887, "decoding_time": 0.19856500625610352}