{"MSE": 11.007465362548828, "PSNR": 37.71393033338897, "encoding_time": 0.30201125144958496, "decoding_time": 0.21220612525939941}