{"MSE": 8.979293823242188, "PSNR": 38.59838177956577, "encoding_time": 0.29450178146362305, "decoding_time": 0.1912529468536377}