{"MSE": 8.525978088378906, "PSNR": 38.82336148684918, "encoding_time": 0.30208897590637207, "decoding_time": 0.2066800594329834}