{"MSE": 9.74527359008789, "PSNR": 38.24286324802921, "encoding_time": 0.294403076171875, "decoding_time": 0.19701886177062988}