{"MSE": 10.889488220214844, "PSNR": 37.7607289142981, "encoding_time": 0.30364322662353516, "decoding_time": 0.21009206771850586}