{"MSE": 8.653305053710938, "PSNR": 38.758983467624795, "encoding_time": 0.28833770751953125, "decoding_time": 0.18310809135437012}