{"MSE": 8.54654312133789, "PSNR": 38.81289872678666, "encoding_time": 0.2891230583190918, "decoding_time": 0.18438720703125}