{"MSE": 9.338214874267578, "PSNR": 38.42816497951742, "encoding_time": 0.3010091781616211, "decoding_time": 0.19541287422180176}