{"MSE": 9.978382110595703, "PSNR": 38.14020230141701, "encoding_time": 0.29914093017578125, "decoding_time": 0.20280694961547852}