{"MSE": 11.07754898071289, "PSNR": 37.686366818748176, "encoding_time": 0.30008602142333984, "decoding_time": 0.20815205574035645}