{"MSE": 10.279815673828125, "PSNR": 38.0109503342237, "encoding_time": 0.2956991195678711, "decoding_time": 0.20488905906677246}