{"MSE": 9.132190704345703, "PSNR": 38.52505388735188, "encoding_time": 0.2912931442260742, "decoding_time": 0.19041991233825684}