{"MSE": 9.691730499267578, "PSNR": 38.26679031785878, "encoding_time": 0.3017139434814453, "decoding_time": 0.20171713829040527}