{"MSE": 10.943161010742188, "PSNR": 37.73937571664783, "encoding_time": 0.3020060062408447, "decoding_time": 0.21627092361450195}