{"MSE": 10.375125885009766, "PSNR": 37.97086986005859, "encoding_time": 0.2964940071105957, "decoding_time": 0.19939208030700684}