{"MSE": 10.789276123046875, "PSNR": 37.80088053007258, "encoding_time": 0.30574631690979004, "decoding_time": 0.21325278282165527}