{"MSE": 10.238349914550781, "PSNR": 38.028503925826094, "encoding_time": 0.29701900482177734, "decoding_time": 0.20560193061828613}