{"MSE": 8.587322235107422, "PSNR": 38.79222600973344, "encoding_time": 0.2926290035247803, "decoding_time": 0.18749594688415527}