{"MSE": 11.165428161621094, "PSNR": 37.65204979213784, "encoding_time": 0.30722808837890625, "decoding_time": 0.21959900856018066}