{"MSE": 9.220252990722656, "PSNR": 38.48337523223453, "encoding_time": 0.29297399520874023, "decoding_time": 0.19227027893066406}