{"MSE": 10.266204833984375, "PSNR": 38.01670435700457, "encoding_time": 0.29595088958740234, "decoding_time": 0.1971590518951416}