{"MSE": 8.59524917602539, "PSNR": 38.788218894778524, "encoding_time": 0.2944772243499756, "decoding_time": 0.18786978721618652}