{"MSE": 8.550140380859375, "PSNR": 38.81107115597971, "encoding_time": 0.2867400646209717, "decoding_time": 0.1817619800567627}