{"MSE": 9.466621398925781, "PSNR": 38.36885352256423, "encoding_time": 0.3001101016998291, "decoding_time": 0.20096898078918457}