{"MSE": 10.653629302978516, "PSNR": 37.85582779595346, "encoding_time": 0.3052070140838623, "decoding_time": 0.21535205841064453}