{"MSE": 10.14914321899414, "PSNR": 38.066509797978476, "encoding_time": 0.3043057918548584, "decoding_time": 0.21021389961242676}