{"MSE": 10.495365142822266, "PSNR": 37.92082808206353, "encoding_time": 0.29694223403930664, "decoding_time": 0.20286893844604492}