{"MSE": 11.038684844970703, "PSNR": 37.70163026477914, "encoding_time": 0.2993159294128418, "decoding_time": 0.20786404609680176}