{"MSE": 10.296440124511719, "PSNR": 38.003932625231066, "encoding_time": 0.2986748218536377, "decoding_time": 0.20549988746643066}