{"MSE": 9.682380676269531, "PSNR": 38.27098207335483, "encoding_time": 0.29920172691345215, "decoding_time": 0.2021501064300537}