{"MSE": 10.489093780517578, "PSNR": 37.92342392514338, "encoding_time": 0.30017781257629395, "decoding_time": 0.20795798301696777}