{"MSE": 10.63351058959961, "PSNR": 37.86403692958915, "encoding_time": 0.2982902526855469, "decoding_time": 0.20369982719421387}