{"MSE": 8.871932983398438, "PSNR": 38.65062108277999, "encoding_time": 0.2947571277618408, "decoding_time": 0.19353961944580078}