{"MSE": 9.551551818847656, "PSNR": 38.33006424717439, "encoding_time": 0.2917451858520508, "decoding_time": 0.19195866584777832}