{"MSE": 11.0621337890625, "PSNR": 37.692414542035564, "encoding_time": 0.30851101875305176, "decoding_time": 0.21712875366210938}