{"MSE": 10.656543731689453, "PSNR": 37.854639893525, "encoding_time": 0.302872896194458, "decoding_time": 0.21168923377990723}