{"MSE": 10.795516967773438, "PSNR": 37.798369165250804, "encoding_time": 0.30139589309692383, "decoding_time": 0.21214628219604492}