{"MSE": 8.558860778808594, "PSNR": 38.806643988079074, "encoding_time": 0.28855085372924805, "decoding_time": 0.18566417694091797}