{"MSE": 11.183258056640625, "PSNR": 37.64512014393645, "encoding_time": 0.3046841621398926, "decoding_time": 0.2131519317626953}