{"MSE": 9.459362030029297, "PSNR": 38.372185137029916, "encoding_time": 0.30146002769470215, "decoding_time": 0.20017480850219727}