{"MSE": 9.490875244140625, "PSNR": 38.35774096156834, "encoding_time": 0.29311513900756836, "decoding_time": 0.1925950050354004}