{"MSE": 9.879676818847656, "PSNR": 38.18337622564364, "encoding_time": 0.2948470115661621, "decoding_time": 0.19890093803405762}