{"MSE": 8.664573669433594, "PSNR": 38.753331622620024, "encoding_time": 0.2898697853088379, "decoding_time": 0.18491625785827637}