{"MSE": 10.450630187988281, "PSNR": 37.93937881051092, "encoding_time": 0.29681897163391113, "decoding_time": 0.20276665687561035}