{"MSE": 9.408432006835938, "PSNR": 38.39563110184582, "encoding_time": 0.29715824127197266, "decoding_time": 0.19825172424316406}