{"MSE": 9.87192153930664, "PSNR": 38.18678665878661, "encoding_time": 0.2943458557128906, "decoding_time": 0.19585609436035156}