{"MSE": 8.933246612548828, "PSNR": 38.62071037514863, "encoding_time": 0.29025888442993164, "decoding_time": 0.18873119354248047}