{"MSE": 9.147445678710938, "PSNR": 38.51780521720595, "encoding_time": 0.2980620861053467, "decoding_time": 0.20079898834228516}