{"MSE": 10.20577621459961, "PSNR": 38.04234319684754, "encoding_time": 0.29618287086486816, "decoding_time": 0.20015406608581543}