{"MSE": 8.62823486328125, "PSNR": 38.77158402643383, "encoding_time": 0.2877078056335449, "decoding_time": 0.18474602699279785}