{"MSE": 10.864559173583984, "PSNR": 37.770682512296716, "encoding_time": 0.30349111557006836, "decoding_time": 0.2133922576904297}