{"MSE": 10.156242370605469, "PSNR": 38.06347304451914, "encoding_time": 0.29766392707824707, "decoding_time": 0.20378899574279785}