{"MSE": 11.083751678466797, "PSNR": 37.6839357362777, "encoding_time": 0.3051469326019287, "decoding_time": 0.21506404876708984}