{"MSE": 10.875774383544922, "PSNR": 37.76620171238747, "encoding_time": 0.30374789237976074, "decoding_time": 0.21199893951416016}