{"MSE": 11.042678833007812, "PSNR": 37.70005919606299, "encoding_time": 0.30162715911865234, "decoding_time": 0.2109999656677246}