{"MSE": 9.59737777709961, "PSNR": 38.30927770796799, "encoding_time": 0.29282712936401367, "decoding_time": 0.22454285621643066}