{"MSE": 11.171253204345703, "PSNR": 37.64978465352745, "encoding_time": 0.3011162281036377, "decoding_time": 0.20738005638122559}