{"MSE": 8.951343536376953, "PSNR": 38.61192135982885, "encoding_time": 0.2904548645019531, "decoding_time": 0.18760991096496582}