{"MSE": 11.03741455078125, "PSNR": 37.702130064809566, "encoding_time": 0.2985830307006836, "decoding_time": 0.20646190643310547}