{"MSE": 10.330028533935547, "PSNR": 37.9897883972451, "encoding_time": 0.29628682136535645, "decoding_time": 0.2178480625152588}