{"MSE": 11.1304931640625, "PSNR": 37.665659536144155, "encoding_time": 0.309765100479126, "decoding_time": 0.21893596649169922}