{"MSE": 9.92000961303711, "PSNR": 38.16568267858192, "encoding_time": 0.2951481342315674, "decoding_time": 0.1951751708984375}