{"MSE": 10.901363372802734, "PSNR": 37.75599544738497, "encoding_time": 0.29966306686401367, "decoding_time": 0.2075810432434082}