{"MSE": 10.06302261352539, "PSNR": 38.103519122346974, "encoding_time": 0.3010439872741699, "decoding_time": 0.2009718418121338}