{"MSE": 10.10174560546875, "PSNR": 38.08683933489469, "encoding_time": 0.3026878833770752, "decoding_time": 0.20831894874572754}