{"MSE": 9.78939437866211, "PSNR": 38.22324535882016, "encoding_time": 0.2940640449523926, "decoding_time": 0.19701004028320312}