{"MSE": 9.931533813476562, "PSNR": 38.1606403530419, "encoding_time": 0.29987096786499023, "decoding_time": 0.2081000804901123}