{"MSE": 9.43508529663086, "PSNR": 38.38334530167843, "encoding_time": 0.29128313064575195, "decoding_time": 0.19134783744812012}