{"MSE": 11.00174331665039, "PSNR": 37.71618852726691, "encoding_time": 0.30617189407348633, "decoding_time": 0.21721601486206055}