{"MSE": 9.361732482910156, "PSNR": 38.417241341230465, "encoding_time": 0.2909832000732422, "decoding_time": 0.18867778778076172}