{"MSE": 10.399585723876953, "PSNR": 37.960643217054525, "encoding_time": 0.29702115058898926, "decoding_time": 0.20316386222839355}