{"MSE": 10.247455596923828, "PSNR": 38.02464315709352, "encoding_time": 0.29635095596313477, "decoding_time": 0.19834280014038086}