{"MSE": 8.602874755859375, "PSNR": 38.784367605564235, "encoding_time": 0.2874302864074707, "decoding_time": 0.2138826847076416}