{"MSE": 8.494731903076172, "PSNR": 38.839306839432396, "encoding_time": 0.30174803733825684, "decoding_time": 0.21609711647033691}