{"MSE": 10.320602416992188, "PSNR": 37.9937531292364, "encoding_time": 0.2972109317779541, "decoding_time": 0.20560908317565918}