{"MSE": 9.26633071899414, "PSNR": 38.46172564582999, "encoding_time": 0.29950380325317383, "decoding_time": 0.19494986534118652}