{"MSE": 10.13192367553711, "PSNR": 38.07388451306636, "encoding_time": 0.29730820655822754, "decoding_time": 0.20537996292114258}