{"MSE": 10.268444061279297, "PSNR": 38.01575719295347, "encoding_time": 0.29762816429138184, "decoding_time": 0.20551085472106934}