{"MSE": 11.066780090332031, "PSNR": 37.69059080767312, "encoding_time": 0.30385303497314453, "decoding_time": 0.2115159034729004}