{"MSE": 9.08282470703125, "PSNR": 38.54859428216868, "encoding_time": 0.2943120002746582, "decoding_time": 0.1921231746673584}