{"MSE": 10.037620544433594, "PSNR": 38.11449586992831, "encoding_time": 0.3016037940979004, "decoding_time": 0.2068021297454834}