{"MSE": 8.992321014404297, "PSNR": 38.592085586064584, "encoding_time": 0.2917470932006836, "decoding_time": 0.18998003005981445}