{"MSE": 9.594066619873047, "PSNR": 38.310776310466835, "encoding_time": 0.2979578971862793, "decoding_time": 0.19896316528320312}