{"MSE": 9.566169738769531, "PSNR": 38.3234227829423, "encoding_time": 0.29640793800354004, "decoding_time": 0.19938278198242188}