{"MSE": 10.503608703613281, "PSNR": 37.91741826482878, "encoding_time": 0.2985520362854004, "decoding_time": 0.2010939121246338}