{"MSE": 10.437881469726562, "PSNR": 37.944680000725505, "encoding_time": 0.2992591857910156, "decoding_time": 0.2092299461364746}