{"MSE": 10.258056640625, "PSNR": 38.02015268142175, "encoding_time": 0.30762195587158203, "decoding_time": 0.20325207710266113}