{"MSE": 10.351383209228516, "PSNR": 37.980819743602204, "encoding_time": 0.3031301498413086, "decoding_time": 0.20011496543884277}