{"MSE": 9.886482238769531, "PSNR": 38.18038570388646, "encoding_time": 0.2992277145385742, "decoding_time": 0.20728087425231934}