{"MSE": 9.096431732177734, "PSNR": 38.542092963416096, "encoding_time": 0.2930290699005127, "decoding_time": 0.19125771522521973}