{"MSE": 11.22110366821289, "PSNR": 37.630447861721905, "encoding_time": 0.30589795112609863, "decoding_time": 0.21306204795837402}