{"MSE": 11.115337371826172, "PSNR": 37.67157711961657, "encoding_time": 0.2984120845794678, "decoding_time": 0.20623469352722168}