{"MSE": 10.817745208740234, "PSNR": 37.78943612615744, "encoding_time": 0.30356407165527344, "decoding_time": 0.2113797664642334}