{"MSE": 11.097938537597656, "PSNR": 37.67838045584942, "encoding_time": 0.3018229007720947, "decoding_time": 0.2088613510131836}