{"MSE": 11.102497100830078, "PSNR": 37.676596924285164, "encoding_time": 0.30491185188293457, "decoding_time": 0.21262478828430176}