{"MSE": 9.334735870361328, "PSNR": 38.42978326924264, "encoding_time": 0.29601621627807617, "decoding_time": 0.20113277435302734}