{"MSE": 11.07211685180664, "PSNR": 37.68849700317092, "encoding_time": 0.3045172691345215, "decoding_time": 0.21341586112976074}