{"MSE": 10.166370391845703, "PSNR": 38.0591443254191, "encoding_time": 0.3030128479003906, "decoding_time": 0.20963096618652344}