{"MSE": 11.002616882324219, "PSNR": 37.71584370037943, "encoding_time": 0.30425524711608887, "decoding_time": 0.21278095245361328}