{"MSE": 10.125541687011719, "PSNR": 38.07662094868873, "encoding_time": 0.3007998466491699, "decoding_time": 0.2081611156463623}