{"MSE": 10.195308685302734, "PSNR": 38.04679981337947, "encoding_time": 0.29523301124572754, "decoding_time": 0.19714903831481934}