{"MSE": 9.697616577148438, "PSNR": 38.26415351816443, "encoding_time": 0.30004000663757324, "decoding_time": 0.20293712615966797}