{"MSE": 8.584457397460938, "PSNR": 38.79367511194601, "encoding_time": 0.2877199649810791, "decoding_time": 0.18440485000610352}