{"MSE": 10.370914459228516, "PSNR": 37.97263308713472, "encoding_time": 0.3151829242706299, "decoding_time": 0.23615717887878418}