{"MSE": 9.589420318603516, "PSNR": 38.31288006047698, "encoding_time": 0.2975170612335205, "decoding_time": 0.19728517532348633}