{"MSE": 9.859622955322266, "PSNR": 38.19220053589367, "encoding_time": 0.29662108421325684, "decoding_time": 0.20378875732421875}