{"MSE": 11.160758972167969, "PSNR": 37.653866316591255, "encoding_time": 0.30334997177124023, "decoding_time": 0.21421599388122559}