{"MSE": 9.65450668334961, "PSNR": 38.28350273345209, "encoding_time": 0.29142189025878906, "decoding_time": 0.19492506980895996}