{"MSE": 11.054512023925781, "PSNR": 37.69540784463692, "encoding_time": 0.30005407333374023, "decoding_time": 0.20659685134887695}