{"MSE": 9.768993377685547, "PSNR": 38.232305456690284, "encoding_time": 0.29689884185791016, "decoding_time": 0.19854426383972168}