{"MSE": 9.01845932006836, "PSNR": 38.5794801023766, "encoding_time": 0.31273508071899414, "decoding_time": 0.19330191612243652}