{"MSE": 8.696197509765625, "PSNR": 38.73750965895096, "encoding_time": 0.2886841297149658, "decoding_time": 0.18567967414855957}