{"MSE": 11.00710678100586, "PSNR": 37.71407181239154, "encoding_time": 0.3028550148010254, "decoding_time": 0.21343398094177246}