{"MSE": 10.785411834716797, "PSNR": 37.80243627828963, "encoding_time": 0.29956698417663574, "decoding_time": 0.20937800407409668}