{"MSE": 8.53957748413086, "PSNR": 38.81643977397859, "encoding_time": 0.2958040237426758, "decoding_time": 0.18721699714660645}