{"MSE": 9.430065155029297, "PSNR": 38.38565667454873, "encoding_time": 0.2948179244995117, "decoding_time": 0.18618202209472656}