{"MSE": 8.142654418945312, "PSNR": 39.02314357504509, "encoding_time": 0.2993130683898926, "decoding_time": 0.16109490394592285}