{"MSE": 7.712837219238281, "PSNR": 39.25866195268719, "encoding_time": 0.28297877311706543, "decoding_time": 0.16513395309448242}