{"MSE": 7.256198883056641, "PSNR": 39.52371183200886, "encoding_time": 0.2819862365722656, "decoding_time": 0.1696639060974121}