{"MSE": 10.141441345214844, "PSNR": 38.06980677686316, "encoding_time": 0.3025200366973877, "decoding_time": 0.17673087120056152}