{"MSE": 11.008590698242188, "PSNR": 37.71348636006243, "encoding_time": 0.3056192398071289, "decoding_time": 0.19359374046325684}