{"MSE": 9.017932891845703, "PSNR": 38.57973361745833, "encoding_time": 0.30495595932006836, "decoding_time": 0.17844009399414062}