{"MSE": 7.517604827880859, "PSNR": 39.37000868112277, "encoding_time": 0.2884249687194824, "decoding_time": 0.18672990798950195}