{"MSE": 10.062538146972656, "PSNR": 38.103728210832074, "encoding_time": 0.3029642105102539, "decoding_time": 0.20208191871643066}