{"MSE": 9.758613586425781, "PSNR": 38.236922393625015, "encoding_time": 0.3163299560546875, "decoding_time": 0.2202897071838379}