{"MSE": 9.110221862792969, "PSNR": 38.53551407318242, "encoding_time": 0.30255627632141113, "decoding_time": 0.17207789421081543}