{"MSE": 9.666072845458984, "PSNR": 38.27830297122604, "encoding_time": 0.2986929416656494, "decoding_time": 0.19388675689697266}