{"MSE": 6.463005065917969, "PSNR": 40.02645864530669, "encoding_time": 0.27573704719543457, "decoding_time": 0.16330289840698242}