{"MSE": 6.561542510986328, "PSNR": 39.96074413982837, "encoding_time": 0.27701711654663086, "decoding_time": 0.16746807098388672}