{"MSE": 7.5157470703125, "PSNR": 39.371082046357905, "encoding_time": 0.2808949947357178, "decoding_time": 0.17132306098937988}