{"MSE": 6.431919097900391, "PSNR": 40.047397877451154, "encoding_time": 0.27300119400024414, "decoding_time": 0.1603410243988037}