{"MSE": 6.476524353027344, "PSNR": 40.01738357968846, "encoding_time": 0.2755420207977295, "decoding_time": 0.1649768352508545}