{"MSE": 7.392765045166016, "PSNR": 39.44273457079344, "encoding_time": 0.283740758895874, "decoding_time": 0.17351126670837402}