{"MSE": 7.650135040283203, "PSNR": 39.29411259474789, "encoding_time": 0.28456616401672363, "decoding_time": 0.17422986030578613}