{"MSE": 7.787662506103516, "PSNR": 39.21673238630196, "encoding_time": 0.28796911239624023, "decoding_time": 0.18365192413330078}