{"MSE": 7.808177947998047, "PSNR": 39.20530658546238, "encoding_time": 0.31585001945495605, "decoding_time": 0.19687294960021973}