{"MSE": 7.780780792236328, "PSNR": 39.22057180748999, "encoding_time": 0.29300570487976074, "decoding_time": 0.18813514709472656}