{"MSE": 7.834999084472656, "PSNR": 39.190414108110346, "encoding_time": 0.28605222702026367, "decoding_time": 0.1789398193359375}