{"MSE": 7.731807708740234, "PSNR": 39.2479931634837, "encoding_time": 0.29454898834228516, "decoding_time": 0.18892216682434082}