{"MSE": 7.432903289794922, "PSNR": 39.41921878674626, "encoding_time": 0.2816340923309326, "decoding_time": 0.17282509803771973}