{"MSE": 6.638526916503906, "PSNR": 39.91008640386746, "encoding_time": 0.27856993675231934, "decoding_time": 0.16700387001037598}