{"MSE": 7.767780303955078, "PSNR": 39.22783426940319, "encoding_time": 0.28460001945495605, "decoding_time": 0.1819629669189453}