{"MSE": 7.358833312988281, "PSNR": 39.46271395157416, "encoding_time": 0.28114986419677734, "decoding_time": 0.17222213745117188}