{"MSE": 6.255165100097656, "PSNR": 40.16841583830461, "encoding_time": 0.2754049301147461, "decoding_time": 0.16056609153747559}