{"MSE": 7.8998260498046875, "PSNR": 39.15462832418188, "encoding_time": 0.2856781482696533, "decoding_time": 0.18184375762939453}