{"MSE": 7.972225189208984, "PSNR": 39.11500803271774, "encoding_time": 0.28636908531188965, "decoding_time": 0.18315386772155762}