{"MSE": 8.047843933105469, "PSNR": 39.07400815080548, "encoding_time": 0.292431116104126, "decoding_time": 0.19218111038208008}