{"MSE": 7.837535858154297, "PSNR": 39.18900820048223, "encoding_time": 0.28799915313720703, "decoding_time": 0.18326377868652344}