{"MSE": 8.118988037109375, "PSNR": 39.035784593715, "encoding_time": 0.2879369258880615, "decoding_time": 0.18713974952697754}