{"MSE": 6.592708587646484, "PSNR": 39.9401648148006, "encoding_time": 0.2775120735168457, "decoding_time": 0.16845393180847168}