{"MSE": 8.422618865966797, "PSNR": 38.87633212099977, "encoding_time": 0.2915220260620117, "decoding_time": 0.18874430656433105}