{"MSE": 6.50531005859375, "PSNR": 39.998123599661156, "encoding_time": 0.2780883312225342, "decoding_time": 0.16443181037902832}