{"MSE": 7.6977081298828125, "PSNR": 39.26718920722016, "encoding_time": 0.28436994552612305, "decoding_time": 0.18186330795288086}