{"MSE": 8.624401092529297, "PSNR": 38.77351414947604, "encoding_time": 0.289459228515625, "decoding_time": 0.18912672996520996}