{"MSE": 12.677085876464844, "PSNR": 37.10060928554229, "encoding_time": 0.2869689464569092, "decoding_time": 0.18209218978881836}