{"MSE": 14.08206558227539, "PSNR": 36.644139983069216, "encoding_time": 0.29679107666015625, "decoding_time": 0.19170880317687988}