{"MSE": 12.754634857177734, "PSNR": 37.0741233083333, "encoding_time": 0.2952430248260498, "decoding_time": 0.19055676460266113}