{"MSE": 13.730339050292969, "PSNR": 36.75399099242715, "encoding_time": 0.2915990352630615, "decoding_time": 0.19193601608276367}