{"MSE": 13.536529541015625, "PSNR": 36.81573025497822, "encoding_time": 0.29103994369506836, "decoding_time": 0.18556618690490723}