{"MSE": 13.941131591796875, "PSNR": 36.68782334299067, "encoding_time": 0.2935762405395508, "decoding_time": 0.19357991218566895}