{"MSE": 12.159141540527344, "PSNR": 37.28177446899341, "encoding_time": 0.28581976890563965, "decoding_time": 0.18339300155639648}