{"MSE": 13.935596466064453, "PSNR": 36.68954798914629, "encoding_time": 0.2915167808532715, "decoding_time": 0.18797898292541504}