{"MSE": 14.182674407958984, "PSNR": 36.6132222796849, "encoding_time": 0.2966952323913574, "decoding_time": 0.19701504707336426}