{"MSE": 13.41268539428711, "PSNR": 36.855646228997244, "encoding_time": 0.2924771308898926, "decoding_time": 0.1922149658203125}