{"MSE": 14.322513580322266, "PSNR": 36.570611181566825, "encoding_time": 0.32100510597229004, "decoding_time": 0.19055795669555664}