{"MSE": 12.99740982055664, "PSNR": 36.99223548001031, "encoding_time": 0.28794407844543457, "decoding_time": 0.1829838752746582}