{"MSE": 14.369136810302734, "PSNR": 36.556496810970856, "encoding_time": 0.29100894927978516, "decoding_time": 0.19073987007141113}