{"MSE": 14.054328918457031, "PSNR": 36.65270247599589, "encoding_time": 0.290783166885376, "decoding_time": 0.1884288787841797}