{"MSE": 13.856853485107422, "PSNR": 36.714157358729615, "encoding_time": 0.2956409454345703, "decoding_time": 0.20807313919067383}