{"MSE": 13.869403839111328, "PSNR": 36.71022567058408, "encoding_time": 0.292712926864624, "decoding_time": 0.19176101684570312}