{"MSE": 14.052177429199219, "PSNR": 36.6533673611316, "encoding_time": 0.29534482955932617, "decoding_time": 0.1963801383972168}