{"MSE": 13.801002502441406, "PSNR": 36.731697262445714, "encoding_time": 0.29105496406555176, "decoding_time": 0.1864149570465088}