{"MSE": 12.56497573852539, "PSNR": 37.13918706509528, "encoding_time": 0.2868533134460449, "decoding_time": 0.18326783180236816}