{"MSE": 13.463775634765625, "PSNR": 36.839134950804095, "encoding_time": 0.29410505294799805, "decoding_time": 0.1954789161682129}