{"MSE": 11.681961059570312, "PSNR": 37.455646066308944, "encoding_time": 0.28593015670776367, "decoding_time": 0.18067598342895508}