{"MSE": 14.011245727539062, "PSNR": 36.66603611124963, "encoding_time": 0.29160499572753906, "decoding_time": 0.1859891414642334}