{"MSE": 11.222671508789062, "PSNR": 37.629841097034166, "encoding_time": 0.28112316131591797, "decoding_time": 0.1720259189605713}