{"MSE": 13.058635711669922, "PSNR": 36.971825540546575, "encoding_time": 0.2960381507873535, "decoding_time": 0.19458293914794922}