{"MSE": 12.556377410888672, "PSNR": 37.14215999921219, "encoding_time": 0.29669809341430664, "decoding_time": 0.19164800643920898}