{"MSE": 13.577159881591797, "PSNR": 36.80271428681315, "encoding_time": 0.29192686080932617, "decoding_time": 0.18567824363708496}