{"MSE": 12.827388763427734, "PSNR": 37.049421036398044, "encoding_time": 0.2930028438568115, "decoding_time": 0.19100189208984375}