{"MSE": 11.589641571044922, "PSNR": 37.49010355976307, "encoding_time": 0.2849709987640381, "decoding_time": 0.17797088623046875}