{"MSE": 14.38296127319336, "PSNR": 36.55232049771962, "encoding_time": 0.29571986198425293, "decoding_time": 0.19659924507141113}