{"MSE": 13.728584289550781, "PSNR": 36.754546063650444, "encoding_time": 0.292313814163208, "decoding_time": 0.191270112991333}