{"MSE": 14.045398712158203, "PSNR": 36.65546288670121, "encoding_time": 0.2945060729980469, "decoding_time": 0.19100594520568848}