{"MSE": 15.338577270507812, "PSNR": 36.27295282364641, "encoding_time": 0.31495213508605957, "decoding_time": 0.21645092964172363}