{"MSE": 11.677024841308594, "PSNR": 37.457481567553344, "encoding_time": 0.2828481197357178, "decoding_time": 0.17609477043151855}