{"MSE": 14.417072296142578, "PSNR": 36.542032845845526, "encoding_time": 0.29670190811157227, "decoding_time": 0.1957862377166748}