{"MSE": 13.005619049072266, "PSNR": 36.98949332040934, "encoding_time": 0.29237818717956543, "decoding_time": 0.18866682052612305}