{"MSE": 15.393329620361328, "PSNR": 36.25747791761078, "encoding_time": 0.31531524658203125, "decoding_time": 0.20966577529907227}