{"MSE": 13.420272827148438, "PSNR": 36.85319015964841, "encoding_time": 0.2892940044403076, "decoding_time": 0.18439102172851562}