{"MSE": 13.949234008789062, "PSNR": 36.6853000092064, "encoding_time": 0.29590296745300293, "decoding_time": 0.19314002990722656}