{"MSE": 13.70254135131836, "PSNR": 36.76279239514492, "encoding_time": 0.29123592376708984, "decoding_time": 0.18906807899475098}