{"MSE": 13.39453125, "PSNR": 36.861528410648155, "encoding_time": 0.2936248779296875, "decoding_time": 0.192169189453125}