{"MSE": 12.346500396728516, "PSNR": 37.21536486168621, "encoding_time": 0.28689098358154297, "decoding_time": 0.18176484107971191}