{"MSE": 14.292804718017578, "PSNR": 36.5796290086368, "encoding_time": 0.2911190986633301, "decoding_time": 0.1889510154724121}