{"MSE": 12.485633850097656, "PSNR": 37.16669766073837, "encoding_time": 0.29180002212524414, "decoding_time": 0.19051480293273926}