{"MSE": 14.138832092285156, "PSNR": 36.626668238839805, "encoding_time": 0.291492223739624, "decoding_time": 0.1876370906829834}