{"MSE": 12.84600830078125, "PSNR": 37.043121625591006, "encoding_time": 0.2877488136291504, "decoding_time": 0.18100500106811523}