{"MSE": 12.938789367675781, "PSNR": 37.011867178841015, "encoding_time": 0.29326581954956055, "decoding_time": 0.1863241195678711}