{"MSE": 12.307266235351562, "PSNR": 37.22918765349466, "encoding_time": 0.2841317653656006, "decoding_time": 0.17930221557617188}