{"MSE": 13.551712036132812, "PSNR": 36.81086196220064, "encoding_time": 0.2899281978607178, "decoding_time": 0.1887650489807129}