{"MSE": 11.756969451904297, "PSNR": 37.42784971094627, "encoding_time": 0.28719592094421387, "decoding_time": 0.20035910606384277}