{"MSE": 11.569786071777344, "PSNR": 37.497550320549294, "encoding_time": 0.28868889808654785, "decoding_time": 0.18655109405517578}