{"MSE": 12.956657409667969, "PSNR": 37.005873852417366, "encoding_time": 0.3009049892425537, "decoding_time": 0.18584895133972168}