{"MSE": 13.127349853515625, "PSNR": 36.9490330120362, "encoding_time": 0.2939479351043701, "decoding_time": 0.19439005851745605}