{"MSE": 12.911731719970703, "PSNR": 37.02095867169187, "encoding_time": 0.2899892330169678, "decoding_time": 0.18635988235473633}