{"MSE": 13.189098358154297, "PSNR": 36.92865253832735, "encoding_time": 0.29072070121765137, "decoding_time": 0.18669819831848145}