{"MSE": 15.292034149169922, "PSNR": 36.28615101681821, "encoding_time": 0.30430078506469727, "decoding_time": 0.20536422729492188}