{"MSE": 13.754520416259766, "PSNR": 36.74634908577907, "encoding_time": 0.29450488090515137, "decoding_time": 0.1913769245147705}