{"MSE": 11.423912048339844, "PSNR": 37.55265510016668, "encoding_time": 0.2845330238342285, "decoding_time": 0.17894887924194336}