{"MSE": 13.209896087646484, "PSNR": 36.92180959509191, "encoding_time": 0.2954869270324707, "decoding_time": 0.19667911529541016}