{"MSE": 13.341041564941406, "PSNR": 36.87890623622589, "encoding_time": 0.2893691062927246, "decoding_time": 0.18584299087524414}