{"MSE": 12.31863784790039, "PSNR": 37.225176731569, "encoding_time": 0.29079103469848633, "decoding_time": 0.18817377090454102}