{"MSE": 14.401710510253906, "PSNR": 36.54666283977714, "encoding_time": 0.29380035400390625, "decoding_time": 0.1966228485107422}