{"MSE": 11.442657470703125, "PSNR": 37.545534630863045, "encoding_time": 0.28215599060058594, "decoding_time": 0.1751728057861328}