{"MSE": 13.42767333984375, "PSNR": 36.85079593411754, "encoding_time": 0.29206418991088867, "decoding_time": 0.19277310371398926}