{"MSE": 14.038219451904297, "PSNR": 36.65768333647526, "encoding_time": 0.29343104362487793, "decoding_time": 0.19228911399841309}