{"MSE": 13.58401107788086, "PSNR": 36.80052333796907, "encoding_time": 0.28835201263427734, "decoding_time": 0.18760991096496582}