{"MSE": 12.684803009033203, "PSNR": 37.097966337133265, "encoding_time": 0.28675293922424316, "decoding_time": 0.1829090118408203}