{"MSE": 11.15072250366211, "PSNR": 37.657773527493966, "encoding_time": 0.2809138298034668, "decoding_time": 0.17281198501586914}