{"MSE": 14.36690902709961, "PSNR": 36.55717019098939, "encoding_time": 0.29438090324401855, "decoding_time": 0.19585394859313965}