{"MSE": 13.78195571899414, "PSNR": 36.73769510662001, "encoding_time": 0.2921280860900879, "decoding_time": 0.1850109100341797}