{"MSE": 13.52789306640625, "PSNR": 36.818501992212504, "encoding_time": 0.29568004608154297, "decoding_time": 0.19163179397583008}