{"MSE": 13.223495483398438, "PSNR": 36.91734089644799, "encoding_time": 0.28977417945861816, "decoding_time": 0.1865229606628418}