{"MSE": 13.628059387207031, "PSNR": 36.78646343436106, "encoding_time": 0.2953178882598877, "decoding_time": 0.19339299201965332}