{"MSE": 13.687488555908203, "PSNR": 36.767565917966294, "encoding_time": 0.2921180725097656, "decoding_time": 0.1870560646057129}