{"MSE": 14.758373260498047, "PSNR": 36.440418707876496, "encoding_time": 0.3090848922729492, "decoding_time": 0.20826005935668945}