{"MSE": 11.697685241699219, "PSNR": 37.4498042956742, "encoding_time": 0.2869870662689209, "decoding_time": 0.17918181419372559}