{"MSE": 12.770881652832031, "PSNR": 37.06859480539285, "encoding_time": 0.2927858829498291, "decoding_time": 0.19129180908203125}