{"MSE": 12.669937133789062, "PSNR": 37.103059008791995, "encoding_time": 0.28771471977233887, "decoding_time": 0.18511104583740234}