{"MSE": 13.523399353027344, "PSNR": 36.81994487701919, "encoding_time": 0.2939767837524414, "decoding_time": 0.19352102279663086}