{"MSE": 15.331195831298828, "PSNR": 36.275043297787334, "encoding_time": 0.3185422420501709, "decoding_time": 0.2155756950378418}