{"MSE": 14.924022674560547, "PSNR": 36.39194460660667, "encoding_time": 0.30207109451293945, "decoding_time": 0.21003389358520508}