{"MSE": 13.69717788696289, "PSNR": 36.76449264833581, "encoding_time": 0.3019273281097412, "decoding_time": 0.2063608169555664}