{"MSE": 14.902702331542969, "PSNR": 36.398153339814854, "encoding_time": 0.3035242557525635, "decoding_time": 0.211137056350708}