{"MSE": 13.770328521728516, "PSNR": 36.74136059429291, "encoding_time": 0.3015286922454834, "decoding_time": 0.20815014839172363}