{"MSE": 10.919269561767578, "PSNR": 37.74886773406131, "encoding_time": 0.29116177558898926, "decoding_time": 0.2005162239074707}