{"MSE": 11.469932556152344, "PSNR": 37.5351949663508, "encoding_time": 0.2957460880279541, "decoding_time": 0.19525885581970215}