{"MSE": 11.594707489013672, "PSNR": 37.48820564125872, "encoding_time": 0.2933011054992676, "decoding_time": 0.18707799911499023}