{"MSE": 13.627876281738281, "PSNR": 36.78652178619727, "encoding_time": 0.2985820770263672, "decoding_time": 0.20478200912475586}