{"MSE": 9.969127655029297, "PSNR": 38.14423203677857, "encoding_time": 0.2830390930175781, "decoding_time": 0.17356276512145996}