{"MSE": 14.295982360839844, "PSNR": 36.57866357226132, "encoding_time": 0.3036518096923828, "decoding_time": 0.2088310718536377}