{"MSE": 11.260002136230469, "PSNR": 37.615418879588866, "encoding_time": 0.29445815086364746, "decoding_time": 0.2022240161895752}