{"MSE": 11.803081512451172, "PSNR": 37.41084954482062, "encoding_time": 0.2925379276275635, "decoding_time": 0.19240403175354004}