{"MSE": 13.665435791015625, "PSNR": 36.7745687495884, "encoding_time": 0.30371594429016113, "decoding_time": 0.20804119110107422}