{"MSE": 13.649723052978516, "PSNR": 36.77956521050358, "encoding_time": 0.30198001861572266, "decoding_time": 0.2063441276550293}