{"MSE": 10.964229583740234, "PSNR": 37.731022400650595, "encoding_time": 0.2943568229675293, "decoding_time": 0.2029881477355957}