{"MSE": 14.386280059814453, "PSNR": 36.55131850346759, "encoding_time": 0.29996395111083984, "decoding_time": 0.20624589920043945}