{"MSE": 10.476325988769531, "PSNR": 37.92871357090176, "encoding_time": 0.2834620475769043, "decoding_time": 0.1767730712890625}