{"MSE": 10.667369842529297, "PSNR": 37.85023008330341, "encoding_time": 0.28947997093200684, "decoding_time": 0.1817319393157959}