{"MSE": 11.070198059082031, "PSNR": 37.68924969872028, "encoding_time": 0.2867400646209717, "decoding_time": 0.1857609748840332}