{"MSE": 15.225311279296875, "PSNR": 36.3051418038408, "encoding_time": 0.3021678924560547, "decoding_time": 0.20513010025024414}