{"MSE": 11.320476531982422, "PSNR": 37.59215652138052, "encoding_time": 0.2946951389312744, "decoding_time": 0.194990873336792}