{"MSE": 14.611125946044922, "PSNR": 36.48396676534389, "encoding_time": 0.3039381504058838, "decoding_time": 0.2104330062866211}