{"MSE": 15.131614685058594, "PSNR": 36.33195087081688, "encoding_time": 0.29957079887390137, "decoding_time": 0.20687317848205566}