{"MSE": 13.939651489257812, "PSNR": 36.68828444938363, "encoding_time": 0.3025538921356201, "decoding_time": 0.2065432071685791}