{"MSE": 11.101806640625, "PSNR": 37.67686701882235, "encoding_time": 0.29207301139831543, "decoding_time": 0.1844038963317871}