{"MSE": 12.603141784667969, "PSNR": 37.126015387931844, "encoding_time": 0.2962839603424072, "decoding_time": 0.19342684745788574}