{"MSE": 10.76776123046875, "PSNR": 37.80954944136557, "encoding_time": 0.288222074508667, "decoding_time": 0.17766594886779785}