{"MSE": 11.283771514892578, "PSNR": 37.606260773252046, "encoding_time": 0.29402995109558105, "decoding_time": 0.19216179847717285}