{"MSE": 13.871788024902344, "PSNR": 36.70947917148592, "encoding_time": 0.30209922790527344, "decoding_time": 0.20723485946655273}