{"MSE": 11.62906265258789, "PSNR": 37.47535650543122, "encoding_time": 0.29454588890075684, "decoding_time": 0.19365286827087402}