{"MSE": 11.588455200195312, "PSNR": 37.49054814701198, "encoding_time": 0.2905120849609375, "decoding_time": 0.1878979206085205}