{"MSE": 15.113910675048828, "PSNR": 36.33703509708929, "encoding_time": 0.30523180961608887, "decoding_time": 0.2118992805480957}