{"MSE": 10.863971710205078, "PSNR": 37.77091734833345, "encoding_time": 0.291046142578125, "decoding_time": 0.1849370002746582}