{"MSE": 11.058773040771484, "PSNR": 37.69373415742051, "encoding_time": 0.2917511463165283, "decoding_time": 0.1858808994293213}