{"MSE": 14.211700439453125, "PSNR": 36.60434316206518, "encoding_time": 0.3040931224822998, "decoding_time": 0.20832395553588867}