{"MSE": 13.107311248779297, "PSNR": 36.95566748474431, "encoding_time": 0.2938880920410156, "decoding_time": 0.20197105407714844}