{"MSE": 14.687999725341797, "PSNR": 36.46117705131831, "encoding_time": 0.3026878833770752, "decoding_time": 0.20215511322021484}