{"MSE": 12.036327362060547, "PSNR": 37.32586369769036, "encoding_time": 0.29228901863098145, "decoding_time": 0.19240689277648926}