{"MSE": 11.03177261352539, "PSNR": 37.7043505926909, "encoding_time": 0.2911820411682129, "decoding_time": 0.18612098693847656}