{"MSE": 14.104049682617188, "PSNR": 36.63736531737699, "encoding_time": 0.30307888984680176, "decoding_time": 0.20930695533752441}