{"MSE": 11.081829071044922, "PSNR": 37.68468913661105, "encoding_time": 0.28765392303466797, "decoding_time": 0.18356108665466309}