{"MSE": 14.367645263671875, "PSNR": 36.556947641178766, "encoding_time": 0.3026401996612549, "decoding_time": 0.2075648307800293}