{"MSE": 11.07394027709961, "PSNR": 37.68778183880548, "encoding_time": 0.28682899475097656, "decoding_time": 0.1827080249786377}