{"MSE": 15.475967407226562, "PSNR": 36.234225544527526, "encoding_time": 0.30514097213745117, "decoding_time": 0.2125871181488037}