{"MSE": 14.163005828857422, "PSNR": 36.619249269808435, "encoding_time": 0.30110907554626465, "decoding_time": 0.20945215225219727}