{"MSE": 13.47186279296875, "PSNR": 36.83652709853665, "encoding_time": 0.2984931468963623, "decoding_time": 0.20385193824768066}