{"MSE": 11.399276733398438, "PSNR": 37.56203063975184, "encoding_time": 0.29147791862487793, "decoding_time": 0.19277310371398926}