{"MSE": 14.152122497558594, "PSNR": 36.622587817955605, "encoding_time": 0.3017101287841797, "decoding_time": 0.2062549591064453}