{"MSE": 15.212120056152344, "PSNR": 36.30890616602811, "encoding_time": 0.30724096298217773, "decoding_time": 0.21202826499938965}