{"MSE": 11.453567504882812, "PSNR": 37.54139581059441, "encoding_time": 0.29499101638793945, "decoding_time": 0.19427800178527832}