{"MSE": 14.339221954345703, "PSNR": 36.56554773699407, "encoding_time": 0.3019092082977295, "decoding_time": 0.20563197135925293}