{"MSE": 11.890045166015625, "PSNR": 37.37896856517166, "encoding_time": 0.29489779472351074, "decoding_time": 0.19456219673156738}