{"MSE": 13.857177734375, "PSNR": 36.71405573535584, "encoding_time": 0.30330896377563477, "decoding_time": 0.20507287979125977}