{"MSE": 14.397918701171875, "PSNR": 36.54780643906322, "encoding_time": 0.30233216285705566, "decoding_time": 0.20801377296447754}