{"MSE": 13.363468170166016, "PSNR": 36.871611773018586, "encoding_time": 0.29778313636779785, "decoding_time": 0.20096611976623535}