{"MSE": 10.98733139038086, "PSNR": 37.72188137340261, "encoding_time": 0.2870321273803711, "decoding_time": 0.18138384819030762}