{"MSE": 10.947639465332031, "PSNR": 37.73759874358091, "encoding_time": 0.2894630432128906, "decoding_time": 0.1831979751586914}