{"MSE": 14.151752471923828, "PSNR": 36.622701371376486, "encoding_time": 0.30432987213134766, "decoding_time": 0.20910096168518066}