{"MSE": 14.90915298461914, "PSNR": 36.39627389752609, "encoding_time": 0.30429792404174805, "decoding_time": 0.20954394340515137}