{"MSE": 14.362545013427734, "PSNR": 36.55848958053891, "encoding_time": 0.3034069538116455, "decoding_time": 0.21035003662109375}