{"MSE": 10.95819091796875, "PSNR": 37.73341498251786, "encoding_time": 0.28943777084350586, "decoding_time": 0.18103718757629395}