{"MSE": 11.602279663085938, "PSNR": 37.48537031310956, "encoding_time": 0.29326415061950684, "decoding_time": 0.19284701347351074}