{"MSE": 13.962570190429688, "PSNR": 36.68114991522065, "encoding_time": 0.2999610900878906, "decoding_time": 0.20429491996765137}