{"MSE": 12.668853759765625, "PSNR": 37.1034303788092, "encoding_time": 0.29331517219543457, "decoding_time": 0.19367074966430664}