{"MSE": 11.218978881835938, "PSNR": 37.63127030343925, "encoding_time": 0.29096508026123047, "decoding_time": 0.18593096733093262}