{"MSE": 10.398334503173828, "PSNR": 37.96116576761895, "encoding_time": 0.28499889373779297, "decoding_time": 0.17543911933898926}