{"MSE": 10.795467376708984, "PSNR": 37.798389115360806, "encoding_time": 0.29042792320251465, "decoding_time": 0.19492101669311523}