{"MSE": 14.939170837402344, "PSNR": 36.38753867185976, "encoding_time": 0.3031189441680908, "decoding_time": 0.21076703071594238}