{"MSE": 15.36508560180664, "PSNR": 36.26545376731829, "encoding_time": 0.30645203590393066, "decoding_time": 0.21286821365356445}