{"MSE": 15.228740692138672, "PSNR": 36.30416369092429, "encoding_time": 0.30490708351135254, "decoding_time": 0.21166729927062988}