{"MSE": 11.05374526977539, "PSNR": 37.695709086921376, "encoding_time": 0.2898521423339844, "decoding_time": 0.18291401863098145}