{"MSE": 14.769737243652344, "PSNR": 36.43707591666111, "encoding_time": 0.3040280342102051, "decoding_time": 0.2085118293762207}