{"MSE": 11.056137084960938, "PSNR": 37.69476945990374, "encoding_time": 0.2929558753967285, "decoding_time": 0.19359421730041504}