{"MSE": 15.235271453857422, "PSNR": 36.302301642152166, "encoding_time": 0.30564117431640625, "decoding_time": 0.21154117584228516}