{"MSE": 13.82016372680664, "PSNR": 36.72567172733676, "encoding_time": 0.3019719123840332, "decoding_time": 0.20820116996765137}