{"MSE": 14.336433410644531, "PSNR": 36.56639239015395, "encoding_time": 0.30380892753601074, "decoding_time": 0.20980477333068848}