{"MSE": 11.612213134765625, "PSNR": 37.481653624369045, "encoding_time": 0.2911989688873291, "decoding_time": 0.19235491752624512}