{"MSE": 13.965476989746094, "PSNR": 36.680245872843805, "encoding_time": 0.3011159896850586, "decoding_time": 0.20730900764465332}