{"MSE": 14.199066162109375, "PSNR": 36.60820578032668, "encoding_time": 0.302534818649292, "decoding_time": 0.20932912826538086}