{"MSE": 15.228500366210938, "PSNR": 36.30423222781119, "encoding_time": 0.3052480220794678, "decoding_time": 0.21391677856445312}