{"MSE": 13.905281066894531, "PSNR": 36.699005892018796, "encoding_time": 0.3016519546508789, "decoding_time": 0.20812201499938965}