{"MSE": 13.993953704833984, "PSNR": 36.671399280338484, "encoding_time": 0.30259203910827637, "decoding_time": 0.2092289924621582}