{"MSE": 11.241039276123047, "PSNR": 37.62273895629513, "encoding_time": 0.28815793991088867, "decoding_time": 0.18349599838256836}