{"MSE": 13.699363708496094, "PSNR": 36.76379964828761, "encoding_time": 0.30376720428466797, "decoding_time": 0.20908093452453613}