{"MSE": 12.23260498046875, "PSNR": 37.25561409295721, "encoding_time": 0.2938880920410156, "decoding_time": 0.19667983055114746}