{"MSE": 14.329803466796875, "PSNR": 36.568401267769815, "encoding_time": 0.30435800552368164, "decoding_time": 0.20908689498901367}