{"MSE": 11.481998443603516, "PSNR": 37.5306287720536, "encoding_time": 0.2919149398803711, "decoding_time": 0.20183396339416504}