{"MSE": 17.83706283569336, "PSNR": 35.61757018634352, "encoding_time": 0.3385632038116455, "decoding_time": 0.26346588134765625}