{"MSE": 17.46466064453125, "PSNR": 35.709202095795774, "encoding_time": 0.3372650146484375, "decoding_time": 0.294389009475708}