{"MSE": 16.581344604492188, "PSNR": 35.93460615676947, "encoding_time": 0.334867000579834, "decoding_time": 0.2600979804992676}