{"MSE": 17.46285629272461, "PSNR": 35.70965080793019, "encoding_time": 0.3382072448730469, "decoding_time": 0.2609059810638428}