{"MSE": 16.051212310791016, "PSNR": 36.075725216345745, "encoding_time": 0.3322489261627197, "decoding_time": 0.2523069381713867}