{"MSE": 13.418449401855469, "PSNR": 36.85378027980195, "encoding_time": 0.32279086112976074, "decoding_time": 0.23340916633605957}