{"MSE": 15.438034057617188, "PSNR": 36.2448836618227, "encoding_time": 0.32389307022094727, "decoding_time": 0.24661493301391602}