{"MSE": 17.287212371826172, "PSNR": 35.753553935708126, "encoding_time": 0.3382608890533447, "decoding_time": 0.2595100402832031}