{"MSE": 17.965023040771484, "PSNR": 35.58652582328995, "encoding_time": 0.34958910942077637, "decoding_time": 0.2767057418823242}