{"MSE": 16.368499755859375, "PSNR": 35.99071484608654, "encoding_time": 0.3350670337677002, "decoding_time": 0.26126599311828613}