{"MSE": 18.089710235595703, "PSNR": 35.55648750563636, "encoding_time": 0.3475301265716553, "decoding_time": 0.2775838375091553}