{"MSE": 16.743915557861328, "PSNR": 35.89223335745554, "encoding_time": 0.3373689651489258, "decoding_time": 0.2618520259857178}