{"MSE": 18.19565200805664, "PSNR": 35.53112738514891, "encoding_time": 0.35326600074768066, "decoding_time": 0.27756524085998535}