{"MSE": 17.994918823242188, "PSNR": 35.57930469017491, "encoding_time": 0.36249494552612305, "decoding_time": 0.2732670307159424}