{"MSE": 12.993370056152344, "PSNR": 36.993585533691984, "encoding_time": 0.3126201629638672, "decoding_time": 0.22023916244506836}