{"MSE": 17.47198486328125, "PSNR": 35.707381160907644, "encoding_time": 0.3432648181915283, "decoding_time": 0.26812291145324707}