{"MSE": 18.21692657470703, "PSNR": 35.52605253007843, "encoding_time": 0.3479628562927246, "decoding_time": 0.2757120132446289}