{"MSE": 15.956840515136719, "PSNR": 36.101334564770504, "encoding_time": 0.3234989643096924, "decoding_time": 0.2450709342956543}