{"MSE": 17.35967254638672, "PSNR": 35.73538831999706, "encoding_time": 0.34790802001953125, "decoding_time": 0.2681879997253418}