{"MSE": 17.619415283203125, "PSNR": 35.670888690218426, "encoding_time": 0.3388490676879883, "decoding_time": 0.2582588195800781}