{"MSE": 17.252079010009766, "PSNR": 35.76238922434299, "encoding_time": 0.34499597549438477, "decoding_time": 0.270082950592041}