{"MSE": 14.788986206054688, "PSNR": 36.43141956999942, "encoding_time": 0.325667142868042, "decoding_time": 0.24447417259216309}