{"MSE": 16.725154876708984, "PSNR": 35.89710212796441, "encoding_time": 0.3406400680541992, "decoding_time": 0.2637929916381836}