{"MSE": 17.456584930419922, "PSNR": 35.71121075160444, "encoding_time": 0.33771419525146484, "decoding_time": 0.26111268997192383}