{"MSE": 17.127975463867188, "PSNR": 35.79374328715736, "encoding_time": 0.3396029472351074, "decoding_time": 0.26648807525634766}