{"MSE": 15.565383911132812, "PSNR": 36.20920524096703, "encoding_time": 0.3242640495300293, "decoding_time": 0.2424631118774414}