{"MSE": 17.356658935546875, "PSNR": 35.73614231358207, "encoding_time": 0.3421051502227783, "decoding_time": 0.2683398723602295}