{"MSE": 16.513526916503906, "PSNR": 35.952405222027124, "encoding_time": 0.33089113235473633, "decoding_time": 0.261340856552124}