{"MSE": 17.60541534423828, "PSNR": 35.67434085532539, "encoding_time": 0.3390820026397705, "decoding_time": 0.26169896125793457}