{"MSE": 17.02032470703125, "PSNR": 35.82112519741741, "encoding_time": 0.33736515045166016, "decoding_time": 0.2590317726135254}