{"MSE": 15.751331329345703, "PSNR": 36.15763093881783, "encoding_time": 0.3265199661254883, "decoding_time": 0.23975706100463867}