{"MSE": 13.250171661376953, "PSNR": 36.9085885609653, "encoding_time": 0.3201460838317871, "decoding_time": 0.23249292373657227}