{"MSE": 16.739501953125, "PSNR": 35.89337828490672, "encoding_time": 0.33712005615234375, "decoding_time": 0.26428890228271484}