{"MSE": 16.431987762451172, "PSNR": 35.97390258050802, "encoding_time": 0.32953977584838867, "decoding_time": 0.25247907638549805}