{"MSE": 14.879806518554688, "PSNR": 36.4048307673267, "encoding_time": 0.3313329219818115, "decoding_time": 0.24731993675231934}