{"MSE": 17.211135864257812, "PSNR": 35.772708279429565, "encoding_time": 0.3364851474761963, "decoding_time": 0.2589707374572754}