{"MSE": 13.21066665649414, "PSNR": 36.92155626680228, "encoding_time": 0.314821720123291, "decoding_time": 0.22076797485351562}