{"MSE": 17.683921813964844, "PSNR": 35.65501774778764, "encoding_time": 0.3406972885131836, "decoding_time": 0.26267480850219727}