{"MSE": 17.920154571533203, "PSNR": 35.59738609488544, "encoding_time": 0.3399009704589844, "decoding_time": 0.2638521194458008}