{"MSE": 17.693565368652344, "PSNR": 35.6526500597329, "encoding_time": 0.3363158702850342, "decoding_time": 0.2613639831542969}