{"MSE": 15.63321304321289, "PSNR": 36.19032114548599, "encoding_time": 0.32219386100769043, "decoding_time": 0.2396101951599121}