{"MSE": 16.340530395507812, "PSNR": 35.99814211725136, "encoding_time": 0.3290290832519531, "decoding_time": 0.249068021774292}