{"MSE": 14.254146575927734, "PSNR": 36.59139140517449, "encoding_time": 0.3228132724761963, "decoding_time": 0.23748564720153809}