{"MSE": 15.243221282958984, "PSNR": 36.30003606621376, "encoding_time": 0.3253030776977539, "decoding_time": 0.24631595611572266}