{"MSE": 15.510009765625, "PSNR": 36.22468289607773, "encoding_time": 0.3245699405670166, "decoding_time": 0.2412419319152832}