{"MSE": 16.37549591064453, "PSNR": 35.98885899960102, "encoding_time": 0.3366429805755615, "decoding_time": 0.2602219581604004}