{"MSE": 17.823040008544922, "PSNR": 35.620985788812064, "encoding_time": 0.3420710563659668, "decoding_time": 0.2635347843170166}