{"MSE": 16.63695526123047, "PSNR": 35.92006512124606, "encoding_time": 0.33665990829467773, "decoding_time": 0.26283717155456543}