{"MSE": 16.58205795288086, "PSNR": 35.93441932234053, "encoding_time": 0.3341500759124756, "decoding_time": 0.2619969844818115}