{"MSE": 16.25881576538086, "PSNR": 36.01991450931513, "encoding_time": 0.3335380554199219, "decoding_time": 0.2557351589202881}