{"MSE": 14.202713012695312, "PSNR": 36.60709049308728, "encoding_time": 0.31437182426452637, "decoding_time": 0.2236630916595459}