{"MSE": 14.709808349609375, "PSNR": 36.454733464170154, "encoding_time": 0.325700044631958, "decoding_time": 0.24332022666931152}