{"MSE": 16.233203887939453, "PSNR": 36.02676117472183, "encoding_time": 0.33030200004577637, "decoding_time": 0.2512331008911133}