{"MSE": 15.83700180053711, "PSNR": 36.13407394771569, "encoding_time": 0.3218810558319092, "decoding_time": 0.240447998046875}