{"MSE": 16.612396240234375, "PSNR": 35.92648079479011, "encoding_time": 0.33792901039123535, "decoding_time": 0.26332974433898926}