{"MSE": 17.109233856201172, "PSNR": 35.79849798403014, "encoding_time": 0.3355672359466553, "decoding_time": 0.2587919235229492}