{"MSE": 16.967525482177734, "PSNR": 35.83461850771557, "encoding_time": 0.3401527404785156, "decoding_time": 0.26365113258361816}