{"MSE": 18.37810516357422, "PSNR": 35.48779628541699, "encoding_time": 0.35084009170532227, "decoding_time": 0.2771439552307129}