{"MSE": 17.436908721923828, "PSNR": 35.71610866739671, "encoding_time": 0.33646607398986816, "decoding_time": 0.2588350772857666}