{"MSE": 14.446903228759766, "PSNR": 36.53305597152192, "encoding_time": 0.3268249034881592, "decoding_time": 0.24164414405822754}