{"MSE": 15.330020904541016, "PSNR": 36.27537613794316, "encoding_time": 0.32326412200927734, "decoding_time": 0.2414860725402832}