{"MSE": 14.75125503540039, "PSNR": 36.442513892478495, "encoding_time": 0.3267068862915039, "decoding_time": 0.2433152198791504}