{"MSE": 17.753738403320312, "PSNR": 35.63790544491791, "encoding_time": 0.34233999252319336, "decoding_time": 0.261214017868042}