{"MSE": 17.475997924804688, "PSNR": 35.70638376400871, "encoding_time": 0.33664703369140625, "decoding_time": 0.26035523414611816}