{"MSE": 14.726848602294922, "PSNR": 36.449705387408386, "encoding_time": 0.32602810859680176, "decoding_time": 0.24791812896728516}