{"MSE": 16.236122131347656, "PSNR": 36.02598051360697, "encoding_time": 0.3249971866607666, "decoding_time": 0.2484300136566162}