{"MSE": 15.853885650634766, "PSNR": 36.12944639436253, "encoding_time": 0.32358503341674805, "decoding_time": 0.23914480209350586}