{"MSE": 16.305641174316406, "PSNR": 36.00742479958828, "encoding_time": 0.3315269947052002, "decoding_time": 0.24718189239501953}