{"MSE": 9.155479431152344, "PSNR": 38.513992695920514, "encoding_time": 0.2881481647491455, "decoding_time": 0.17316603660583496}