{"MSE": 9.2589111328125, "PSNR": 38.46520445116465, "encoding_time": 0.28046369552612305, "decoding_time": 0.16771221160888672}