{"MSE": 9.810863494873047, "PSNR": 38.21373127743324, "encoding_time": 0.30463314056396484, "decoding_time": 0.17591285705566406}