{"MSE": 9.997421264648438, "PSNR": 38.13192368363762, "encoding_time": 0.2886350154876709, "decoding_time": 0.18095803260803223}