{"MSE": 9.204334259033203, "PSNR": 38.49087979009318, "encoding_time": 0.2818729877471924, "decoding_time": 0.16777396202087402}