{"MSE": 9.473499298095703, "PSNR": 38.3656993359192, "encoding_time": 0.2885582447052002, "decoding_time": 0.17299580574035645}