{"MSE": 9.83150863647461, "PSNR": 38.204601958105265, "encoding_time": 0.29035496711730957, "decoding_time": 0.17630910873413086}