{"MSE": 9.219806671142578, "PSNR": 38.48358546380035, "encoding_time": 0.281994104385376, "decoding_time": 0.16732001304626465}