{"MSE": 10.474578857421875, "PSNR": 37.9294379019135, "encoding_time": 0.2918877601623535, "decoding_time": 0.1846451759338379}