{"MSE": 10.500255584716797, "PSNR": 37.91880490590234, "encoding_time": 0.290128231048584, "decoding_time": 0.18688201904296875}