{"MSE": 9.883747100830078, "PSNR": 38.18158736452632, "encoding_time": 0.2876698970794678, "decoding_time": 0.1777641773223877}