{"MSE": 9.153007507324219, "PSNR": 38.51516542296057, "encoding_time": 0.29779887199401855, "decoding_time": 0.18860220909118652}