{"MSE": 9.920257568359375, "PSNR": 38.16557412598307, "encoding_time": 0.28475332260131836, "decoding_time": 0.17755961418151855}