{"MSE": 9.40517807006836, "PSNR": 38.39713338321653, "encoding_time": 0.2822713851928711, "decoding_time": 0.1743178367614746}