{"MSE": 9.858383178710938, "PSNR": 38.1927466642782, "encoding_time": 0.29479503631591797, "decoding_time": 0.19699907302856445}