{"MSE": 9.61258316040039, "PSNR": 38.30240250872802, "encoding_time": 0.28634190559387207, "decoding_time": 0.1785421371459961}