{"MSE": 9.934497833251953, "PSNR": 38.159344414864464, "encoding_time": 0.28678393363952637, "decoding_time": 0.17585515975952148}