{"MSE": 9.194015502929688, "PSNR": 38.49575129146556, "encoding_time": 0.2854897975921631, "decoding_time": 0.17529606819152832}