{"MSE": 9.214668273925781, "PSNR": 38.48600655539262, "encoding_time": 0.2819678783416748, "decoding_time": 0.16771602630615234}