{"MSE": 9.570693969726562, "PSNR": 38.32136931315119, "encoding_time": 0.2936971187591553, "decoding_time": 0.17839384078979492}