{"MSE": 9.20827865600586, "PSNR": 38.48901907659883, "encoding_time": 0.2791628837585449, "decoding_time": 0.16748404502868652}