{"MSE": 9.154647827148438, "PSNR": 38.51438718911565, "encoding_time": 0.2805600166320801, "decoding_time": 0.16757798194885254}