{"MSE": 10.381473541259766, "PSNR": 37.968213594345976, "encoding_time": 0.2916989326477051, "decoding_time": 0.18619632720947266}