{"MSE": 9.649112701416016, "PSNR": 38.28592981886392, "encoding_time": 0.2871999740600586, "decoding_time": 0.17415714263916016}