{"MSE": 9.094230651855469, "PSNR": 38.54314396092534, "encoding_time": 0.28222060203552246, "decoding_time": 0.1658332347869873}