{"MSE": 11.42352294921875, "PSNR": 37.55280302364365, "encoding_time": 0.29807305335998535, "decoding_time": 0.1993849277496338}