{"MSE": 9.327434539794922, "PSNR": 38.43318151035569, "encoding_time": 0.288585901260376, "decoding_time": 0.20088696479797363}