{"MSE": 10.026893615722656, "PSNR": 38.11913953720436, "encoding_time": 0.28792285919189453, "decoding_time": 0.17995333671569824}