{"MSE": 9.236103057861328, "PSNR": 38.47591590670976, "encoding_time": 0.2826399803161621, "decoding_time": 0.16773700714111328}