{"MSE": 8.959400177001953, "PSNR": 38.608014258194096, "encoding_time": 0.28414225578308105, "decoding_time": 0.17594480514526367}