{"MSE": 8.584144592285156, "PSNR": 38.79383336543904, "encoding_time": 0.27516794204711914, "decoding_time": 0.16173791885375977}