{"MSE": 8.593635559082031, "PSNR": 38.78903428792039, "encoding_time": 0.27747106552124023, "decoding_time": 0.16264677047729492}