{"MSE": 10.30721664428711, "PSNR": 37.99938956420857, "encoding_time": 0.2896261215209961, "decoding_time": 0.1823580265045166}