{"MSE": 9.621349334716797, "PSNR": 38.298443774446724, "encoding_time": 0.2862541675567627, "decoding_time": 0.17312908172607422}