{"MSE": 10.02377700805664, "PSNR": 38.12048964219378, "encoding_time": 0.28920602798461914, "decoding_time": 0.18093299865722656}