{"MSE": 10.431800842285156, "PSNR": 37.94721073691934, "encoding_time": 0.29244184494018555, "decoding_time": 0.1876981258392334}