{"MSE": 9.341819763183594, "PSNR": 38.4264887691528, "encoding_time": 0.2914001941680908, "decoding_time": 0.17563080787658691}