{"MSE": 11.555408477783203, "PSNR": 37.50295058693483, "encoding_time": 0.300764799118042, "decoding_time": 0.1991889476776123}