{"MSE": 9.20645523071289, "PSNR": 38.48987915261227, "encoding_time": 0.2815580368041992, "decoding_time": 0.16875982284545898}