{"MSE": 9.216075897216797, "PSNR": 38.48534318225544, "encoding_time": 0.28032803535461426, "decoding_time": 0.16962599754333496}