{"MSE": 11.286827087402344, "PSNR": 37.60508489102443, "encoding_time": 0.2937488555908203, "decoding_time": 0.19214701652526855}