{"MSE": 9.75848388671875, "PSNR": 38.23698011518648, "encoding_time": 0.2859189510345459, "decoding_time": 0.17653894424438477}