{"MSE": 9.17636489868164, "PSNR": 38.50409685886098, "encoding_time": 0.28308892250061035, "decoding_time": 0.16730904579162598}