{"MSE": 9.25393295288086, "PSNR": 38.4675401226761, "encoding_time": 0.28746604919433594, "decoding_time": 0.17447590827941895}