{"MSE": 9.117805480957031, "PSNR": 38.531900381311736, "encoding_time": 0.2836630344390869, "decoding_time": 0.16742897033691406}