{"MSE": 10.312877655029297, "PSNR": 37.997004952622014, "encoding_time": 0.29068613052368164, "decoding_time": 0.1837940216064453}