{"MSE": 9.795608520507812, "PSNR": 38.22048940558613, "encoding_time": 0.2942168712615967, "decoding_time": 0.20052123069763184}