{"MSE": 10.655540466308594, "PSNR": 37.85504878137947, "encoding_time": 0.29394006729125977, "decoding_time": 0.18799591064453125}