{"MSE": 10.938751220703125, "PSNR": 37.74112615553634, "encoding_time": 0.29279303550720215, "decoding_time": 0.19100022315979004}