{"MSE": 10.159736633300781, "PSNR": 38.061979108123985, "encoding_time": 0.2932553291320801, "decoding_time": 0.17831778526306152}