{"MSE": 11.61867904663086, "PSNR": 37.47923605909077, "encoding_time": 0.29673194885253906, "decoding_time": 0.20086407661437988}