{"MSE": 11.136226654052734, "PSNR": 37.663422993770446, "encoding_time": 0.2941911220550537, "decoding_time": 0.19181299209594727}