{"MSE": 9.295379638671875, "PSNR": 38.44813229093142, "encoding_time": 0.2896687984466553, "decoding_time": 0.17494416236877441}