{"MSE": 9.734310150146484, "PSNR": 38.247751814474434, "encoding_time": 0.28280019760131836, "decoding_time": 0.17653799057006836}