{"MSE": 10.038200378417969, "PSNR": 38.11424500227923, "encoding_time": 0.28731417655944824, "decoding_time": 0.18011689186096191}