{"MSE": 9.750179290771484, "PSNR": 38.240677590897015, "encoding_time": 0.2852799892425537, "decoding_time": 0.17659282684326172}