{"MSE": 10.490863800048828, "PSNR": 37.9226911212622, "encoding_time": 0.28769612312316895, "decoding_time": 0.18864893913269043}