{"MSE": 11.722122192382812, "PSNR": 37.44074116676686, "encoding_time": 0.2961721420288086, "decoding_time": 0.19550681114196777}