{"MSE": 9.091236114501953, "PSNR": 38.54457423607521, "encoding_time": 0.2856769561767578, "decoding_time": 0.1674938201904297}