{"MSE": 9.02322006225586, "PSNR": 38.57718811606428, "encoding_time": 0.2814967632293701, "decoding_time": 0.16621685028076172}