{"MSE": 9.965267181396484, "PSNR": 38.145914136918535, "encoding_time": 0.28521299362182617, "decoding_time": 0.17720913887023926}