{"MSE": 11.528175354003906, "PSNR": 37.51319786998733, "encoding_time": 0.29386329650878906, "decoding_time": 0.19579792022705078}