{"MSE": 9.53945541381836, "PSNR": 38.3355677835715, "encoding_time": 0.28941798210144043, "decoding_time": 0.17853379249572754}