{"MSE": 9.835369110107422, "PSNR": 38.20289697733566, "encoding_time": 0.28638601303100586, "decoding_time": 0.17780518531799316}