{"MSE": 9.860294342041016, "PSNR": 38.191904815031464, "encoding_time": 0.29042887687683105, "decoding_time": 0.17653608322143555}