{"MSE": 11.586112976074219, "PSNR": 37.49142601882983, "encoding_time": 0.2978708744049072, "decoding_time": 0.19964909553527832}