{"MSE": 9.796661376953125, "PSNR": 38.22002264012478, "encoding_time": 0.282581090927124, "decoding_time": 0.1751258373260498}