{"MSE": 9.28738021850586, "PSNR": 38.45187135259698, "encoding_time": 0.27871108055114746, "decoding_time": 0.16828274726867676}