{"MSE": 9.221519470214844, "PSNR": 38.48277873311067, "encoding_time": 0.284099817276001, "decoding_time": 0.1719982624053955}