{"MSE": 11.01357650756836, "PSNR": 37.71151987829436, "encoding_time": 0.2898387908935547, "decoding_time": 0.18892908096313477}