{"MSE": 9.143829345703125, "PSNR": 38.51952248785918, "encoding_time": 0.27893686294555664, "decoding_time": 0.16502594947814941}