{"MSE": 9.366172790527344, "PSNR": 38.41518195327001, "encoding_time": 0.28517723083496094, "decoding_time": 0.17537879943847656}