{"MSE": 9.28744125366211, "PSNR": 38.451842811561896, "encoding_time": 0.28073596954345703, "decoding_time": 0.16687893867492676}