{"MSE": 9.085853576660156, "PSNR": 38.5471462721837, "encoding_time": 0.2826821804046631, "decoding_time": 0.17097997665405273}