{"MSE": 11.439319610595703, "PSNR": 37.54680166668879, "encoding_time": 0.29325008392333984, "decoding_time": 0.19443798065185547}