{"MSE": 10.02463150024414, "PSNR": 38.120119437005734, "encoding_time": 0.2888660430908203, "decoding_time": 0.18259096145629883}