{"MSE": 9.519416809082031, "PSNR": 38.34470017982983, "encoding_time": 0.2846078872680664, "decoding_time": 0.17251801490783691}