{"MSE": 10.026260375976562, "PSNR": 38.1194138207686, "encoding_time": 0.2906191349029541, "decoding_time": 0.18214893341064453}