{"MSE": 8.765663146972656, "PSNR": 38.702955836010624, "encoding_time": 0.27910709381103516, "decoding_time": 0.1651618480682373}