{"MSE": 9.710365295410156, "PSNR": 38.25844792875785, "encoding_time": 0.2906479835510254, "decoding_time": 0.1795971393585205}