{"MSE": 10.092220306396484, "PSNR": 38.09093638561808, "encoding_time": 0.28957581520080566, "decoding_time": 0.18118810653686523}