{"MSE": 9.667892456054688, "PSNR": 38.27748550121311, "encoding_time": 0.2843010425567627, "decoding_time": 0.17447304725646973}