{"MSE": 11.251029968261719, "PSNR": 37.61888079393182, "encoding_time": 0.29819679260253906, "decoding_time": 0.19756507873535156}