{"MSE": 10.837028503417969, "PSNR": 37.781701452227, "encoding_time": 0.2907571792602539, "decoding_time": 0.1893157958984375}