{"MSE": 9.794967651367188, "PSNR": 38.220773548256616, "encoding_time": 0.29033493995666504, "decoding_time": 0.1854240894317627}