{"MSE": 11.529544830322266, "PSNR": 37.51268198549909, "encoding_time": 0.29622697830200195, "decoding_time": 0.20009708404541016}