{"MSE": 11.076900482177734, "PSNR": 37.68662106955761, "encoding_time": 0.2988309860229492, "decoding_time": 0.19550490379333496}