{"MSE": 9.994415283203125, "PSNR": 38.1332296978811, "encoding_time": 0.28995680809020996, "decoding_time": 0.18114304542541504}