{"MSE": 10.309051513671875, "PSNR": 37.99861651096264, "encoding_time": 0.29236292839050293, "decoding_time": 0.1855177879333496}