{"MSE": 9.266159057617188, "PSNR": 38.46180610084675, "encoding_time": 0.28152918815612793, "decoding_time": 0.16928577423095703}