{"MSE": 9.446693420410156, "PSNR": 38.378005397198805, "encoding_time": 0.28661298751831055, "decoding_time": 0.17692804336547852}