{"MSE": 11.526355743408203, "PSNR": 37.51388341578241, "encoding_time": 0.2932918071746826, "decoding_time": 0.19703316688537598}