{"MSE": 10.743072509765625, "PSNR": 37.81951853880194, "encoding_time": 0.2915799617767334, "decoding_time": 0.18831110000610352}