{"MSE": 9.790946960449219, "PSNR": 38.22255662955586, "encoding_time": 0.287750244140625, "decoding_time": 0.1819629669189453}