{"MSE": 9.234413146972656, "PSNR": 38.47671059914582, "encoding_time": 0.2820720672607422, "decoding_time": 0.1675128936767578}