{"MSE": 8.723751068115234, "PSNR": 38.72377096359959, "encoding_time": 0.27634668350219727, "decoding_time": 0.16422033309936523}