{"MSE": 5.739532470703125, "PSNR": 40.542038436726095, "encoding_time": 0.28932785987854004, "decoding_time": 0.1790771484375}