{"MSE": 5.274127960205078, "PSNR": 40.90929698486563, "encoding_time": 0.2916839122772217, "decoding_time": 0.2092878818511963}