{"MSE": 5.161079406738281, "PSNR": 41.00339819828773, "encoding_time": 0.2950890064239502, "decoding_time": 0.1686718463897705}