{"MSE": 5.7115631103515625, "PSNR": 40.56325380940845, "encoding_time": 0.3161196708679199, "decoding_time": 0.19268512725830078}