{"MSE": 5.291645050048828, "PSNR": 40.894896557332316, "encoding_time": 0.2953798770904541, "decoding_time": 0.18806099891662598}