{"MSE": 5.763710021972656, "PSNR": 40.52378237966949, "encoding_time": 0.29702019691467285, "decoding_time": 0.1892402172088623}