{"MSE": 5.586673736572266, "PSNR": 40.65927051695634, "encoding_time": 0.3119938373565674, "decoding_time": 0.19594383239746094}