{"MSE": 5.684478759765625, "PSNR": 40.58389712800328, "encoding_time": 0.2990579605102539, "decoding_time": 0.18966889381408691}