{"MSE": 5.742134094238281, "PSNR": 40.54007030647558, "encoding_time": 0.30571699142456055, "decoding_time": 0.1941068172454834}