{"MSE": 4.958934783935547, "PSNR": 41.17691964043459, "encoding_time": 0.2908358573913574, "decoding_time": 0.17152118682861328}