{"MSE": 5.0311737060546875, "PSNR": 41.11411048853491, "encoding_time": 0.28759193420410156, "decoding_time": 0.1634070873260498}