{"MSE": 5.728996276855469, "PSNR": 40.55001820856323, "encoding_time": 0.2957611083984375, "decoding_time": 0.17658185958862305}