{"MSE": 4.985004425048828, "PSNR": 41.15414812709014, "encoding_time": 0.28890228271484375, "decoding_time": 0.16307783126831055}