{"MSE": 10.041889190673828, "PSNR": 38.11264936116419, "encoding_time": 0.2771158218383789, "decoding_time": 0.1641521453857422}