{"MSE": 10.202999114990234, "PSNR": 38.04352511886296, "encoding_time": 0.3715059757232666, "decoding_time": 0.17481517791748047}