{"MSE": 11.214057922363281, "PSNR": 37.633175659007094, "encoding_time": 0.2838470935821533, "decoding_time": 0.18103790283203125}