{"MSE": 8.783077239990234, "PSNR": 38.69433658833755, "encoding_time": 0.27080869674682617, "decoding_time": 0.1602764129638672}