{"MSE": 10.455615997314453, "PSNR": 37.93730736305924, "encoding_time": 0.28476905822753906, "decoding_time": 0.1742720603942871}