{"MSE": 8.896602630615234, "PSNR": 38.63856167757787, "encoding_time": 0.267974853515625, "decoding_time": 0.15482401847839355}