{"MSE": 11.782527923583984, "PSNR": 37.41841883194219, "encoding_time": 0.29074525833129883, "decoding_time": 0.18836283683776855}