{"MSE": 10.13803482055664, "PSNR": 38.07126582330336, "encoding_time": 0.2792809009552002, "decoding_time": 0.1682119369506836}