{"MSE": 9.999813079833984, "PSNR": 38.13088478783446, "encoding_time": 0.28093576431274414, "decoding_time": 0.18785834312438965}