{"MSE": 11.240501403808594, "PSNR": 37.6229467667664, "encoding_time": 0.28699803352355957, "decoding_time": 0.17992305755615234}