{"MSE": 9.005298614501953, "PSNR": 38.585822423264396, "encoding_time": 0.2687838077545166, "decoding_time": 0.15761613845825195}