{"MSE": 11.159538269042969, "PSNR": 37.654341350257724, "encoding_time": 0.28377389907836914, "decoding_time": 0.18095993995666504}