{"MSE": 10.780128479003906, "PSNR": 37.80456424006992, "encoding_time": 0.28333497047424316, "decoding_time": 0.17760705947875977}