{"MSE": 11.958732604980469, "PSNR": 37.35395205615973, "encoding_time": 0.2848629951477051, "decoding_time": 0.17572402954101562}