{"MSE": 10.646984100341797, "PSNR": 37.858537553532024, "encoding_time": 0.28890419006347656, "decoding_time": 0.1726536750793457}