{"MSE": 14.767196655273438, "PSNR": 36.437823024346855, "encoding_time": 0.29804491996765137, "decoding_time": 0.20719194412231445}