{"MSE": 13.526580810546875, "PSNR": 36.818923294420486, "encoding_time": 0.29825901985168457, "decoding_time": 0.1851329803466797}