{"MSE": 10.905048370361328, "PSNR": 37.75452764595151, "encoding_time": 0.28704190254211426, "decoding_time": 0.18555092811584473}