{"MSE": 13.159961700439453, "PSNR": 36.93825735519457, "encoding_time": 0.30736374855041504, "decoding_time": 0.1888439655303955}