{"MSE": 11.191349029541016, "PSNR": 37.641979203831006, "encoding_time": 0.2838320732116699, "decoding_time": 0.1701509952545166}