{"MSE": 10.340450286865234, "PSNR": 37.98540909842781, "encoding_time": 0.28059816360473633, "decoding_time": 0.16069388389587402}