{"MSE": 14.576240539550781, "PSNR": 36.49434834379929, "encoding_time": 0.3004748821258545, "decoding_time": 0.19504022598266602}