{"MSE": 14.711372375488281, "PSNR": 36.45427172348357, "encoding_time": 0.3012681007385254, "decoding_time": 0.20781517028808594}