{"MSE": 12.25033187866211, "PSNR": 37.249325063617086, "encoding_time": 0.3015408515930176, "decoding_time": 0.1858820915222168}