{"MSE": 12.947845458984375, "PSNR": 37.008828536955185, "encoding_time": 0.295166015625, "decoding_time": 0.2030179500579834}