{"MSE": 13.685462951660156, "PSNR": 36.768208675652694, "encoding_time": 0.29642415046691895, "decoding_time": 0.1863079071044922}