{"MSE": 10.032402038574219, "PSNR": 38.1167543311136, "encoding_time": 0.2963399887084961, "decoding_time": 0.17055797576904297}