{"MSE": 10.622417449951172, "PSNR": 37.86856996128245, "encoding_time": 0.28077197074890137, "decoding_time": 0.15536713600158691}