{"MSE": 15.298274993896484, "PSNR": 36.28437897557986, "encoding_time": 0.3087191581726074, "decoding_time": 0.21509408950805664}