{"MSE": 14.33334732055664, "PSNR": 36.567327362007106, "encoding_time": 0.29843997955322266, "decoding_time": 0.19157099723815918}