{"MSE": 15.598125457763672, "PSNR": 36.20007951761255, "encoding_time": 0.30664491653442383, "decoding_time": 0.20879721641540527}