{"MSE": 15.201541900634766, "PSNR": 36.31192719964239, "encoding_time": 0.29958391189575195, "decoding_time": 0.20033621788024902}