{"MSE": 13.290733337402344, "PSNR": 36.8953141637359, "encoding_time": 0.297497034072876, "decoding_time": 0.18936800956726074}