{"MSE": 14.91036605834961, "PSNR": 36.39592055096352, "encoding_time": 0.3005030155181885, "decoding_time": 0.2043137550354004}