{"MSE": 13.395584106445312, "PSNR": 36.861187053592694, "encoding_time": 0.2972738742828369, "decoding_time": 0.19309210777282715}