{"MSE": 12.115196228027344, "PSNR": 37.29749908134433, "encoding_time": 0.2984910011291504, "decoding_time": 0.1779930591583252}