{"MSE": 12.146591186523438, "PSNR": 37.28625946027958, "encoding_time": 0.2865939140319824, "decoding_time": 0.1740741729736328}