{"MSE": 11.537544250488281, "PSNR": 37.50966981160613, "encoding_time": 0.28853678703308105, "decoding_time": 0.19296526908874512}