{"MSE": 12.820659637451172, "PSNR": 37.051699901675455, "encoding_time": 0.29116010665893555, "decoding_time": 0.19428682327270508}