{"MSE": 12.02634048461914, "PSNR": 37.32946865624352, "encoding_time": 0.29062604904174805, "decoding_time": 0.16981124877929688}