{"MSE": 12.105289459228516, "PSNR": 37.30105182204352, "encoding_time": 0.28849196434020996, "decoding_time": 0.1759331226348877}