{"MSE": 11.458099365234375, "PSNR": 37.539677767136226, "encoding_time": 0.28135180473327637, "decoding_time": 0.1642162799835205}