{"MSE": 14.444046020507812, "PSNR": 36.53391497395261, "encoding_time": 0.3000760078430176, "decoding_time": 0.19069814682006836}