{"MSE": 14.335208892822266, "PSNR": 36.566763349953106, "encoding_time": 0.3004608154296875, "decoding_time": 0.18733429908752441}