{"MSE": 13.940181732177734, "PSNR": 36.68811925357891, "encoding_time": 0.3004012107849121, "decoding_time": 0.19889593124389648}