{"MSE": 11.074775695800781, "PSNR": 37.687454219152386, "encoding_time": 0.28758978843688965, "decoding_time": 0.1645040512084961}