{"MSE": 14.62314224243164, "PSNR": 36.480396563775024, "encoding_time": 0.3054990768432617, "decoding_time": 0.19393706321716309}