{"MSE": 10.664104461669922, "PSNR": 37.85155970251247, "encoding_time": 0.2864258289337158, "decoding_time": 0.17299604415893555}