{"MSE": 11.810504913330078, "PSNR": 37.40811896244593, "encoding_time": 0.29242777824401855, "decoding_time": 0.17620611190795898}