{"MSE": 11.042167663574219, "PSNR": 37.70026023713828, "encoding_time": 0.28233909606933594, "decoding_time": 0.16503500938415527}