{"MSE": 14.596324920654297, "PSNR": 36.488368384802726, "encoding_time": 0.29932475090026855, "decoding_time": 0.19347310066223145}