{"MSE": 13.791759490966797, "PSNR": 36.73460685810758, "encoding_time": 0.30197978019714355, "decoding_time": 0.2227320671081543}