{"MSE": 13.772647857666016, "PSNR": 36.74062917384811, "encoding_time": 0.2957611083984375, "decoding_time": 0.18735980987548828}