{"MSE": 14.435630798339844, "PSNR": 36.53644594732736, "encoding_time": 0.2962307929992676, "decoding_time": 0.19948315620422363}