{"MSE": 14.772483825683594, "PSNR": 36.43626837722736, "encoding_time": 0.30188894271850586, "decoding_time": 0.1975879669189453}