{"MSE": 12.866382598876953, "PSNR": 37.03623899291629, "encoding_time": 0.28820204734802246, "decoding_time": 0.1737689971923828}