{"MSE": 12.268070220947266, "PSNR": 37.24304107701362, "encoding_time": 0.2936058044433594, "decoding_time": 0.1732010841369629}