{"MSE": 14.432571411132812, "PSNR": 36.53736645839857, "encoding_time": 0.3024129867553711, "decoding_time": 0.1946101188659668}