{"MSE": 12.29068374633789, "PSNR": 37.23504316956099, "encoding_time": 0.297504186630249, "decoding_time": 0.20446109771728516}