{"MSE": 10.670787811279297, "PSNR": 37.848838768266546, "encoding_time": 0.2822408676147461, "decoding_time": 0.16675209999084473}