{"MSE": 14.002887725830078, "PSNR": 36.66862754184712, "encoding_time": 0.29390788078308105, "decoding_time": 0.22349119186401367}