{"MSE": 12.636093139648438, "PSNR": 37.11467542472541, "encoding_time": 0.2979140281677246, "decoding_time": 0.18681597709655762}