{"MSE": 14.927753448486328, "PSNR": 36.39085907351748, "encoding_time": 0.3007678985595703, "decoding_time": 0.19755196571350098}