{"MSE": 13.92593002319336, "PSNR": 36.692561523217094, "encoding_time": 0.30272531509399414, "decoding_time": 0.18409180641174316}