{"MSE": 13.863082885742188, "PSNR": 36.71220541026149, "encoding_time": 0.2974421977996826, "decoding_time": 0.18794703483581543}