{"MSE": 12.54636001586914, "PSNR": 37.14562615474495, "encoding_time": 0.2893948554992676, "decoding_time": 0.17303705215454102}