{"MSE": 14.604488372802734, "PSNR": 36.48594013578234, "encoding_time": 0.3065171241760254, "decoding_time": 0.19516205787658691}