{"MSE": 12.023136138916016, "PSNR": 37.33062596181569, "encoding_time": 0.2894251346588135, "decoding_time": 0.1811966896057129}