{"MSE": 14.538211822509766, "PSNR": 36.50569368607253, "encoding_time": 0.30893707275390625, "decoding_time": 0.23072004318237305}