{"MSE": 14.50191879272461, "PSNR": 36.51654892014993, "encoding_time": 0.29833006858825684, "decoding_time": 0.19232702255249023}