{"MSE": 11.15176773071289, "PSNR": 37.65736645515715, "encoding_time": 0.28524303436279297, "decoding_time": 0.1710338592529297}