{"MSE": 10.771442413330078, "PSNR": 37.80806496919514, "encoding_time": 0.2816619873046875, "decoding_time": 0.1898939609527588}