{"MSE": 14.466850280761719, "PSNR": 36.52706373949562, "encoding_time": 0.29799818992614746, "decoding_time": 0.1904897689819336}