{"MSE": 10.75259780883789, "PSNR": 37.81566959151626, "encoding_time": 0.2873659133911133, "decoding_time": 0.17552900314331055}