{"MSE": 14.533618927001953, "PSNR": 36.50706592107815, "encoding_time": 0.30632710456848145, "decoding_time": 0.22322797775268555}