{"MSE": 12.895469665527344, "PSNR": 37.02643196679152, "encoding_time": 0.3032681941986084, "decoding_time": 0.18387198448181152}