{"MSE": 10.670158386230469, "PSNR": 37.84909494793452, "encoding_time": 0.2850658893585205, "decoding_time": 0.15994906425476074}