{"MSE": 12.41357421875, "PSNR": 37.191835157117644, "encoding_time": 0.29173827171325684, "decoding_time": 0.17719697952270508}