{"MSE": 12.333805084228516, "PSNR": 37.21983280042815, "encoding_time": 0.29337215423583984, "decoding_time": 0.17960500717163086}