{"MSE": 14.510635375976562, "PSNR": 36.51393931597701, "encoding_time": 0.3023369312286377, "decoding_time": 0.19803214073181152}