{"MSE": 12.69809341430664, "PSNR": 37.09341843203708, "encoding_time": 0.2907569408416748, "decoding_time": 0.17509818077087402}