{"MSE": 14.480770111083984, "PSNR": 36.522887019003846, "encoding_time": 0.2996070384979248, "decoding_time": 0.19715166091918945}