{"MSE": 9.98110580444336, "PSNR": 38.13901701528061, "encoding_time": 0.28127503395080566, "decoding_time": 0.18656301498413086}