{"MSE": 13.228584289550781, "PSNR": 36.91566991974017, "encoding_time": 0.2978951930999756, "decoding_time": 0.18333697319030762}