{"MSE": 10.27349853515625, "PSNR": 38.013619975260774, "encoding_time": 0.29205894470214844, "decoding_time": 0.18709015846252441}