{"MSE": 13.376449584960938, "PSNR": 36.86739503809272, "encoding_time": 0.2939169406890869, "decoding_time": 0.18067097663879395}