{"MSE": 11.749378204345703, "PSNR": 37.430654772020226, "encoding_time": 0.2859621047973633, "decoding_time": 0.17886996269226074}