{"MSE": 13.479904174804688, "PSNR": 36.83393555946166, "encoding_time": 0.2949228286743164, "decoding_time": 0.1820821762084961}