{"MSE": 12.773239135742188, "PSNR": 37.06779317919444, "encoding_time": 0.2956080436706543, "decoding_time": 0.1897599697113037}