{"MSE": 15.271438598632812, "PSNR": 36.292004105161745, "encoding_time": 0.29822373390197754, "decoding_time": 0.2176671028137207}