{"MSE": 11.735260009765625, "PSNR": 37.435876444743734, "encoding_time": 0.28698229789733887, "decoding_time": 0.1729416847229004}