{"MSE": 13.253440856933594, "PSNR": 36.90751716468169, "encoding_time": 0.29400181770324707, "decoding_time": 0.18460702896118164}