{"MSE": 12.730560302734375, "PSNR": 37.08232842443576, "encoding_time": 0.2894783020019531, "decoding_time": 0.17869186401367188}