{"MSE": 13.059741973876953, "PSNR": 36.971457643598214, "encoding_time": 0.29047226905822754, "decoding_time": 0.17778372764587402}