{"MSE": 11.302093505859375, "PSNR": 37.59921464833055, "encoding_time": 0.29312634468078613, "decoding_time": 0.18387675285339355}