{"MSE": 12.700984954833984, "PSNR": 37.09242959292852, "encoding_time": 0.2987847328186035, "decoding_time": 0.19011497497558594}