{"MSE": 12.184825897216797, "PSNR": 37.272610327159164, "encoding_time": 0.2904469966888428, "decoding_time": 0.17267203330993652}