{"MSE": 11.529441833496094, "PSNR": 37.512720782479995, "encoding_time": 0.2914552688598633, "decoding_time": 0.17213797569274902}