{"MSE": 15.235061645507812, "PSNR": 36.30236145023381, "encoding_time": 0.30196595191955566, "decoding_time": 0.19703292846679688}