{"MSE": 14.471546173095703, "PSNR": 36.525654262540385, "encoding_time": 0.2994251251220703, "decoding_time": 0.1997051239013672}