{"MSE": 14.604915618896484, "PSNR": 36.48581308723251, "encoding_time": 0.30985021591186523, "decoding_time": 0.21638202667236328}