{"MSE": 10.403549194335938, "PSNR": 37.95898835746042, "encoding_time": 0.2912600040435791, "decoding_time": 0.1698470115661621}