{"MSE": 14.198081970214844, "PSNR": 36.608506816970994, "encoding_time": 0.29807615280151367, "decoding_time": 0.20851898193359375}