{"MSE": 10.22998046875, "PSNR": 38.03205556317255, "encoding_time": 0.3014061450958252, "decoding_time": 0.18943476676940918}