{"MSE": 15.049297332763672, "PSNR": 36.35564138122597, "encoding_time": 0.30767822265625, "decoding_time": 0.20264673233032227}