{"MSE": 15.070537567138672, "PSNR": 36.34951616962162, "encoding_time": 0.3002951145172119, "decoding_time": 0.19678807258605957}