{"MSE": 14.499893188476562, "PSNR": 36.51715557793355, "encoding_time": 0.30054306983947754, "decoding_time": 0.19626879692077637}