{"MSE": 14.284317016601562, "PSNR": 36.58220880798234, "encoding_time": 0.2974889278411865, "decoding_time": 0.1909160614013672}