{"MSE": 12.17306900024414, "PSNR": 37.27680277145498, "encoding_time": 0.2893681526184082, "decoding_time": 0.1720438003540039}