{"MSE": 13.605724334716797, "PSNR": 36.793586933852225, "encoding_time": 0.3051309585571289, "decoding_time": 0.19181013107299805}