{"MSE": 7.876060485839844, "PSNR": 39.16771318134485, "encoding_time": 0.2765171527862549, "decoding_time": 0.16571593284606934}