{"MSE": 7.056400299072266, "PSNR": 39.64497151166618, "encoding_time": 0.2785978317260742, "decoding_time": 0.16454720497131348}