{"MSE": 7.677978515625, "PSNR": 39.27833468319471, "encoding_time": 0.2770380973815918, "decoding_time": 0.1652059555053711}