{"MSE": 6.775413513183594, "PSNR": 39.82144554898809, "encoding_time": 0.2705821990966797, "decoding_time": 0.15375781059265137}