{"MSE": 7.010047912597656, "PSNR": 39.67359374555222, "encoding_time": 0.2768073081970215, "decoding_time": 0.15997982025146484}