{"MSE": 7.584484100341797, "PSNR": 39.33154315625802, "encoding_time": 0.27979111671447754, "decoding_time": 0.1690690517425537}