{"MSE": 8.433616638183594, "PSNR": 38.87066505202279, "encoding_time": 0.2840087413787842, "decoding_time": 0.17443585395812988}