{"MSE": 7.359710693359375, "PSNR": 39.462196180993075, "encoding_time": 0.28328704833984375, "decoding_time": 0.16734004020690918}