{"MSE": 8.127552032470703, "PSNR": 39.031206023438465, "encoding_time": 0.28299808502197266, "decoding_time": 0.1734306812286377}