{"MSE": 8.00008773803711, "PSNR": 39.099856108839134, "encoding_time": 0.2800590991973877, "decoding_time": 0.16657090187072754}