{"MSE": 6.818126678466797, "PSNR": 39.79415294856819, "encoding_time": 0.28946399688720703, "decoding_time": 0.1556088924407959}