{"MSE": 6.582317352294922, "PSNR": 39.94701543829032, "encoding_time": 0.2719440460205078, "decoding_time": 0.15411710739135742}