{"MSE": 6.978813171386719, "PSNR": 39.69298788809639, "encoding_time": 0.27278590202331543, "decoding_time": 0.1597902774810791}