{"MSE": 7.224437713623047, "PSNR": 39.54276309767853, "encoding_time": 0.2747640609741211, "decoding_time": 0.15243101119995117}