{"MSE": 5.247303009033203, "PSNR": 40.931442173191826, "encoding_time": 0.2548251152038574, "decoding_time": 0.12798404693603516}