{"MSE": 7.2447967529296875, "PSNR": 39.530541546796606, "encoding_time": 0.27268314361572266, "decoding_time": 0.15199613571166992}