{"MSE": 7.1013031005859375, "PSNR": 39.617423110972595, "encoding_time": 0.27145886421203613, "decoding_time": 0.1509389877319336}