{"MSE": 7.061344146728516, "PSNR": 39.64192982770244, "encoding_time": 0.2694540023803711, "decoding_time": 0.14742612838745117}