{"MSE": 5.965293884277344, "PSNR": 40.374485165202294, "encoding_time": 0.26023173332214355, "decoding_time": 0.13676714897155762}