{"MSE": 7.831260681152344, "PSNR": 39.19248680189719, "encoding_time": 0.2659320831298828, "decoding_time": 0.14970803260803223}