{"MSE": 5.281230926513672, "PSNR": 40.90345203052215, "encoding_time": 0.2558720111846924, "decoding_time": 0.12755918502807617}