{"MSE": 8.245323181152344, "PSNR": 38.96872678080773, "encoding_time": 0.2683279514312744, "decoding_time": 0.15008926391601562}