{"MSE": 6.609104156494141, "PSNR": 39.92937764658818, "encoding_time": 0.2700798511505127, "decoding_time": 0.1485271453857422}