{"MSE": 5.968189239501953, "PSNR": 40.37237775564076, "encoding_time": 0.2613260746002197, "decoding_time": 0.13564705848693848}