{"MSE": 6.992839813232422, "PSNR": 39.684267810083426, "encoding_time": 0.2722501754760742, "decoding_time": 0.15047502517700195}