{"MSE": 6.324920654296875, "PSNR": 40.120252791808724, "encoding_time": 0.2606770992279053, "decoding_time": 0.1367168426513672}