{"MSE": 6.103446960449219, "PSNR": 40.275051860040506, "encoding_time": 0.2648460865020752, "decoding_time": 0.14140796661376953}