{"MSE": 8.409706115722656, "PSNR": 38.88299541592002, "encoding_time": 0.277782678604126, "decoding_time": 0.16179418563842773}