{"MSE": 8.741321563720703, "PSNR": 38.71503264109615, "encoding_time": 0.268967866897583, "decoding_time": 0.1534440517425537}