{"MSE": 8.634174346923828, "PSNR": 38.768595468994704, "encoding_time": 0.2785828113555908, "decoding_time": 0.16545605659484863}