{"MSE": 8.24853515625, "PSNR": 38.96703531111032, "encoding_time": 0.27753424644470215, "decoding_time": 0.16213583946228027}