{"MSE": 8.239227294921875, "PSNR": 38.971938769969, "encoding_time": 0.26889801025390625, "decoding_time": 0.14853501319885254}