{"MSE": 6.656742095947266, "PSNR": 39.89818629584961, "encoding_time": 0.26183390617370605, "decoding_time": 0.13941693305969238}