{"MSE": 8.112232208251953, "PSNR": 39.0393998725647, "encoding_time": 0.27535295486450195, "decoding_time": 0.16122889518737793}