{"MSE": 8.419174194335938, "PSNR": 38.878108656190236, "encoding_time": 0.2698018550872803, "decoding_time": 0.15231800079345703}