{"MSE": 6.620105743408203, "PSNR": 39.922154343569254, "encoding_time": 0.2688779830932617, "decoding_time": 0.14574980735778809}