{"MSE": 8.007164001464844, "PSNR": 39.096016371188526, "encoding_time": 0.2690460681915283, "decoding_time": 0.148468017578125}