{"MSE": 7.963737487792969, "PSNR": 39.11963425118009, "encoding_time": 0.2738320827484131, "decoding_time": 0.1552419662475586}