{"MSE": 10.784675598144531, "PSNR": 37.802732747631104, "encoding_time": 0.29351186752319336, "decoding_time": 0.19219303131103516}