{"MSE": 11.76253890991211, "PSNR": 37.42579287804995, "encoding_time": 0.2994720935821533, "decoding_time": 0.2010056972503662}