{"MSE": 10.267261505126953, "PSNR": 38.016257373101084, "encoding_time": 0.2875099182128906, "decoding_time": 0.18699383735656738}