{"MSE": 10.58260726928711, "PSNR": 37.884876815273564, "encoding_time": 0.2886691093444824, "decoding_time": 0.18963313102722168}