{"MSE": 10.835796356201172, "PSNR": 37.78219526393931, "encoding_time": 0.2962989807128906, "decoding_time": 0.1942903995513916}