{"MSE": 14.186771392822266, "PSNR": 36.61196790344969, "encoding_time": 0.2941758632659912, "decoding_time": 0.19374704360961914}