{"MSE": 13.381824493408203, "PSNR": 36.8656503118791, "encoding_time": 0.2746589183807373, "decoding_time": 0.17839908599853516}