{"MSE": 14.549453735351562, "PSNR": 36.50233672987636, "encoding_time": 0.2887542247772217, "decoding_time": 0.19384193420410156}