{"MSE": 12.259716033935547, "PSNR": 37.245999499288324, "encoding_time": 0.28896617889404297, "decoding_time": 0.18625688552856445}