{"MSE": 14.682647705078125, "PSNR": 36.462759823981926, "encoding_time": 0.30014610290527344, "decoding_time": 0.20132184028625488}