{"MSE": 11.040081024169922, "PSNR": 37.701081001358915, "encoding_time": 0.2690920829772949, "decoding_time": 0.1682889461517334}