{"MSE": 17.437976837158203, "PSNR": 35.71584264412808, "encoding_time": 0.3045790195465088, "decoding_time": 0.21193504333496094}