{"MSE": 9.6463623046875, "PSNR": 38.28716791445882, "encoding_time": 0.2733438014984131, "decoding_time": 0.16283702850341797}