{"MSE": 12.678314208984375, "PSNR": 37.100188500988466, "encoding_time": 0.2764008045196533, "decoding_time": 0.18560099601745605}