{"MSE": 11.481575012207031, "PSNR": 37.53078893346694, "encoding_time": 0.2699930667877197, "decoding_time": 0.17111802101135254}