{"MSE": 12.849365234375, "PSNR": 37.04198687054089, "encoding_time": 0.2922499179840088, "decoding_time": 0.1877608299255371}