{"MSE": 17.035606384277344, "PSNR": 35.81722763929172, "encoding_time": 0.2846348285675049, "decoding_time": 0.200361967086792}