{"MSE": 15.243797302246094, "PSNR": 36.29987195571066, "encoding_time": 0.29672861099243164, "decoding_time": 0.20049619674682617}