{"MSE": 16.415603637695312, "PSNR": 35.978235035497306, "encoding_time": 0.2917358875274658, "decoding_time": 0.20240497589111328}