{"MSE": 10.314769744873047, "PSNR": 37.996208231440214, "encoding_time": 0.2835679054260254, "decoding_time": 0.17260313034057617}