{"MSE": 15.087589263916016, "PSNR": 36.34460508303582, "encoding_time": 0.2941858768463135, "decoding_time": 0.1981050968170166}