{"MSE": 15.434955596923828, "PSNR": 36.245749764206224, "encoding_time": 0.3003518581390381, "decoding_time": 0.2003021240234375}