{"MSE": 14.039451599121094, "PSNR": 36.657302169008396, "encoding_time": 0.30736804008483887, "decoding_time": 0.19751381874084473}