{"MSE": 14.3316650390625, "PSNR": 36.56783711624101, "encoding_time": 0.2997729778289795, "decoding_time": 0.2047710418701172}