{"MSE": 12.038444519042969, "PSNR": 37.32509985278109, "encoding_time": 0.2690548896789551, "decoding_time": 0.1729891300201416}