{"MSE": 16.62841033935547, "PSNR": 35.922296278146476, "encoding_time": 0.30335474014282227, "decoding_time": 0.2103281021118164}