{"MSE": 14.328571319580078, "PSNR": 36.56877471165242, "encoding_time": 0.29502391815185547, "decoding_time": 0.1944270133972168}