{"MSE": 10.995365142822266, "PSNR": 37.718707045353874, "encoding_time": 0.28703999519348145, "decoding_time": 0.17917418479919434}