{"MSE": 11.20913314819336, "PSNR": 37.6350833288604, "encoding_time": 0.26772189140319824, "decoding_time": 0.16924023628234863}