{"MSE": 16.212169647216797, "PSNR": 36.03239221234682, "encoding_time": 0.30203700065612793, "decoding_time": 0.20660090446472168}