{"MSE": 15.37131118774414, "PSNR": 36.263694460477765, "encoding_time": 0.29703187942504883, "decoding_time": 0.20127201080322266}