{"MSE": 13.96152114868164, "PSNR": 36.68147622345188, "encoding_time": 0.29656004905700684, "decoding_time": 0.19558191299438477}