{"MSE": 16.732898712158203, "PSNR": 35.89509178683354, "encoding_time": 0.2867751121520996, "decoding_time": 0.20227408409118652}