{"MSE": 12.90225601196289, "PSNR": 37.02414705771537, "encoding_time": 0.27298498153686523, "decoding_time": 0.17476606369018555}