{"MSE": 15.31368637084961, "PSNR": 36.28000612507545, "encoding_time": 0.3000469207763672, "decoding_time": 0.20128703117370605}