{"MSE": 15.308769226074219, "PSNR": 36.28140084592288, "encoding_time": 0.2953181266784668, "decoding_time": 0.20105385780334473}