{"MSE": 15.507213592529297, "PSNR": 36.22546592074449, "encoding_time": 0.29649996757507324, "decoding_time": 0.20224595069885254}