{"MSE": 15.782428741455078, "PSNR": 36.149065237278705, "encoding_time": 0.30203914642333984, "decoding_time": 0.2040259838104248}