{"MSE": 13.715923309326172, "PSNR": 36.75855312715291, "encoding_time": 0.2757241725921631, "decoding_time": 0.18139171600341797}