{"MSE": 16.230880737304688, "PSNR": 36.027382742534186, "encoding_time": 0.30373239517211914, "decoding_time": 0.20636582374572754}