{"MSE": 10.973098754882812, "PSNR": 37.72751073119232, "encoding_time": 0.2703559398651123, "decoding_time": 0.16750383377075195}