{"MSE": 14.876808166503906, "PSNR": 36.405705979623974, "encoding_time": 0.2947518825531006, "decoding_time": 0.19476914405822754}