{"MSE": 16.077884674072266, "PSNR": 36.06851451704793, "encoding_time": 0.28313279151916504, "decoding_time": 0.19239020347595215}