{"MSE": 16.37154769897461, "PSNR": 35.98990623096052, "encoding_time": 0.30275893211364746, "decoding_time": 0.2077040672302246}