{"MSE": 15.607662200927734, "PSNR": 36.19742503883078, "encoding_time": 0.2803618907928467, "decoding_time": 0.19161605834960938}