{"MSE": 12.594974517822266, "PSNR": 37.128830676983576, "encoding_time": 0.31871485710144043, "decoding_time": 0.23749399185180664}