{"MSE": 12.814746856689453, "PSNR": 37.05370329343259, "encoding_time": 0.2909698486328125, "decoding_time": 0.18898510932922363}