{"MSE": 14.639240264892578, "PSNR": 36.47561822214281, "encoding_time": 0.29675793647766113, "decoding_time": 0.20003414154052734}