{"MSE": 15.514972686767578, "PSNR": 36.22329345497939, "encoding_time": 0.2961878776550293, "decoding_time": 0.20144009590148926}