{"MSE": 10.196319580078125, "PSNR": 38.04636921900282, "encoding_time": 0.2716381549835205, "decoding_time": 0.1633439064025879}