{"MSE": 16.909423828125, "PSNR": 35.84951551172536, "encoding_time": 0.30448412895202637, "decoding_time": 0.21142911911010742}