{"MSE": 12.787181854248047, "PSNR": 37.06305519282655, "encoding_time": 0.3275909423828125, "decoding_time": 0.2373950481414795}