{"MSE": 11.761615753173828, "PSNR": 37.42613373780309, "encoding_time": 0.26975417137145996, "decoding_time": 0.1722419261932373}