{"MSE": 15.066516876220703, "PSNR": 36.350674984855374, "encoding_time": 0.3024570941925049, "decoding_time": 0.20695805549621582}