{"MSE": 13.407615661621094, "PSNR": 36.85728808748587, "encoding_time": 0.27999305725097656, "decoding_time": 0.18832111358642578}