{"MSE": 15.718757629394531, "PSNR": 36.16662143338846, "encoding_time": 0.2934577465057373, "decoding_time": 0.19860196113586426}