{"MSE": 16.57939910888672, "PSNR": 35.93511574606837, "encoding_time": 0.3112788200378418, "decoding_time": 0.211745023727417}