{"MSE": 15.070510864257812, "PSNR": 36.34952386471812, "encoding_time": 0.29955601692199707, "decoding_time": 0.20339202880859375}