{"MSE": 13.794448852539062, "PSNR": 36.73376007635357, "encoding_time": 0.27539491653442383, "decoding_time": 0.18228697776794434}