{"MSE": 14.418403625488281, "PSNR": 36.541631819699525, "encoding_time": 0.2959010601043701, "decoding_time": 0.19946813583374023}