{"MSE": 13.480884552001953, "PSNR": 36.833619713800424, "encoding_time": 0.29387712478637695, "decoding_time": 0.1943659782409668}