{"MSE": 13.309967041015625, "PSNR": 36.889033808194384, "encoding_time": 0.2739450931549072, "decoding_time": 0.17835283279418945}