{"MSE": 15.874565124511719, "PSNR": 36.123785240132996, "encoding_time": 0.3021831512451172, "decoding_time": 0.20476603507995605}