{"MSE": 12.98392105102539, "PSNR": 36.996744947774204, "encoding_time": 0.3145139217376709, "decoding_time": 0.23839306831359863}