{"MSE": 10.062358856201172, "PSNR": 38.10380559258733, "encoding_time": 0.2828810214996338, "decoding_time": 0.17365002632141113}