{"MSE": 15.5179443359375, "PSNR": 36.22246171180833, "encoding_time": 0.2987339496612549, "decoding_time": 0.2028191089630127}