{"MSE": 12.89426040649414, "PSNR": 37.026839240946174, "encoding_time": 0.33450984954833984, "decoding_time": 0.2247769832611084}