{"MSE": 14.530620574951172, "PSNR": 36.50796198288977, "encoding_time": 0.28876399993896484, "decoding_time": 0.19346094131469727}