{"MSE": 15.33917236328125, "PSNR": 36.27278433312098, "encoding_time": 0.29839324951171875, "decoding_time": 0.2014148235321045}