{"MSE": 11.444889068603516, "PSNR": 37.54468773304866, "encoding_time": 0.2714722156524658, "decoding_time": 0.17014503479003906}