{"MSE": 15.071006774902344, "PSNR": 36.34938095800783, "encoding_time": 0.2939920425415039, "decoding_time": 0.1974489688873291}