{"MSE": 11.712493896484375, "PSNR": 37.44430983287879, "encoding_time": 0.2689368724822998, "decoding_time": 0.1730213165283203}