{"MSE": 13.976760864257812, "PSNR": 36.67673826208841, "encoding_time": 0.29373693466186523, "decoding_time": 0.1963481903076172}