{"MSE": 10.405288696289062, "PSNR": 37.95826226587834, "encoding_time": 0.28546810150146484, "decoding_time": 0.17418599128723145}