{"MSE": 13.446357727050781, "PSNR": 36.84475699820276, "encoding_time": 0.29411768913269043, "decoding_time": 0.1914372444152832}