{"MSE": 15.065658569335938, "PSNR": 36.35092240007742, "encoding_time": 0.29387807846069336, "decoding_time": 0.19669079780578613}