{"MSE": 13.770381927490234, "PSNR": 36.741343750989124, "encoding_time": 0.29345011711120605, "decoding_time": 0.1919999122619629}