{"MSE": 12.576648712158203, "PSNR": 37.135154303878636, "encoding_time": 0.2779419422149658, "decoding_time": 0.18405413627624512}