{"MSE": 16.978923797607422, "PSNR": 35.831702016721565, "encoding_time": 0.30449819564819336, "decoding_time": 0.21106410026550293}