{"MSE": 10.9200439453125, "PSNR": 37.74855974773155, "encoding_time": 0.2721688747406006, "decoding_time": 0.16838884353637695}