{"MSE": 14.888664245605469, "PSNR": 36.40224624619066, "encoding_time": 0.2933650016784668, "decoding_time": 0.19555902481079102}