{"MSE": 17.683979034423828, "PSNR": 35.65500369519815, "encoding_time": 0.2926912307739258, "decoding_time": 0.20621085166931152}