{"MSE": 17.066619873046875, "PSNR": 35.80932845367917, "encoding_time": 0.2939720153808594, "decoding_time": 0.20284485816955566}