{"MSE": 15.461265563964844, "PSNR": 36.23835321159391, "encoding_time": 0.30155110359191895, "decoding_time": 0.20200395584106445}