{"MSE": 15.659435272216797, "PSNR": 36.18304264868996, "encoding_time": 0.3023068904876709, "decoding_time": 0.2017960548400879}