{"MSE": 9.122673034667969, "PSNR": 38.52958251255035, "encoding_time": 0.28988122940063477, "decoding_time": 0.18350481986999512}