{"MSE": 9.352039337158203, "PSNR": 38.421740359524904, "encoding_time": 0.2778172492980957, "decoding_time": 0.1649458408355713}