{"MSE": 8.431549072265625, "PSNR": 38.87172988884569, "encoding_time": 0.2812771797180176, "decoding_time": 0.16968488693237305}