{"MSE": 8.25717544555664, "PSNR": 38.962488484377204, "encoding_time": 0.2786540985107422, "decoding_time": 0.1680598258972168}