{"MSE": 7.453151702880859, "PSNR": 39.40740399834421, "encoding_time": 0.2725062370300293, "decoding_time": 0.1566929817199707}