{"MSE": 9.077781677246094, "PSNR": 38.55100627218456, "encoding_time": 0.2837331295013428, "decoding_time": 0.1724538803100586}