{"MSE": 7.314014434814453, "PSNR": 39.48924547748838, "encoding_time": 0.27091407775878906, "decoding_time": 0.1543598175048828}