{"MSE": 7.593955993652344, "PSNR": 39.32612284757486, "encoding_time": 0.2728581428527832, "decoding_time": 0.1582179069519043}