{"MSE": 8.501331329345703, "PSNR": 38.83593418246186, "encoding_time": 0.2800099849700928, "decoding_time": 0.17074108123779297}