{"MSE": 9.034065246582031, "PSNR": 38.57197138033258, "encoding_time": 0.2753279209136963, "decoding_time": 0.1645820140838623}