{"MSE": 9.016864776611328, "PSNR": 38.58024804136416, "encoding_time": 0.2879819869995117, "decoding_time": 0.1837940216064453}