{"MSE": 8.897705078125, "PSNR": 38.63802354271078, "encoding_time": 0.28718113899230957, "decoding_time": 0.18239092826843262}