{"MSE": 13.735221862792969, "PSNR": 36.75244681966915, "encoding_time": 0.3022480010986328, "decoding_time": 0.19220185279846191}