{"MSE": 14.687755584716797, "PSNR": 36.461249239369394, "encoding_time": 0.3049278259277344, "decoding_time": 0.20362210273742676}