{"MSE": 13.473876953125, "PSNR": 36.83587783920928, "encoding_time": 0.2997119426727295, "decoding_time": 0.20411896705627441}