{"MSE": 12.401042938232422, "PSNR": 37.19622149635324, "encoding_time": 0.30086517333984375, "decoding_time": 0.1888880729675293}