{"MSE": 13.697376251220703, "PSNR": 36.76442975371658, "encoding_time": 0.2975120544433594, "decoding_time": 0.19470620155334473}