{"MSE": 13.743667602539062, "PSNR": 36.74977717882545, "encoding_time": 0.29563403129577637, "decoding_time": 0.18225479125976562}