{"MSE": 15.638988494873047, "PSNR": 36.18871700718318, "encoding_time": 0.3417820930480957, "decoding_time": 0.20329904556274414}