{"MSE": 15.795574188232422, "PSNR": 36.14544943209935, "encoding_time": 0.31548190116882324, "decoding_time": 0.20197296142578125}