{"MSE": 14.71816635131836, "PSNR": 36.45226653659091, "encoding_time": 0.3099846839904785, "decoding_time": 0.20539021492004395}