{"MSE": 13.511184692382812, "PSNR": 36.823869302169065, "encoding_time": 0.29799413681030273, "decoding_time": 0.21503472328186035}