{"MSE": 13.206863403320312, "PSNR": 36.92280674848951, "encoding_time": 0.29351186752319336, "decoding_time": 0.18449783325195312}