{"MSE": 15.88357162475586, "PSNR": 36.12132195112267, "encoding_time": 0.30834317207336426, "decoding_time": 0.1997089385986328}