{"MSE": 15.552234649658203, "PSNR": 36.2128756066978, "encoding_time": 0.3164212703704834, "decoding_time": 0.2512838840484619}