{"MSE": 12.159103393554688, "PSNR": 37.28178809417053, "encoding_time": 0.2925708293914795, "decoding_time": 0.18903708457946777}