{"MSE": 15.90106201171875, "PSNR": 36.116542296023965, "encoding_time": 0.32779908180236816, "decoding_time": 0.23279809951782227}