{"MSE": 13.203746795654297, "PSNR": 36.92383173466567, "encoding_time": 0.2921938896179199, "decoding_time": 0.21102499961853027}