{"MSE": 15.6920166015625, "PSNR": 36.17401601942965, "encoding_time": 0.30608510971069336, "decoding_time": 0.20229291915893555}