{"MSE": 15.98788070678711, "PSNR": 36.09289461746278, "encoding_time": 0.31165480613708496, "decoding_time": 0.20134496688842773}