{"MSE": 11.918865203857422, "PSNR": 37.36845452708955, "encoding_time": 0.31310105323791504, "decoding_time": 0.1876070499420166}