{"MSE": 15.473735809326172, "PSNR": 36.234851832055305, "encoding_time": 0.3081090450286865, "decoding_time": 0.2136240005493164}