{"MSE": 14.04990005493164, "PSNR": 36.65407126003756, "encoding_time": 0.31456589698791504, "decoding_time": 0.2281661033630371}