{"MSE": 16.357318878173828, "PSNR": 35.99368240740252, "encoding_time": 0.3031790256500244, "decoding_time": 0.2092139720916748}