{"MSE": 14.014781951904297, "PSNR": 36.6649401566218, "encoding_time": 0.31000590324401855, "decoding_time": 0.22902894020080566}