{"MSE": 16.372196197509766, "PSNR": 35.98973420461175, "encoding_time": 0.3122587203979492, "decoding_time": 0.20453500747680664}