{"MSE": 15.519046783447266, "PSNR": 36.22215318520635, "encoding_time": 0.30296802520751953, "decoding_time": 0.2073516845703125}