{"MSE": 15.811145782470703, "PSNR": 36.14117017882313, "encoding_time": 0.3094480037689209, "decoding_time": 0.2055339813232422}