{"MSE": 15.591617584228516, "PSNR": 36.201891865731255, "encoding_time": 0.3082919120788574, "decoding_time": 0.2070472240447998}