{"MSE": 14.055034637451172, "PSNR": 36.65248440640895, "encoding_time": 0.30475592613220215, "decoding_time": 0.20010089874267578}