{"MSE": 13.395145416259766, "PSNR": 36.86132928243846, "encoding_time": 0.2920520305633545, "decoding_time": 0.18022608757019043}