{"MSE": 12.159717559814453, "PSNR": 37.28156873401474, "encoding_time": 0.28644394874572754, "decoding_time": 0.17835688591003418}