{"MSE": 14.499706268310547, "PSNR": 36.51721156380796, "encoding_time": 0.3003880977630615, "decoding_time": 0.19748377799987793}