{"MSE": 14.41921615600586, "PSNR": 36.54138708554814, "encoding_time": 0.30425190925598145, "decoding_time": 0.2056598663330078}