{"MSE": 15.190528869628906, "PSNR": 36.31507466454557, "encoding_time": 0.3069801330566406, "decoding_time": 0.19751882553100586}