{"MSE": 15.554557800292969, "PSNR": 36.21222691782716, "encoding_time": 0.3042600154876709, "decoding_time": 0.1948258876800537}