{"MSE": 15.510787963867188, "PSNR": 36.22446499890731, "encoding_time": 0.30509519577026367, "decoding_time": 0.20708680152893066}