{"MSE": 16.37044906616211, "PSNR": 35.99019767938482, "encoding_time": 0.31566309928894043, "decoding_time": 0.20970606803894043}