{"MSE": 15.896671295166016, "PSNR": 36.11774166703835, "encoding_time": 0.29920482635498047, "decoding_time": 0.19451117515563965}