{"MSE": 14.514839172363281, "PSNR": 36.51268132752723, "encoding_time": 0.3054206371307373, "decoding_time": 0.20625519752502441}