{"MSE": 15.89727783203125, "PSNR": 36.11757596531151, "encoding_time": 0.29639601707458496, "decoding_time": 0.1958620548248291}