{"MSE": 12.19747543334961, "PSNR": 37.26810408785098, "encoding_time": 0.2899188995361328, "decoding_time": 0.1796550750732422}