{"MSE": 15.204231262207031, "PSNR": 36.31115894100449, "encoding_time": 0.30806660652160645, "decoding_time": 0.21860218048095703}