{"MSE": 14.775802612304688, "PSNR": 36.43529280070772, "encoding_time": 0.3047358989715576, "decoding_time": 0.20861506462097168}