{"MSE": 15.423690795898438, "PSNR": 36.24892050674631, "encoding_time": 0.30970215797424316, "decoding_time": 0.20502281188964844}