{"MSE": 15.90761947631836, "PSNR": 36.11475167120206, "encoding_time": 0.2945249080657959, "decoding_time": 0.19460415840148926}