{"MSE": 15.518333435058594, "PSNR": 36.22235281756368, "encoding_time": 0.32094907760620117, "decoding_time": 0.20634198188781738}