{"MSE": 13.859527587890625, "PSNR": 36.713319335841035, "encoding_time": 0.30544209480285645, "decoding_time": 0.20969700813293457}