{"MSE": 14.34976577758789, "PSNR": 36.562355484620994, "encoding_time": 0.3034329414367676, "decoding_time": 0.20298004150390625}