{"MSE": 13.33292007446289, "PSNR": 36.88155085171745, "encoding_time": 0.2924017906188965, "decoding_time": 0.18271493911743164}