{"MSE": 11.696247100830078, "PSNR": 37.450338260323925, "encoding_time": 0.2920699119567871, "decoding_time": 0.19472312927246094}