{"MSE": 16.429786682128906, "PSNR": 35.97448436104529, "encoding_time": 0.31494688987731934, "decoding_time": 0.19698596000671387}