{"MSE": 11.857601165771484, "PSNR": 37.390835222478685, "encoding_time": 0.29030299186706543, "decoding_time": 0.1838369369506836}