{"MSE": 13.544792175292969, "PSNR": 36.813080150510224, "encoding_time": 0.3001589775085449, "decoding_time": 0.18809294700622559}