{"MSE": 14.118274688720703, "PSNR": 36.63298733482837, "encoding_time": 0.30060315132141113, "decoding_time": 0.2023308277130127}