{"MSE": 13.088905334472656, "PSNR": 36.96177034185557, "encoding_time": 0.292377233505249, "decoding_time": 0.20307087898254395}