{"MSE": 12.23635482788086, "PSNR": 37.25428298770014, "encoding_time": 0.2897300720214844, "decoding_time": 0.18057703971862793}