{"MSE": 13.860481262207031, "PSNR": 36.713020508019184, "encoding_time": 0.3094170093536377, "decoding_time": 0.20290398597717285}