{"MSE": 12.662239074707031, "PSNR": 37.10569851726224, "encoding_time": 0.29459691047668457, "decoding_time": 0.19060897827148438}