{"MSE": 15.871417999267578, "PSNR": 36.12464631230489, "encoding_time": 0.3060269355773926, "decoding_time": 0.2014610767364502}