{"MSE": 13.439987182617188, "PSNR": 36.84681506325794, "encoding_time": 0.3044700622558594, "decoding_time": 0.19545197486877441}