{"MSE": 13.520977020263672, "PSNR": 36.82072286186963, "encoding_time": 0.2971012592315674, "decoding_time": 0.18305683135986328}