{"MSE": 15.316692352294922, "PSNR": 36.27915371566165, "encoding_time": 0.29918885231018066, "decoding_time": 0.19208717346191406}