{"MSE": 13.808040618896484, "PSNR": 36.72948304937632, "encoding_time": 0.30164098739624023, "decoding_time": 0.193406343460083}