{"MSE": 12.15860366821289, "PSNR": 37.28196658793879, "encoding_time": 0.29399704933166504, "decoding_time": 0.18112587928771973}