{"MSE": 16.381309509277344, "PSNR": 35.987317448890956, "encoding_time": 0.30432605743408203, "decoding_time": 0.20001602172851562}