{"MSE": 14.313758850097656, "PSNR": 36.573266646697476, "encoding_time": 0.3108549118041992, "decoding_time": 0.20791077613830566}