{"MSE": 15.817508697509766, "PSNR": 36.13942278932902, "encoding_time": 0.31411290168762207, "decoding_time": 0.2281951904296875}