{"MSE": 13.491283416748047, "PSNR": 36.83027095087838, "encoding_time": 0.30812907218933105, "decoding_time": 0.20953083038330078}