{"MSE": 14.205039978027344, "PSNR": 36.606379005483255, "encoding_time": 0.30662083625793457, "decoding_time": 0.2061460018157959}