{"MSE": 14.165687561035156, "PSNR": 36.618427021161665, "encoding_time": 0.31154394149780273, "decoding_time": 0.2023460865020752}