{"MSE": 16.006629943847656, "PSNR": 36.08780456234908, "encoding_time": 0.3121609687805176, "decoding_time": 0.22576165199279785}