{"MSE": 16.226608276367188, "PSNR": 36.02852608804636, "encoding_time": 0.3056929111480713, "decoding_time": 0.23057198524475098}