{"MSE": 14.999393463134766, "PSNR": 36.37006663208195, "encoding_time": 0.31148409843444824, "decoding_time": 0.20427775382995605}