{"MSE": 15.548297882080078, "PSNR": 36.21397508397723, "encoding_time": 0.3115689754486084, "decoding_time": 0.2080221176147461}