{"MSE": 15.538066864013672, "PSNR": 36.21683374878878, "encoding_time": 0.2959270477294922, "decoding_time": 0.193634033203125}