{"MSE": 14.508625030517578, "PSNR": 36.514541041816145, "encoding_time": 0.30651378631591797, "decoding_time": 0.2061171531677246}