{"MSE": 16.29156494140625, "PSNR": 36.01117556929359, "encoding_time": 0.3013291358947754, "decoding_time": 0.20819687843322754}