{"MSE": 15.87160873413086, "PSNR": 36.12459412125246, "encoding_time": 0.3131847381591797, "decoding_time": 0.21391510963439941}