{"MSE": 14.713569641113281, "PSNR": 36.453623117047954, "encoding_time": 0.30841588973999023, "decoding_time": 0.2099452018737793}