{"MSE": 13.395015716552734, "PSNR": 36.86137133359806, "encoding_time": 0.2918088436126709, "decoding_time": 0.1781141757965088}