{"MSE": 13.397808074951172, "PSNR": 36.860466086836645, "encoding_time": 0.31124114990234375, "decoding_time": 0.2186579704284668}