{"MSE": 14.212181091308594, "PSNR": 36.6041962824433, "encoding_time": 0.3046152591705322, "decoding_time": 0.20043087005615234}