{"MSE": 15.618400573730469, "PSNR": 36.19443803642171, "encoding_time": 0.3115968704223633, "decoding_time": 0.2134401798248291}